ts,video_id,title,source,source_url,search_query,path,duration,duration,gunfire_density,burst_ratio,audio_rms,center_motion,center_text,panns_gunshot,panns_machine_gun,panns_gun_max,panns_speech,panns_music,killfeed_density,quality_score,heuristic_score,ranker_score,view_count,hook_score,clip_score,fight_score,payoff_score,kill_notification_score,has_author_kill,loot_walk,panns_explosion,quality_ok,reject_reason,batch_id
2026-09-07T19:55:58Z,uqj4fx0kti0,ФАРМИМСЯ С КЛАНОМ В МЕТРО РОЯЛЬ. #пабг  #metroroyale #метророяль #shorts,,https://www.youtube.com/shorts/uqj4fx0kti0,метро роял 7 карта shorts пабг,/root/datasets/pubg/shorts_autolearn/yt_uqj4fx0kti0.mp4,7.69,7.69,0.0091,25.431,0.0015,0.1058,0.272,0.0003,0.0006,0.0016,0.8954,0.1065,,,,,3,,,,,,,,0.0016,False,run_fake_gun=motion0.106:gun0.009,1
2026-09-07T20:42:43Z,AK0Ny0XtpOQ,yt AK0Ny0XtpOQ,youtube_shorts_calib,file:///root/datasets/pubg/youtube_shorts/yt_AK0Ny0XtpOQ.mp4,local:youtube_shorts_calib,/root/datasets/pubg/youtube_shorts/yt_AK0Ny0XtpOQ.mp4,51.66,51.66,0.0463,27.972,0.0138,0.3241,0.346,0.0395,0.055,0.055,0.7021,0.2403,,,,,0,,,,,,,,0.0007,False,loot_walk=density0.046,3
2026-09-07T20:43:35Z,QWLYjC11co4,yt QWLYjC11co4,youtube_shorts_calib,file:///root/datasets/pubg/youtube_shorts/yt_QWLYjC11co4.mp4,local:youtube_shorts_calib,/root/datasets/pubg/youtube_shorts/yt_QWLYjC11co4.mp4,28.04,28.04,0.0274,5.927,0.0662,0.2325,0.327,0.2645,0.1115,0.2645,0.046,0.5404,,,,,0,,,,,,,,0.002,False,run_loot=motion0.233:gun0.027,4
2026-09-07T20:47:33Z,bPR1xTqqKis,yt bPR1xTqqKis,youtube_shorts_calib,file:///root/datasets/pubg/youtube_shorts/yt_bPR1xTqqKis.mp4,local:youtube_shorts_calib,/root/datasets/pubg/youtube_shorts/yt_bPR1xTqqKis.mp4,33.22,33.22,0.22,5.751,0.2875,0.1502,0.397,0.0004,0.0003,0.0004,0.0154,0.9172,,,,,0,,,,,,,0,0.0002,False,hard_bot_farm=bot_farm_one_sided=quarters4:clusters0:kf0:mini0.000,3
2026-09-07T20:49:35Z,OlP6ZEhTSgw,yt OlP6ZEhTSgw,youtube_shorts_calib,file:///root/datasets/pubg/youtube_shorts/yt_OlP6ZEhTSgw.mp4,local:youtube_shorts_calib,/root/datasets/pubg/youtube_shorts/yt_OlP6ZEhTSgw.mp4,30.48,30.48,0.1741,8.443,0.105,0.1842,0.421,0.141,0.0864,0.141,0.4784,0.634,0.2897,0.0,,,0,,,0.8271,0.0,0.225,0,0,0.008,False,payoff_low=0.000:min0.10,5
2026-09-07T20:49:46Z,01isGkPxCw8,yt 01isGkPxCw8,youtube_shorts_calib,file:///root/datasets/pubg/youtube_shorts/yt_01isGkPxCw8.mp4,local:youtube_shorts_calib,/root/datasets/pubg/youtube_shorts/yt_01isGkPxCw8.mp4,28.46,28.46,0.0106,3.779,0.0536,0.2272,0.276,0.7622,0.9222,0.9222,0.3505,0.0363,,,,,0,,,,,,,,0.0015,False,no_shots=density0.011:burst3.78:ownerrun_fake_gun=motion0.227:gun0.011,4
2026-09-07T20:50:05Z,XUQEh0QX7N0,yt XUQEh0QX7N0,youtube_shorts_calib,file:///root/datasets/pubg/youtube_shorts/yt_XUQEh0QX7N0.mp4,local:youtube_shorts_calib,/root/datasets/pubg/youtube_shorts/yt_XUQEh0QX7N0.mp4,55.0,55.0,0.0875,9.517,0.0677,0.2474,0.352,0.2246,0.345,0.345,0.5871,0.3325,0.0,0.0,,,0,,,0.9338,0.0,0.0,0,0,0.0003,False,payoff_low=0.000:min0.10,2
2026-09-07T20:50:43Z,HX0d0_upDlI,yt HX0d0 upDlI,youtube_shorts_calib,file:///root/datasets/pubg/youtube_shorts/yt_HX0d0_upDlI.mp4,local:youtube_shorts_calib,/root/datasets/pubg/youtube_shorts/yt_HX0d0_upDlI.mp4,18.32,18.32,0.22,5.102,0.2335,0.1413,0.451,0.0002,0.0002,0.0003,0.0198,0.7991,0.0,0.0,,,0,,,0.6895,0.0,0.0,0,0,0.0003,False,payoff_low=0.000:min0.10,2
2026-09-07T20:51:11Z,JMVOKlVRUyQ,yt JMVOKlVRUyQ,youtube_shorts_calib,file:///root/datasets/pubg/youtube_shorts/yt_JMVOKlVRUyQ.mp4,local:youtube_shorts_calib,/root/datasets/pubg/youtube_shorts/yt_JMVOKlVRUyQ.mp4,52.98,52.98,0.0825,6.798,0.0363,0.2523,0.238,0.6056,0.6648,0.6648,0.5269,0.0351,0.6046,0.0,,,0,,,0.7625,0.0,0.225,0,0,0.0011,False,payoff_low=0.000:min0.10,6
2026-09-07T20:51:35Z,-p9v3VQaCiY,yt -p9v3VQaCiY,youtube_shorts_calib,file:///root/datasets/pubg/youtube_shorts/yt_-p9v3VQaCiY.mp4,local:youtube_shorts_calib,/root/datasets/pubg/youtube_shorts/yt_-p9v3VQaCiY.mp4,13.5,13.5,0.2,4.878,0.2148,0.1857,0.21,0.3724,0.2627,0.3724,0.3445,0.6298,0.6875,0.0375,,,0,,,0.8886,0.0375,0.225,0,0,0.0018,False,payoff_low=0.037:min0.10,5
2026-09-07T20:52:21Z,6eWDqQ4sVcQ,yt 6eWDqQ4sVcQ,youtube_shorts_calib,file:///root/datasets/pubg/youtube_shorts/yt_6eWDqQ4sVcQ.mp4,local:youtube_shorts_calib,/root/datasets/pubg/youtube_shorts/yt_6eWDqQ4sVcQ.mp4,13.12,13.12,0.0319,5.494,0.0582,0.2539,0.603,0.426,0.4384,0.4384,0.4878,0.0526,,,,,0,,,,,,,,0.0081,False,no_shots=density0.032:burst5.49:ownerrun_fake_gun=motion0.254:gun0.032,7
2026-09-07T20:53:26Z,HC7EHW0O0F4,yt HC7EHW0O0F4,youtube_shorts_calib,file:///root/datasets/pubg/youtube_shorts/yt_HC7EHW0O0F4.mp4,local:youtube_shorts_calib,/root/datasets/pubg/youtube_shorts/yt_HC7EHW0O0F4.mp4,30.67,30.67,0.2016,4.034,0.1445,0.1579,0.475,0.1085,0.1639,0.1639,0.591,0.783,,,,,0,,,,,,,0,0.0009,False,hard_bot_farm=bot_farm_one_sided=quarters4:clusters0:kf0:mini0.000,6
2026-09-07T20:54:34Z,HU-OeqtvZFA,yt HU-OeqtvZFA,youtube_shorts_calib,file:///root/datasets/pubg/youtube_shorts/yt_HU-OeqtvZFA.mp4,local:youtube_shorts_calib,/root/datasets/pubg/youtube_shorts/yt_HU-OeqtvZFA.mp4,20.72,20.72,0.1418,4.773,0.1606,0.1807,0.331,0.3012,0.3303,0.3303,0.164,0.5506,0.0,0.0,,,0,,,0.8736,0.0,0.0,0,0,0.0012,False,payoff_low=0.000:min0.10,8
2026-09-07T20:55:07Z,Enuock18RhU,yt Enuock18RhU,youtube_shorts_calib,file:///root/datasets/pubg/youtube_shorts/yt_Enuock18RhU.mp4,local:youtube_shorts_calib,/root/datasets/pubg/youtube_shorts/yt_Enuock18RhU.mp4,12.68,12.68,0.0697,8.65,0.03,0.2062,0.331,0.2331,0.2886,0.2886,0.4425,0.0592,,,,,0,,,,,,,1,0.0018,False,hard_loot_walk,8
2026-09-07T20:55:23Z,4GFDTG1SNzQ,yt 4GFDTG1SNzQ,youtube_shorts_calib,file:///root/datasets/pubg/youtube_shorts/yt_4GFDTG1SNzQ.mp4,local:youtube_shorts_calib,/root/datasets/pubg/youtube_shorts/yt_4GFDTG1SNzQ.mp4,38.02,38.02,0.077,8.758,0.0635,0.1834,0.437,0.3476,0.4934,0.4934,0.284,0.0235,0.0,0.6746,0.714,0.6577,0,,,0.9895,0.22,0.0,1,0,0.0004,True,,7
2026-09-07T20:56:56Z,Olr9BhwiIMg,yt Olr9BhwiIMg,youtube_shorts_calib,file:///root/datasets/pubg/youtube_shorts/yt_Olr9BhwiIMg.mp4,local:youtube_shorts_calib,/root/datasets/pubg/youtube_shorts/yt_Olr9BhwiIMg.mp4,12.8,12.8,0.1509,4.935,0.1206,0.1326,0.232,0.6449,0.8282,0.8282,0.0133,0.1895,0.0,0.7283,0.6894,0.745,0,,,0.9464,0.22,0.0,1,0,0.0004,True,,9
2026-09-07T21:00:37Z,ScXoDXjhb6o,yt ScXoDXjhb6o,youtube_shorts_calib,file:///root/datasets/pubg/youtube_shorts/yt_ScXoDXjhb6o.mp4,local:youtube_shorts_calib,/root/datasets/pubg/youtube_shorts/yt_ScXoDXjhb6o.mp4,51.4,51.4,0.0741,7.925,0.0204,0.1786,0.431,0.4768,0.7724,0.7724,0.4976,0.1545,0.0,0.4869,0.6778,0.4051,0,,,0.9425,0.22,0.0,1,0,0.0034,True,,9
2026-09-07T21:00:45Z,4BR123cAOzg,yt 4BR123cAOzg,youtube_shorts_calib,file:///root/datasets/pubg/youtube_shorts/yt_4BR123cAOzg.mp4,local:youtube_shorts_calib,/root/datasets/pubg/youtube_shorts/yt_4BR123cAOzg.mp4,30.04,30.04,0.196,6.011,0.1442,0.1302,0.26,0.0168,0.0052,0.0168,0.0348,0.7556,,,,,0,,,,,,,0,0.0052,False,hard_bot_farm=bot_farm_one_sided=quarters4:clusters0:kf0:mini0.000,11
2026-09-07T21:02:06Z,OlP6ZEhTSgw,yt OlP6ZEhTSgw,youtube_shorts_calib,file:///root/datasets/pubg/youtube_shorts/yt_OlP6ZEhTSgw.mp4,local:youtube_shorts_calib,/root/datasets/pubg/youtube_shorts/yt_OlP6ZEhTSgw.mp4,30.48,30.48,0.1741,8.443,0.105,0.1842,0.421,0.141,0.0864,0.141,0.4784,0.634,0.2897,0.0,,,0,,,0.8271,0.0,0.225,0,0,0.008,False,payoff_low=0.000:min0.10,10
2026-09-07T21:02:11Z,QdUASPN6H0k,yt QdUASPN6H0k,youtube_shorts_calib,file:///root/datasets/pubg/youtube_shorts/yt_QdUASPN6H0k.mp4,local:youtube_shorts_calib,/root/datasets/pubg/youtube_shorts/yt_QdUASPN6H0k.mp4,38.04,38.04,0.1933,4.556,0.168,0.1617,0.248,0.3372,0.301,0.3372,0.0379,0.6569,0.0,0.0,,,0,,,0.6627,0.0,0.0,0,0,0.0008,False,payoff_low=0.000:min0.10,10
2026-09-07T21:06:02Z,fLoNYcu-fYw,yt fLoNYcu-fYw,youtube_shorts_calib,file:///root/datasets/pubg/youtube_shorts/yt_fLoNYcu-fYw.mp4,local:youtube_shorts_calib,/root/datasets/pubg/youtube_shorts/yt_fLoNYcu-fYw.mp4,23.2,23.2,0.2007,5.384,0.1357,0.158,0.377,0.383,0.5195,0.5195,0.0401,0.6144,0.0,0.7174,0.6862,0.7308,0,,,0.9447,0.22,0.0,1,0,0.0067,True,,12
2026-09-07T21:06:04Z,LKAi_8_Hayw,yt LKAi 8 Hayw,youtube_shorts_calib,file:///root/datasets/pubg/youtube_shorts/yt_LKAi_8_Hayw.mp4,local:youtube_shorts_calib,/root/datasets/pubg/youtube_shorts/yt_LKAi_8_Hayw.mp4,49.66,49.66,0.126,8.018,0.0952,0.2542,0.329,0.0007,0.0004,0.0008,0.7755,0.8502,0.6039,0.0,,,0,,,0.7354,0.0,0.225,0,0,0.0008,False,payoff_low=0.000:min0.10,12
2026-09-07T21:06:05Z,8oub1508ckk,yt 8oub1508ckk,youtube_shorts_calib,file:///root/datasets/pubg/youtube_shorts/yt_8oub1508ckk.mp4,local:youtube_shorts_calib,/root/datasets/pubg/youtube_shorts/yt_8oub1508ckk.mp4,17.98,17.98,0.1709,2.062,0.0898,0.1207,0.328,0.3583,0.3583,0.3583,0.412,0.4477,,,,,0,,,,,,,0,0.0069,False,hard_bot_farm=bot_farm_one_sided=quarters4:clusters0:kf0:mini0.000,11
2026-09-07T21:08:33Z,ScXoDXjhb6o,yt ScXoDXjhb6o,youtube_shorts_calib,file:///root/datasets/pubg/youtube_shorts/yt_ScXoDXjhb6o.mp4,local:youtube_shorts_calib,/root/datasets/pubg/youtube_shorts/yt_ScXoDXjhb6o.mp4,51.4,51.4,0.0741,7.925,0.0204,0.1786,0.431,0.4768,0.7724,0.7724,0.4976,0.1545,0.0,0.4869,0.6778,0.4051,0,,,0.9425,0.22,0.0,1,0,0.0034,True,,13
2026-09-07T21:08:44Z,JUdPWEXnHC0,yt JUdPWEXnHC0,youtube_shorts_calib,file:///root/datasets/pubg/youtube_shorts/yt_JUdPWEXnHC0.mp4,local:youtube_shorts_calib,/root/datasets/pubg/youtube_shorts/yt_JUdPWEXnHC0.mp4,36.12,36.12,0.2057,4.675,0.1979,0.2984,0.515,0.0003,0.0004,0.0013,0.0149,0.8343,,,,,0,,,,,,,0,0.0013,False,hard_bot_farm=bot_farm_one_sided=quarters4:clusters0:kf0:mini0.000,13
2026-09-07T21:09:01Z,GMBzPiKrg1Q,yt GMBzPiKrg1Q,youtube_shorts_calib,file:///root/datasets/pubg/youtube_shorts/yt_GMBzPiKrg1Q.mp4,local:youtube_shorts_calib,/root/datasets/pubg/youtube_shorts/yt_GMBzPiKrg1Q.mp4,35.68,35.68,0.0632,6.842,0.0481,0.2068,0.373,0.5594,0.7131,0.7131,0.6796,0.0245,,,,,0,,,,,,,1,0.0035,False,hard_loot_walk,14
2026-09-07T21:09:26Z,KTD8ej6CR0I,yt KTD8ej6CR0I,youtube_shorts_calib,file:///root/datasets/pubg/youtube_shorts/yt_KTD8ej6CR0I.mp4,local:youtube_shorts_calib,/root/datasets/pubg/youtube_shorts/yt_KTD8ej6CR0I.mp4,23.76,23.76,0.0362,28.296,0.0106,0.127,0.493,0.1146,0.0247,0.1146,0.0381,0.0428,,,,,0,,,,,,,,0.0037,False,loot_walk=density0.036,15
2026-09-07T21:10:35Z,E3tkTQ_wRtc,yt E3tkTQ wRtc,youtube_shorts_calib,file:///root/datasets/pubg/youtube_shorts/yt_E3tkTQ_wRtc.mp4,local:youtube_shorts_calib,/root/datasets/pubg/youtube_shorts/yt_E3tkTQ_wRtc.mp4,23.38,23.38,0.0597,11.431,0.032,0.1669,0.296,0.4935,0.4324,0.4935,0.0726,0.0202,,,,,0,,,,,,,1,0.0011,False,hard_loot_walk,16
2026-09-07T21:11:11Z,QpalJVjTJwI,yt QpalJVjTJwI,youtube_shorts_calib,file:///root/datasets/pubg/youtube_shorts/yt_QpalJVjTJwI.mp4,local:youtube_shorts_calib,/root/datasets/pubg/youtube_shorts/yt_QpalJVjTJwI.mp4,37.66,37.66,0.0327,5.724,0.0753,0.227,0.466,0.5356,0.3704,0.5356,0.4572,0.2219,,,,,0,,,,,,,,0.0009,False,no_shots=density0.033:burst5.72,16
2026-09-07T21:14:35Z,TYbPJ9voh-M,yt TYbPJ9voh-M,youtube_shorts_calib,file:///root/datasets/pubg/youtube_shorts/yt_TYbPJ9voh-M.mp4,local:youtube_shorts_calib,/root/datasets/pubg/youtube_shorts/yt_TYbPJ9voh-M.mp4,16.46,16.46,0.1461,5.799,0.1404,0.1446,0.193,0.1544,0.0636,0.1544,0.5462,0.6227,0.5766,0.0,,,0,,,0.7964,0.0,0.225,0,0,0.017,False,payoff_low=0.000:min0.10,17
2026-09-07T21:15:21Z,eZ_zJeJfDgI,yt eZ zJeJfDgI,youtube_shorts_calib,file:///root/datasets/pubg/youtube_shorts/yt_eZ_zJeJfDgI.mp4,local:youtube_shorts_calib,/root/datasets/pubg/youtube_shorts/yt_eZ_zJeJfDgI.mp4,27.12,27.12,0.22,5.571,0.2726,0.1837,0.498,0.0154,0.0075,0.0154,0.0805,0.7766,,,,,0,,,,,,,0,0.0022,False,hard_bot_farm=bot_farm_one_sided=quarters4:clusters0:kf0:mini0.000,17
2026-09-07T21:16:41Z,3oNB6ZO7AtY,yt 3oNB6ZO7AtY,youtube_shorts_calib,file:///root/datasets/pubg/youtube_shorts/yt_3oNB6ZO7AtY.mp4,local:youtube_shorts_calib,/root/datasets/pubg/youtube_shorts/yt_3oNB6ZO7AtY.mp4,53.52,53.52,0.22,5.612,0.276,0.1914,0.361,0.2294,0.1986,0.2294,0.068,0.666,0.0,0.0,,,0,,,0.8263,0.0,0.0,0,0,0.0166,False,payoff_low=0.000:min0.10,14
2026-09-07T21:18:15Z,E8W4aDlKf4I,yt E8W4aDlKf4I,youtube_shorts_calib,file:///root/datasets/pubg/youtube_shorts/yt_E8W4aDlKf4I.mp4,local:youtube_shorts_calib,/root/datasets/pubg/youtube_shorts/yt_E8W4aDlKf4I.mp4,50.74,50.74,0.011,9.469,0.0277,0.3301,0.332,0.0117,0.0112,0.0117,0.6967,0.7821,,,,,0,,,,,,,,0.0018,False,run_loot=motion0.330:gun0.011,19
2026-09-07T21:18:32Z,LKAi_8_Hayw,yt LKAi 8 Hayw,youtube_shorts_calib,file:///root/datasets/pubg/youtube_shorts/yt_LKAi_8_Hayw.mp4,local:youtube_shorts_calib,/root/datasets/pubg/youtube_shorts/yt_LKAi_8_Hayw.mp4,49.66,49.66,0.126,8.018,0.0952,0.2542,0.329,0.0007,0.0004,0.0008,0.7755,0.8502,0.6039,0.0,,,0,,,0.7354,0.0,0.225,0,0,0.0008,False,payoff_low=0.000:min0.10,18
2026-09-07T21:19:28Z,GMBzPiKrg1Q,yt GMBzPiKrg1Q,youtube_shorts_calib,file:///root/datasets/pubg/youtube_shorts/yt_GMBzPiKrg1Q.mp4,local:youtube_shorts_calib,/root/datasets/pubg/youtube_shorts/yt_GMBzPiKrg1Q.mp4,35.68,35.68,0.0632,6.842,0.0481,0.2068,0.373,0.5594,0.7131,0.7131,0.6796,0.0245,,,,,0,,,,,,,1,0.0035,False,hard_loot_walk,20
2026-09-07T21:21:58Z,-p9v3VQaCiY,yt -p9v3VQaCiY,youtube_shorts_calib,file:///root/datasets/pubg/youtube_shorts/yt_-p9v3VQaCiY.mp4,local:youtube_shorts_calib,/root/datasets/pubg/youtube_shorts/yt_-p9v3VQaCiY.mp4,13.5,13.5,0.2,4.878,0.2148,0.1857,0.21,0.3724,0.2627,0.3724,0.3445,0.6298,0.6875,0.0375,,,0,,,0.8886,0.0375,0.225,0,0,0.0018,False,payoff_low=0.037:min0.10,21
2026-09-07T21:23:22Z,EIUD2iCWgmA,yt EIUD2iCWgmA,youtube_shorts_calib,file:///root/datasets/pubg/youtube_shorts/yt_EIUD2iCWgmA.mp4,local:youtube_shorts_calib,/root/datasets/pubg/youtube_shorts/yt_EIUD2iCWgmA.mp4,11.92,11.92,0.1721,3.833,0.1278,0.1458,0.406,0.648,0.5829,0.648,0.3848,0.1058,0.0,0.5598,0.6783,0.5089,0,,,0.9271,0.22,0.0,1,0,0.004,True,,22
2026-09-07T21:23:59Z,3uhVzABSrxA,yt 3uhVzABSrxA,youtube_shorts_calib,file:///root/datasets/pubg/youtube_shorts/yt_3uhVzABSrxA.mp4,local:youtube_shorts_calib,/root/datasets/pubg/youtube_shorts/yt_3uhVzABSrxA.mp4,26.12,26.12,0.0142,37.022,0.0023,0.1056,0.264,0.0011,0.0008,0.0011,0.0203,0.0743,,,,,0,,,,,,,,0.0004,False,run_fake_gun=motion0.106:gun0.014,23
2026-09-07T21:24:19Z,1OjwMxPJk-0,yt 1OjwMxPJk-0,youtube_shorts_calib,file:///root/datasets/pubg/youtube_shorts/yt_1OjwMxPJk-0.mp4,local:youtube_shorts_calib,/root/datasets/pubg/youtube_shorts/yt_1OjwMxPJk-0.mp4,36.26,36.26,0.0244,43.437,0.0045,0.1759,0.477,0.0233,0.007,0.0233,0.0215,0.0332,,,,,0,,,,,,,,0.0004,False,run_fake_gun=motion0.176:gun0.024,24
2026-09-07T21:24:22Z,0p5XHBIh9w0,yt 0p5XHBIh9w0,youtube_shorts_calib,file:///root/datasets/pubg/youtube_shorts/yt_0p5XHBIh9w0.mp4,local:youtube_shorts_calib,/root/datasets/pubg/youtube_shorts/yt_0p5XHBIh9w0.mp4,55.0,55.0,0.22,5.21,0.2425,0.3128,0.343,0.2944,0.2592,0.2944,0.141,0.5109,0.0,0.0,,,0,,,0.8673,0.0,0.0,0,0,0.0012,False,payoff_low=0.000:min0.10,15
2026-09-07T21:27:10Z,DHikyOn_dZ4,yt DHikyOn dZ4,youtube_shorts_calib,file:///root/datasets/pubg/youtube_shorts/yt_DHikyOn_dZ4.mp4,local:youtube_shorts_calib,/root/datasets/pubg/youtube_shorts/yt_DHikyOn_dZ4.mp4,40.86,40.86,0.0717,21.812,0.0402,0.1455,0.364,0.4966,0.6961,0.6961,0.5763,0.0385,0.0,0.0,,,0,,,0.9592,0.0,0.0,0,0,0.0006,False,payoff_low=0.000:min0.10,26
2026-09-07T21:27:38Z,JUdPWEXnHC0,yt JUdPWEXnHC0,youtube_shorts_calib,file:///root/datasets/pubg/youtube_shorts/yt_JUdPWEXnHC0.mp4,local:youtube_shorts_calib,/root/datasets/pubg/youtube_shorts/yt_JUdPWEXnHC0.mp4,36.12,36.12,0.2057,4.675,0.1979,0.2984,0.515,0.0003,0.0004,0.0013,0.0149,0.8343,,,,,0,,,,,,,0,0.0013,False,hard_bot_farm=bot_farm_one_sided=quarters4:clusters0:kf0:mini0.000,19
2026-09-07T21:28:08Z,2gXjMAEgX6k,yt 2gXjMAEgX6k,youtube_shorts_calib,file:///root/datasets/pubg/youtube_shorts/yt_2gXjMAEgX6k.mp4,local:youtube_shorts_calib,/root/datasets/pubg/youtube_shorts/yt_2gXjMAEgX6k.mp4,24.47,24.47,0.1234,5.531,0.0881,0.1709,0.465,0.007,0.0097,0.0154,0.8128,0.7584,0.4662,0.0,,,0,,,0.7032,0.0,0.225,0,0,0.0154,False,payoff_low=0.000:min0.10,25
2026-09-07T21:29:03Z,2gXjMAEgX6k,yt 2gXjMAEgX6k,youtube_shorts_calib,file:///root/datasets/pubg/youtube_shorts/yt_2gXjMAEgX6k.mp4,local:youtube_shorts_calib,/root/datasets/pubg/youtube_shorts/yt_2gXjMAEgX6k.mp4,24.47,24.47,0.1234,5.531,0.0881,0.1709,0.465,0.007,0.0097,0.0154,0.8128,0.7584,0.4662,0.0,,,0,,,0.7032,0.0,0.225,0,0,0.0154,False,payoff_low=0.000:min0.10,18
2026-09-07T21:30:27Z,cYJs0PtTa5w,yt cYJs0PtTa5w,youtube_shorts_calib,file:///root/datasets/pubg/youtube_shorts/yt_cYJs0PtTa5w.mp4,local:youtube_shorts_calib,/root/datasets/pubg/youtube_shorts/yt_cYJs0PtTa5w.mp4,36.22,36.22,0.0404,11.314,0.0233,0.2924,0.394,0.3568,0.2737,0.3568,0.0292,0.1169,,,,,0,,,,,,,1,0.0004,False,hard_loot_walk,20
2026-09-07T21:31:58Z,L8jA2CHl8wM,yt L8jA2CHl8wM,youtube_shorts_calib,file:///root/datasets/pubg/youtube_shorts/yt_L8jA2CHl8wM.mp4,local:youtube_shorts_calib,/root/datasets/pubg/youtube_shorts/yt_L8jA2CHl8wM.mp4,37.22,37.22,0.2019,5.726,0.2855,0.2961,0.29,0.2466,0.2757,0.2757,0.2613,0.6764,0.0,0.0,,,0,,,0.8504,0.0,0.0,0,0,0.0074,False,payoff_low=0.000:min0.10,27
2026-09-07T21:34:15Z,BkjJjn7y9a8,yt BkjJjn7y9a8,youtube_shorts_calib,file:///root/datasets/pubg/youtube_shorts/yt_BkjJjn7y9a8.mp4,local:youtube_shorts_calib,/root/datasets/pubg/youtube_shorts/yt_BkjJjn7y9a8.mp4,48.66,48.66,0.22,6.0,0.3207,0.1994,0.31,0.0287,0.0148,0.0287,0.508,0.7688,,,,,0,,,,,,,0,0.0052,False,hard_bot_farm=bot_farm_one_sided=quarters4:clusters0:kf0:mini0.000,21
2026-09-07T21:37:15Z,IeQJoUUYmso,yt IeQJoUUYmso,youtube_shorts_calib,file:///root/datasets/pubg/youtube_shorts/yt_IeQJoUUYmso.mp4,local:youtube_shorts_calib,/root/datasets/pubg/youtube_shorts/yt_IeQJoUUYmso.mp4,23.48,23.48,0.22,3.669,0.2079,0.3513,0.363,0.0024,0.0006,0.0024,0.033,0.8015,0.0,0.0,,,0,,,0.6652,0.0,0.0,0,0,0.0014,False,payoff_low=0.000:min0.10,28
2026-09-07T21:37:15Z,GjG3BravntU,yt GjG3BravntU,youtube_shorts_calib,file:///root/datasets/pubg/youtube_shorts/yt_GjG3BravntU.mp4,local:youtube_shorts_calib,/root/datasets/pubg/youtube_shorts/yt_GjG3BravntU.mp4,19.5,19.5,0.0453,16.465,0.0066,0.0879,0.377,0.3494,0.2567,0.3494,0.5017,0.0195,0.5533,0.0,,,0,,,0.571,0.0,0.225,0,0,0.001,False,payoff_low=0.000:min0.10,23
2026-09-07T21:37:23Z,G12IxplQ2OI,yt G12IxplQ2OI,youtube_shorts_calib,file:///root/datasets/pubg/youtube_shorts/yt_G12IxplQ2OI.mp4,local:youtube_shorts_calib,/root/datasets/pubg/youtube_shorts/yt_G12IxplQ2OI.mp4,26.92,26.92,0.1692,3.607,0.109,0.1706,0.133,0.0406,0.0613,0.0613,0.028,0.7773,0.0,0.0,,,0,,,0.696,0.0,0.0,0,0,0.0012,False,payoff_low=0.000:min0.10,29
2026-09-07T21:37:31Z,6eWDqQ4sVcQ,yt 6eWDqQ4sVcQ,youtube_shorts_calib,file:///root/datasets/pubg/youtube_shorts/yt_6eWDqQ4sVcQ.mp4,local:youtube_shorts_calib,/root/datasets/pubg/youtube_shorts/yt_6eWDqQ4sVcQ.mp4,13.12,13.12,0.0319,5.494,0.0582,0.2539,0.603,0.426,0.4384,0.4384,0.4878,0.0526,,,,,0,,,,,,,,0.0081,False,no_shots=density0.032:burst5.49:ownerrun_fake_gun=motion0.254:gun0.032,31
2026-09-07T21:37:41Z,AK0Ny0XtpOQ,yt AK0Ny0XtpOQ,youtube_shorts_calib,file:///root/datasets/pubg/youtube_shorts/yt_AK0Ny0XtpOQ.mp4,local:youtube_shorts_calib,/root/datasets/pubg/youtube_shorts/yt_AK0Ny0XtpOQ.mp4,51.66,51.66,0.0463,27.972,0.0138,0.3241,0.346,0.0395,0.055,0.055,0.7021,0.2403,,,,,0,,,,,,,,0.0007,False,loot_walk=density0.046,24
2026-09-07T21:38:52Z,BdClY8A6rYI,yt BdClY8A6rYI,youtube_shorts_calib,file:///root/datasets/pubg/youtube_shorts/yt_BdClY8A6rYI.mp4,local:youtube_shorts_calib,/root/datasets/pubg/youtube_shorts/yt_BdClY8A6rYI.mp4,47.34,47.34,0.0005,138.832,0.0001,0.454,0.326,0.0017,0.0015,0.0017,0.0195,0.0196,,,,,0,,,,,,,,0.0007,False,run_loot=motion0.454:gun0.001,30
2026-09-07T21:39:03Z,cMUcjeeYfr8,yt cMUcjeeYfr8,youtube_shorts_calib,file:///root/datasets/pubg/youtube_shorts/yt_cMUcjeeYfr8.mp4,local:youtube_shorts_calib,/root/datasets/pubg/youtube_shorts/yt_cMUcjeeYfr8.mp4,50.76,50.76,0.186,6.492,0.1372,0.1758,0.415,0.0031,0.0036,0.0036,0.513,0.8544,0.0,0.0,,,0,,,0.71,0.0,0.0,0,0,0.0016,False,payoff_low=0.000:min0.10,22
2026-09-07T21:40:13Z,1PXXra-68pk,yt 1PXXra-68pk,youtube_shorts_calib,file:///root/datasets/pubg/youtube_shorts/yt_1PXXra-68pk.mp4,local:youtube_shorts_calib,/root/datasets/pubg/youtube_shorts/yt_1PXXra-68pk.mp4,7.75,7.75,0.003,5.856,0.0202,0.2503,0.303,0.0125,0.0057,0.0127,0.1242,0.6957,,,,,0,,,,,,,,0.0127,False,run_loot=motion0.250:gun0.003,33
2026-09-07T21:40:42Z,9-ItFS-wgs0,yt 9-ItFS-wgs0,youtube_shorts_calib,file:///root/datasets/pubg/youtube_shorts/yt_9-ItFS-wgs0.mp4,local:youtube_shorts_calib,/root/datasets/pubg/youtube_shorts/yt_9-ItFS-wgs0.mp4,48.06,48.06,0.0397,20.811,0.0031,0.2012,0.459,0.2253,0.1845,0.2253,0.0321,0.0156,,,,,0,,,,,,,,0.0002,False,loot_walk=density0.040,32
2026-09-07T21:41:51Z,m_dIbCf2Jlw,yt m dIbCf2Jlw,youtube_shorts_calib,file:///root/datasets/pubg/youtube_shorts/yt_m_dIbCf2Jlw.mp4,local:youtube_shorts_calib,/root/datasets/pubg/youtube_shorts/yt_m_dIbCf2Jlw.mp4,55.0,55.0,0.1803,3.677,0.1147,0.1955,0.314,0.1305,0.2715,0.2715,0.032,0.1376,,,,,0,,,,,,,0,0.0127,False,hard_bot_farm=bot_farm_one_sided=quarters4:clusters0:kf0:mini0.000,35
2026-09-07T21:42:01Z,pn3m0r5V3DQ,yt pn3m0r5V3DQ,youtube_shorts_calib,file:///root/datasets/pubg/youtube_shorts/yt_pn3m0r5V3DQ.mp4,local:youtube_shorts_calib,/root/datasets/pubg/youtube_shorts/yt_pn3m0r5V3DQ.mp4,30.64,30.64,0.1894,3.556,0.1523,0.1189,0.211,0.3913,0.5538,0.5538,0.3847,0.5799,0.0,0.0,,,0,,,0.7196,0.0,0.0,0,0,0.0009,False,payoff_low=0.000:min0.10,34
2026-09-07T21:42:42Z,c_zama2xqcI,yt c zama2xqcI,youtube_shorts_calib,file:///root/datasets/pubg/youtube_shorts/yt_c_zama2xqcI.mp4,local:youtube_shorts_calib,/root/datasets/pubg/youtube_shorts/yt_c_zama2xqcI.mp4,33.98,33.98,0.22,5.41,0.2592,0.1976,0.235,0.0229,0.0067,0.0684,0.3229,0.7419,,,,,0,,,,,,,0,0.0684,False,hard_bot_farm=bot_farm_one_sided=quarters4:clusters0:kf0:mini0.000,25
2026-09-07T21:42:45Z,15E8TJc0wJ8,yt 15E8TJc0wJ8,youtube_shorts_calib,file:///root/datasets/pubg/youtube_shorts/yt_15E8TJc0wJ8.mp4,local:youtube_shorts_calib,/root/datasets/pubg/youtube_shorts/yt_15E8TJc0wJ8.mp4,20.24,20.24,0.008,3.771,0.0685,0.262,0.455,0.0006,0.0002,0.0013,0.0876,0.8917,,,,,0,,,,,,,,0.0013,False,talk_menu=rms0.0685:gun0.008,37
2026-09-07T21:43:20Z,Q_C_rGVOKU4,yt Q C rGVOKU4,youtube_shorts_calib,file:///root/datasets/pubg/youtube_shorts/yt_Q_C_rGVOKU4.mp4,local:youtube_shorts_calib,/root/datasets/pubg/youtube_shorts/yt_Q_C_rGVOKU4.mp4,50.94,50.94,0.1911,5.397,0.1301,0.2143,0.472,0.0005,0.0002,0.0005,0.5016,0.8265,0.0,0.0,,,0,,,0.692,0.0,0.0,0,0,0.0003,False,payoff_low=0.000:min0.10,26
2026-09-07T21:43:47Z,3uhVzABSrxA,yt 3uhVzABSrxA,youtube_shorts_calib,file:///root/datasets/pubg/youtube_shorts/yt_3uhVzABSrxA.mp4,local:youtube_shorts_calib,/root/datasets/pubg/youtube_shorts/yt_3uhVzABSrxA.mp4,26.12,26.12,0.0142,37.022,0.0023,0.1056,0.264,0.0011,0.0008,0.0011,0.0203,0.0743,,,,,0,,,,,,,,0.0004,False,run_fake_gun=motion0.106:gun0.014,28
2026-09-07T21:44:48Z,AYwIBwUCJUI,yt AYwIBwUCJUI,youtube_shorts_calib,file:///root/datasets/pubg/youtube_shorts/yt_AYwIBwUCJUI.mp4,local:youtube_shorts_calib,/root/datasets/pubg/youtube_shorts/yt_AYwIBwUCJUI.mp4,55.0,55.0,0.041,6.22,0.0184,0.168,0.324,0.0529,0.0177,0.0529,0.2211,0.0172,,,,,0,,,,,,,,0.0103,False,loot_walk=density0.041,36
2026-09-07T21:48:15Z,_4LK2f1u6Vo,yt  4LK2f1u6Vo,youtube_shorts_calib,file:///root/datasets/pubg/youtube_shorts/yt__4LK2f1u6Vo.mp4,local:youtube_shorts_calib,/root/datasets/pubg/youtube_shorts/yt__4LK2f1u6Vo.mp4,53.52,53.52,0.1924,4.369,0.1724,0.2865,0.528,0.0567,0.0748,0.0748,0.123,0.7849,,,,,0,,,,,,,0,0.0033,False,hard_bot_farm=bot_farm_one_sided=quarters4:clusters0:kf0:mini0.000,39
2026-09-07T21:49:34Z,Z1ZMiRbjgtY,yt Z1ZMiRbjgtY,youtube_shorts_calib,file:///root/datasets/pubg/youtube_shorts/yt_Z1ZMiRbjgtY.mp4,local:youtube_shorts_calib,/root/datasets/pubg/youtube_shorts/yt_Z1ZMiRbjgtY.mp4,55.0,55.0,0.193,4.966,0.1125,0.2009,0.462,0.2779,0.5236,0.5236,0.372,0.6598,0.0,0.6647,0.6788,0.6587,0,,,0.9333,0.22,0.0,1,0,0.0023,True,,27
2026-09-07T21:49:38Z,XFY87yUHxww,yt XFY87yUHxww,youtube_shorts_calib,file:///root/datasets/pubg/youtube_shorts/yt_XFY87yUHxww.mp4,local:youtube_shorts_calib,/root/datasets/pubg/youtube_shorts/yt_XFY87yUHxww.mp4,41.1,41.1,0.1853,4.164,0.1744,0.2274,0.39,0.1702,0.1648,0.1702,0.5117,0.6822,0.0,0.0,,,0,,,0.7697,0.0,0.0,0,0,0.0032,False,payoff_low=0.000:min0.10,38
2026-09-07T21:52:19Z,Z1ZMiRbjgtY,yt Z1ZMiRbjgtY,youtube_shorts_calib,file:///root/datasets/pubg/youtube_shorts/yt_Z1ZMiRbjgtY.mp4,local:youtube_shorts_calib,/root/datasets/pubg/youtube_shorts/yt_Z1ZMiRbjgtY.mp4,55.0,55.0,0.193,4.966,0.1125,0.2009,0.462,0.2779,0.5236,0.5236,0.372,0.6598,0.0,0.6647,0.6788,0.6587,0,,,0.9333,0.22,0.0,1,0,0.0023,True,,40
2026-09-07T21:53:10Z,fr6HxrhCJO0,yt fr6HxrhCJO0,youtube_shorts_calib,file:///root/datasets/pubg/youtube_shorts/yt_fr6HxrhCJO0.mp4,local:youtube_shorts_calib,/root/datasets/pubg/youtube_shorts/yt_fr6HxrhCJO0.mp4,23.86,23.86,0.0828,16.163,0.0141,0.1417,0.623,0.1176,0.0659,0.1176,0.0334,0.052,0.7592,0.0,,,0,,,0.8239,0.0,0.225,0,0,0.0002,False,payoff_low=0.000:min0.10,29
2026-09-07T21:53:24Z,ZjMdxQBO5DE,yt ZjMdxQBO5DE,youtube_shorts_calib,file:///root/datasets/pubg/youtube_shorts/yt_ZjMdxQBO5DE.mp4,local:youtube_shorts_calib,/root/datasets/pubg/youtube_shorts/yt_ZjMdxQBO5DE.mp4,46.4,46.4,0.2038,4.018,0.12,0.2457,0.226,0.2277,0.2294,0.2294,0.0668,0.6464,0.0,0.0,,,0,,,0.8004,0.0,0.0,0,0,0.0017,False,payoff_low=0.000:min0.10,41
2026-09-07T21:54:40Z,fLoNYcu-fYw,yt fLoNYcu-fYw,youtube_shorts_calib,file:///root/datasets/pubg/youtube_shorts/yt_fLoNYcu-fYw.mp4,local:youtube_shorts_calib,/root/datasets/pubg/youtube_shorts/yt_fLoNYcu-fYw.mp4,23.2,23.2,0.2007,5.384,0.1357,0.158,0.377,0.383,0.5195,0.5195,0.0401,0.6144,0.0,0.7174,0.6862,0.7308,0,,,0.9447,0.22,0.0,1,0,0.0067,True,,30
2026-09-07T21:58:18Z,bdFuAXURuSc,yt bdFuAXURuSc,youtube_shorts_calib,file:///root/datasets/pubg/youtube_shorts/yt_bdFuAXURuSc.mp4,local:youtube_shorts_calib,/root/datasets/pubg/youtube_shorts/yt_bdFuAXURuSc.mp4,10.14,10.14,0.0391,4.667,0.1357,0.2717,0.463,0.0009,0.0003,0.007,0.6802,0.711,,,,,0,,,,,,,,0.007,False,loot_walk=density0.039,31
2026-09-07T21:58:56Z,IBD012sNBDo,yt IBD012sNBDo,youtube_shorts_calib,file:///root/datasets/pubg/youtube_shorts/yt_IBD012sNBDo.mp4,local:youtube_shorts_calib,/root/datasets/pubg/youtube_shorts/yt_IBD012sNBDo.mp4,14.02,14.02,0.2129,3.52,0.2053,0.1869,0.472,0.0039,0.001,0.0039,0.6135,0.7305,0.0,0.0,,,0,,,0.6705,0.0,0.0,0,0,0.0028,False,payoff_low=0.000:min0.10,42
2026-09-07T21:59:11Z,YmfpN5sQv30,yt YmfpN5sQv30,youtube_shorts_calib,file:///root/datasets/pubg/youtube_shorts/yt_YmfpN5sQv30.mp4,local:youtube_shorts_calib,/root/datasets/pubg/youtube_shorts/yt_YmfpN5sQv30.mp4,38.8,38.8,0.2149,4.998,0.2249,0.3329,0.28,0.2153,0.1714,0.2153,0.139,0.7351,,,,,0,,,,,,,0,0.0021,False,hard_bot_farm=bot_farm_one_sided=quarters4:clusters1:kf0:mini0.000,43
2026-09-07T22:00:45Z,iaZJLUf9Dw0,yt iaZJLUf9Dw0,youtube_shorts_calib,file:///root/datasets/pubg/youtube_shorts/yt_iaZJLUf9Dw0.mp4,local:youtube_shorts_calib,/root/datasets/pubg/youtube_shorts/yt_iaZJLUf9Dw0.mp4,30.2,30.2,0.0,0.0,0.0,0.0421,0.427,0.0003,0.0004,0.002,0.0608,0.1096,,,,,0,,,,,,,,0.002,False,no_shots=density0.000:burst0.00:ownerbelow_owner_floor=density0.000:burst0.00,44
2026-09-07T22:03:14Z,-GvxcXKVZzQ,yt -GvxcXKVZzQ,youtube_shorts_calib,file:///root/datasets/pubg/youtube_shorts/yt_-GvxcXKVZzQ.mp4,local:youtube_shorts_calib,/root/datasets/pubg/youtube_shorts/yt_-GvxcXKVZzQ.mp4,48.2,48.2,0.1465,4.188,0.1329,0.2059,0.505,0.7165,0.9204,0.9204,0.3989,0.0113,0.0,0.0,,,0,,,0.9333,0.0,0.0,0,0,0.0016,False,payoff_low=0.000:min0.10,45
2026-09-07T22:05:11Z,4zEWscQjuhk,😱 КАК ЗАПУСТИТЬСЯ В ШТУРМ ЗА 1 СЕКУНДУ В МЕТРО РОЯЛЬ ,youtube_shorts,https://www.youtube.com/shorts/4zEWscQjuhk,метро роял 7 карта shorts пабг,/root/datasets/pubg/shorts_autolearn/yt_4zEWscQjuhk.mp4,55.0,55.0,0.1311,3.111,0.0925,0.1808,0.448,0.0019,0.001,0.0019,0.9055,0.8335,0.0,0.0,,,1486,,,0.6448,0.0,0.0,0,0,0.0009,False,payoff_low=0.000:min0.10,32
2026-09-07T22:07:00Z,ly5X_ujVdzk,yt ly5X ujVdzk,youtube_shorts_calib,file:///root/datasets/pubg/youtube_shorts/yt_ly5X_ujVdzk.mp4,local:youtube_shorts_calib,/root/datasets/pubg/youtube_shorts/yt_ly5X_ujVdzk.mp4,27.52,27.52,0.1823,4.245,0.1621,0.3795,0.277,0.0018,0.0012,0.0057,0.2891,0.8545,0.0,0.0,,,0,,,0.6717,0.0,0.0,0,0,0.0057,False,payoff_low=0.000:min0.10,47
2026-09-07T22:07:03Z,X8gWvSL6OTM,❗Спавны на 7 карте❗ Эта вам точьно надо❕ В метро рояль🔥 Все Спавны! Пабг мобаил💥,youtube_shorts,https://www.youtube.com/shorts/X8gWvSL6OTM,метро роял 7 карта shorts пабг,/root/datasets/pubg/shorts_autolearn/yt_X8gWvSL6OTM.mp4,34.64,34.64,0.0416,4.594,0.0637,0.267,0.455,0.0104,0.008,0.0104,0.8276,0.8479,,,,,20735,,,,,,,,0.0006,False,loot_walk=density0.042,33
2026-09-07T22:07:17Z,E3tkTQ_wRtc,yt E3tkTQ wRtc,youtube_shorts_calib,file:///root/datasets/pubg/youtube_shorts/yt_E3tkTQ_wRtc.mp4,local:youtube_shorts_calib,/root/datasets/pubg/youtube_shorts/yt_E3tkTQ_wRtc.mp4,23.38,23.38,0.0597,11.431,0.032,0.1669,0.296,0.4935,0.4324,0.4935,0.0726,0.0202,,,,,0,,,,,,,1,0.0011,False,hard_loot_walk,48
2026-09-07T22:07:26Z,mJRuMSeTL1E,yt mJRuMSeTL1E,youtube_shorts_calib,file:///root/datasets/pubg/youtube_shorts/yt_mJRuMSeTL1E.mp4,local:youtube_shorts_calib,/root/datasets/pubg/youtube_shorts/yt_mJRuMSeTL1E.mp4,37.12,37.12,0.0714,18.428,0.012,0.1656,0.389,0.0199,0.0081,0.0199,0.7521,0.2159,0.8352,0.0,,,0,,,0.6791,0.0,0.225,0,0,0.002,False,payoff_low=0.000:min0.10,46
2026-09-07T22:09:55Z,qCEfh30tzCM,yt qCEfh30tzCM,youtube_shorts_calib,file:///root/datasets/pubg/youtube_shorts/yt_qCEfh30tzCM.mp4,local:youtube_shorts_calib,/root/datasets/pubg/youtube_shorts/yt_qCEfh30tzCM.mp4,31.08,31.08,0.18,3.633,0.1111,0.2788,0.427,0.0283,0.0308,0.0987,0.2195,0.791,0.0,0.0,,,0,,,0.7138,0.0,0.0,0,0,0.0987,False,payoff_low=0.000:min0.10,49
2026-09-07T22:12:33Z,VhK6iIXoBD0,yt VhK6iIXoBD0,youtube_shorts_calib,file:///root/datasets/pubg/youtube_shorts/yt_VhK6iIXoBD0.mp4,local:youtube_shorts_calib,/root/datasets/pubg/youtube_shorts/yt_VhK6iIXoBD0.mp4,55.0,55.0,0.22,6.0,0.3495,0.2634,0.284,0.3035,0.4323,0.4323,0.1496,0.6253,,,,,0,,,,,,,0,0.0011,False,hard_bot_farm=bot_farm_one_sided=quarters4:clusters0:kf0:mini0.000,50
2026-09-07T22:13:59Z,85STRhaPmIs,ПРОВЕРЯЮ МИФ с ТИК-ТОКА в МЕТРО Рояль ,youtube_shorts,https://www.youtube.com/shorts/85STRhaPmIs,метро роял 7 карта shorts пабг,/root/datasets/pubg/shorts_autolearn/yt_85STRhaPmIs.mp4,55.0,55.0,0.1736,4.24,0.1793,0.2378,0.213,0.0124,0.002,0.0124,0.7406,0.8483,0.0,0.0,,,0,,,0.6756,0.0,0.0,0,0,0.0033,False,payoff_low=0.000:min0.10,34
2026-09-07T22:14:19Z,6ewR2oCz5PQ,yt 6ewR2oCz5PQ,youtube_shorts_calib,file:///root/datasets/pubg/youtube_shorts/yt_6ewR2oCz5PQ.mp4,local:youtube_shorts_calib,/root/datasets/pubg/youtube_shorts/yt_6ewR2oCz5PQ.mp4,10.88,10.88,0.22,6.0,0.3099,0.1097,0.262,0.0107,0.0068,0.0107,0.0324,0.8648,,,,,0,,,,,,,0,0.0035,False,hard_bot_farm=bot_farm_one_sided=quarters4:clusters0:kf0:mini0.000,51
2026-09-07T22:15:52Z,RI62DGIdWus,yt RI62DGIdWus,youtube_shorts_calib,file:///root/datasets/pubg/youtube_shorts/yt_RI62DGIdWus.mp4,local:youtube_shorts_calib,/root/datasets/pubg/youtube_shorts/yt_RI62DGIdWus.mp4,16.42,16.42,0.1351,3.65,0.1391,0.2891,0.687,0.6195,0.7061,0.7061,0.0422,0.0565,0.7219,0.7044,0.9176,0.613,0,,,0.9239,0.8109,0.7219,1,0,0.0002,True,,53
2026-09-07T22:16:17Z,q0rmFVVug3A,yt q0rmFVVug3A,youtube_shorts_calib,file:///root/datasets/pubg/youtube_shorts/yt_q0rmFVVug3A.mp4,local:youtube_shorts_calib,/root/datasets/pubg/youtube_shorts/yt_q0rmFVVug3A.mp4,31.4,31.4,0.2029,3.773,0.2226,0.3369,0.45,0.0247,0.0228,0.0247,0.2086,0.7951,0.0,0.0,,,0,,,0.6789,0.0,0.0,0,0,0.0042,False,payoff_low=0.000:min0.10,52
2026-09-07T22:17:47Z,GjG3BravntU,yt GjG3BravntU,youtube_shorts_calib,file:///root/datasets/pubg/youtube_shorts/yt_GjG3BravntU.mp4,local:youtube_shorts_calib,/root/datasets/pubg/youtube_shorts/yt_GjG3BravntU.mp4,19.5,19.5,0.0453,16.465,0.0066,0.0879,0.377,0.3494,0.2567,0.3494,0.5017,0.0195,0.5533,0.0,,,0,,,0.571,0.0,0.225,0,0,0.001,False,payoff_low=0.000:min0.10,55
2026-09-07T22:18:10Z,Q_C_rGVOKU4,yt Q C rGVOKU4,youtube_shorts_calib,file:///root/datasets/pubg/youtube_shorts/yt_Q_C_rGVOKU4.mp4,local:youtube_shorts_calib,/root/datasets/pubg/youtube_shorts/yt_Q_C_rGVOKU4.mp4,50.94,50.94,0.1911,5.397,0.1301,0.2143,0.472,0.0005,0.0002,0.0005,0.5016,0.8265,0.0,0.0,,,0,,,0.692,0.0,0.0,0,0,0.0003,False,payoff_low=0.000:min0.10,54
2026-09-07T22:18:31Z,UtxxY4GYD9A,BECOME THE BEST in Metro in 19 Minutes☠️ METRO ROYALE ,youtube_highlights,https://www.youtube.com/watch?v=UtxxY4GYD9A,метро роял клатч пабг,/root/datasets/pubg/shorts_autolearn/yt_UtxxY4GYD9A.mp4,55.0,55.0,0.0203,4.793,0.0557,0.1289,0.326,0.0104,0.0008,0.0112,0.7954,0.7504,,,,,0,,,,,,,,0.0014,False,run_fake_gun=motion0.129:gun0.020,35
2026-09-07T22:19:59Z,-OQfWxzDnbE,yt -OQfWxzDnbE,youtube_shorts_calib,file:///root/datasets/pubg/youtube_shorts/yt_-OQfWxzDnbE.mp4,local:youtube_shorts_calib,/root/datasets/pubg/youtube_shorts/yt_-OQfWxzDnbE.mp4,24.42,24.42,0.001,2.262,0.031,0.2208,0.377,0.4581,0.4073,0.4581,0.2426,0.3894,,,,,0,,,,,,,,0.0005,False,no_shots=density0.001:burst2.26:ownerrun_fake_gun=motion0.221:gun0.001,57
2026-09-07T22:21:52Z,FSp8lWlU4eU,yt FSp8lWlU4eU,youtube_shorts_calib,file:///root/datasets/pubg/youtube_shorts/yt_FSp8lWlU4eU.mp4,local:youtube_shorts_calib,/root/datasets/pubg/youtube_shorts/yt_FSp8lWlU4eU.mp4,35.64,35.64,0.1587,4.514,0.103,0.1803,0.337,0.0012,0.0017,0.0017,0.7527,0.7691,0.0,0.0,,,0,,,0.6829,0.0,0.0,0,0,0.0013,False,payoff_low=0.000:min0.10,56
2026-09-07T22:25:12Z,jJGaPJEyrBk,yt jJGaPJEyrBk,youtube_shorts_calib,file:///root/datasets/pubg/youtube_shorts/yt_jJGaPJEyrBk.mp4,local:youtube_shorts_calib,/root/datasets/pubg/youtube_shorts/yt_jJGaPJEyrBk.mp4,46.98,46.98,0.167,4.098,0.1498,0.2249,0.359,0.0079,0.0034,0.0079,0.4374,0.7007,,,,,0,,,,,,,0,0.0017,False,hard_bot_farm=bot_farm_one_sided=quarters4:clusters0:kf0:mini0.000,59
2026-09-07T22:25:39Z,cAg8xLVQXyU,yt cAg8xLVQXyU,youtube_shorts_calib,file:///root/datasets/pubg/youtube_shorts/yt_cAg8xLVQXyU.mp4,local:youtube_shorts_calib,/root/datasets/pubg/youtube_shorts/yt_cAg8xLVQXyU.mp4,54.64,54.64,0.1599,5.284,0.1059,0.2766,0.529,0.1859,0.1823,0.1859,0.593,0.6452,0.0,0.0,,,0,,,0.8009,0.0,0.0,0,0,0.0036,False,payoff_low=0.000:min0.10,58
2026-09-07T22:26:10Z,mFQ0nSvyRDw,yt mFQ0nSvyRDw,youtube_shorts_calib,file:///root/datasets/pubg/youtube_shorts/yt_mFQ0nSvyRDw.mp4,local:youtube_shorts_calib,/root/datasets/pubg/youtube_shorts/yt_mFQ0nSvyRDw.mp4,55.0,55.0,0.2094,4.612,0.1927,0.0843,0.139,0.364,0.6824,0.6824,0.038,0.579,0.0,0.0,,,0,,,0.7407,0.0,0.0,0,0,0.0005,False,payoff_low=0.000:min0.10,37
2026-09-07T22:26:43Z,-OQfWxzDnbE,yt -OQfWxzDnbE,youtube_shorts_calib,file:///root/datasets/pubg/youtube_shorts/yt_-OQfWxzDnbE.mp4,local:youtube_shorts_calib,/root/datasets/pubg/youtube_shorts/yt_-OQfWxzDnbE.mp4,24.42,24.42,0.001,2.262,0.031,0.2208,0.377,0.4581,0.4073,0.4581,0.2426,0.3894,,,,,0,,,,,,,,0.0005,False,no_shots=density0.001:burst2.26:ownerrun_fake_gun=motion0.221:gun0.001,38
2026-09-07T22:27:16Z,15E8TJc0wJ8,yt 15E8TJc0wJ8,youtube_shorts_calib,file:///root/datasets/pubg/youtube_shorts/yt_15E8TJc0wJ8.mp4,local:youtube_shorts_calib,/root/datasets/pubg/youtube_shorts/yt_15E8TJc0wJ8.mp4,20.24,20.24,0.008,3.771,0.0685,0.262,0.455,0.0006,0.0002,0.0013,0.0876,0.8917,,,,,0,,,,,,,,0.0013,False,talk_menu=rms0.0685:gun0.008,39
2026-09-07T22:29:21Z,MiIfCjAn12A,yt MiIfCjAn12A,youtube_shorts_calib,file:///root/datasets/pubg/youtube_shorts/yt_MiIfCjAn12A.mp4,local:youtube_shorts_calib,/root/datasets/pubg/youtube_shorts/yt_MiIfCjAn12A.mp4,55.0,55.0,0.22,6.0,0.315,0.1743,0.482,0.1773,0.2959,0.2959,0.3167,0.6449,,,,,0,,,,,,,0,0.0035,False,hard_bot_farm=bot_farm_one_sided=quarters4:clusters0:kf0:mini0.000,60
2026-09-07T22:29:30Z,MiIfCjAn12A,yt MiIfCjAn12A,youtube_shorts_calib,file:///root/datasets/pubg/youtube_shorts/yt_MiIfCjAn12A.mp4,local:youtube_shorts_calib,/root/datasets/pubg/youtube_shorts/yt_MiIfCjAn12A.mp4,55.0,55.0,0.22,6.0,0.315,0.1743,0.482,0.1773,0.2959,0.2959,0.3167,0.6449,,,,,0,,,,,,,0,0.0035,False,hard_bot_farm=bot_farm_one_sided=quarters4:clusters0:kf0:mini0.000,36
2026-09-07T22:29:49Z,mFQ0nSvyRDw,yt mFQ0nSvyRDw,youtube_shorts_calib,file:///root/datasets/pubg/youtube_shorts/yt_mFQ0nSvyRDw.mp4,local:youtube_shorts_calib,/root/datasets/pubg/youtube_shorts/yt_mFQ0nSvyRDw.mp4,55.0,55.0,0.2094,4.612,0.1927,0.0843,0.139,0.364,0.6824,0.6824,0.038,0.579,0.0,,,,0,,,,,0.0,0,0,0.0005,False,hard_no_author_kill,61
2026-09-07T22:32:57Z,K3yk83z2bdY,yt K3yk83z2bdY,youtube_shorts_calib,file:///root/datasets/pubg/youtube_shorts/yt_K3yk83z2bdY.mp4,local:youtube_shorts_calib,/root/datasets/pubg/youtube_shorts/yt_K3yk83z2bdY.mp4,14.44,14.44,0.22,5.647,0.2789,0.171,0.415,0.3079,0.3516,0.3516,0.1973,0.7083,,,,,0,,,,,,,0,0.0071,False,hard_bot_farm=bot_farm_one_sided=quarters4:clusters0:kf0:mini0.000,63
2026-09-07T22:35:08Z,fr6HxrhCJO0,yt fr6HxrhCJO0,youtube_shorts_calib,file:///root/datasets/pubg/youtube_shorts/yt_fr6HxrhCJO0.mp4,local:youtube_shorts_calib,/root/datasets/pubg/youtube_shorts/yt_fr6HxrhCJO0.mp4,23.86,23.86,0.0828,16.163,0.0141,0.1417,0.623,0.1176,0.0659,0.1176,0.0334,0.052,0.7592,0.0,,,0,,,0.8239,0.0,0.225,0,0,0.0002,False,payoff_low=0.000:min0.10,62
2026-09-07T22:35:48Z,8oub1508ckk,yt 8oub1508ckk,youtube_shorts_calib,file:///root/datasets/pubg/youtube_shorts/yt_8oub1508ckk.mp4,local:youtube_shorts_calib,/root/datasets/pubg/youtube_shorts/yt_8oub1508ckk.mp4,17.98,17.98,0.1709,2.062,0.0898,0.1207,0.328,0.3583,0.3583,0.3583,0.412,0.4477,,,,,0,,,,,,,0,0.0069,False,hard_bot_farm=bot_farm_one_sided=quarters4:clusters0:kf0:mini0.000,41
2026-09-07T22:36:51Z,h1TWsxwBfMw,yt h1TWsxwBfMw,youtube_shorts_calib,file:///root/datasets/pubg/youtube_shorts/yt_h1TWsxwBfMw.mp4,local:youtube_shorts_calib,/root/datasets/pubg/youtube_shorts/yt_h1TWsxwBfMw.mp4,55.0,55.0,0.1741,4.49,0.1095,0.2125,0.376,0.4015,0.4553,0.4553,0.2911,0.5807,0.0,0.0,,,0,,,0.926,0.0,0.0,0,0,0.0016,False,payoff_low=0.000:min0.10,40
2026-09-07T22:38:24Z,ky1b3JLsA_E,yt ky1b3JLsA E,youtube_shorts_calib,file:///root/datasets/pubg/youtube_shorts/yt_ky1b3JLsA_E.mp4,local:youtube_shorts_calib,/root/datasets/pubg/youtube_shorts/yt_ky1b3JLsA_E.mp4,55.0,55.0,0.126,4.561,0.1059,0.2173,0.291,0.2807,0.5547,0.5547,0.6456,0.6618,0.0,0.0,,,0,,,0.9291,0.0,0.0,0,0,0.0107,False,payoff_low=0.000:min0.10,64
2026-09-07T22:38:49Z,8sMckL_u1n4,yt 8sMckL u1n4,youtube_shorts_calib,file:///root/datasets/pubg/youtube_shorts/yt_8sMckL_u1n4.mp4,local:youtube_shorts_calib,/root/datasets/pubg/youtube_shorts/yt_8sMckL_u1n4.mp4,19.3,19.3,0.0566,5.947,0.0559,0.109,0.362,0.0039,0.0004,0.0039,0.7874,0.7923,0.0,0.0,,,0,,,0.6249,0.0,0.0,0,0,0.0004,False,payoff_low=0.000:min0.10,65
2026-09-07T22:39:42Z,hUJbQawiaKM,yt hUJbQawiaKM,youtube_shorts_calib,file:///root/datasets/pubg/youtube_shorts/yt_hUJbQawiaKM.mp4,local:youtube_shorts_calib,/root/datasets/pubg/youtube_shorts/yt_hUJbQawiaKM.mp4,49.1,49.1,0.1859,6.157,0.1171,0.1502,0.193,0.0093,0.0072,0.0093,0.7367,0.8487,0.0,0.0,,,0,,,0.7075,0.0,0.0,0,0,0.0081,False,payoff_low=0.000:min0.10,42
2026-09-07T22:41:06Z,XeOGhEF871w,yt XeOGhEF871w,youtube_shorts_calib,file:///root/datasets/pubg/youtube_shorts/yt_XeOGhEF871w.mp4,local:youtube_shorts_calib,/root/datasets/pubg/youtube_shorts/yt_XeOGhEF871w.mp4,12.06,12.06,0.2027,4.561,0.1884,0.1852,0.398,0.01,0.0055,0.01,0.6505,0.8242,0.7708,0.0,,,0,,,0.6824,0.0,0.225,0,0,0.0049,False,payoff_low=0.000:min0.10,67
2026-09-07T22:41:13Z,plwLBP0ifuo,yt plwLBP0ifuo,youtube_shorts_calib,file:///root/datasets/pubg/youtube_shorts/yt_plwLBP0ifuo.mp4,local:youtube_shorts_calib,/root/datasets/pubg/youtube_shorts/yt_plwLBP0ifuo.mp4,38.22,38.22,0.142,5.39,0.0835,0.2745,0.348,0.4105,0.506,0.506,0.3166,0.5325,0.0,0.7009,0.6918,0.7048,0,,,0.9517,0.22,0.0,1,0,0.0006,True,,66
2026-09-07T22:42:33Z,pn3m0r5V3DQ,yt pn3m0r5V3DQ,youtube_shorts_calib,file:///root/datasets/pubg/youtube_shorts/yt_pn3m0r5V3DQ.mp4,local:youtube_shorts_calib,/root/datasets/pubg/youtube_shorts/yt_pn3m0r5V3DQ.mp4,30.64,30.64,0.1894,3.556,0.1523,0.1189,0.211,0.3913,0.5538,0.5538,0.3847,0.5799,0.0,0.0,,,0,,,0.7196,0.0,0.0,0,0,0.0009,False,payoff_low=0.000:min0.10,44
2026-09-07T22:43:39Z,xsvFcL60Hns,yt xsvFcL60Hns,youtube_shorts_calib,file:///root/datasets/pubg/youtube_shorts/yt_xsvFcL60Hns.mp4,local:youtube_shorts_calib,/root/datasets/pubg/youtube_shorts/yt_xsvFcL60Hns.mp4,12.34,12.34,0.1904,4.643,0.1952,0.1244,0.331,0.0011,0.0003,0.0015,0.6532,0.8738,0.6525,0.0,,,0,,,0.6746,0.0,0.225,0,0,0.0015,False,payoff_low=0.000:min0.10,68
2026-09-07T22:44:33Z,zpCJoUdYPg8,yt zpCJoUdYPg8,youtube_shorts_calib,file:///root/datasets/pubg/youtube_shorts/yt_zpCJoUdYPg8.mp4,local:youtube_shorts_calib,/root/datasets/pubg/youtube_shorts/yt_zpCJoUdYPg8.mp4,12.32,12.32,0.1843,4.775,0.2063,0.1974,0.285,0.0433,0.0392,0.0433,0.1989,0.7687,0.0,0.0,,,0,,,0.7083,0.0,0.0,0,0,0.0058,False,payoff_low=0.000:min0.10,69
2026-09-07T22:45:46Z,XIzc1ZE-OWo,yt XIzc1ZE-OWo,youtube_shorts_calib,file:///root/datasets/pubg/youtube_shorts/yt_XIzc1ZE-OWo.mp4,local:youtube_shorts_calib,/root/datasets/pubg/youtube_shorts/yt_XIzc1ZE-OWo.mp4,11.16,11.16,0.0271,26.168,0.0182,0.2385,0.275,0.0689,0.0319,0.0689,0.0376,0.0193,,,,,0,,,,,,,,0.0255,False,run_loot=motion0.238:gun0.027,71
2026-09-07T22:47:08Z,mNCwIQrTQnM,yt mNCwIQrTQnM,youtube_shorts_calib,file:///root/datasets/pubg/youtube_shorts/yt_mNCwIQrTQnM.mp4,local:youtube_shorts_calib,/root/datasets/pubg/youtube_shorts/yt_mNCwIQrTQnM.mp4,15.36,15.36,0.2057,4.307,0.1672,0.164,0.402,0.0517,0.016,0.0592,0.0823,0.8034,0.0,0.0,,,0,,,0.7046,0.0,0.0,0,0,0.046,False,payoff_low=0.000:min0.10,43
2026-09-07T22:48:14Z,sCNrSoJJZ3E,yt sCNrSoJJZ3E,youtube_shorts_calib,file:///root/datasets/pubg/youtube_shorts/yt_sCNrSoJJZ3E.mp4,local:youtube_shorts_calib,/root/datasets/pubg/youtube_shorts/yt_sCNrSoJJZ3E.mp4,38.18,38.18,0.1439,5.934,0.1414,0.1097,0.248,0.4415,0.4032,0.4415,0.6508,0.0291,0.0,0.0,,,0,,,0.9395,0.0,0.0,0,0,0.0062,False,payoff_low=0.000:min0.10,70
2026-09-07T22:49:28Z,HU-OeqtvZFA,yt HU-OeqtvZFA,youtube_shorts_calib,file:///root/datasets/pubg/youtube_shorts/yt_HU-OeqtvZFA.mp4,local:youtube_shorts_calib,/root/datasets/pubg/youtube_shorts/yt_HU-OeqtvZFA.mp4,20.72,20.72,0.1418,4.773,0.1606,0.1807,0.331,0.3012,0.3303,0.3303,0.164,0.5506,0.0,0.0,,,0,,,0.8736,0.0,0.0,0,0,0.0012,False,payoff_low=0.000:min0.10,45
2026-09-07T22:49:30Z,ZBnaorYutS4,yt ZBnaorYutS4,youtube_shorts_calib,file:///root/datasets/pubg/youtube_shorts/yt_ZBnaorYutS4.mp4,local:youtube_shorts_calib,/root/datasets/pubg/youtube_shorts/yt_ZBnaorYutS4.mp4,50.08,50.08,0.007,6.568,0.0692,0.2364,0.245,0.1439,0.0894,0.1439,0.0812,0.6341,,,,,0,,,,,,,,0.001,False,talk_menu=rms0.0692:gun0.007,73
2026-09-07T22:50:24Z,oJuRlHJjfno,yt oJuRlHJjfno,youtube_shorts_calib,file:///root/datasets/pubg/youtube_shorts/yt_oJuRlHJjfno.mp4,local:youtube_shorts_calib,/root/datasets/pubg/youtube_shorts/yt_oJuRlHJjfno.mp4,8.68,8.68,0.0806,9.814,0.0659,0.2165,0.491,0.4346,0.2818,0.4346,0.0546,0.0186,0.3045,0.6784,0.7132,0.6634,0,,,0.9938,0.3418,0.3045,1,0,0.0021,True,,72
2026-09-07T22:50:59Z,1m30KApvyrc,yt 1m30KApvyrc,youtube_shorts_calib,file:///root/datasets/pubg/youtube_shorts/yt_1m30KApvyrc.mp4,local:youtube_shorts_calib,/root/datasets/pubg/youtube_shorts/yt_1m30KApvyrc.mp4,12.77,12.77,0.22,4.851,0.2126,0.1747,0.274,0.029,0.0073,0.029,0.2054,0.6915,,,,,0,,,,,,,0,0.0237,False,hard_bot_farm=bot_farm_one_sided=quarters4:clusters1:kf0:mini0.000,74
2026-09-07T22:51:37Z,cYJs0PtTa5w,yt cYJs0PtTa5w,youtube_shorts_calib,file:///root/datasets/pubg/youtube_shorts/yt_cYJs0PtTa5w.mp4,local:youtube_shorts_calib,/root/datasets/pubg/youtube_shorts/yt_cYJs0PtTa5w.mp4,36.22,36.22,0.0404,11.314,0.0233,0.2924,0.394,0.3568,0.2737,0.3568,0.0292,0.1169,,,,,0,,,,,,,1,0.0004,False,hard_loot_walk,76
2026-09-07T22:51:41Z,ZjMdxQBO5DE,yt ZjMdxQBO5DE,youtube_shorts_calib,file:///root/datasets/pubg/youtube_shorts/yt_ZjMdxQBO5DE.mp4,local:youtube_shorts_calib,/root/datasets/pubg/youtube_shorts/yt_ZjMdxQBO5DE.mp4,46.4,46.4,0.2038,4.018,0.12,0.2457,0.226,0.2277,0.2294,0.2294,0.0668,0.6464,0.0,0.0,,,0,,,0.8004,0.0,0.0,0,0,0.0017,False,payoff_low=0.000:min0.10,46
2026-09-07T22:52:22Z,bPR1xTqqKis,yt bPR1xTqqKis,youtube_shorts_calib,file:///root/datasets/pubg/youtube_shorts/yt_bPR1xTqqKis.mp4,local:youtube_shorts_calib,/root/datasets/pubg/youtube_shorts/yt_bPR1xTqqKis.mp4,33.22,33.22,0.22,5.751,0.2875,0.1502,0.397,0.0004,0.0003,0.0004,0.0154,0.9172,,,,,0,,,,,,,0,0.0002,False,hard_bot_farm=bot_farm_one_sided=quarters4:clusters0:kf0:mini0.000,75
2026-09-07T22:53:04Z,QAoWDySHG4k,yt QAoWDySHG4k,youtube_shorts_calib,file:///root/datasets/pubg/youtube_shorts/yt_QAoWDySHG4k.mp4,local:youtube_shorts_calib,/root/datasets/pubg/youtube_shorts/yt_QAoWDySHG4k.mp4,26.64,26.64,0.0061,44.048,0.0018,0.2556,0.436,0.0103,0.0032,0.0103,0.0242,0.0302,,,,,0,,,,,,,,0.0011,False,run_loot=motion0.256:gun0.006,77
2026-09-07T22:53:16Z,rdxVFI9FMzk,yt rdxVFI9FMzk,youtube_shorts_calib,file:///root/datasets/pubg/youtube_shorts/yt_rdxVFI9FMzk.mp4,local:youtube_shorts_calib,/root/datasets/pubg/youtube_shorts/yt_rdxVFI9FMzk.mp4,14.64,14.64,0.0064,38.39,0.0112,0.1067,0.328,0.011,0.002,0.011,0.0586,0.776,,,,,0,,,,,,,,0.0079,False,run_fake_gun=motion0.107:gun0.006,78
2026-09-07T22:53:54Z,pC7rVerQwXU,yt pC7rVerQwXU,youtube_shorts_calib,file:///root/datasets/pubg/youtube_shorts/yt_pC7rVerQwXU.mp4,local:youtube_shorts_calib,/root/datasets/pubg/youtube_shorts/yt_pC7rVerQwXU.mp4,30.34,30.34,0.0261,42.334,0.0082,0.1856,0.47,0.4678,0.1526,0.4678,0.0328,0.0118,,,,,0,,,,,,,,0.0083,False,no_shots=density0.026:burst42.33:ownerrun_fake_gun=motion0.186:gun0.026,48
2026-09-07T22:54:21Z,V3xbsBt5vMU,yt V3xbsBt5vMU,youtube_shorts_calib,file:///root/datasets/pubg/youtube_shorts/yt_V3xbsBt5vMU.mp4,local:youtube_shorts_calib,/root/datasets/pubg/youtube_shorts/yt_V3xbsBt5vMU.mp4,51.82,51.82,0.0345,8.726,0.032,0.2395,0.374,0.3625,0.2536,0.3625,0.3187,0.0496,,,,,0,,,,,,,,0.0,False,no_shots=density0.035:burst8.73,80
2026-09-07T22:54:59Z,m_dIbCf2Jlw,yt m dIbCf2Jlw,youtube_shorts_calib,file:///root/datasets/pubg/youtube_shorts/yt_m_dIbCf2Jlw.mp4,local:youtube_shorts_calib,/root/datasets/pubg/youtube_shorts/yt_m_dIbCf2Jlw.mp4,55.0,55.0,0.1803,3.677,0.1147,0.1955,0.314,0.1305,0.2715,0.2715,0.032,0.1376,,,,,0,,,,,,,0,0.0127,False,hard_bot_farm=bot_farm_one_sided=quarters4:clusters0:kf0:mini0.000,49
2026-09-07T22:59:17Z,kqOPznn00SU,yt kqOPznn00SU,youtube_shorts_calib,file:///root/datasets/pubg/youtube_shorts/yt_kqOPznn00SU.mp4,local:youtube_shorts_calib,/root/datasets/pubg/youtube_shorts/yt_kqOPznn00SU.mp4,26.94,26.94,0.22,4.949,0.2207,0.3339,0.306,0.1654,0.3044,0.3044,0.1156,0.6914,0.0,0.0,,,0,,,0.8497,0.0,0.0,0,0,0.0024,False,payoff_low=0.000:min0.10,81
2026-09-07T22:59:59Z,0p5XHBIh9w0,yt 0p5XHBIh9w0,youtube_shorts_calib,file:///root/datasets/pubg/youtube_shorts/yt_0p5XHBIh9w0.mp4,local:youtube_shorts_calib,/root/datasets/pubg/youtube_shorts/yt_0p5XHBIh9w0.mp4,55.0,55.0,0.22,5.21,0.2425,0.3128,0.343,0.2944,0.2592,0.2944,0.141,0.5109,0.0,0.0,,,0,,,0.8673,0.0,0.0,0,0,0.0012,False,payoff_low=0.000:min0.10,79
2026-09-07T23:01:46Z,z1uErnW0SOc,yt z1uErnW0SOc,youtube_shorts_calib,file:///root/datasets/pubg/youtube_shorts/yt_z1uErnW0SOc.mp4,local:youtube_shorts_calib,/root/datasets/pubg/youtube_shorts/yt_z1uErnW0SOc.mp4,50.52,50.52,0.22,5.089,0.2324,0.1541,0.122,0.0015,0.001,0.0019,0.0224,0.8768,0.7862,0.0,,,0,,,0.6823,0.0,0.225,0,0,0.0006,False,payoff_low=0.000:min0.10,82
2026-09-07T23:02:02Z,XUQEh0QX7N0,yt XUQEh0QX7N0,youtube_shorts_calib,file:///root/datasets/pubg/youtube_shorts/yt_XUQEh0QX7N0.mp4,local:youtube_shorts_calib,/root/datasets/pubg/youtube_shorts/yt_XUQEh0QX7N0.mp4,55.0,55.0,0.0875,9.517,0.0677,0.2474,0.352,0.2246,0.345,0.345,0.5871,0.3325,0.0,0.0,,,0,,,0.9338,0.0,0.0,0,0,0.0003,False,payoff_low=0.000:min0.10,47
2026-09-07T23:03:09Z,sg9Ohw_PbNI,yt sg9Ohw PbNI,youtube_shorts_calib,file:///root/datasets/pubg/youtube_shorts/yt_sg9Ohw_PbNI.mp4,local:youtube_shorts_calib,/root/datasets/pubg/youtube_shorts/yt_sg9Ohw_PbNI.mp4,20.52,20.52,0.0601,8.58,0.0527,0.1732,0.287,0.2569,0.2473,0.2569,0.1964,0.027,,,,,0,,,,,,,1,0.0022,False,hard_loot_walk,84
2026-09-07T23:03:30Z,EcmFdlcXZTU,yt EcmFdlcXZTU,youtube_shorts_calib,file:///root/datasets/pubg/youtube_shorts/yt_EcmFdlcXZTU.mp4,local:youtube_shorts_calib,/root/datasets/pubg/youtube_shorts/yt_EcmFdlcXZTU.mp4,55.0,55.0,0.22,6.0,0.3343,0.1931,0.404,0.3614,0.6855,0.6855,0.2719,0.5835,,,,,0,,,,,,,0,0.0018,False,hard_bot_farm=bot_farm_one_sided=quarters4:clusters0:kf0:mini0.000,83
2026-09-07T23:04:24Z,BVf-fTMCbQM,yt BVf-fTMCbQM,viral_reference,file:///root/datasets/viral_reference/pubg/yt_BVf-fTMCbQM.mp4,local:viral_reference,/root/datasets/viral_reference/pubg/yt_BVf-fTMCbQM.mp4,15.58,15.58,0.1893,4.72,0.2017,0.2345,0.326,0.0182,0.0211,0.0211,0.4718,0.8032,,,,,0,,,,,,,0,0.0017,False,hard_bot_farm=bot_farm_one_sided=quarters4:clusters0:kf0:mini0.000,85
2026-09-07T23:05:32Z,i-9WX4fPowk,yt i-9WX4fPowk,youtube_shorts_calib,file:///root/datasets/pubg/youtube_shorts/yt_i-9WX4fPowk.mp4,local:youtube_shorts_calib,/root/datasets/pubg/youtube_shorts/yt_i-9WX4fPowk.mp4,55.0,55.0,0.0292,6.482,0.0994,0.2989,0.23,0.298,0.3566,0.3566,0.0953,0.4065,,,,,0,,,,,,,,0.001,False,no_shots=density0.029:burst6.48,87
2026-09-07T23:07:05Z,74TNvb0gREo,yt 74TNvb0gREo,youtube_shorts_calib,file:///root/datasets/pubg/youtube_shorts/yt_74TNvb0gREo.mp4,local:youtube_shorts_calib,/root/datasets/pubg/youtube_shorts/yt_74TNvb0gREo.mp4,53.58,53.58,0.0013,3.199,0.0684,0.2251,0.397,0.0004,0.0002,0.0004,0.7115,0.797,,,,,0,,,,,,,,0.0004,False,talk_menu=rms0.0684:gun0.001,88
2026-09-07T23:07:15Z,WcvOXBE1L-0,yt WcvOXBE1L-0,youtube_shorts_calib,file:///root/datasets/pubg/youtube_shorts/yt_WcvOXBE1L-0.mp4,local:youtube_shorts_calib,/root/datasets/pubg/youtube_shorts/yt_WcvOXBE1L-0.mp4,55.0,55.0,0.0237,5.794,0.0599,0.1443,0.493,0.333,0.5117,0.5117,0.6773,0.7165,,,,,0,,,,,,,,0.0022,False,no_shots=density0.024:burst5.79:ownerrun_fake_gun=motion0.144:gun0.024,86
2026-09-07T23:07:17Z,K3yk83z2bdY,yt K3yk83z2bdY,youtube_shorts_calib,file:///root/datasets/pubg/youtube_shorts/yt_K3yk83z2bdY.mp4,local:youtube_shorts_calib,/root/datasets/pubg/youtube_shorts/yt_K3yk83z2bdY.mp4,14.44,14.44,0.22,5.647,0.2789,0.171,0.415,0.3079,0.3516,0.3516,0.1973,0.7083,,,,,0,,,,,,,0,0.0071,False,hard_bot_farm=bot_farm_one_sided=quarters4:clusters0:kf0:mini0.000,50
2026-09-07T23:08:27Z,hDv2SxJtXF8,yt hDv2SxJtXF8,youtube_shorts_calib,file:///root/datasets/pubg/youtube_shorts/yt_hDv2SxJtXF8.mp4,local:youtube_shorts_calib,/root/datasets/pubg/youtube_shorts/yt_hDv2SxJtXF8.mp4,29.84,29.84,0.22,5.007,0.2256,0.2974,0.296,0.4067,0.4012,0.4067,0.3069,0.5024,0.7831,0.7254,0.9128,0.6451,0,,,0.9207,0.8525,0.7831,1,0,0.0013,True,,89
2026-09-07T23:09:05Z,hDv2SxJtXF8,yt hDv2SxJtXF8,youtube_shorts_calib,file:///root/datasets/pubg/youtube_shorts/yt_hDv2SxJtXF8.mp4,local:youtube_shorts_calib,/root/datasets/pubg/youtube_shorts/yt_hDv2SxJtXF8.mp4,29.84,29.84,0.22,5.007,0.2256,0.2974,0.296,0.4067,0.4012,0.4067,0.3069,0.5024,0.7831,0.7254,0.9128,0.6451,0,,,0.9207,0.8525,0.7831,1,0,0.0013,True,,52
2026-09-07T23:10:25Z,hCAM7htuHl4,yt hCAM7htuHl4,youtube_shorts_calib,file:///root/datasets/pubg/youtube_shorts/yt_hCAM7htuHl4.mp4,local:youtube_shorts_calib,/root/datasets/pubg/youtube_shorts/yt_hCAM7htuHl4.mp4,25.12,25.12,0.1784,4.604,0.192,0.3281,0.387,0.1475,0.1085,0.1475,0.0838,0.6146,,,,,0,,,,,,,0,0.0481,False,hard_bot_farm=bot_farm_one_sided=quarters4:clusters1:kf0:mini0.000,51
2026-09-07T23:10:49Z,hCAM7htuHl4,yt hCAM7htuHl4,youtube_shorts_calib,file:///root/datasets/pubg/youtube_shorts/yt_hCAM7htuHl4.mp4,local:youtube_shorts_calib,/root/datasets/pubg/youtube_shorts/yt_hCAM7htuHl4.mp4,25.12,25.12,0.1784,4.604,0.192,0.3281,0.387,0.1475,0.1085,0.1475,0.0838,0.6146,,,,,0,,,,,,,0,0.0481,False,hard_bot_farm=bot_farm_one_sided=quarters4:clusters1:kf0:mini0.000,90
2026-09-07T23:11:12Z,EcmFdlcXZTU,yt EcmFdlcXZTU,youtube_shorts_calib,file:///root/datasets/pubg/youtube_shorts/yt_EcmFdlcXZTU.mp4,local:youtube_shorts_calib,/root/datasets/pubg/youtube_shorts/yt_EcmFdlcXZTU.mp4,55.0,55.0,0.22,6.0,0.3343,0.1931,0.404,0.3614,0.6855,0.6855,0.2719,0.5835,,,,,0,,,,,,,0,0.0018,False,hard_bot_farm=bot_farm_one_sided=quarters4:clusters0:kf0:mini0.000,53
2026-09-07T23:12:40Z,xW3KjTMYebc,yt xW3KjTMYebc,youtube_shorts_calib,file:///root/datasets/pubg/youtube_shorts/yt_xW3KjTMYebc.mp4,local:youtube_shorts_calib,/root/datasets/pubg/youtube_shorts/yt_xW3KjTMYebc.mp4,13.18,13.18,0.1969,4.611,0.1926,0.3115,0.293,0.0058,0.0026,0.0828,0.0231,0.6796,0.0,0.0,,,0,,,0.7342,0.0,0.0,0,0,0.0828,False,payoff_low=0.000:min0.10,91
2026-09-07T23:13:47Z,qCEfh30tzCM,yt qCEfh30tzCM,youtube_shorts_calib,file:///root/datasets/pubg/youtube_shorts/yt_qCEfh30tzCM.mp4,local:youtube_shorts_calib,/root/datasets/pubg/youtube_shorts/yt_qCEfh30tzCM.mp4,31.08,31.08,0.18,3.633,0.1111,0.2788,0.427,0.0283,0.0308,0.0987,0.2195,0.791,0.0,0.0,,,0,,,0.7138,0.0,0.0,0,0,0.0987,False,payoff_low=0.000:min0.10,55
2026-09-07T23:14:05Z,KTD8ej6CR0I,yt KTD8ej6CR0I,youtube_shorts_calib,file:///root/datasets/pubg/youtube_shorts/yt_KTD8ej6CR0I.mp4,local:youtube_shorts_calib,/root/datasets/pubg/youtube_shorts/yt_KTD8ej6CR0I.mp4,23.76,23.76,0.0362,28.296,0.0106,0.127,0.493,0.1146,0.0247,0.1146,0.0381,0.0428,,,,,0,,,,,,,,0.0037,False,loot_walk=density0.036,56
2026-09-07T23:15:37Z,YmfpN5sQv30,yt YmfpN5sQv30,youtube_shorts_calib,file:///root/datasets/pubg/youtube_shorts/yt_YmfpN5sQv30.mp4,local:youtube_shorts_calib,/root/datasets/pubg/youtube_shorts/yt_YmfpN5sQv30.mp4,38.8,38.8,0.2149,4.998,0.2249,0.3329,0.28,0.2153,0.1714,0.2153,0.139,0.7351,,,,,0,,,,,,,0,0.0021,False,hard_bot_farm=bot_farm_one_sided=quarters4:clusters1:kf0:mini0.000,54
2026-09-07T23:16:04Z,1OjwMxPJk-0,yt 1OjwMxPJk-0,youtube_shorts_calib,file:///root/datasets/pubg/youtube_shorts/yt_1OjwMxPJk-0.mp4,local:youtube_shorts_calib,/root/datasets/pubg/youtube_shorts/yt_1OjwMxPJk-0.mp4,36.26,36.26,0.0244,43.437,0.0045,0.1759,0.477,0.0233,0.007,0.0233,0.0215,0.0332,,,,,0,,,,,,,,0.0004,False,run_fake_gun=motion0.176:gun0.024,58
2026-09-07T23:16:38Z,i-9WX4fPowk,yt i-9WX4fPowk,youtube_shorts_calib,file:///root/datasets/pubg/youtube_shorts/yt_i-9WX4fPowk.mp4,local:youtube_shorts_calib,/root/datasets/pubg/youtube_shorts/yt_i-9WX4fPowk.mp4,55.0,55.0,0.0292,6.482,0.0994,0.2989,0.23,0.298,0.3566,0.3566,0.0953,0.4065,,,,,0,,,,,,,,0.001,False,no_shots=density0.029:burst6.48,59
2026-09-07T23:18:34Z,dytnIXBsLIg,yt dytnIXBsLIg,youtube_shorts_calib,file:///root/datasets/pubg/youtube_shorts/yt_dytnIXBsLIg.mp4,local:youtube_shorts_calib,/root/datasets/pubg/youtube_shorts/yt_dytnIXBsLIg.mp4,28.14,28.14,0.2096,5.272,0.2477,0.1353,0.26,0.3755,0.4858,0.4858,0.2149,0.5346,,,,,0,,,,,,,0,0.0012,False,hard_bot_farm=bot_farm_one_sided=quarters4:clusters1:kf0:mini0.000,93
2026-09-07T23:19:31Z,mNCwIQrTQnM,yt mNCwIQrTQnM,youtube_shorts_calib,file:///root/datasets/pubg/youtube_shorts/yt_mNCwIQrTQnM.mp4,local:youtube_shorts_calib,/root/datasets/pubg/youtube_shorts/yt_mNCwIQrTQnM.mp4,15.36,15.36,0.2057,4.307,0.1672,0.164,0.402,0.0517,0.016,0.0592,0.0823,0.8034,0.0,0.0,,,0,,,0.7046,0.0,0.0,0,0,0.046,False,payoff_low=0.000:min0.10,92
2026-09-07T23:20:47Z,QURdfevGTKo,yt QURdfevGTKo,youtube_shorts_calib,file:///root/datasets/pubg/youtube_shorts/yt_QURdfevGTKo.mp4,local:youtube_shorts_calib,/root/datasets/pubg/youtube_shorts/yt_QURdfevGTKo.mp4,18.32,18.32,0.0787,8.849,0.0173,0.1461,0.341,0.4507,0.369,0.4507,0.5094,0.0243,0.0,0.0,,,0,,,0.9503,0.0,0.0,0,0,0.0002,False,payoff_low=0.000:min0.10,94
2026-09-07T23:22:42Z,ly5X_ujVdzk,yt ly5X ujVdzk,youtube_shorts_calib,file:///root/datasets/pubg/youtube_shorts/yt_ly5X_ujVdzk.mp4,local:youtube_shorts_calib,/root/datasets/pubg/youtube_shorts/yt_ly5X_ujVdzk.mp4,27.52,27.52,0.1823,4.245,0.1621,0.3795,0.277,0.0018,0.0012,0.0057,0.2891,0.8545,0.0,0.0,,,0,,,0.6717,0.0,0.0,0,0,0.0057,False,payoff_low=0.000:min0.10,60
2026-09-07T23:22:48Z,QdUASPN6H0k,yt QdUASPN6H0k,youtube_shorts_calib,file:///root/datasets/pubg/youtube_shorts/yt_QdUASPN6H0k.mp4,local:youtube_shorts_calib,/root/datasets/pubg/youtube_shorts/yt_QdUASPN6H0k.mp4,38.04,38.04,0.1933,4.556,0.168,0.1617,0.248,0.3372,0.301,0.3372,0.0379,0.6569,0.0,0.0,,,0,,,0.6627,0.0,0.0,0,0,0.0008,False,payoff_low=0.000:min0.10,57
2026-09-07T23:24:14Z,h3BgLDZMyM8,yt h3BgLDZMyM8,youtube_shorts_calib,file:///root/datasets/pubg/youtube_shorts/yt_h3BgLDZMyM8.mp4,local:youtube_shorts_calib,/root/datasets/pubg/youtube_shorts/yt_h3BgLDZMyM8.mp4,32.86,32.86,0.0149,6.935,0.0758,0.2388,0.244,0.207,0.2326,0.2326,0.1725,0.7261,,,,,0,,,,,,,,0.0017,False,talk_menu=rms0.0758:gun0.015,62
2026-09-07T23:24:19Z,c_zama2xqcI,yt c zama2xqcI,youtube_shorts_calib,file:///root/datasets/pubg/youtube_shorts/yt_c_zama2xqcI.mp4,local:youtube_shorts_calib,/root/datasets/pubg/youtube_shorts/yt_c_zama2xqcI.mp4,33.98,33.98,0.22,5.41,0.2592,0.1976,0.235,0.0229,0.0067,0.0684,0.3229,0.7419,,,,,0,,,,,,,0,0.0684,False,hard_bot_farm=bot_farm_one_sided=quarters4:clusters0:kf0:mini0.000,96
2026-09-07T23:25:30Z,gU8lRzWUIdk,yt gU8lRzWUIdk,youtube_shorts_calib,file:///root/datasets/pubg/youtube_shorts/yt_gU8lRzWUIdk.mp4,local:youtube_shorts_calib,/root/datasets/pubg/youtube_shorts/yt_gU8lRzWUIdk.mp4,53.16,53.16,0.0341,15.253,0.0372,0.2668,0.409,0.0078,0.0017,0.0078,0.0714,0.6837,,,,,0,,,,,,,,0.0006,False,loot_walk=density0.034,61
2026-09-07T23:26:21Z,57f81e2765e,tt 7479731770716392726,tiktok_pubg,file:///root/datasets/tiktok/pubg/tt_7479731770716392726.mp4,local:tiktok_pubg,/root/datasets/tiktok/pubg/tt_7479731770716392726.mp4,55.0,55.0,0.22,4.796,0.208,0.1777,0.446,0.2619,0.355,0.355,0.4522,0.6455,,,,,0,,,,,,,0,0.0053,False,hard_bot_farm=bot_farm_one_sided=quarters4:clusters0:kf0:mini0.000,97
2026-09-07T23:26:37Z,6fdae646038,tt 7676794833301769492,tiktok_pubg,file:///root/datasets/tiktok/pubg/tt_7676794833301769492.mp4,local:tiktok_pubg,/root/datasets/tiktok/pubg/tt_7676794833301769492.mp4,45.7,45.7,0.22,5.308,0.2507,0.2602,0.239,0.0087,0.0083,0.0087,0.5446,0.7781,,,,,0,,,,,,,0,0.0029,False,hard_bot_farm=bot_farm_one_sided=quarters4:clusters0:kf0:mini0.000,95
2026-09-07T23:29:56Z,eZ_zJeJfDgI,yt eZ zJeJfDgI,youtube_shorts_calib,file:///root/datasets/pubg/youtube_shorts/yt_eZ_zJeJfDgI.mp4,local:youtube_shorts_calib,/root/datasets/pubg/youtube_shorts/yt_eZ_zJeJfDgI.mp4,27.12,27.12,0.22,5.571,0.2726,0.1837,0.498,0.0154,0.0075,0.0154,0.0805,0.7766,,,,,0,,,,,,,0,0.0022,False,hard_bot_farm=bot_farm_one_sided=quarters4:clusters0:kf0:mini0.000,99
2026-09-07T23:30:25Z,zAv4XY_zPNI,yt zAv4XY zPNI,youtube_shorts_calib,file:///root/datasets/pubg/youtube_shorts/yt_zAv4XY_zPNI.mp4,local:youtube_shorts_calib,/root/datasets/pubg/youtube_shorts/yt_zAv4XY_zPNI.mp4,13.3,13.3,0.22,6.0,0.4652,0.1422,0.488,0.0292,0.0184,0.0369,0.498,0.8481,,,,,0,,,,,,,0,0.0369,False,hard_bot_farm=bot_farm_one_sided=quarters4:clusters0:kf0:mini0.000,98
2026-09-07T23:31:16Z,dytnIXBsLIg,yt dytnIXBsLIg,youtube_shorts_calib,file:///root/datasets/pubg/youtube_shorts/yt_dytnIXBsLIg.mp4,local:youtube_shorts_calib,/root/datasets/pubg/youtube_shorts/yt_dytnIXBsLIg.mp4,28.14,28.14,0.2096,5.272,0.2477,0.1353,0.26,0.3755,0.4858,0.4858,0.2149,0.5346,,,,,0,,,,,,,0,0.0012,False,hard_bot_farm=bot_farm_one_sided=quarters4:clusters1:kf0:mini0.000,63
2026-09-07T23:31:30Z,HC7EHW0O0F4,yt HC7EHW0O0F4,youtube_shorts_calib,file:///root/datasets/pubg/youtube_shorts/yt_HC7EHW0O0F4.mp4,local:youtube_shorts_calib,/root/datasets/pubg/youtube_shorts/yt_HC7EHW0O0F4.mp4,30.67,30.67,0.2016,4.034,0.1445,0.1579,0.475,0.1085,0.1639,0.1639,0.591,0.783,,,,,0,,,,,,,0,0.0009,False,hard_bot_farm=bot_farm_one_sided=quarters4:clusters0:kf0:mini0.000,100
2026-09-07T23:32:07Z,roEHKQBR5eM,yt roEHKQBR5eM,youtube_shorts_calib,file:///root/datasets/pubg/youtube_shorts/yt_roEHKQBR5eM.mp4,local:youtube_shorts_calib,/root/datasets/pubg/youtube_shorts/yt_roEHKQBR5eM.mp4,28.12,28.12,0.0165,5.937,0.066,0.2292,0.533,0.5384,0.3514,0.5384,0.3407,0.0291,,,,,0,,,,,,,,0.0002,False,no_shots=density0.017:burst5.94:ownerrun_fake_gun=motion0.229:gun0.017,101
2026-09-07T23:32:16Z,QpalJVjTJwI,yt QpalJVjTJwI,youtube_shorts_calib,file:///root/datasets/pubg/youtube_shorts/yt_QpalJVjTJwI.mp4,local:youtube_shorts_calib,/root/datasets/pubg/youtube_shorts/yt_QpalJVjTJwI.mp4,37.66,37.66,0.0327,5.724,0.0753,0.227,0.466,0.5356,0.3704,0.5356,0.4572,0.2219,,,,,0,,,,,,,,0.0009,False,no_shots=density0.033:burst5.72,65
2026-09-07T23:32:16Z,-GvxcXKVZzQ,yt -GvxcXKVZzQ,youtube_shorts_calib,file:///root/datasets/pubg/youtube_shorts/yt_-GvxcXKVZzQ.mp4,local:youtube_shorts_calib,/root/datasets/pubg/youtube_shorts/yt_-GvxcXKVZzQ.mp4,48.2,48.2,0.1465,4.188,0.1329,0.2059,0.505,0.7165,0.9204,0.9204,0.3989,0.0113,0.0,,,,0,,,,,0.0,0,0,0.0016,False,hard_no_author_kill,64
2026-09-07T23:36:04Z,qtgYkD8r6IM,yt qtgYkD8r6IM,youtube_shorts_calib,file:///root/datasets/pubg/youtube_shorts/yt_qtgYkD8r6IM.mp4,local:youtube_shorts_calib,/root/datasets/pubg/youtube_shorts/yt_qtgYkD8r6IM.mp4,48.42,48.42,0.1588,3.763,0.0951,0.2518,0.409,0.3507,0.2983,0.3507,0.4947,0.6444,0.0,0.4864,0.61,0.4335,0,,,0.8568,0.22,0.0,1,0,0.0009,True,,103
2026-09-07T23:36:39Z,bdFuAXURuSc,yt bdFuAXURuSc,youtube_shorts_calib,file:///root/datasets/pubg/youtube_shorts/yt_bdFuAXURuSc.mp4,local:youtube_shorts_calib,/root/datasets/pubg/youtube_shorts/yt_bdFuAXURuSc.mp4,10.14,10.14,0.0391,4.667,0.1357,0.2717,0.463,0.0009,0.0003,0.007,0.6802,0.711,,,,,0,,,,,,,,0.007,False,loot_walk=density0.039,104
2026-09-07T23:36:40Z,nZ8Nsi-oRAs,yt nZ8Nsi-oRAs,youtube_shorts_calib,file:///root/datasets/pubg/youtube_shorts/yt_nZ8Nsi-oRAs.mp4,local:youtube_shorts_calib,/root/datasets/pubg/youtube_shorts/yt_nZ8Nsi-oRAs.mp4,55.0,55.0,0.2186,5.576,0.273,0.2902,0.432,0.383,0.5655,0.5655,0.4853,0.5649,0.6997,0.7359,0.9337,0.6511,0,,,0.9576,0.7958,0.6997,1,0,0.0015,True,,102
2026-09-07T23:36:46Z,X8gWvSL6OTM,yt X8gWvSL6OTM,shorts_autolearn_media,file:///root/datasets/pubg/shorts_autolearn/yt_X8gWvSL6OTM.mp4,local:shorts_autolearn_media,/root/datasets/pubg/shorts_autolearn/yt_X8gWvSL6OTM.mp4,34.64,34.64,0.0416,4.594,0.0637,0.267,0.455,0.0104,0.008,0.0104,0.8276,0.8479,,,,,0,,,,,,,,0.0006,False,loot_walk=density0.042,105
2026-09-07T23:37:44Z,LsFzdZX568Y,yt LsFzdZX568Y,viral_reference,file:///root/datasets/viral_reference/pubg/yt_LsFzdZX568Y.mp4,local:viral_reference,/root/datasets/viral_reference/pubg/yt_LsFzdZX568Y.mp4,14.24,14.24,0.0098,31.716,0.0015,0.2443,0.309,0.0598,0.0193,0.0598,0.0316,0.031,,,,,0,,,,,,,,0.0039,False,run_loot=motion0.244:gun0.010,106
2026-09-07T23:37:44Z,yjRbmC_MSMk,yt yjRbmC MSMk,youtube_shorts_calib,file:///root/datasets/pubg/youtube_shorts/yt_yjRbmC_MSMk.mp4,local:youtube_shorts_calib,/root/datasets/pubg/youtube_shorts/yt_yjRbmC_MSMk.mp4,19.94,19.94,0.056,6.742,0.0855,0.1763,0.2,0.405,0.2753,0.405,0.098,0.0191,,,,,0,,,,,,,1,0.0458,False,hard_loot_walk,107
2026-09-07T23:37:49Z,jmKx37q1m04,СОЛО ПРОТИВ СКВАДОВ МЕТРО РОЯЛЬ ,youtube_shorts,https://www.youtube.com/shorts/jmKx37q1m04,метро роял один против сквадов shorts,/root/datasets/pubg/shorts_autolearn/yt_jmKx37q1m04.mp4,55.0,55.0,0.049,5.878,0.0371,0.2669,0.513,0.0069,0.0064,0.0069,0.6584,0.6587,,,,,0,,,,,,,,0.0015,False,loot_walk=density0.049,66
2026-09-07T23:37:56Z,UtxxY4GYD9A,yt UtxxY4GYD9A,shorts_autolearn_media,file:///root/datasets/pubg/shorts_autolearn/yt_UtxxY4GYD9A.mp4,local:shorts_autolearn_media,/root/datasets/pubg/shorts_autolearn/yt_UtxxY4GYD9A.mp4,55.0,55.0,0.0203,4.793,0.0557,0.1289,0.326,0.0104,0.0008,0.0112,0.7954,0.7504,,,,,0,,,,,,,,0.0014,False,run_fake_gun=motion0.129:gun0.020,108
2026-09-07T23:39:22Z,svPvTV4mkmM,yt svPvTV4mkmM,youtube_shorts_calib,file:///root/datasets/pubg/youtube_shorts/yt_svPvTV4mkmM.mp4,local:youtube_shorts_calib,/root/datasets/pubg/youtube_shorts/yt_svPvTV4mkmM.mp4,44.06,44.06,0.1631,5.193,0.1523,0.2841,0.4,0.1105,0.1133,0.1133,0.669,0.7723,0.0,0.0,,,0,,,0.7503,0.0,0.0,0,0,0.0018,False,payoff_low=0.000:min0.10,109
2026-09-07T23:40:45Z,Mu1pm8sX2NQ,yt Mu1pm8sX2NQ,viral_reference,file:///root/datasets/viral_reference/pubg/yt_Mu1pm8sX2NQ.mp4,local:viral_reference,/root/datasets/viral_reference/pubg/yt_Mu1pm8sX2NQ.mp4,49.24,49.24,0.1723,3.961,0.1055,0.2079,0.36,0.0072,0.0066,0.0072,0.3998,0.738,0.0,0.0,,,0,,,0.6791,0.0,0.0,0,0,0.0054,False,payoff_low=0.000:min0.10,111
2026-09-07T23:42:14Z,s006coPG2iY,yt s006coPG2iY,youtube_shorts_calib,file:///root/datasets/pubg/youtube_shorts/yt_s006coPG2iY.mp4,local:youtube_shorts_calib,/root/datasets/pubg/youtube_shorts/yt_s006coPG2iY.mp4,19.8,19.8,0.22,5.205,0.2421,0.1966,0.428,0.4645,0.6102,0.6102,0.0398,0.0161,,,,,0,,,,,,,0,0.0497,False,hard_bot_farm=bot_farm_one_sided=quarters4:clusters0:kf0:mini0.000,110
2026-09-07T23:44:11Z,UOj8L5BitME,yt UOj8L5BitME,youtube_shorts_calib,file:///root/datasets/pubg/youtube_shorts/yt_UOj8L5BitME.mp4,local:youtube_shorts_calib,/root/datasets/pubg/youtube_shorts/yt_UOj8L5BitME.mp4,14.12,14.12,0.1713,3.825,0.1318,0.22,0.432,0.6371,0.6807,0.6807,0.5598,0.0147,0.5473,0.6123,0.8949,0.4912,0,,,0.9269,0.6922,0.5473,1,0,0.0046,True,,112
2026-09-07T23:44:22Z,r5p5AxI9JBE,yt r5p5AxI9JBE,youtube_shorts_calib,file:///root/datasets/pubg/youtube_shorts/yt_r5p5AxI9JBE.mp4,local:youtube_shorts_calib,/root/datasets/pubg/youtube_shorts/yt_r5p5AxI9JBE.mp4,17.08,17.08,0.22,5.224,0.2436,0.265,0.358,0.1968,0.3695,0.3695,0.1791,0.5142,,,,,0,,,,,,,0,0.0008,False,hard_bot_farm=bot_farm_one_sided=quarters4:clusters0:kf0:mini0.000,113
2026-09-07T23:45:23Z,t82fKY0fyMk,yt t82fKY0fyMk,youtube_shorts_calib,file:///root/datasets/pubg/youtube_shorts/yt_t82fKY0fyMk.mp4,local:youtube_shorts_calib,/root/datasets/pubg/youtube_shorts/yt_t82fKY0fyMk.mp4,14.1,14.1,0.0561,10.055,0.0333,0.2182,0.21,0.3476,0.116,0.3476,0.5114,0.0221,,,,,0,,,,,,,1,0.0018,False,hard_loot_walk,115
2026-09-07T23:48:31Z,g4-lFGT3jgA,yt g4-lFGT3jgA,youtube_shorts_calib,file:///root/datasets/pubg/youtube_shorts/yt_g4-lFGT3jgA.mp4,local:youtube_shorts_calib,/root/datasets/pubg/youtube_shorts/yt_g4-lFGT3jgA.mp4,55.0,55.0,0.1377,6.06,0.1176,0.1516,0.501,0.3625,0.6324,0.6324,0.6018,0.0319,0.0,0.5557,0.7006,0.4936,0,,,0.9661,0.22,0.0,1,0,0.0021,True,,114
2026-09-07T23:48:55Z,V-JVo6BRwsU,ОДИН В ПОЛЕ ВОИН В METRO ROYALE  ,youtube_shorts,https://www.youtube.com/shorts/V-JVo6BRwsU,метро роял один против сквадов shorts,/root/datasets/pubg/shorts_autolearn/yt_V-JVo6BRwsU.mp4,55.0,55.0,0.1442,5.426,0.1036,0.225,0.421,0.19,0.0725,0.19,0.4246,0.1387,,,,,0,,,,,,,0,0.0009,False,hard_bot_farm=bot_farm_one_sided=quarters4:clusters1:kf0:mini0.000,67
2026-09-07T23:51:10Z,_GVch6NxK5k,yt  GVch6NxK5k,youtube_shorts_calib,file:///root/datasets/pubg/youtube_shorts/yt__GVch6NxK5k.mp4,local:youtube_shorts_calib,/root/datasets/pubg/youtube_shorts/yt__GVch6NxK5k.mp4,55.0,55.0,0.0591,8.055,0.0712,0.2445,0.309,0.518,0.7998,0.7998,0.5482,0.0434,,,,,0,,,,,,,1,0.0001,False,hard_loot_walk,117
2026-09-07T23:51:51Z,qcPZ6FFlc7s,yt qcPZ6FFlc7s,youtube_shorts_calib,file:///root/datasets/pubg/youtube_shorts/yt_qcPZ6FFlc7s.mp4,local:youtube_shorts_calib,/root/datasets/pubg/youtube_shorts/yt_qcPZ6FFlc7s.mp4,13.98,13.98,0.2009,4.928,0.134,0.2186,0.316,0.0012,0.0004,0.0012,0.0512,0.8143,0.6605,0.0,,,0,,,0.6854,0.0,0.225,0,0,0.0002,False,payoff_low=0.000:min0.10,116
2026-09-07T23:52:15Z,5b151832a42,tt 7646644894651403540,tiktok_pubg,file:///root/datasets/tiktok/pubg/tt_7646644894651403540.mp4,local:tiktok_pubg,/root/datasets/tiktok/pubg/tt_7646644894651403540.mp4,6.1,6.1,0.22,4.409,0.1758,0.1196,0.413,0.0006,0.0001,0.0006,0.032,0.7972,,,,,0,,,,,,,0,0.0002,False,hard_bot_farm=bot_farm_one_sided=quarters4:clusters0:kf0:mini0.000,118
2026-09-07T23:53:27Z,Olr9BhwiIMg,yt Olr9BhwiIMg,youtube_shorts_calib,file:///root/datasets/pubg/youtube_shorts/yt_Olr9BhwiIMg.mp4,local:youtube_shorts_calib,/root/datasets/pubg/youtube_shorts/yt_Olr9BhwiIMg.mp4,12.8,12.8,0.1509,4.935,0.1206,0.1326,0.232,0.6449,0.8282,0.8282,0.0133,0.1895,0.0,0.7283,0.6894,0.745,0,,,0.9464,0.22,0.0,1,0,0.0004,True,,119
2026-09-07T23:54:44Z,6f930b3e649,tt 7059469549317475590,tiktok_pubg,file:///root/datasets/tiktok/pubg/tt_7059469549317475590.mp4,local:tiktok_pubg,/root/datasets/tiktok/pubg/tt_7059469549317475590.mp4,15.2,15.2,0.211,4.211,0.1593,0.2087,0.314,0.0004,0.0001,0.0004,0.4454,0.8435,,,,,0,,,,,,,0,0.0003,False,hard_bot_farm=bot_farm_one_sided=quarters4:clusters0:kf0:mini0.000,121
2026-09-07T23:55:38Z,cMUcjeeYfr8,yt cMUcjeeYfr8,youtube_shorts_calib,file:///root/datasets/pubg/youtube_shorts/yt_cMUcjeeYfr8.mp4,local:youtube_shorts_calib,/root/datasets/pubg/youtube_shorts/yt_cMUcjeeYfr8.mp4,50.76,50.76,0.186,6.492,0.1372,0.1758,0.415,0.0031,0.0036,0.0036,0.513,0.8544,0.0,,,,0,,,,,0.0,0,0,0.0016,False,hard_no_author_kill,120
2026-09-07T23:57:11Z,ncy_eazn-n8,yt ncy eazn-n8,viral_reference,file:///root/datasets/viral_reference/pubg/yt_ncy_eazn-n8.mp4,local:viral_reference,/root/datasets/viral_reference/pubg/yt_ncy_eazn-n8.mp4,43.02,43.02,0.007,3.595,0.0044,0.109,0.221,0.015,0.0051,0.015,0.027,0.1394,,,,,0,,,,,,,,0.0008,False,run_fake_gun=motion0.109:gun0.007,122
2026-09-07T23:58:46Z,85STRhaPmIs,yt 85STRhaPmIs,shorts_autolearn_media,file:///root/datasets/pubg/shorts_autolearn/yt_85STRhaPmIs.mp4,local:shorts_autolearn_media,/root/datasets/pubg/shorts_autolearn/yt_85STRhaPmIs.mp4,55.0,55.0,0.1736,4.24,0.1793,0.2378,0.213,0.0124,0.002,0.0124,0.7406,0.8483,0.0,0.0,,,0,,,0.6756,0.0,0.0,0,0,0.0033,False,payoff_low=0.000:min0.10,123
2026-09-08T00:00:25Z,lqgmxYqtzTQ,yt lqgmxYqtzTQ,viral_reference,file:///root/datasets/viral_reference/pubg/yt_lqgmxYqtzTQ.mp4,local:viral_reference,/root/datasets/viral_reference/pubg/yt_lqgmxYqtzTQ.mp4,17.57,17.57,0.168,2.188,0.0973,0.4061,0.213,0.002,0.0008,0.002,0.3204,0.7931,,,,,0,,,,,,,0,0.0016,False,hard_bot_farm=bot_farm_one_sided=quarters4:clusters0:kf0:mini0.000,125
2026-09-08T00:00:44Z,01isGkPxCw8,yt 01isGkPxCw8,youtube_shorts_calib,file:///root/datasets/pubg/youtube_shorts/yt_01isGkPxCw8.mp4,local:youtube_shorts_calib,/root/datasets/pubg/youtube_shorts/yt_01isGkPxCw8.mp4,28.46,28.46,0.0106,3.779,0.0536,0.2272,0.276,0.7622,0.9222,0.9222,0.3505,0.0363,,,,,0,,,,,,,,0.0015,False,no_shots=density0.011:burst3.78:ownerrun_fake_gun=motion0.227:gun0.011,126
2026-09-08T00:01:54Z,nmxkP5FswcQ,НАКАЗАЛ ЗА ОСКОРБЛЕНЫЕ НЕАДЕКВАТНОГО АРАБА В МЕТРО РОЯЛЬ ,youtube_shorts,https://www.youtube.com/shorts/nmxkP5FswcQ,метро роял один против сквадов shorts,/root/datasets/pubg/shorts_autolearn/yt_nmxkP5FswcQ.mp4,55.0,55.0,0.0727,7.696,0.0595,0.1255,0.494,0.1306,0.2649,0.2649,0.8121,0.2022,0.0,0.0,,,0,,,0.8404,0.0,0.0,0,0,0.0057,False,payoff_low=0.000:min0.10,68
2026-09-08T00:01:55Z,HX0d0_upDlI,yt HX0d0 upDlI,youtube_shorts_calib,file:///root/datasets/pubg/youtube_shorts/yt_HX0d0_upDlI.mp4,local:youtube_shorts_calib,/root/datasets/pubg/youtube_shorts/yt_HX0d0_upDlI.mp4,18.32,18.32,0.22,5.102,0.2335,0.1413,0.451,0.0002,0.0002,0.0003,0.0198,0.7991,0.0,0.0,,,0,,,0.6895,0.0,0.0,0,0,0.0003,False,payoff_low=0.000:min0.10,124
2026-09-08T00:04:11Z,z6BwMqiuoDY,yt z6BwMqiuoDY,youtube_shorts_calib,file:///root/datasets/pubg/youtube_shorts/yt_z6BwMqiuoDY.mp4,local:youtube_shorts_calib,/root/datasets/pubg/youtube_shorts/yt_z6BwMqiuoDY.mp4,41.96,41.96,0.1543,3.675,0.1146,0.2913,0.328,0.7769,0.9101,0.9101,0.4051,0.0123,,,,,0,,,,,,,0,0.0007,False,hard_bot_farm=bot_farm_one_sided=quarters4:clusters1:kf0:mini0.000,128
2026-09-08T00:04:41Z,pC7rVerQwXU,yt pC7rVerQwXU,youtube_shorts_calib,file:///root/datasets/pubg/youtube_shorts/yt_pC7rVerQwXU.mp4,local:youtube_shorts_calib,/root/datasets/pubg/youtube_shorts/yt_pC7rVerQwXU.mp4,30.34,30.34,0.0261,42.334,0.0082,0.1856,0.47,0.4678,0.1526,0.4678,0.0328,0.0118,,,,,0,,,,,,,,0.0083,False,no_shots=density0.026:burst42.33:ownerrun_fake_gun=motion0.186:gun0.026,129
2026-09-08T00:05:11Z,tSdT_CLh8D4,yt tSdT CLh8D4,youtube_shorts_calib,file:///root/datasets/pubg/youtube_shorts/yt_tSdT_CLh8D4.mp4,local:youtube_shorts_calib,/root/datasets/pubg/youtube_shorts/yt_tSdT_CLh8D4.mp4,42.88,42.88,0.1925,3.856,0.1823,0.1596,0.529,0.0387,0.0261,0.0387,0.3367,0.708,0.0,0.0,,,0,,,0.696,0.0,0.0,0,0,0.017,False,payoff_low=0.000:min0.10,127
2026-09-08T00:05:47Z,7d9d0d0b23d,tt 6705146340088745222,tiktok_pubg,file:///root/datasets/tiktok/pubg/tt_6705146340088745222.mp4,local:tiktok_pubg,/root/datasets/tiktok/pubg/tt_6705146340088745222.mp4,28.81,28.81,0.0,2.986,0.0478,0.1778,0.47,0.0031,0.0018,0.0031,0.3013,0.785,,,,,0,,,,,,,,0.0027,False,run_fake_gun=motion0.178:gun0.000,131
2026-09-08T00:06:41Z,YC3e0Ho5m_A,СИЛЬНЕЙШЕЕ ДУО vs МЕТРО РОЯЛЬ С ЗОЛОТЫМИ КЕЙСАМИ 🔥 ,youtube_highlights,https://www.youtube.com/watch?v=YC3e0Ho5m_A,метро роял клатч пабг,/root/datasets/pubg/shorts_autolearn/yt_YC3e0Ho5m_A.mp4,55.0,55.0,0.0072,4.137,0.0521,0.2135,0.268,0.0222,0.0035,0.0321,0.798,0.7855,,,,,0,,,,,,,,0.0024,False,talk_menu=rms0.0521:gun0.007,69
2026-09-08T00:07:32Z,ibUXd892k3o,yt ibUXd892k3o,youtube_shorts_calib,file:///root/datasets/pubg/youtube_shorts/yt_ibUXd892k3o.mp4,local:youtube_shorts_calib,/root/datasets/pubg/youtube_shorts/yt_ibUXd892k3o.mp4,39.98,39.98,0.0285,5.672,0.0397,0.3583,0.338,0.4015,0.3069,0.4015,0.25,0.5763,,,,,0,,,,,,,,0.0046,False,no_shots=density0.028:burst5.67,132
2026-09-08T00:09:08Z,ZAzeIXJNfP0,yt ZAzeIXJNfP0,youtube_shorts_calib,file:///root/datasets/pubg/youtube_shorts/yt_ZAzeIXJNfP0.mp4,local:youtube_shorts_calib,/root/datasets/pubg/youtube_shorts/yt_ZAzeIXJNfP0.mp4,44.24,44.24,0.22,5.619,0.2766,0.2271,0.487,0.1392,0.161,0.161,0.3773,0.7152,,,,,0,,,,,,,0,0.0058,False,hard_bot_farm=bot_farm_one_sided=quarters4:clusters0:kf0:mini0.000,130
2026-09-08T00:12:16Z,0SHVrsM59xc,yt 0SHVrsM59xc,youtube_shorts_calib,file:///root/datasets/pubg/youtube_shorts/yt_0SHVrsM59xc.mp4,local:youtube_shorts_calib,/root/datasets/pubg/youtube_shorts/yt_0SHVrsM59xc.mp4,39.52,39.52,0.1997,5.366,0.2555,0.1629,0.41,0.0113,0.0059,0.0113,0.0423,0.7926,0.0,0.0,,,0,,,0.7003,0.0,0.0,0,0,0.001,False,payoff_low=0.000:min0.10,134
2026-09-08T00:12:30Z,FSp8lWlU4eU,yt FSp8lWlU4eU,youtube_shorts_calib,file:///root/datasets/pubg/youtube_shorts/yt_FSp8lWlU4eU.mp4,local:youtube_shorts_calib,/root/datasets/pubg/youtube_shorts/yt_FSp8lWlU4eU.mp4,35.64,35.64,0.1587,4.514,0.103,0.1803,0.337,0.0012,0.0017,0.0017,0.7527,0.7691,0.0,0.0,,,0,,,0.6829,0.0,0.0,0,0,0.0013,False,payoff_low=0.000:min0.10,71
2026-09-08T00:13:08Z,y4Bft7JaxrM,yt y4Bft7JaxrM,youtube_shorts_calib,file:///root/datasets/pubg/youtube_shorts/yt_y4Bft7JaxrM.mp4,local:youtube_shorts_calib,/root/datasets/pubg/youtube_shorts/yt_y4Bft7JaxrM.mp4,9.56,9.56,0.1146,5.976,0.0877,0.0856,0.239,0.577,0.6333,0.6333,0.3689,0.0103,0.0,0.0,,,0,,,0.9646,0.0,0.0,0,0,0.0003,False,payoff_low=0.000:min0.10,133
2026-09-08T00:17:28Z,ul5hzTHTdvI,yt ul5hzTHTdvI,youtube_shorts_calib,file:///root/datasets/pubg/youtube_shorts/yt_ul5hzTHTdvI.mp4,local:youtube_shorts_calib,/root/datasets/pubg/youtube_shorts/yt_ul5hzTHTdvI.mp4,24.1,24.1,0.0878,6.554,0.093,0.1955,0.343,0.2793,0.3948,0.3948,0.0194,0.4805,0.8154,0.72,0.9283,0.6307,0,,,0.9441,0.8745,0.8154,1,0,0.0056,True,,72
2026-09-08T00:17:40Z,zuYVmhkQ4WE,yt zuYVmhkQ4WE,youtube_shorts_calib,file:///root/datasets/pubg/youtube_shorts/yt_zuYVmhkQ4WE.mp4,local:youtube_shorts_calib,/root/datasets/pubg/youtube_shorts/yt_zuYVmhkQ4WE.mp4,51.74,51.74,0.22,5.666,0.2805,0.2652,0.439,0.1899,0.2143,0.2143,0.3036,0.6902,0.0,0.0,,,0,,,0.8173,0.0,0.0,0,0,0.0038,False,payoff_low=0.000:min0.10,70
2026-09-08T00:18:48Z,nmxkP5FswcQ,yt nmxkP5FswcQ,shorts_autolearn_media,file:///root/datasets/pubg/shorts_autolearn/yt_nmxkP5FswcQ.mp4,local:shorts_autolearn_media,/root/datasets/pubg/shorts_autolearn/yt_nmxkP5FswcQ.mp4,55.0,55.0,0.0727,7.696,0.0595,0.1255,0.494,0.1306,0.2649,0.2649,0.8121,0.2022,0.0,0.0,,,0,,,0.8404,0.0,0.0,0,0,0.0057,False,payoff_low=0.000:min0.10,135
2026-09-08T00:19:38Z,1m30KApvyrc,yt 1m30KApvyrc,youtube_shorts_calib,file:///root/datasets/pubg/youtube_shorts/yt_1m30KApvyrc.mp4,local:youtube_shorts_calib,/root/datasets/pubg/youtube_shorts/yt_1m30KApvyrc.mp4,12.77,12.77,0.22,4.851,0.2126,0.1747,0.274,0.029,0.0073,0.029,0.2054,0.6915,,,,,0,,,,,,,0,0.0237,False,hard_bot_farm=bot_farm_one_sided=quarters4:clusters1:kf0:mini0.000,74
2026-09-08T00:20:17Z,QURdfevGTKo,yt QURdfevGTKo,youtube_shorts_calib,file:///root/datasets/pubg/youtube_shorts/yt_QURdfevGTKo.mp4,local:youtube_shorts_calib,/root/datasets/pubg/youtube_shorts/yt_QURdfevGTKo.mp4,18.32,18.32,0.0787,8.849,0.0173,0.1461,0.341,0.4507,0.369,0.4507,0.5094,0.0243,0.0,0.0,,,0,,,0.9503,0.0,0.0,0,0,0.0002,False,payoff_low=0.000:min0.10,73
2026-09-08T00:20:34Z,a2f8644dbc4,tt 7675035429313236245,tiktok_pubg,file:///root/datasets/tiktok/pubg/tt_7675035429313236245.mp4,local:tiktok_pubg,/root/datasets/tiktok/pubg/tt_7675035429313236245.mp4,29.15,29.15,0.22,6.0,0.3138,0.3069,0.359,0.0546,0.0526,0.0546,0.3002,0.6078,,,,,0,,,,,,,0,0.009,False,hard_bot_farm=bot_farm_one_sided=quarters4:clusters0:kf0:mini0.000,136
2026-09-08T00:20:48Z,JDskawtOFfQ,yt JDskawtOFfQ,youtube_shorts_calib,file:///root/datasets/pubg/youtube_shorts/yt_JDskawtOFfQ.mp4,local:youtube_shorts_calib,/root/datasets/pubg/youtube_shorts/yt_JDskawtOFfQ.mp4,41.1,41.1,0.1853,4.138,0.1532,0.2089,0.334,0.3139,0.2604,0.3139,0.3922,0.6935,,,,,0,,,,,,,0,0.0067,False,hard_bot_farm=bot_farm_one_sided=quarters4:clusters0:kf0:mini0.000,137
2026-09-08T00:21:25Z,_GVch6NxK5k,yt  GVch6NxK5k,youtube_shorts_calib,file:///root/datasets/pubg/youtube_shorts/yt__GVch6NxK5k.mp4,local:youtube_shorts_calib,/root/datasets/pubg/youtube_shorts/yt__GVch6NxK5k.mp4,55.0,55.0,0.0591,8.055,0.0712,0.2445,0.309,0.518,0.7998,0.7998,0.5482,0.0434,,,,,0,,,,,,,1,0.0001,False,hard_loot_walk,75
2026-09-08T00:23:13Z,EIUD2iCWgmA,yt EIUD2iCWgmA,youtube_shorts_calib,file:///root/datasets/pubg/youtube_shorts/yt_EIUD2iCWgmA.mp4,local:youtube_shorts_calib,/root/datasets/pubg/youtube_shorts/yt_EIUD2iCWgmA.mp4,11.92,11.92,0.1721,3.833,0.1278,0.1458,0.406,0.648,0.5829,0.648,0.3848,0.1058,0.0,0.5598,0.6783,0.5089,0,,,0.9271,0.22,0.0,1,0,0.004,True,,76
2026-09-08T00:23:27Z,b80472574ad,tt 7059405410704428293,tiktok_pubg,file:///root/datasets/tiktok/pubg/tt_7059405410704428293.mp4,local:tiktok_pubg,/root/datasets/tiktok/pubg/tt_7059405410704428293.mp4,6.59,6.59,0.211,4.254,0.1628,0.1676,0.309,0.2532,0.3214,0.3214,0.1461,0.6844,,,,,0,,,,,,,0,0.0028,False,hard_bot_farm=bot_farm_one_sided=quarters4:clusters0:kf0:mini0.000,139
2026-09-08T00:23:36Z,JMVOKlVRUyQ,yt JMVOKlVRUyQ,youtube_shorts_calib,file:///root/datasets/pubg/youtube_shorts/yt_JMVOKlVRUyQ.mp4,local:youtube_shorts_calib,/root/datasets/pubg/youtube_shorts/yt_JMVOKlVRUyQ.mp4,52.98,52.98,0.0825,6.798,0.0363,0.2523,0.238,0.6056,0.6648,0.6648,0.5269,0.0351,0.6046,0.0,,,0,,,0.7625,0.0,0.225,0,0,0.0011,False,payoff_low=0.000:min0.10,77
2026-09-08T00:24:24Z,iGm8Mh2pi5k,yt iGm8Mh2pi5k,youtube_shorts_calib,file:///root/datasets/pubg/youtube_shorts/yt_iGm8Mh2pi5k.mp4,local:youtube_shorts_calib,/root/datasets/pubg/youtube_shorts/yt_iGm8Mh2pi5k.mp4,31.66,31.66,0.22,5.953,0.3044,0.2595,0.506,0.0126,0.0105,0.0232,0.1109,0.8639,0.4654,0.0,,,0,,,0.7094,0.0,0.225,0,0,0.0232,False,payoff_low=0.000:min0.10,138
2026-09-08T00:25:02Z,wpWTqDCiFAg,yt wpWTqDCiFAg,youtube_shorts_calib,file:///root/datasets/pubg/youtube_shorts/yt_wpWTqDCiFAg.mp4,local:youtube_shorts_calib,/root/datasets/pubg/youtube_shorts/yt_wpWTqDCiFAg.mp4,25.22,25.22,0.0535,6.548,0.0372,0.2817,0.517,0.0405,0.0295,0.0405,0.7579,0.716,,,,,0,,,,,,,,0.0022,False,loot_walk=density0.053,79
2026-09-08T00:25:59Z,1PXXra-68pk,yt 1PXXra-68pk,youtube_shorts_calib,file:///root/datasets/pubg/youtube_shorts/yt_1PXXra-68pk.mp4,local:youtube_shorts_calib,/root/datasets/pubg/youtube_shorts/yt_1PXXra-68pk.mp4,7.75,7.75,0.003,5.856,0.0202,0.2503,0.303,0.0125,0.0057,0.0127,0.1242,0.6957,,,,,0,,,,,,,,0.0127,False,run_loot=motion0.250:gun0.003,80
2026-09-08T00:26:48Z,oJuRlHJjfno,yt oJuRlHJjfno,youtube_shorts_calib,file:///root/datasets/pubg/youtube_shorts/yt_oJuRlHJjfno.mp4,local:youtube_shorts_calib,/root/datasets/pubg/youtube_shorts/yt_oJuRlHJjfno.mp4,8.68,8.68,0.0806,9.814,0.0659,0.2165,0.491,0.4346,0.2818,0.4346,0.0546,0.0186,0.3045,0.6784,0.7132,0.6634,0,,,0.9938,0.3418,0.3045,1,0,0.0021,True,,78
2026-09-08T00:28:28Z,z1uErnW0SOc,yt z1uErnW0SOc,youtube_shorts_calib,file:///root/datasets/pubg/youtube_shorts/yt_z1uErnW0SOc.mp4,local:youtube_shorts_calib,/root/datasets/pubg/youtube_shorts/yt_z1uErnW0SOc.mp4,50.52,50.52,0.22,5.089,0.2324,0.1541,0.122,0.0015,0.001,0.0019,0.0224,0.8768,0.7862,0.0,,,0,,,0.6823,0.0,0.225,0,0,0.0006,False,payoff_low=0.000:min0.10,82
2026-09-08T00:29:29Z,BUZzd-n9a44,yt BUZzd-n9a44,youtube_shorts_calib,file:///root/datasets/pubg/youtube_shorts/yt_BUZzd-n9a44.mp4,local:youtube_shorts_calib,/root/datasets/pubg/youtube_shorts/yt_BUZzd-n9a44.mp4,34.84,34.84,0.1788,4.329,0.1691,0.3973,0.454,0.5636,0.6542,0.6542,0.1949,0.5335,0.5996,0.7685,0.9072,0.7091,0,,,0.9358,0.7277,0.5996,1,0,0.0016,True,,140
2026-09-08T00:29:37Z,TYbPJ9voh-M,yt TYbPJ9voh-M,youtube_shorts_calib,file:///root/datasets/pubg/youtube_shorts/yt_TYbPJ9voh-M.mp4,local:youtube_shorts_calib,/root/datasets/pubg/youtube_shorts/yt_TYbPJ9voh-M.mp4,16.46,16.46,0.1461,5.799,0.1404,0.1446,0.193,0.1544,0.0636,0.1544,0.5462,0.6227,0.5766,0.0,,,0,,,0.7964,0.0,0.225,0,0,0.017,False,payoff_low=0.000:min0.10,81
2026-09-08T00:29:59Z,QAoWDySHG4k,yt QAoWDySHG4k,youtube_shorts_calib,file:///root/datasets/pubg/youtube_shorts/yt_QAoWDySHG4k.mp4,local:youtube_shorts_calib,/root/datasets/pubg/youtube_shorts/yt_QAoWDySHG4k.mp4,26.64,26.64,0.0061,44.048,0.0018,0.2556,0.436,0.0103,0.0032,0.0103,0.0242,0.0302,,,,,0,,,,,,,,0.0011,False,run_loot=motion0.256:gun0.006,84
2026-09-08T00:30:12Z,cb1e6d3f8c4,tt 7682109399136996615,tiktok_pubg,file:///root/datasets/tiktok/pubg/tt_7682109399136996615.mp4,local:tiktok_pubg,/root/datasets/tiktok/pubg/tt_7682109399136996615.mp4,55.0,55.0,0.0101,3.385,0.0751,0.2838,0.439,0.0044,0.0004,0.0218,0.8706,0.8678,,,,,0,,,,,,,,0.0029,False,talk_menu=rms0.0751:gun0.010,142
2026-09-08T00:30:36Z,HX0d0_upDlI,yt HX0d0 upDlI,viral_reference,file:///root/datasets/viral_reference/pubg/yt_HX0d0_upDlI.mp4,local:viral_reference,/root/datasets/viral_reference/pubg/yt_HX0d0_upDlI.mp4,18.32,18.32,0.22,5.102,0.2335,0.1413,0.451,0.0002,0.0002,0.0003,0.0198,0.7991,0.0,0.0,,,0,,,0.6895,0.0,0.0,0,0,0.0003,False,payoff_low=0.000:min0.10,141
2026-09-08T00:30:56Z,xsvFcL60Hns,yt xsvFcL60Hns,youtube_shorts_calib,file:///root/datasets/pubg/youtube_shorts/yt_xsvFcL60Hns.mp4,local:youtube_shorts_calib,/root/datasets/pubg/youtube_shorts/yt_xsvFcL60Hns.mp4,12.34,12.34,0.1904,4.643,0.1952,0.1244,0.331,0.0011,0.0003,0.0015,0.6532,0.8738,0.6525,0.0,,,0,,,0.6746,0.0,0.225,0,0,0.0015,False,payoff_low=0.000:min0.10,83
2026-09-08T00:32:35Z,2gUbEdyq5oU,yt 2gUbEdyq5oU,youtube_shorts_calib,file:///root/datasets/pubg/youtube_shorts/yt_2gUbEdyq5oU.mp4,local:youtube_shorts_calib,/root/datasets/pubg/youtube_shorts/yt_2gUbEdyq5oU.mp4,28.04,28.04,0.0091,5.349,0.0735,0.145,0.346,0.2185,0.0571,0.2185,0.4971,0.6475,,,,,0,,,,,,,,0.0208,False,talk_menu=rms0.0735:gun0.009,85
2026-09-08T00:32:47Z,ronslyWh6m8,yt ronslyWh6m8,youtube_shorts_calib,file:///root/datasets/pubg/youtube_shorts/yt_ronslyWh6m8.mp4,local:youtube_shorts_calib,/root/datasets/pubg/youtube_shorts/yt_ronslyWh6m8.mp4,30.22,30.22,0.22,5.477,0.2647,0.2673,0.399,0.056,0.059,0.059,0.042,0.7926,,,,,0,,,,,,,0,0.0102,False,hard_bot_farm=bot_farm_one_sided=quarters4:clusters0:kf0:mini0.000,144
2026-09-08T00:33:08Z,EJvB7Robvm8,yt EJvB7Robvm8,viral_reference,file:///root/datasets/viral_reference/pubg/yt_EJvB7Robvm8.mp4,local:viral_reference,/root/datasets/viral_reference/pubg/yt_EJvB7Robvm8.mp4,18.86,18.86,0.1579,7.624,0.098,0.3066,0.216,0.008,0.0034,0.008,0.1508,0.7212,0.5655,0.0,,,0,,,0.7453,0.0,0.225,0,0,0.0047,False,payoff_low=0.000:min0.10,143
2026-09-08T00:33:49Z,63y9jigmcdw,yt 63y9jigmcdw,youtube_shorts_calib,file:///root/datasets/pubg/youtube_shorts/yt_63y9jigmcdw.mp4,local:youtube_shorts_calib,/root/datasets/pubg/youtube_shorts/yt_63y9jigmcdw.mp4,49.8,49.8,0.0565,6.748,0.0245,0.2849,0.308,0.5039,0.6026,0.6026,0.4859,0.3423,,,,,0,,,,,,,1,0.0006,False,hard_loot_walk,145
2026-09-08T00:34:07Z,zAv4XY_zPNI,yt zAv4XY zPNI,youtube_shorts_calib,file:///root/datasets/pubg/youtube_shorts/yt_zAv4XY_zPNI.mp4,local:youtube_shorts_calib,/root/datasets/pubg/youtube_shorts/yt_zAv4XY_zPNI.mp4,13.3,13.3,0.22,6.0,0.4652,0.1422,0.488,0.0292,0.0184,0.0369,0.498,0.8481,,,,,0,,,,,,,0,0.0369,False,hard_bot_farm=bot_farm_one_sided=quarters4:clusters0:kf0:mini0.000,86
2026-09-08T00:34:16Z,4b0bb6d9cfd,tt 7682857444665609480,tiktok_pubg,file:///root/datasets/tiktok/pubg/tt_7682857444665609480.mp4,local:tiktok_pubg,/root/datasets/tiktok/pubg/tt_7682857444665609480.mp4,36.47,36.47,0.0121,3.65,0.0588,0.3406,0.165,0.0043,0.0038,0.0043,0.705,0.763,,,,,0,,,,,,,,0.0003,False,talk_menu=rms0.0588:gun0.012,147
2026-09-08T00:35:11Z,BVf-fTMCbQM,yt BVf-fTMCbQM,viral_reference,file:///root/datasets/viral_reference/pubg/yt_BVf-fTMCbQM.mp4,local:viral_reference,/root/datasets/viral_reference/pubg/yt_BVf-fTMCbQM.mp4,15.58,15.58,0.1893,4.72,0.2017,0.2345,0.326,0.0182,0.0211,0.0211,0.4718,0.8032,,,,,0,,,,,,,0,0.0017,False,hard_bot_farm=bot_farm_one_sided=quarters4:clusters0:kf0:mini0.000,88
2026-09-08T00:35:28Z,rdxVFI9FMzk,yt rdxVFI9FMzk,youtube_shorts_calib,file:///root/datasets/pubg/youtube_shorts/yt_rdxVFI9FMzk.mp4,local:youtube_shorts_calib,/root/datasets/pubg/youtube_shorts/yt_rdxVFI9FMzk.mp4,14.64,14.64,0.0064,38.39,0.0112,0.1067,0.328,0.011,0.002,0.011,0.0586,0.776,,,,,0,,,,,,,,0.0079,False,run_fake_gun=motion0.107:gun0.006,89
2026-09-08T00:35:50Z,dd00b542b32,owner ref mobile saturated firefight 547e,exemplar_good,file:///root/data/highlight_exemplars/pubg/good/owner_ref_mobile_saturated_firefight_547e.mp4,local:exemplar_good,/root/data/highlight_exemplars/pubg/good/owner_ref_mobile_saturated_firefight_547e.mp4,50.43,50.43,0.22,6.0,0.3685,0.2861,0.249,0.2854,0.4061,0.4061,0.3836,0.5862,,,,,0,,,,,,,0,0.0053,False,hard_bot_farm=bot_farm_one_sided=quarters4:clusters0:kf0:mini0.000,148
2026-09-08T00:35:51Z,V-JVo6BRwsU,yt V-JVo6BRwsU,shorts_autolearn_media,file:///root/datasets/pubg/shorts_autolearn/yt_V-JVo6BRwsU.mp4,local:shorts_autolearn_media,/root/datasets/pubg/shorts_autolearn/yt_V-JVo6BRwsU.mp4,55.0,55.0,0.1442,5.426,0.1036,0.225,0.421,0.19,0.0725,0.19,0.4246,0.1387,,,,,0,,,,,,,0,0.0009,False,hard_bot_farm=bot_farm_one_sided=quarters4:clusters1:kf0:mini0.000,146
2026-09-08T00:37:29Z,s006coPG2iY,yt s006coPG2iY,youtube_shorts_calib,file:///root/datasets/pubg/youtube_shorts/yt_s006coPG2iY.mp4,local:youtube_shorts_calib,/root/datasets/pubg/youtube_shorts/yt_s006coPG2iY.mp4,19.8,19.8,0.22,5.205,0.2421,0.1966,0.428,0.4645,0.6102,0.6102,0.0398,0.0161,,,,,0,,,,,,,0,0.0497,False,hard_bot_farm=bot_farm_one_sided=quarters4:clusters0:kf0:mini0.000,87
2026-09-08T00:37:53Z,xkAKdW4xCXA,yt xkAKdW4xCXA,youtube_shorts_calib,file:///root/datasets/pubg/youtube_shorts/yt_xkAKdW4xCXA.mp4,local:youtube_shorts_calib,/root/datasets/pubg/youtube_shorts/yt_xkAKdW4xCXA.mp4,29.6,29.6,0.22,5.846,0.2955,0.2502,0.264,0.0574,0.0562,0.0574,0.1018,0.7342,,,,,0,,,,,,,0,0.0031,False,hard_bot_farm=bot_farm_one_sided=quarters4:clusters0:kf0:mini0.000,150
2026-09-08T00:37:54Z,ul5hzTHTdvI,yt ul5hzTHTdvI,youtube_shorts_calib,file:///root/datasets/pubg/youtube_shorts/yt_ul5hzTHTdvI.mp4,local:youtube_shorts_calib,/root/datasets/pubg/youtube_shorts/yt_ul5hzTHTdvI.mp4,24.1,24.1,0.0878,6.554,0.093,0.1955,0.343,0.2793,0.3948,0.3948,0.0194,0.4805,0.8154,0.72,0.9283,0.6307,0,,,0.9441,0.8745,0.8154,1,0,0.0056,True,,149
2026-09-08T00:38:02Z,63y9jigmcdw,yt 63y9jigmcdw,youtube_shorts_calib,file:///root/datasets/pubg/youtube_shorts/yt_63y9jigmcdw.mp4,local:youtube_shorts_calib,/root/datasets/pubg/youtube_shorts/yt_63y9jigmcdw.mp4,49.8,49.8,0.0565,6.748,0.0245,0.2849,0.308,0.5039,0.6026,0.6026,0.4859,0.3423,,,,,0,,,,,,,1,0.0006,False,hard_loot_walk,91
2026-09-08T00:38:09Z,gU8lRzWUIdk,yt gU8lRzWUIdk,youtube_shorts_calib,file:///root/datasets/pubg/youtube_shorts/yt_gU8lRzWUIdk.mp4,local:youtube_shorts_calib,/root/datasets/pubg/youtube_shorts/yt_gU8lRzWUIdk.mp4,53.16,53.16,0.0341,15.253,0.0372,0.2668,0.409,0.0078,0.0017,0.0078,0.0714,0.6837,,,,,0,,,,,,,,0.0006,False,loot_walk=density0.034,151
2026-09-08T00:38:20Z,UOj8L5BitME,yt UOj8L5BitME,youtube_shorts_calib,file:///root/datasets/pubg/youtube_shorts/yt_UOj8L5BitME.mp4,local:youtube_shorts_calib,/root/datasets/pubg/youtube_shorts/yt_UOj8L5BitME.mp4,14.12,14.12,0.1713,3.825,0.1318,0.22,0.432,0.6371,0.6807,0.6807,0.5598,0.0147,0.5473,0.6123,0.8949,0.4912,0,,,0.9269,0.6922,0.5473,1,0,0.0046,True,,90
2026-09-08T00:39:03Z,1ce018b1f50,tt 7490165167427161366,tiktok_pubg,file:///root/datasets/tiktok/pubg/tt_7490165167427161366.mp4,local:tiktok_pubg,/root/datasets/tiktok/pubg/tt_7490165167427161366.mp4,14.74,14.74,0.0016,2.426,0.0639,0.22,0.317,0.0015,0.0004,0.0015,0.7917,0.8091,,,,,0,,,,,,,,0.0011,False,talk_menu=rms0.0639:gun0.002,153
2026-09-08T00:39:37Z,Eocl_PGaFUY,yt Eocl PGaFUY,youtube_shorts_calib,file:///root/datasets/pubg/youtube_shorts/yt_Eocl_PGaFUY.mp4,local:youtube_shorts_calib,/root/datasets/pubg/youtube_shorts/yt_Eocl_PGaFUY.mp4,44.66,44.66,0.0026,2.226,0.0604,0.242,0.432,0.0087,0.004,0.0087,0.0437,0.7522,,,,,0,,,,,,,,0.0001,False,talk_menu=rms0.0604:gun0.003,154
2026-09-08T00:39:56Z,xkAKdW4xCXA,yt xkAKdW4xCXA,youtube_shorts_calib,file:///root/datasets/pubg/youtube_shorts/yt_xkAKdW4xCXA.mp4,local:youtube_shorts_calib,/root/datasets/pubg/youtube_shorts/yt_xkAKdW4xCXA.mp4,29.6,29.6,0.22,5.846,0.2955,0.2502,0.264,0.0574,0.0562,0.0574,0.1018,0.7342,,,,,0,,,,,,,0,0.0031,False,hard_bot_farm=bot_farm_one_sided=quarters4:clusters0:kf0:mini0.000,93
2026-09-08T00:39:56Z,8b3666b032e,owner ref mobile metro multikill c122,exemplar_good,file:///root/data/highlight_exemplars/pubg/good/owner_ref_mobile_metro_multikill_c122.mp4,local:exemplar_good,/root/data/highlight_exemplars/pubg/good/owner_ref_mobile_metro_multikill_c122.mp4,35.23,35.23,0.2071,4.415,0.1762,0.1961,0.281,0.1021,0.1195,0.1195,0.3883,0.7414,,,,,0,,,,,,,0,0.0085,False,hard_bot_farm=bot_farm_one_sided=quarters4:clusters0:kf0:mini0.000,152
2026-09-08T00:40:15Z,9-ItFS-wgs0,yt 9-ItFS-wgs0,youtube_shorts_calib,file:///root/datasets/pubg/youtube_shorts/yt_9-ItFS-wgs0.mp4,local:youtube_shorts_calib,/root/datasets/pubg/youtube_shorts/yt_9-ItFS-wgs0.mp4,48.06,48.06,0.0397,20.811,0.0031,0.2012,0.459,0.2253,0.1845,0.2253,0.0321,0.0156,,,,,0,,,,,,,,0.0002,False,loot_walk=density0.040,94
2026-09-08T00:40:38Z,Enuock18RhU,yt Enuock18RhU,youtube_shorts_calib,file:///root/datasets/pubg/youtube_shorts/yt_Enuock18RhU.mp4,local:youtube_shorts_calib,/root/datasets/pubg/youtube_shorts/yt_Enuock18RhU.mp4,12.68,12.68,0.0697,8.65,0.03,0.2062,0.331,0.2331,0.2886,0.2886,0.4425,0.0592,,,,,0,,,,,,,1,0.0018,False,hard_loot_walk,155
2026-09-08T00:41:24Z,ibUXd892k3o,yt ibUXd892k3o,youtube_shorts_calib,file:///root/datasets/pubg/youtube_shorts/yt_ibUXd892k3o.mp4,local:youtube_shorts_calib,/root/datasets/pubg/youtube_shorts/yt_ibUXd892k3o.mp4,39.98,39.98,0.0285,5.672,0.0397,0.3583,0.338,0.4015,0.3069,0.4015,0.25,0.5763,,,,,0,,,,,,,,0.0046,False,no_shots=density0.028:burst5.67,95
2026-09-08T00:42:39Z,BkjJjn7y9a8,yt BkjJjn7y9a8,youtube_shorts_calib,file:///root/datasets/pubg/youtube_shorts/yt_BkjJjn7y9a8.mp4,local:youtube_shorts_calib,/root/datasets/pubg/youtube_shorts/yt_BkjJjn7y9a8.mp4,48.66,48.66,0.22,6.0,0.3207,0.1994,0.31,0.0287,0.0148,0.0287,0.508,0.7688,,,,,0,,,,,,,0,0.0052,False,hard_bot_farm=bot_farm_one_sided=quarters4:clusters0:kf0:mini0.000,157
2026-09-08T00:43:04Z,wpWTqDCiFAg,yt wpWTqDCiFAg,youtube_shorts_calib,file:///root/datasets/pubg/youtube_shorts/yt_wpWTqDCiFAg.mp4,local:youtube_shorts_calib,/root/datasets/pubg/youtube_shorts/yt_wpWTqDCiFAg.mp4,25.22,25.22,0.0535,6.548,0.0372,0.2817,0.517,0.0405,0.0295,0.0405,0.7579,0.716,,,,,0,,,,,,,,0.0022,False,loot_walk=density0.053,158
2026-09-08T00:44:37Z,RI62DGIdWus,yt RI62DGIdWus,youtube_shorts_calib,file:///root/datasets/pubg/youtube_shorts/yt_RI62DGIdWus.mp4,local:youtube_shorts_calib,/root/datasets/pubg/youtube_shorts/yt_RI62DGIdWus.mp4,16.42,16.42,0.1351,3.65,0.1391,0.2891,0.687,0.6195,0.7061,0.7061,0.0422,0.0565,0.7219,0.7044,0.9176,0.613,0,,,0.9239,0.8109,0.7219,1,0,0.0002,True,,96
2026-09-08T00:44:54Z,zuYVmhkQ4WE,yt zuYVmhkQ4WE,youtube_shorts_calib,file:///root/datasets/pubg/youtube_shorts/yt_zuYVmhkQ4WE.mp4,local:youtube_shorts_calib,/root/datasets/pubg/youtube_shorts/yt_zuYVmhkQ4WE.mp4,51.74,51.74,0.22,5.666,0.2805,0.2652,0.439,0.1899,0.2143,0.2143,0.3036,0.6902,0.0,0.0,,,0,,,0.8173,0.0,0.0,0,0,0.0038,False,payoff_low=0.000:min0.10,156
2026-09-08T00:45:35Z,9bddf759aa6,tt 7682445077234339102,tiktok_pubg,file:///root/datasets/tiktok/pubg/tt_7682445077234339102.mp4,local:tiktok_pubg,/root/datasets/tiktok/pubg/tt_7682445077234339102.mp4,29.51,29.51,0.0,2.849,0.04,0.2267,0.532,0.0875,0.1109,0.1109,0.5156,0.5955,,,,,0,,,,,,,,0.008,False,run_loot=motion0.227:gun0.000,159
2026-09-08T00:47:09Z,IeQJoUUYmso,yt IeQJoUUYmso,youtube_shorts_calib,file:///root/datasets/pubg/youtube_shorts/yt_IeQJoUUYmso.mp4,local:youtube_shorts_calib,/root/datasets/pubg/youtube_shorts/yt_IeQJoUUYmso.mp4,23.48,23.48,0.22,3.669,0.2079,0.3513,0.363,0.0024,0.0006,0.0024,0.033,0.8015,0.0,0.0,,,0,,,0.6652,0.0,0.0,0,0,0.0014,False,payoff_low=0.000:min0.10,92
2026-09-08T00:47:14Z,bCVo5KE-IlI,yt bCVo5KE-IlI,youtube_shorts_calib,file:///root/datasets/pubg/youtube_shorts/yt_bCVo5KE-IlI.mp4,local:youtube_shorts_calib,/root/datasets/pubg/youtube_shorts/yt_bCVo5KE-IlI.mp4,40.07,40.07,0.1925,3.982,0.1401,0.2927,0.352,0.1407,0.1686,0.1686,0.0387,0.6958,0.0,0.0,,,0,,,0.7644,0.0,0.0,0,0,0.0115,False,payoff_low=0.000:min0.10,161
2026-09-08T00:48:48Z,vg3OHAz8pLM,yt vg3OHAz8pLM,youtube_shorts_calib,file:///root/datasets/pubg/youtube_shorts/yt_vg3OHAz8pLM.mp4,local:youtube_shorts_calib,/root/datasets/pubg/youtube_shorts/yt_vg3OHAz8pLM.mp4,18.4,18.4,0.1915,5.572,0.2726,0.1848,0.559,0.0707,0.0264,0.0707,0.8042,0.3675,0.4617,0.0,,,0,,,0.7325,0.0,0.225,0,0,0.0455,False,payoff_low=0.000:min0.10,160
2026-09-08T00:49:12Z,jmKx37q1m04,yt jmKx37q1m04,shorts_autolearn_media,file:///root/datasets/pubg/shorts_autolearn/yt_jmKx37q1m04.mp4,local:shorts_autolearn_media,/root/datasets/pubg/shorts_autolearn/yt_jmKx37q1m04.mp4,55.0,55.0,0.049,5.878,0.0371,0.2669,0.513,0.0069,0.0064,0.0069,0.6584,0.6587,,,,,0,,,,,,,,0.0015,False,loot_walk=density0.049,163
2026-09-08T00:49:16Z,jJGaPJEyrBk,yt jJGaPJEyrBk,youtube_shorts_calib,file:///root/datasets/pubg/youtube_shorts/yt_jJGaPJEyrBk.mp4,local:youtube_shorts_calib,/root/datasets/pubg/youtube_shorts/yt_jJGaPJEyrBk.mp4,46.98,46.98,0.167,4.098,0.1498,0.2249,0.359,0.0079,0.0034,0.0079,0.4374,0.7007,,,,,0,,,,,,,0,0.0017,False,hard_bot_farm=bot_farm_one_sided=quarters4:clusters0:kf0:mini0.000,98
2026-09-08T00:51:05Z,00b20056b0a,tt 7491325981525937410,tiktok_pubg,file:///root/datasets/tiktok/pubg/tt_7491325981525937410.mp4,local:tiktok_pubg,/root/datasets/tiktok/pubg/tt_7491325981525937410.mp4,55.0,55.0,0.1636,4.773,0.1058,0.0563,0.333,0.3563,0.3568,0.3568,0.3442,0.5808,0.5218,0.676,0.8353,0.6077,0,,,0.8703,0.6748,0.5218,1,0,0.0021,True,,162
2026-09-08T00:51:22Z,r5p5AxI9JBE,yt r5p5AxI9JBE,youtube_shorts_calib,file:///root/datasets/pubg/youtube_shorts/yt_r5p5AxI9JBE.mp4,local:youtube_shorts_calib,/root/datasets/pubg/youtube_shorts/yt_r5p5AxI9JBE.mp4,17.08,17.08,0.22,5.224,0.2436,0.265,0.358,0.1968,0.3695,0.3695,0.1791,0.5142,,,,,0,,,,,,,0,0.0008,False,hard_bot_farm=bot_farm_one_sided=quarters4:clusters0:kf0:mini0.000,99
2026-09-08T00:51:36Z,0onVwcnlVOA,yt 0onVwcnlVOA,viral_reference,file:///root/datasets/viral_reference/pubg/yt_0onVwcnlVOA.mp4,local:viral_reference,/root/datasets/viral_reference/pubg/yt_0onVwcnlVOA.mp4,35.64,35.64,0.1843,3.839,0.1283,0.163,0.539,0.385,0.6529,0.6529,0.0742,0.4763,,,,,0,,,,,,,0,0.0014,False,hard_bot_farm=bot_farm_one_sided=quarters4:clusters0:kf0:mini0.000,164
2026-09-08T00:51:44Z,mJRuMSeTL1E,yt mJRuMSeTL1E,youtube_shorts_calib,file:///root/datasets/pubg/youtube_shorts/yt_mJRuMSeTL1E.mp4,local:youtube_shorts_calib,/root/datasets/pubg/youtube_shorts/yt_mJRuMSeTL1E.mp4,37.12,37.12,0.0714,18.428,0.012,0.1656,0.389,0.0199,0.0081,0.0199,0.7521,0.2159,0.8352,,,,0,,,,,0.225,0,0,0.002,False,hard_no_author_kill,97
2026-09-08T00:52:40Z,4BR123cAOzg,yt 4BR123cAOzg,youtube_shorts_calib,file:///root/datasets/pubg/youtube_shorts/yt_4BR123cAOzg.mp4,local:youtube_shorts_calib,/root/datasets/pubg/youtube_shorts/yt_4BR123cAOzg.mp4,30.04,30.04,0.196,6.011,0.1442,0.1302,0.26,0.0168,0.0052,0.0168,0.0348,0.7556,,,,,0,,,,,,,0,0.0052,False,hard_bot_farm=bot_farm_one_sided=quarters4:clusters0:kf0:mini0.000,165
2026-09-08T00:53:43Z,QuSAzLm7bdI,yt QuSAzLm7bdI,youtube_shorts_calib,file:///root/datasets/pubg/youtube_shorts/yt_QuSAzLm7bdI.mp4,local:youtube_shorts_calib,/root/datasets/pubg/youtube_shorts/yt_QuSAzLm7bdI.mp4,13.92,13.92,0.1947,4.845,0.212,0.1887,0.448,0.7166,0.68,0.7166,0.2352,0.0351,0.0,0.6931,0.6885,0.6951,0,,,0.9448,0.22,0.0,1,0,0.0008,True,,166
2026-09-08T00:54:00Z,f9e54582e60,tt 7630845559510682900,tiktok_pubg,file:///root/datasets/tiktok/pubg/tt_7630845559510682900.mp4,local:tiktok_pubg,/root/datasets/tiktok/pubg/tt_7630845559510682900.mp4,30.6,30.6,0.1734,7.47,0.1037,0.3106,0.426,0.0002,0.0001,0.0003,0.017,0.814,0.717,0.0,,,0,,,0.7295,0.0,0.225,0,0,0.0003,False,payoff_low=0.000:min0.10,167
2026-09-08T00:54:53Z,1e4e76b655d,tt 6894273568981437698,tiktok_pubg,file:///root/datasets/tiktok/pubg/tt_6894273568981437698.mp4,local:tiktok_pubg,/root/datasets/tiktok/pubg/tt_6894273568981437698.mp4,31.2,31.2,0.22,5.317,0.2514,0.2341,0.418,0.2754,0.241,0.2754,0.0793,0.4431,0.0,0.0,,,0,,,0.8664,0.0,0.0,0,0,0.0011,False,payoff_low=0.000:min0.10,168
2026-09-08T00:55:42Z,ypE3ay9Npbg,yt ypE3ay9Npbg,youtube_shorts_calib,file:///root/datasets/pubg/youtube_shorts/yt_ypE3ay9Npbg.mp4,local:youtube_shorts_calib,/root/datasets/pubg/youtube_shorts/yt_ypE3ay9Npbg.mp4,10.16,10.16,0.1613,3.698,0.1353,0.1926,0.332,0.0146,0.0113,0.0147,0.8507,0.8447,0.0,0.0,,,0,,,0.667,0.0,0.0,0,0,0.0147,False,payoff_low=0.000:min0.10,169
2026-09-08T00:56:50Z,t9UYbWl5oR4,yt t9UYbWl5oR4,youtube_shorts_calib,file:///root/datasets/pubg/youtube_shorts/yt_t9UYbWl5oR4.mp4,local:youtube_shorts_calib,/root/datasets/pubg/youtube_shorts/yt_t9UYbWl5oR4.mp4,12.53,12.53,0.0409,5.895,0.0347,0.1082,0.438,0.3628,0.5094,0.5094,0.0304,0.0181,,,,,0,,,,,,,,0.0042,False,streamer_talk=rms0.0347:gun0.041,170
2026-09-08T01:00:35Z,gsNtOJrCuLc,yt gsNtOJrCuLc,viral_reference,file:///root/datasets/viral_reference/pubg/yt_gsNtOJrCuLc.mp4,local:viral_reference,/root/datasets/viral_reference/pubg/yt_gsNtOJrCuLc.mp4,51.58,51.58,0.0631,9.247,0.0434,0.1205,0.481,0.3025,0.3916,0.3916,0.5654,0.1712,0.0,0.0,,,0,,,0.8922,0.0,0.0,0,0,0.0052,False,payoff_low=0.000:min0.10,172
2026-09-08T01:00:42Z,Hap2eV837ns,С НУЛЯ ДО ФУЛ 6 В МЕТРО РОЯЛЬ ,youtube_shorts,https://www.youtube.com/shorts/Hap2eV837ns,метро роял с нуля до фул 6 shorts,/root/datasets/pubg/shorts_autolearn/yt_Hap2eV837ns.mp4,55.0,55.0,0.1543,5.738,0.1343,0.2772,0.364,0.0058,0.0011,0.0058,0.7653,0.7093,0.0,0.0,,,0,,,0.7068,0.0,0.0,0,0,0.0002,False,payoff_low=0.000:min0.10,100
2026-09-08T01:01:30Z,87a4abdc64a,tt 7682317799783550239,tiktok_pubg,file:///root/datasets/tiktok/pubg/tt_7682317799783550239.mp4,local:tiktok_pubg,/root/datasets/tiktok/pubg/tt_7682317799783550239.mp4,33.58,33.58,0.22,5.848,0.2957,0.2326,0.39,0.0035,0.0016,0.0035,0.0293,0.8132,0.0,0.0,,,0,,,0.7027,0.0,0.0,0,0,0.002,False,payoff_low=0.000:min0.10,171
2026-09-08T01:01:46Z,vQmb23QuN0E,yt vQmb23QuN0E,viral_reference,file:///root/datasets/viral_reference/pubg/yt_vQmb23QuN0E.mp4,local:viral_reference,/root/datasets/viral_reference/pubg/yt_vQmb23QuN0E.mp4,8.1,8.1,0.0115,9.248,0.0015,0.1926,0.468,0.0147,0.0044,0.0147,0.0677,0.0349,,,,,0,,,,,,,,0.003,False,run_fake_gun=motion0.193:gun0.011,174
2026-09-08T01:02:14Z,5331cd88d9b,tt 7059017461710015749,tiktok_pubg,file:///root/datasets/tiktok/pubg/tt_7059017461710015749.mp4,local:tiktok_pubg,/root/datasets/tiktok/pubg/tt_7059017461710015749.mp4,47.11,47.11,0.003,9.879,0.0329,0.2436,0.235,0.0812,0.0255,0.0812,0.0714,0.1209,,,,,0,,,,,,,,0.0738,False,run_loot=motion0.244:gun0.003,175
2026-09-08T01:04:52Z,nGqq2IT7jqg,yt nGqq2IT7jqg,youtube_shorts_calib,file:///root/datasets/pubg/youtube_shorts/yt_nGqq2IT7jqg.mp4,local:youtube_shorts_calib,/root/datasets/pubg/youtube_shorts/yt_nGqq2IT7jqg.mp4,14.48,14.48,0.1476,3.89,0.164,0.1466,0.224,0.2516,0.2955,0.2955,0.5713,0.5441,0.0,0.0,,,0,,,0.8387,0.0,0.0,0,0,0.0033,False,payoff_low=0.000:min0.10,176
2026-09-08T01:05:29Z,440b4526f19,tt 7682754279102336286,tiktok_pubg,file:///root/datasets/tiktok/pubg/tt_7682754279102336286.mp4,local:tiktok_pubg,/root/datasets/tiktok/pubg/tt_7682754279102336286.mp4,39.92,39.92,0.2195,4.797,0.2081,0.2569,0.403,0.082,0.0925,0.0925,0.1562,0.6853,0.0,0.0,,,0,,,0.7417,0.0,0.0,0,0,0.0093,False,payoff_low=0.000:min0.10,173
2026-09-08T01:06:09Z,rZuiZfkpRFQ,yt rZuiZfkpRFQ,youtube_shorts_calib,file:///root/datasets/pubg/youtube_shorts/yt_rZuiZfkpRFQ.mp4,local:youtube_shorts_calib,/root/datasets/pubg/youtube_shorts/yt_rZuiZfkpRFQ.mp4,39.18,39.18,0.0516,10.363,0.0583,0.1645,0.479,0.3952,0.3745,0.3952,0.0307,0.0181,,,,,0,,,,,,,1,0.0002,False,hard_loot_walk,178
2026-09-08T01:07:31Z,CX1pHAfGBPA,С НУЛЯ ДО ФУЛ 6 В МЕТРО РОЯЛЬ ,youtube_shorts,https://www.youtube.com/shorts/CX1pHAfGBPA,метро роял с нуля до фул 6 shorts,/root/datasets/pubg/shorts_autolearn/yt_CX1pHAfGBPA.mp4,55.0,55.0,0.1504,5.382,0.1245,0.179,0.416,0.0036,0.0006,0.0036,0.7706,0.695,0.8573,0.0,,,0,,,0.6989,0.0,0.225,0,0,0.0003,False,payoff_low=0.000:min0.10,101
2026-09-08T01:08:33Z,f239b46aad2,tt 7059025867195944197,tiktok_pubg,file:///root/datasets/tiktok/pubg/tt_7059025867195944197.mp4,local:tiktok_pubg,/root/datasets/tiktok/pubg/tt_7059025867195944197.mp4,20.59,20.59,0.0893,6.91,0.0555,0.1923,0.232,0.6686,0.8825,0.8825,0.0328,0.0147,0.0,0.7782,0.7091,0.8078,0,,,0.9809,0.22,0.0,1,0,0.0009,True,,179
2026-09-08T01:09:07Z,fc98f2727e4,tt 7682062429160885535,tiktok_pubg,file:///root/datasets/tiktok/pubg/tt_7682062429160885535.mp4,local:tiktok_pubg,/root/datasets/tiktok/pubg/tt_7682062429160885535.mp4,23.45,23.45,0.2109,4.108,0.1507,0.3514,0.28,0.0056,0.002,0.0056,0.048,0.8238,0.5762,0.0,,,0,,,0.6723,0.0,0.225,0,0,0.0038,False,payoff_low=0.000:min0.10,177
2026-09-08T01:11:04Z,fa676950d7d,tt 7631317243418250517,tiktok_pubg,file:///root/datasets/tiktok/pubg/tt_7631317243418250517.mp4,local:tiktok_pubg,/root/datasets/tiktok/pubg/tt_7631317243418250517.mp4,37.61,37.61,0.1638,3.957,0.1381,0.3468,0.542,0.0121,0.0062,0.0191,0.0872,0.8325,0.0,0.0,,,0,,,0.4755,0.0,0.0,0,0,0.0191,False,payoff_low=0.000:min0.10,181
2026-09-08T01:11:07Z,9cc41a1eaae,tt 7489343914927754518,tiktok_pubg,file:///root/datasets/tiktok/pubg/tt_7489343914927754518.mp4,local:tiktok_pubg,/root/datasets/tiktok/pubg/tt_7489343914927754518.mp4,11.95,11.95,0.1738,2.37,0.0977,0.2059,0.28,0.001,0.0005,0.001,0.761,0.8477,,,,,0,,,,,,,0,0.0009,False,hard_bot_farm=bot_farm_one_sided=quarters4:clusters0:kf0:mini0.000,180
2026-09-08T01:11:28Z,YC3e0Ho5m_A,yt YC3e0Ho5m A,shorts_autolearn_media,file:///root/datasets/pubg/shorts_autolearn/yt_YC3e0Ho5m_A.mp4,local:shorts_autolearn_media,/root/datasets/pubg/shorts_autolearn/yt_YC3e0Ho5m_A.mp4,55.0,55.0,0.0072,4.137,0.0521,0.2135,0.268,0.0222,0.0035,0.0321,0.798,0.7855,,,,,0,,,,,,,,0.0024,False,talk_menu=rms0.0521:gun0.007,182
2026-09-08T01:13:04Z,15eef6b4b43,tt 6891685421374377217,tiktok_pubg,file:///root/datasets/tiktok/pubg/tt_6891685421374377217.mp4,local:tiktok_pubg,/root/datasets/tiktok/pubg/tt_6891685421374377217.mp4,19.58,19.58,0.1749,3.695,0.1163,0.2854,0.154,0.0011,0.001,0.0059,0.0749,0.8461,0.0,0.0,,,0,,,0.463,0.0,0.0,0,0,0.0059,False,payoff_low=0.000:min0.10,183
2026-09-08T01:15:29Z,CX1pHAfGBPA,yt CX1pHAfGBPA,shorts_autolearn_media,file:///root/datasets/pubg/shorts_autolearn/yt_CX1pHAfGBPA.mp4,local:shorts_autolearn_media,/root/datasets/pubg/shorts_autolearn/yt_CX1pHAfGBPA.mp4,55.0,55.0,0.1504,5.382,0.1245,0.179,0.416,0.0036,0.0006,0.0036,0.7706,0.695,0.8573,0.0,,,0,,,0.6989,0.0,0.225,0,0,0.0003,False,payoff_low=0.000:min0.10,184
2026-09-08T01:19:33Z,76955077735,tt 7675016808469957909,tiktok_pubg,file:///root/datasets/tiktok/pubg/tt_7675016808469957909.mp4,local:tiktok_pubg,/root/datasets/tiktok/pubg/tt_7675016808469957909.mp4,21.94,21.94,0.22,4.916,0.218,0.2674,0.347,0.0525,0.0811,0.0811,0.2337,0.6106,,,,,0,,,,,,,0,0.0029,False,hard_bot_farm=bot_farm_one_sided=quarters4:clusters0:kf0:mini0.000,185
2026-09-08T01:19:51Z,M2i49leQhC4,yt M2i49leQhC4,shorts_autolearn_media,file:///root/datasets/pubg/shorts_autolearn/yt_M2i49leQhC4.mp4,local:shorts_autolearn_media,/root/datasets/pubg/shorts_autolearn/yt_M2i49leQhC4.mp4,55.0,55.0,0.1561,5.122,0.1471,0.3092,0.441,0.0055,0.0011,0.0055,0.7156,0.6174,0.7313,0.0,,,0,,,0.7008,0.0,0.225,0,0,0.0003,False,payoff_low=0.000:min0.10,186
2026-09-08T01:19:58Z,h3BgLDZMyM8,yt h3BgLDZMyM8,youtube_shorts_calib,file:///root/datasets/pubg/youtube_shorts/yt_h3BgLDZMyM8.mp4,local:youtube_shorts_calib,/root/datasets/pubg/youtube_shorts/yt_h3BgLDZMyM8.mp4,32.86,32.86,0.0149,6.935,0.0758,0.2388,0.244,0.207,0.2326,0.2326,0.1725,0.7261,,,,,0,,,,,,,,0.0017,False,talk_menu=rms0.0758:gun0.015,188
2026-09-08T01:21:09Z,M2i49leQhC4,С НУЛЯ ДО ФУЛ 6 В МЕТРО РОЯЛЬ ,youtube_shorts,https://www.youtube.com/shorts/M2i49leQhC4,метро роял с нуля до фул 6 shorts,/root/datasets/pubg/shorts_autolearn/yt_M2i49leQhC4.mp4,55.0,55.0,0.1561,5.122,0.1471,0.3092,0.441,0.0055,0.0011,0.0055,0.7156,0.6174,0.7313,0.0,,,0,,,0.7008,0.0,0.225,0,0,0.0003,False,payoff_low=0.000:min0.10,102
2026-09-08T01:21:37Z,6fbde255d01,tt 7682414863745879303,tiktok_pubg,file:///root/datasets/tiktok/pubg/tt_7682414863745879303.mp4,local:tiktok_pubg,/root/datasets/tiktok/pubg/tt_7682414863745879303.mp4,55.0,55.0,0.0084,3.748,0.0748,0.2076,0.572,0.0011,0.0006,0.0011,0.9138,0.8947,,,,,0,,,,,,,,0.0007,False,talk_menu=rms0.0748:gun0.008,189
2026-09-08T01:21:57Z,2gUbEdyq5oU,yt 2gUbEdyq5oU,youtube_shorts_calib,file:///root/datasets/pubg/youtube_shorts/yt_2gUbEdyq5oU.mp4,local:youtube_shorts_calib,/root/datasets/pubg/youtube_shorts/yt_2gUbEdyq5oU.mp4,28.04,28.04,0.0091,5.349,0.0735,0.145,0.346,0.2185,0.0571,0.2185,0.4971,0.6475,,,,,0,,,,,,,,0.0208,False,talk_menu=rms0.0735:gun0.009,190
2026-09-08T01:22:04Z,hUJbQawiaKM,yt hUJbQawiaKM,youtube_shorts_calib,file:///root/datasets/pubg/youtube_shorts/yt_hUJbQawiaKM.mp4,local:youtube_shorts_calib,/root/datasets/pubg/youtube_shorts/yt_hUJbQawiaKM.mp4,49.1,49.1,0.1859,6.157,0.1171,0.1502,0.193,0.0093,0.0072,0.0093,0.7367,0.8487,0.0,0.0,,,0,,,0.7075,0.0,0.0,0,0,0.0081,False,payoff_low=0.000:min0.10,187
2026-09-08T01:23:17Z,1372fbaf4a3,tt 7592174565590142209,tiktok_pubg,file:///root/datasets/tiktok/pubg/tt_7592174565590142209.mp4,local:tiktok_pubg,/root/datasets/tiktok/pubg/tt_7592174565590142209.mp4,18.73,18.73,0.22,6.0,0.3291,0.3084,0.406,0.0057,0.0027,0.0057,0.541,0.8331,,,,,0,,,,,,,0,0.003,False,hard_bot_farm=bot_farm_one_sided=quarters4:clusters1:kf0:mini0.000,192
2026-09-08T01:24:20Z,27f5902dc11,tt 7682492502359772434,tiktok_pubg,file:///root/datasets/tiktok/pubg/tt_7682492502359772434.mp4,local:tiktok_pubg,/root/datasets/tiktok/pubg/tt_7682492502359772434.mp4,55.0,55.0,0.1369,3.612,0.0872,0.2397,0.274,0.1686,0.1238,0.1686,0.7076,0.6765,0.0,0.0,,,0,,,0.7568,0.0,0.0,0,0,0.0062,False,payoff_low=0.000:min0.10,191
2026-09-08T01:25:33Z,kAg8tmXGg9g,yt kAg8tmXGg9g,youtube_shorts_calib,file:///root/datasets/pubg/youtube_shorts/yt_kAg8tmXGg9g.mp4,local:youtube_shorts_calib,/root/datasets/pubg/youtube_shorts/yt_kAg8tmXGg9g.mp4,21.2,21.2,0.22,5.68,0.2816,0.1288,0.266,0.0025,0.0015,0.0025,0.0355,0.7555,,,,,0,,,,,,,0,0.0006,False,hard_bot_farm=bot_farm_one_sided=quarters4:clusters0:kf0:mini0.000,193
2026-09-08T01:26:43Z,WXcPeN6Kayo,FAILS AND JOKES FOR THE ENTIRE 28TH SEASON OF METRO ROYALE🔥PUBG MOBILE ,youtube_highlights,https://www.youtube.com/watch?v=WXcPeN6Kayo,метро роял пабг лучшие моменты,/root/datasets/pubg/shorts_autolearn/yt_WXcPeN6Kayo.mp4,55.0,55.0,0.0123,4.065,0.0748,0.1622,0.442,0.0015,0.0004,0.0015,0.8527,0.8219,,,,,1208,,,,,,,,0.0002,False,talk_menu=rms0.0748:gun0.012,103
2026-09-08T01:27:17Z,b227cd4baa4,tt 7486396048055749910,tiktok_pubg,file:///root/datasets/tiktok/pubg/tt_7486396048055749910.mp4,local:tiktok_pubg,/root/datasets/tiktok/pubg/tt_7486396048055749910.mp4,21.59,21.59,0.1449,2.216,0.0903,0.1824,0.414,0.0014,0.0004,0.0014,0.7079,0.8302,,,,,0,,,,,,,0,0.0004,False,hard_bot_farm=bot_farm_one_sided=quarters3:clusters0:kf0:mini0.000,194
2026-09-08T01:29:41Z,c3f04b9d46c,tt 6892429757615475969,tiktok_pubg,file:///root/datasets/tiktok/pubg/tt_6892429757615475969.mp4,local:tiktok_pubg,/root/datasets/tiktok/pubg/tt_6892429757615475969.mp4,19.67,19.67,0.1896,4.465,0.1261,0.1984,0.181,0.0047,0.004,0.0081,0.0841,0.9051,0.0,0.0,,,0,,,0.6717,0.0,0.0,0,0,0.0081,False,payoff_low=0.000:min0.10,196
2026-09-08T01:30:14Z,h1TWsxwBfMw,yt h1TWsxwBfMw,youtube_shorts_calib,file:///root/datasets/pubg/youtube_shorts/yt_h1TWsxwBfMw.mp4,local:youtube_shorts_calib,/root/datasets/pubg/youtube_shorts/yt_h1TWsxwBfMw.mp4,55.0,55.0,0.1741,4.49,0.1095,0.2125,0.376,0.4015,0.4553,0.4553,0.2911,0.5807,0.0,0.0,,,0,,,0.926,0.0,0.0,0,0,0.0016,False,payoff_low=0.000:min0.10,195
2026-09-08T01:33:16Z,b82084e5174,tt 7681521161452277023,tiktok_pubg,file:///root/datasets/tiktok/pubg/tt_7681521161452277023.mp4,local:tiktok_pubg,/root/datasets/tiktok/pubg/tt_7681521161452277023.mp4,7.61,7.61,0.1927,3.668,0.114,0.1268,0.466,0.006,0.0033,0.009,0.0646,0.7963,,,,,0,,,,,,,0,0.009,False,hard_bot_farm=bot_farm_one_sided=quarters4:clusters1:kf0:mini0.000,198
2026-09-08T01:33:37Z,fa676950d7d,tt 7631317243418250517,tiktok_pubg,file:///root/datasets/tiktok/pubg/tt_7631317243418250517.mp4,local:tiktok_pubg,/root/datasets/tiktok/pubg/tt_7631317243418250517.mp4,37.61,37.61,0.1638,3.957,0.1381,0.3468,0.542,0.0121,0.0062,0.0191,0.0872,0.8325,0.0,0.0,,,0,,,0.4755,0.0,0.0,0,0,0.0191,False,payoff_low=0.000:min0.10,105
2026-09-08T01:33:51Z,Hap2eV837ns,yt Hap2eV837ns,shorts_autolearn_media,file:///root/datasets/pubg/shorts_autolearn/yt_Hap2eV837ns.mp4,local:shorts_autolearn_media,/root/datasets/pubg/shorts_autolearn/yt_Hap2eV837ns.mp4,55.0,55.0,0.1543,5.738,0.1343,0.2772,0.364,0.0058,0.0011,0.0058,0.7653,0.7093,0.0,0.0,,,0,,,0.7068,0.0,0.0,0,0,0.0002,False,payoff_low=0.000:min0.10,197
2026-09-08T01:34:20Z,vIIiKQ6h6g8,yt vIIiKQ6h6g8,youtube_shorts_calib,file:///root/datasets/pubg/youtube_shorts/yt_vIIiKQ6h6g8.mp4,local:youtube_shorts_calib,/root/datasets/pubg/youtube_shorts/yt_vIIiKQ6h6g8.mp4,32.46,32.46,0.0079,9.97,0.0736,0.2476,0.467,0.0062,0.0067,0.0067,0.1922,0.506,,,,,0,,,,,,,,0.004,False,talk_menu=rms0.0736:gun0.008,199
2026-09-08T01:36:08Z,4zEWscQjuhk,yt 4zEWscQjuhk,shorts_autolearn_media,file:///root/datasets/pubg/shorts_autolearn/yt_4zEWscQjuhk.mp4,local:shorts_autolearn_media,/root/datasets/pubg/shorts_autolearn/yt_4zEWscQjuhk.mp4,55.0,55.0,0.1311,3.111,0.0925,0.1808,0.448,0.0019,0.001,0.0019,0.9055,0.8335,0.0,0.0,,,0,,,0.6448,0.0,0.0,0,0,0.0009,False,payoff_low=0.000:min0.10,200
2026-09-08T01:36:14Z,_4LK2f1u6Vo,yt  4LK2f1u6Vo,youtube_shorts_calib,file:///root/datasets/pubg/youtube_shorts/yt__4LK2f1u6Vo.mp4,local:youtube_shorts_calib,/root/datasets/pubg/youtube_shorts/yt__4LK2f1u6Vo.mp4,53.52,53.52,0.1924,4.369,0.1724,0.2865,0.528,0.0567,0.0748,0.0748,0.123,0.7849,,,,,0,,,,,,,0,0.0033,False,hard_bot_farm=bot_farm_one_sided=quarters4:clusters0:kf0:mini0.000,104
2026-09-08T01:36:26Z,WXcPeN6Kayo,yt WXcPeN6Kayo,shorts_autolearn_media,file:///root/datasets/pubg/shorts_autolearn/yt_WXcPeN6Kayo.mp4,local:shorts_autolearn_media,/root/datasets/pubg/shorts_autolearn/yt_WXcPeN6Kayo.mp4,55.0,55.0,0.0123,4.065,0.0748,0.1622,0.442,0.0015,0.0004,0.0015,0.8527,0.8219,,,,,0,,,,,,,,0.0002,False,talk_menu=rms0.0748:gun0.012,201
2026-09-08T01:36:47Z,WcvOXBE1L-0,yt WcvOXBE1L-0,youtube_shorts_calib,file:///root/datasets/pubg/youtube_shorts/yt_WcvOXBE1L-0.mp4,local:youtube_shorts_calib,/root/datasets/pubg/youtube_shorts/yt_WcvOXBE1L-0.mp4,55.0,55.0,0.0237,5.794,0.0599,0.1443,0.493,0.333,0.5117,0.5117,0.6773,0.7165,,,,,0,,,,,,,,0.0022,False,no_shots=density0.024:burst5.79:ownerrun_fake_gun=motion0.144:gun0.024,107
2026-09-08T01:37:58Z,ronslyWh6m8,yt ronslyWh6m8,youtube_shorts_calib,file:///root/datasets/pubg/youtube_shorts/yt_ronslyWh6m8.mp4,local:youtube_shorts_calib,/root/datasets/pubg/youtube_shorts/yt_ronslyWh6m8.mp4,30.22,30.22,0.22,5.477,0.2647,0.2673,0.399,0.056,0.059,0.059,0.042,0.7926,,,,,0,,,,,,,0,0.0102,False,hard_bot_farm=bot_farm_one_sided=quarters4:clusters0:kf0:mini0.000,108
2026-09-08T01:38:06Z,QWLYjC11co4,yt QWLYjC11co4,youtube_shorts_calib,file:///root/datasets/pubg/youtube_shorts/yt_QWLYjC11co4.mp4,local:youtube_shorts_calib,/root/datasets/pubg/youtube_shorts/yt_QWLYjC11co4.mp4,28.04,28.04,0.0274,5.927,0.0662,0.2325,0.327,0.2645,0.1115,0.2645,0.046,0.5404,,,,,0,,,,,,,,0.002,False,run_loot=motion0.233:gun0.027,109
2026-09-08T01:38:13Z,6fdae646038,tt 7676794833301769492,tiktok_pubg,file:///root/datasets/tiktok/pubg/tt_7676794833301769492.mp4,local:tiktok_pubg,/root/datasets/tiktok/pubg/tt_7676794833301769492.mp4,45.7,45.7,0.22,5.308,0.2507,0.2602,0.239,0.0087,0.0083,0.0087,0.5446,0.7781,,,,,0,,,,,,,0,0.0029,False,hard_bot_farm=bot_farm_one_sided=quarters4:clusters0:kf0:mini0.000,106
2026-09-08T01:38:35Z,AYwIBwUCJUI,yt AYwIBwUCJUI,youtube_shorts_calib,file:///root/datasets/pubg/youtube_shorts/yt_AYwIBwUCJUI.mp4,local:youtube_shorts_calib,/root/datasets/pubg/youtube_shorts/yt_AYwIBwUCJUI.mp4,55.0,55.0,0.041,6.22,0.0184,0.168,0.324,0.0529,0.0177,0.0529,0.2211,0.0172,,,,,0,,,,,,,,0.0103,False,loot_walk=density0.041,110
2026-09-08T01:38:52Z,t9UYbWl5oR4,yt t9UYbWl5oR4,youtube_shorts_calib,file:///root/datasets/pubg/youtube_shorts/yt_t9UYbWl5oR4.mp4,local:youtube_shorts_calib,/root/datasets/pubg/youtube_shorts/yt_t9UYbWl5oR4.mp4,12.53,12.53,0.0409,5.895,0.0347,0.1082,0.438,0.3628,0.5094,0.5094,0.0304,0.0181,,,,,0,,,,,,,,0.0042,False,streamer_talk=rms0.0347:gun0.041,111
2026-09-08T01:39:12Z,iaZJLUf9Dw0,yt iaZJLUf9Dw0,youtube_shorts_calib,file:///root/datasets/pubg/youtube_shorts/yt_iaZJLUf9Dw0.mp4,local:youtube_shorts_calib,/root/datasets/pubg/youtube_shorts/yt_iaZJLUf9Dw0.mp4,30.2,30.2,0.0,0.0,0.0,0.0421,0.427,0.0003,0.0004,0.002,0.0608,0.1096,,,,,0,,,,,,,,0.002,False,no_shots=density0.000:burst0.00:ownerbelow_owner_floor=density0.000:burst0.00,113
2026-09-08T01:39:16Z,vQmb23QuN0E,yt vQmb23QuN0E,viral_reference,file:///root/datasets/viral_reference/pubg/yt_vQmb23QuN0E.mp4,local:viral_reference,/root/datasets/viral_reference/pubg/yt_vQmb23QuN0E.mp4,8.1,8.1,0.0115,9.248,0.0015,0.1926,0.468,0.0147,0.0044,0.0147,0.0677,0.0349,,,,,0,,,,,,,,0.003,False,run_fake_gun=motion0.193:gun0.011,114
2026-09-08T01:40:04Z,f9e54582e60,tt 7630845559510682900,tiktok_pubg,file:///root/datasets/tiktok/pubg/tt_7630845559510682900.mp4,local:tiktok_pubg,/root/datasets/tiktok/pubg/tt_7630845559510682900.mp4,30.6,30.6,0.1734,7.47,0.1037,0.3106,0.426,0.0002,0.0001,0.0003,0.017,0.814,0.717,0.0,,,0,,,0.7295,0.0,0.225,0,0,0.0003,False,payoff_low=0.000:min0.10,112
2026-09-08T01:44:08Z,IBD012sNBDo,yt IBD012sNBDo,youtube_shorts_calib,file:///root/datasets/pubg/youtube_shorts/yt_IBD012sNBDo.mp4,local:youtube_shorts_calib,/root/datasets/pubg/youtube_shorts/yt_IBD012sNBDo.mp4,14.02,14.02,0.2129,3.52,0.2053,0.1869,0.472,0.0039,0.001,0.0039,0.6135,0.7305,0.0,0.0,,,0,,,0.6705,0.0,0.0,0,0,0.0028,False,payoff_low=0.000:min0.10,115
2026-09-08T01:44:15Z,5331cd88d9b,tt 7059017461710015749,tiktok_pubg,file:///root/datasets/tiktok/pubg/tt_7059017461710015749.mp4,local:tiktok_pubg,/root/datasets/tiktok/pubg/tt_7059017461710015749.mp4,47.11,47.11,0.003,9.879,0.0329,0.2436,0.235,0.0812,0.0255,0.0812,0.0714,0.1209,,,,,0,,,,,,,,0.0738,False,run_loot=motion0.244:gun0.003,117
2026-09-08T01:44:30Z,74TNvb0gREo,yt 74TNvb0gREo,youtube_shorts_calib,file:///root/datasets/pubg/youtube_shorts/yt_74TNvb0gREo.mp4,local:youtube_shorts_calib,/root/datasets/pubg/youtube_shorts/yt_74TNvb0gREo.mp4,53.58,53.58,0.0013,3.199,0.0684,0.2251,0.397,0.0004,0.0002,0.0004,0.7115,0.797,,,,,0,,,,,,,,0.0004,False,talk_menu=rms0.0684:gun0.001,114
2026-09-08T01:44:37Z,LsFzdZX568Y,yt LsFzdZX568Y,viral_reference,file:///root/datasets/viral_reference/pubg/yt_LsFzdZX568Y.mp4,local:viral_reference,/root/datasets/viral_reference/pubg/yt_LsFzdZX568Y.mp4,14.24,14.24,0.0098,31.716,0.0015,0.2443,0.309,0.0598,0.0193,0.0598,0.0316,0.031,,,,,0,,,,,,,,0.0039,False,run_loot=motion0.244:gun0.010,115
2026-09-08T01:45:02Z,BUZzd-n9a44,yt BUZzd-n9a44,youtube_shorts_calib,file:///root/datasets/pubg/youtube_shorts/yt_BUZzd-n9a44.mp4,local:youtube_shorts_calib,/root/datasets/pubg/youtube_shorts/yt_BUZzd-n9a44.mp4,34.84,34.84,0.1788,4.329,0.1691,0.3973,0.454,0.5636,0.6542,0.6542,0.1949,0.5335,0.5996,0.7685,0.9072,0.7091,0,,,0.9358,0.7277,0.5996,1,0,0.0016,True,,116
2026-09-08T01:47:54Z,0onVwcnlVOA,yt 0onVwcnlVOA,viral_reference,file:///root/datasets/viral_reference/pubg/yt_0onVwcnlVOA.mp4,local:viral_reference,/root/datasets/viral_reference/pubg/yt_0onVwcnlVOA.mp4,35.64,35.64,0.1843,3.839,0.1283,0.163,0.539,0.385,0.6529,0.6529,0.0742,0.4763,,,,,0,,,,,,,0,0.0014,False,hard_bot_farm=bot_farm_one_sided=quarters4:clusters0:kf0:mini0.000,116
2026-09-08T01:48:36Z,sg9Ohw_PbNI,yt sg9Ohw PbNI,youtube_shorts_calib,file:///root/datasets/pubg/youtube_shorts/yt_sg9Ohw_PbNI.mp4,local:youtube_shorts_calib,/root/datasets/pubg/youtube_shorts/yt_sg9Ohw_PbNI.mp4,20.52,20.52,0.0601,8.58,0.0527,0.1732,0.287,0.2569,0.2473,0.2569,0.1964,0.027,,,,,0,,,,,,,1,0.0022,False,hard_loot_walk,118
2026-09-08T01:51:23Z,ky1b3JLsA_E,yt ky1b3JLsA E,viral_reference,file:///root/datasets/viral_reference/pubg/yt_ky1b3JLsA_E.mp4,local:viral_reference,/root/datasets/viral_reference/pubg/yt_ky1b3JLsA_E.mp4,55.0,55.0,0.126,4.561,0.1059,0.2173,0.291,0.2807,0.5547,0.5547,0.6456,0.6618,0.0,0.0,,,0,,,0.9291,0.0,0.0,0,0,0.0107,False,payoff_low=0.000:min0.10,117
2026-09-08T01:51:53Z,9cc41a1eaae,tt 7489343914927754518,tiktok_pubg,file:///root/datasets/tiktok/pubg/tt_7489343914927754518.mp4,local:tiktok_pubg,/root/datasets/tiktok/pubg/tt_7489343914927754518.mp4,11.95,11.95,0.1738,2.37,0.0977,0.2059,0.28,0.001,0.0005,0.001,0.761,0.8477,,,,,0,,,,,,,0,0.0009,False,hard_bot_farm=bot_farm_one_sided=quarters4:clusters0:kf0:mini0.000,119
2026-09-08T01:53:27Z,b227cd4baa4,tt 7486396048055749910,tiktok_pubg,file:///root/datasets/tiktok/pubg/tt_7486396048055749910.mp4,local:tiktok_pubg,/root/datasets/tiktok/pubg/tt_7486396048055749910.mp4,21.59,21.59,0.1449,2.216,0.0903,0.1824,0.414,0.0014,0.0004,0.0014,0.7079,0.8302,,,,,0,,,,,,,0,0.0004,False,hard_bot_farm=bot_farm_one_sided=quarters3:clusters0:kf0:mini0.000,120
2026-09-08T01:54:12Z,4GFDTG1SNzQ,yt 4GFDTG1SNzQ,youtube_shorts_calib,file:///root/datasets/pubg/youtube_shorts/yt_4GFDTG1SNzQ.mp4,local:youtube_shorts_calib,/root/datasets/pubg/youtube_shorts/yt_4GFDTG1SNzQ.mp4,38.02,38.02,0.077,8.758,0.0635,0.1834,0.437,0.3476,0.4934,0.4934,0.284,0.0235,0.0,0.6746,0.714,0.6577,0,,,0.9895,0.22,0.0,1,0,0.0004,True,,119
2026-09-08T01:55:51Z,z6BwMqiuoDY,yt z6BwMqiuoDY,youtube_shorts_calib,file:///root/datasets/pubg/youtube_shorts/yt_z6BwMqiuoDY.mp4,local:youtube_shorts_calib,/root/datasets/pubg/youtube_shorts/yt_z6BwMqiuoDY.mp4,41.96,41.96,0.1543,3.675,0.1146,0.2913,0.328,0.7769,0.9101,0.9101,0.4051,0.0123,,,,,0,,,,,,,0,0.0007,False,hard_bot_farm=bot_farm_one_sided=quarters4:clusters1:kf0:mini0.000,118
2026-09-08T01:58:59Z,xW3KjTMYebc,yt xW3KjTMYebc,youtube_shorts_calib,file:///root/datasets/pubg/youtube_shorts/yt_xW3KjTMYebc.mp4,local:youtube_shorts_calib,/root/datasets/pubg/youtube_shorts/yt_xW3KjTMYebc.mp4,13.18,13.18,0.1969,4.611,0.1926,0.3115,0.293,0.0058,0.0026,0.0828,0.0231,0.6796,0.0,0.0,,,0,,,0.7342,0.0,0.0,0,0,0.0828,False,payoff_low=0.000:min0.10,120
2026-09-08T01:59:40Z,qtgYkD8r6IM,yt qtgYkD8r6IM,youtube_shorts_calib,file:///root/datasets/pubg/youtube_shorts/yt_qtgYkD8r6IM.mp4,local:youtube_shorts_calib,/root/datasets/pubg/youtube_shorts/yt_qtgYkD8r6IM.mp4,48.42,48.42,0.1588,3.763,0.0951,0.2518,0.409,0.3507,0.2983,0.3507,0.4947,0.6444,0.0,0.4864,0.61,0.4335,0,,,0.8568,0.22,0.0,1,0,0.0009,True,,122
2026-09-08T02:01:56Z,q0rmFVVug3A,yt q0rmFVVug3A,youtube_shorts_calib,file:///root/datasets/pubg/youtube_shorts/yt_q0rmFVVug3A.mp4,local:youtube_shorts_calib,/root/datasets/pubg/youtube_shorts/yt_q0rmFVVug3A.mp4,31.4,31.4,0.2029,3.773,0.2226,0.3369,0.45,0.0247,0.0228,0.0247,0.2086,0.7951,0.0,0.0,,,0,,,0.6789,0.0,0.0,0,0,0.0042,False,payoff_low=0.000:min0.10,121
2026-09-08T02:02:19Z,3oNB6ZO7AtY,yt 3oNB6ZO7AtY,youtube_shorts_calib,file:///root/datasets/pubg/youtube_shorts/yt_3oNB6ZO7AtY.mp4,local:youtube_shorts_calib,/root/datasets/pubg/youtube_shorts/yt_3oNB6ZO7AtY.mp4,53.52,53.52,0.22,5.612,0.276,0.1914,0.361,0.2294,0.1986,0.2294,0.068,0.666,0.0,0.0,,,0,,,0.8263,0.0,0.0,0,0,0.0166,False,payoff_low=0.000:min0.10,121
2026-09-08T02:03:35Z,f9e54582e60,tt 7630845559510682900,tiktok_pubg,file:///root/datasets/tiktok/pubg/tt_7630845559510682900.mp4,local:tiktok_pubg,/root/datasets/tiktok/pubg/tt_7630845559510682900.mp4,30.6,30.6,0.1734,7.47,0.1037,0.3106,0.426,0.0002,0.0001,0.0003,0.017,0.814,0.717,0.0,,,0,,,0.7295,0.0,0.225,0,0,0.0003,False,payoff_low=0.000:min0.10,124
2026-09-08T02:03:56Z,XFY87yUHxww,yt XFY87yUHxww,youtube_shorts_calib,file:///root/datasets/pubg/youtube_shorts/yt_XFY87yUHxww.mp4,local:youtube_shorts_calib,/root/datasets/pubg/youtube_shorts/yt_XFY87yUHxww.mp4,41.1,41.1,0.1853,4.164,0.1744,0.2274,0.39,0.1702,0.1648,0.1702,0.5117,0.6822,0.0,0.0,,,0,,,0.7697,0.0,0.0,0,0,0.0032,False,payoff_low=0.000:min0.10,123
2026-09-08T02:04:35Z,c3f04b9d46c,tt 6892429757615475969,tiktok_pubg,file:///root/datasets/tiktok/pubg/tt_6892429757615475969.mp4,local:tiktok_pubg,/root/datasets/tiktok/pubg/tt_6892429757615475969.mp4,19.67,19.67,0.1896,4.465,0.1261,0.1984,0.181,0.0047,0.004,0.0081,0.0841,0.9051,0.0,0.0,,,0,,,0.6717,0.0,0.0,0,0,0.0081,False,payoff_low=0.000:min0.10,125
2026-09-08T02:04:46Z,76955077735,tt 7675016808469957909,tiktok_pubg,file:///root/datasets/tiktok/pubg/tt_7675016808469957909.mp4,local:tiktok_pubg,/root/datasets/tiktok/pubg/tt_7675016808469957909.mp4,21.94,21.94,0.22,4.916,0.218,0.2674,0.347,0.0525,0.0811,0.0811,0.2337,0.6106,,,,,0,,,,,,,0,0.0029,False,hard_bot_farm=bot_farm_one_sided=quarters4:clusters0:kf0:mini0.000,122
2026-09-08T02:05:07Z,kqOPznn00SU,yt kqOPznn00SU,youtube_shorts_calib,file:///root/datasets/pubg/youtube_shorts/yt_kqOPznn00SU.mp4,local:youtube_shorts_calib,/root/datasets/pubg/youtube_shorts/yt_kqOPznn00SU.mp4,26.94,26.94,0.22,4.949,0.2207,0.3339,0.306,0.1654,0.3044,0.3044,0.1156,0.6914,0.0,0.0,,,0,,,0.8497,0.0,0.0,0,0,0.0024,False,payoff_low=0.000:min0.10,123
2026-09-08T02:05:24Z,1e4e76b655d,tt 6894273568981437698,tiktok_pubg,file:///root/datasets/tiktok/pubg/tt_6894273568981437698.mp4,local:tiktok_pubg,/root/datasets/tiktok/pubg/tt_6894273568981437698.mp4,31.2,31.2,0.22,5.317,0.2514,0.2341,0.418,0.2754,0.241,0.2754,0.0793,0.4431,0.0,0.0,,,0,,,0.8664,0.0,0.0,0,0,0.0011,False,payoff_low=0.000:min0.10,127
2026-09-08T02:05:33Z,57f81e2765e,tt 7479731770716392726,tiktok_pubg,file:///root/datasets/tiktok/pubg/tt_7479731770716392726.mp4,local:tiktok_pubg,/root/datasets/tiktok/pubg/tt_7479731770716392726.mp4,55.0,55.0,0.22,4.796,0.208,0.1777,0.446,0.2619,0.355,0.355,0.4522,0.6455,,,,,0,,,,,,,0,0.0053,False,hard_bot_farm=bot_farm_one_sided=quarters4:clusters0:kf0:mini0.000,124
2026-09-08T02:06:40Z,G12IxplQ2OI,yt G12IxplQ2OI,youtube_shorts_calib,file:///root/datasets/pubg/youtube_shorts/yt_G12IxplQ2OI.mp4,local:youtube_shorts_calib,/root/datasets/pubg/youtube_shorts/yt_G12IxplQ2OI.mp4,26.92,26.92,0.1692,3.607,0.109,0.1706,0.133,0.0406,0.0613,0.0613,0.028,0.7773,0.0,0.0,,,0,,,0.696,0.0,0.0,0,0,0.0012,False,payoff_low=0.000:min0.10,126
2026-09-08T02:06:53Z,BdClY8A6rYI,yt BdClY8A6rYI,youtube_shorts_calib,file:///root/datasets/pubg/youtube_shorts/yt_BdClY8A6rYI.mp4,local:youtube_shorts_calib,/root/datasets/pubg/youtube_shorts/yt_BdClY8A6rYI.mp4,47.34,47.34,0.0005,138.832,0.0001,0.454,0.326,0.0017,0.0015,0.0017,0.0195,0.0196,,,,,0,,,,,,,,0.0007,False,run_loot=motion0.454:gun0.001,129
2026-09-08T02:07:33Z,svPvTV4mkmM,yt svPvTV4mkmM,youtube_shorts_calib,file:///root/datasets/pubg/youtube_shorts/yt_svPvTV4mkmM.mp4,local:youtube_shorts_calib,/root/datasets/pubg/youtube_shorts/yt_svPvTV4mkmM.mp4,44.06,44.06,0.1631,5.193,0.1523,0.2841,0.4,0.1105,0.1133,0.1133,0.669,0.7723,0.0,0.0,,,0,,,0.7503,0.0,0.0,0,0,0.0018,False,payoff_low=0.000:min0.10,126
2026-09-08T02:08:51Z,VhK6iIXoBD0,yt VhK6iIXoBD0,youtube_shorts_calib,file:///root/datasets/pubg/youtube_shorts/yt_VhK6iIXoBD0.mp4,local:youtube_shorts_calib,/root/datasets/pubg/youtube_shorts/yt_VhK6iIXoBD0.mp4,55.0,55.0,0.22,6.0,0.3495,0.2634,0.284,0.3035,0.4323,0.4323,0.1496,0.6253,,,,,0,,,,,,,0,0.0011,False,hard_bot_farm=bot_farm_one_sided=quarters4:clusters0:kf0:mini0.000,125
2026-09-08T02:09:00Z,tSdT_CLh8D4,yt tSdT CLh8D4,youtube_shorts_calib,file:///root/datasets/pubg/youtube_shorts/yt_tSdT_CLh8D4.mp4,local:youtube_shorts_calib,/root/datasets/pubg/youtube_shorts/yt_tSdT_CLh8D4.mp4,42.88,42.88,0.1925,3.856,0.1823,0.1596,0.529,0.0387,0.0261,0.0387,0.3367,0.708,0.0,0.0,,,0,,,0.696,0.0,0.0,0,0,0.017,False,payoff_low=0.000:min0.10,128
2026-09-08T02:10:34Z,vg3OHAz8pLM,yt vg3OHAz8pLM,youtube_shorts_calib,file:///root/datasets/pubg/youtube_shorts/yt_vg3OHAz8pLM.mp4,local:youtube_shorts_calib,/root/datasets/pubg/youtube_shorts/yt_vg3OHAz8pLM.mp4,18.4,18.4,0.1915,5.572,0.2726,0.1848,0.559,0.0707,0.0264,0.0707,0.8042,0.3675,0.4617,0.0,,,0,,,0.7325,0.0,0.225,0,0,0.0455,False,payoff_low=0.000:min0.10,130
2026-09-08T02:12:17Z,8b3666b032e,owner ref mobile metro multikill c122,exemplar_good,file:///root/data/highlight_exemplars/pubg/good/owner_ref_mobile_metro_multikill_c122.mp4,local:exemplar_good,/root/data/highlight_exemplars/pubg/good/owner_ref_mobile_metro_multikill_c122.mp4,35.23,35.23,0.2071,4.415,0.1762,0.1961,0.281,0.1021,0.1195,0.1195,0.3883,0.7414,,,,,0,,,,,,,0,0.0085,False,hard_bot_farm=bot_farm_one_sided=quarters4:clusters0:kf0:mini0.000,132
2026-09-08T02:12:49Z,ky1b3JLsA_E,yt ky1b3JLsA E,viral_reference,file:///root/datasets/viral_reference/pubg/yt_ky1b3JLsA_E.mp4,local:viral_reference,/root/datasets/viral_reference/pubg/yt_ky1b3JLsA_E.mp4,55.0,55.0,0.126,4.561,0.1059,0.2173,0.291,0.2807,0.5547,0.5547,0.6456,0.6618,0.0,0.0,,,0,,,0.9291,0.0,0.0,0,0,0.0107,False,payoff_low=0.000:min0.10,127
2026-09-08T02:13:27Z,V3xbsBt5vMU,yt V3xbsBt5vMU,youtube_shorts_calib,file:///root/datasets/pubg/youtube_shorts/yt_V3xbsBt5vMU.mp4,local:youtube_shorts_calib,/root/datasets/pubg/youtube_shorts/yt_V3xbsBt5vMU.mp4,51.82,51.82,0.0345,8.726,0.032,0.2395,0.374,0.3625,0.2536,0.3625,0.3187,0.0496,,,,,0,,,,,,,,0.0,False,no_shots=density0.035:burst8.73,129
2026-09-08T02:13:28Z,nGqq2IT7jqg,yt nGqq2IT7jqg,youtube_shorts_calib,file:///root/datasets/pubg/youtube_shorts/yt_nGqq2IT7jqg.mp4,local:youtube_shorts_calib,/root/datasets/pubg/youtube_shorts/yt_nGqq2IT7jqg.mp4,14.48,14.48,0.1476,3.89,0.164,0.1466,0.224,0.2516,0.2955,0.2955,0.5713,0.5441,0.0,0.0,,,0,,,0.8387,0.0,0.0,0,0,0.0033,False,payoff_low=0.000:min0.10,128
2026-09-08T02:13:34Z,1ce018b1f50,tt 7490165167427161366,tiktok_pubg,file:///root/datasets/tiktok/pubg/tt_7490165167427161366.mp4,local:tiktok_pubg,/root/datasets/tiktok/pubg/tt_7490165167427161366.mp4,14.74,14.74,0.0016,2.426,0.0639,0.22,0.317,0.0015,0.0004,0.0015,0.7917,0.8091,,,,,0,,,,,,,,0.0011,False,talk_menu=rms0.0639:gun0.002,131
2026-09-08T02:13:42Z,87a4abdc64a,tt 7682317799783550239,tiktok_pubg,file:///root/datasets/tiktok/pubg/tt_7682317799783550239.mp4,local:tiktok_pubg,/root/datasets/tiktok/pubg/tt_7682317799783550239.mp4,33.58,33.58,0.22,5.848,0.2957,0.2326,0.39,0.0035,0.0016,0.0035,0.0293,0.8132,0.0,0.0,,,0,,,0.7027,0.0,0.0,0,0,0.002,False,payoff_low=0.000:min0.10,131
2026-09-08T02:13:48Z,E8W4aDlKf4I,yt E8W4aDlKf4I,youtube_shorts_calib,file:///root/datasets/pubg/youtube_shorts/yt_E8W4aDlKf4I.mp4,local:youtube_shorts_calib,/root/datasets/pubg/youtube_shorts/yt_E8W4aDlKf4I.mp4,50.74,50.74,0.011,9.469,0.0277,0.3301,0.332,0.0117,0.0112,0.0117,0.6967,0.7821,,,,,0,,,,,,,,0.0018,False,run_loot=motion0.330:gun0.011,130
2026-09-08T02:14:14Z,rZuiZfkpRFQ,yt rZuiZfkpRFQ,youtube_shorts_calib,file:///root/datasets/pubg/youtube_shorts/yt_rZuiZfkpRFQ.mp4,local:youtube_shorts_calib,/root/datasets/pubg/youtube_shorts/yt_rZuiZfkpRFQ.mp4,39.18,39.18,0.0516,10.363,0.0583,0.1645,0.479,0.3952,0.3745,0.3952,0.0307,0.0181,,,,,0,,,,,,,1,0.0002,False,hard_loot_walk,133
2026-09-08T02:14:22Z,g4-lFGT3jgA,yt g4-lFGT3jgA,youtube_shorts_calib,file:///root/datasets/pubg/youtube_shorts/yt_g4-lFGT3jgA.mp4,local:youtube_shorts_calib,/root/datasets/pubg/youtube_shorts/yt_g4-lFGT3jgA.mp4,55.0,55.0,0.1377,6.06,0.1176,0.1516,0.501,0.3625,0.6324,0.6324,0.6018,0.0319,0.0,0.5557,0.7006,0.4936,0,,,0.9661,0.22,0.0,1,0,0.0021,True,,133
2026-09-08T02:15:52Z,00b20056b0a,tt 7491325981525937410,tiktok_pubg,file:///root/datasets/tiktok/pubg/tt_7491325981525937410.mp4,local:tiktok_pubg,/root/datasets/tiktok/pubg/tt_7491325981525937410.mp4,55.0,55.0,0.1636,4.773,0.1058,0.0563,0.333,0.3563,0.3568,0.3568,0.3442,0.5808,0.5218,0.676,0.8353,0.6077,0,,,0.8703,0.6748,0.5218,1,0,0.0021,True,,134
2026-09-08T02:15:57Z,zpCJoUdYPg8,yt zpCJoUdYPg8,youtube_shorts_calib,file:///root/datasets/pubg/youtube_shorts/yt_zpCJoUdYPg8.mp4,local:youtube_shorts_calib,/root/datasets/pubg/youtube_shorts/yt_zpCJoUdYPg8.mp4,12.32,12.32,0.1843,4.775,0.2063,0.1974,0.285,0.0433,0.0392,0.0433,0.1989,0.7687,0.0,0.0,,,0,,,0.7083,0.0,0.0,0,0,0.0058,False,payoff_low=0.000:min0.10,135
2026-09-08T02:17:38Z,tSdT_CLh8D4,yt tSdT CLh8D4,youtube_shorts_calib,file:///root/datasets/pubg/youtube_shorts/yt_tSdT_CLh8D4.mp4,local:youtube_shorts_calib,/root/datasets/pubg/youtube_shorts/yt_tSdT_CLh8D4.mp4,42.88,42.88,0.1925,3.856,0.1823,0.1596,0.529,0.0387,0.0261,0.0387,0.3367,0.708,0.0,0.0,,,0,,,0.696,0.0,0.0,0,0,0.017,False,payoff_low=0.000:min0.10,132
2026-09-08T02:17:39Z,plwLBP0ifuo,yt plwLBP0ifuo,youtube_shorts_calib,file:///root/datasets/pubg/youtube_shorts/yt_plwLBP0ifuo.mp4,local:youtube_shorts_calib,/root/datasets/pubg/youtube_shorts/yt_plwLBP0ifuo.mp4,38.22,38.22,0.142,5.39,0.0835,0.2745,0.348,0.4105,0.506,0.506,0.3166,0.5325,0.0,0.7009,0.6918,0.7048,0,,,0.9517,0.22,0.0,1,0,0.0006,True,,137
2026-09-08T02:18:14Z,ky1b3JLsA_E,yt ky1b3JLsA E,youtube_shorts_calib,file:///root/datasets/pubg/youtube_shorts/yt_ky1b3JLsA_E.mp4,local:youtube_shorts_calib,/root/datasets/pubg/youtube_shorts/yt_ky1b3JLsA_E.mp4,55.0,55.0,0.126,4.561,0.1059,0.2173,0.291,0.2807,0.5547,0.5547,0.6456,0.6618,0.0,0.0,,,0,,,0.9291,0.0,0.0,0,0,0.0107,False,payoff_low=0.000:min0.10,136
2026-09-08T02:19:07Z,Mu1pm8sX2NQ,yt Mu1pm8sX2NQ,viral_reference,file:///root/datasets/viral_reference/pubg/yt_Mu1pm8sX2NQ.mp4,local:viral_reference,/root/datasets/viral_reference/pubg/yt_Mu1pm8sX2NQ.mp4,49.24,49.24,0.1723,3.961,0.1055,0.2079,0.36,0.0072,0.0066,0.0072,0.3998,0.738,0.0,0.0,,,0,,,0.6791,0.0,0.0,0,0,0.0054,False,payoff_low=0.000:min0.10,139
2026-09-08T02:19:48Z,1372fbaf4a3,tt 7592174565590142209,tiktok_pubg,file:///root/datasets/tiktok/pubg/tt_7592174565590142209.mp4,local:tiktok_pubg,/root/datasets/tiktok/pubg/tt_7592174565590142209.mp4,18.73,18.73,0.22,6.0,0.3291,0.3084,0.406,0.0057,0.0027,0.0057,0.541,0.8331,,,,,0,,,,,,,0,0.003,False,hard_bot_farm=bot_farm_one_sided=quarters4:clusters1:kf0:mini0.000,140
2026-09-08T02:20:24Z,q0rmFVVug3A,yt q0rmFVVug3A,youtube_shorts_calib,file:///root/datasets/pubg/youtube_shorts/yt_q0rmFVVug3A.mp4,local:youtube_shorts_calib,/root/datasets/pubg/youtube_shorts/yt_q0rmFVVug3A.mp4,31.4,31.4,0.2029,3.773,0.2226,0.3369,0.45,0.0247,0.0228,0.0247,0.2086,0.7951,0.0,0.0,,,0,,,0.6789,0.0,0.0,0,0,0.0042,False,payoff_low=0.000:min0.10,138
2026-09-08T02:21:51Z,b80472574ad,tt 7059405410704428293,tiktok_pubg,file:///root/datasets/tiktok/pubg/tt_7059405410704428293.mp4,local:tiktok_pubg,/root/datasets/tiktok/pubg/tt_7059405410704428293.mp4,6.59,6.59,0.211,4.254,0.1628,0.1676,0.309,0.2532,0.3214,0.3214,0.1461,0.6844,,,,,0,,,,,,,0,0.0028,False,hard_bot_farm=bot_farm_one_sided=quarters4:clusters0:kf0:mini0.000,141
2026-09-08T02:22:54Z,ZAzeIXJNfP0,yt ZAzeIXJNfP0,youtube_shorts_calib,file:///root/datasets/pubg/youtube_shorts/yt_ZAzeIXJNfP0.mp4,local:youtube_shorts_calib,/root/datasets/pubg/youtube_shorts/yt_ZAzeIXJNfP0.mp4,44.24,44.24,0.22,5.619,0.2766,0.2271,0.487,0.1392,0.161,0.161,0.3773,0.7152,,,,,0,,,,,,,0,0.0058,False,hard_bot_farm=bot_farm_one_sided=quarters4:clusters0:kf0:mini0.000,142
2026-09-08T02:23:07Z,15eef6b4b43,tt 6891685421374377217,tiktok_pubg,file:///root/datasets/tiktok/pubg/tt_6891685421374377217.mp4,local:tiktok_pubg,/root/datasets/tiktok/pubg/tt_6891685421374377217.mp4,19.58,19.58,0.1749,3.695,0.1163,0.2854,0.154,0.0011,0.001,0.0059,0.0749,0.8461,0.0,0.0,,,0,,,0.463,0.0,0.0,0,0,0.0059,False,payoff_low=0.000:min0.10,143
2026-09-08T02:23:20Z,vIIiKQ6h6g8,yt vIIiKQ6h6g8,youtube_shorts_calib,file:///root/datasets/pubg/youtube_shorts/yt_vIIiKQ6h6g8.mp4,local:youtube_shorts_calib,/root/datasets/pubg/youtube_shorts/yt_vIIiKQ6h6g8.mp4,32.46,32.46,0.0079,9.97,0.0736,0.2476,0.467,0.0062,0.0067,0.0067,0.1922,0.506,,,,,0,,,,,,,,0.004,False,talk_menu=rms0.0736:gun0.008,145
2026-09-08T02:24:17Z,6f930b3e649,tt 7059469549317475590,tiktok_pubg,file:///root/datasets/tiktok/pubg/tt_7059469549317475590.mp4,local:tiktok_pubg,/root/datasets/tiktok/pubg/tt_7059469549317475590.mp4,15.2,15.2,0.211,4.211,0.1593,0.2087,0.314,0.0004,0.0001,0.0004,0.4454,0.8435,,,,,0,,,,,,,0,0.0003,False,hard_bot_farm=bot_farm_one_sided=quarters4:clusters0:kf0:mini0.000,144
2026-09-08T02:24:25Z,QO01VklAAJ8,СТРИМ МЕТРО РОЯЛЬ  ИГРАЕМ 7 КАРТУ ,youtube_shorts,https://www.youtube.com/shorts/QO01VklAAJ8,метро роял 7 карта shorts пабг,/root/datasets/pubg/shorts_autolearn/yt_QO01VklAAJ8.mp4,55.0,55.0,0.0106,13.757,0.0103,0.0532,0.434,0.0056,0.0034,0.0056,0.5594,0.535,,,,,4746,,,,,,,,0.0023,False,no_shots=density0.011:burst13.76:ownerbelow_owner_floor=density0.011:burst13.76,134
2026-09-08T02:25:20Z,b82084e5174,tt 7681521161452277023,tiktok_pubg,file:///root/datasets/tiktok/pubg/tt_7681521161452277023.mp4,local:tiktok_pubg,/root/datasets/tiktok/pubg/tt_7681521161452277023.mp4,7.61,7.61,0.1927,3.668,0.114,0.1268,0.466,0.006,0.0033,0.009,0.0646,0.7963,,,,,0,,,,,,,0,0.009,False,hard_bot_farm=bot_farm_one_sided=quarters4:clusters1:kf0:mini0.000,146
2026-09-08T02:25:36Z,ncy_eazn-n8,yt ncy eazn-n8,viral_reference,file:///root/datasets/viral_reference/pubg/yt_ncy_eazn-n8.mp4,local:viral_reference,/root/datasets/viral_reference/pubg/yt_ncy_eazn-n8.mp4,43.02,43.02,0.007,3.595,0.0044,0.109,0.221,0.015,0.0051,0.015,0.027,0.1394,,,,,0,,,,,,,,0.0008,False,run_fake_gun=motion0.109:gun0.007,148
2026-09-08T02:25:43Z,5331cd88d9b,tt 7059017461710015749,tiktok_pubg,file:///root/datasets/tiktok/pubg/tt_7059017461710015749.mp4,local:tiktok_pubg,/root/datasets/tiktok/pubg/tt_7059017461710015749.mp4,47.11,47.11,0.003,9.879,0.0329,0.2436,0.235,0.0812,0.0255,0.0812,0.0714,0.1209,,,,,0,,,,,,,,0.0738,False,run_loot=motion0.244:gun0.003,149
2026-09-08T02:25:50Z,Eocl_PGaFUY,yt Eocl PGaFUY,youtube_shorts_calib,file:///root/datasets/pubg/youtube_shorts/yt_Eocl_PGaFUY.mp4,local:youtube_shorts_calib,/root/datasets/pubg/youtube_shorts/yt_Eocl_PGaFUY.mp4,44.66,44.66,0.0026,2.226,0.0604,0.242,0.432,0.0087,0.004,0.0087,0.0437,0.7522,,,,,0,,,,,,,,0.0001,False,talk_menu=rms0.0604:gun0.003,150
2026-09-08T02:26:08Z,z6BwMqiuoDY,yt z6BwMqiuoDY,youtube_shorts_calib,file:///root/datasets/pubg/youtube_shorts/yt_z6BwMqiuoDY.mp4,local:youtube_shorts_calib,/root/datasets/pubg/youtube_shorts/yt_z6BwMqiuoDY.mp4,41.96,41.96,0.1543,3.675,0.1146,0.2913,0.328,0.7769,0.9101,0.9101,0.4051,0.0123,,,,,0,,,,,,,0,0.0007,False,hard_bot_farm=bot_farm_one_sided=quarters4:clusters1:kf0:mini0.000,147
2026-09-08T02:26:32Z,V3xbsBt5vMU,yt V3xbsBt5vMU,youtube_shorts_calib,file:///root/datasets/pubg/youtube_shorts/yt_V3xbsBt5vMU.mp4,local:youtube_shorts_calib,/root/datasets/pubg/youtube_shorts/yt_V3xbsBt5vMU.mp4,51.82,51.82,0.0345,8.726,0.032,0.2395,0.374,0.3625,0.2536,0.3625,0.3187,0.0496,,,,,0,,,,,,,,0.0,False,no_shots=density0.035:burst8.73,152
2026-09-08T02:27:52Z,9cc41a1eaae,tt 7489343914927754518,tiktok_pubg,file:///root/datasets/tiktok/pubg/tt_7489343914927754518.mp4,local:tiktok_pubg,/root/datasets/tiktok/pubg/tt_7489343914927754518.mp4,11.95,11.95,0.1738,2.37,0.0977,0.2059,0.28,0.001,0.0005,0.001,0.761,0.8477,,,,,0,,,,,,,0,0.0009,False,hard_bot_farm=bot_farm_one_sided=quarters4:clusters0:kf0:mini0.000,151
2026-09-08T02:28:13Z,27f5902dc11,tt 7682492502359772434,tiktok_pubg,file:///root/datasets/tiktok/pubg/tt_7682492502359772434.mp4,local:tiktok_pubg,/root/datasets/tiktok/pubg/tt_7682492502359772434.mp4,55.0,55.0,0.1369,3.612,0.0872,0.2397,0.274,0.1686,0.1238,0.1686,0.7076,0.6765,0.0,0.0,,,0,,,0.7568,0.0,0.0,0,0,0.0062,False,payoff_low=0.000:min0.10,153
2026-09-08T02:30:37Z,QuSAzLm7bdI,yt QuSAzLm7bdI,youtube_shorts_calib,file:///root/datasets/pubg/youtube_shorts/yt_QuSAzLm7bdI.mp4,local:youtube_shorts_calib,/root/datasets/pubg/youtube_shorts/yt_QuSAzLm7bdI.mp4,13.92,13.92,0.1947,4.845,0.212,0.1887,0.448,0.7166,0.68,0.7166,0.2352,0.0351,0.0,0.6931,0.6885,0.6951,0,,,0.9448,0.22,0.0,1,0,0.0008,True,,155
2026-09-08T02:32:21Z,JDskawtOFfQ,yt JDskawtOFfQ,youtube_shorts_calib,file:///root/datasets/pubg/youtube_shorts/yt_JDskawtOFfQ.mp4,local:youtube_shorts_calib,/root/datasets/pubg/youtube_shorts/yt_JDskawtOFfQ.mp4,41.1,41.1,0.1853,4.138,0.1532,0.2089,0.334,0.3139,0.2604,0.3139,0.3922,0.6935,,,,,0,,,,,,,0,0.0067,False,hard_bot_farm=bot_farm_one_sided=quarters4:clusters0:kf0:mini0.000,156
2026-09-08T02:33:46Z,IBD012sNBDo,yt IBD012sNBDo,youtube_shorts_calib,file:///root/datasets/pubg/youtube_shorts/yt_IBD012sNBDo.mp4,local:youtube_shorts_calib,/root/datasets/pubg/youtube_shorts/yt_IBD012sNBDo.mp4,14.02,14.02,0.2129,3.52,0.2053,0.1869,0.472,0.0039,0.001,0.0039,0.6135,0.7305,0.0,0.0,,,0,,,0.6705,0.0,0.0,0,0,0.0028,False,payoff_low=0.000:min0.10,154
2026-09-08T02:35:14Z,0SHVrsM59xc,yt 0SHVrsM59xc,youtube_shorts_calib,file:///root/datasets/pubg/youtube_shorts/yt_0SHVrsM59xc.mp4,local:youtube_shorts_calib,/root/datasets/pubg/youtube_shorts/yt_0SHVrsM59xc.mp4,39.52,39.52,0.1997,5.366,0.2555,0.1629,0.41,0.0113,0.0059,0.0113,0.0423,0.7926,0.0,0.0,,,0,,,0.7003,0.0,0.0,0,0,0.001,False,payoff_low=0.000:min0.10,157
2026-09-08T02:39:32Z,gsNtOJrCuLc,yt gsNtOJrCuLc,viral_reference,file:///root/datasets/viral_reference/pubg/yt_gsNtOJrCuLc.mp4,local:viral_reference,/root/datasets/viral_reference/pubg/yt_gsNtOJrCuLc.mp4,51.58,51.58,0.0631,9.247,0.0434,0.1205,0.481,0.3025,0.3916,0.3916,0.5654,0.1712,0.0,0.0,,,0,,,0.8922,0.0,0.0,0,0,0.0052,False,payoff_low=0.000:min0.10,159
2026-09-08T02:39:42Z,XIzc1ZE-OWo,yt XIzc1ZE-OWo,youtube_shorts_calib,file:///root/datasets/pubg/youtube_shorts/yt_XIzc1ZE-OWo.mp4,local:youtube_shorts_calib,/root/datasets/pubg/youtube_shorts/yt_XIzc1ZE-OWo.mp4,11.16,11.16,0.0271,26.168,0.0182,0.2385,0.275,0.0689,0.0319,0.0689,0.0376,0.0193,,,,,0,,,,,,,,0.0255,False,run_loot=motion0.238:gun0.027,160
2026-09-08T02:39:54Z,ZBnaorYutS4,yt ZBnaorYutS4,youtube_shorts_calib,file:///root/datasets/pubg/youtube_shorts/yt_ZBnaorYutS4.mp4,local:youtube_shorts_calib,/root/datasets/pubg/youtube_shorts/yt_ZBnaorYutS4.mp4,50.08,50.08,0.007,6.568,0.0692,0.2364,0.245,0.1439,0.0894,0.1439,0.0812,0.6341,,,,,0,,,,,,,,0.001,False,talk_menu=rms0.0692:gun0.007,161
2026-09-08T02:40:45Z,440b4526f19,tt 7682754279102336286,tiktok_pubg,file:///root/datasets/tiktok/pubg/tt_7682754279102336286.mp4,local:tiktok_pubg,/root/datasets/tiktok/pubg/tt_7682754279102336286.mp4,39.92,39.92,0.2195,4.797,0.2081,0.2569,0.403,0.082,0.0925,0.0925,0.1562,0.6853,0.0,0.0,,,0,,,0.7417,0.0,0.0,0,0,0.0093,False,payoff_low=0.000:min0.10,158
2026-09-08T02:42:12Z,XeOGhEF871w,yt XeOGhEF871w,youtube_shorts_calib,file:///root/datasets/pubg/youtube_shorts/yt_XeOGhEF871w.mp4,local:youtube_shorts_calib,/root/datasets/pubg/youtube_shorts/yt_XeOGhEF871w.mp4,12.06,12.06,0.2027,4.561,0.1884,0.1852,0.398,0.01,0.0055,0.01,0.6505,0.8242,0.7708,0.0,,,0,,,0.6824,0.0,0.225,0,0,0.0049,False,payoff_low=0.000:min0.10,162
2026-09-08T02:42:21Z,dd00b542b32,owner ref mobile saturated firefight 547e,exemplar_good,file:///root/data/highlight_exemplars/pubg/good/owner_ref_mobile_saturated_firefight_547e.mp4,local:exemplar_good,/root/data/highlight_exemplars/pubg/good/owner_ref_mobile_saturated_firefight_547e.mp4,50.43,50.43,0.22,6.0,0.3685,0.2861,0.249,0.2854,0.4061,0.4061,0.3836,0.5862,,,,,0,,,,,,,0,0.0053,False,hard_bot_farm=bot_farm_one_sided=quarters4:clusters0:kf0:mini0.000,163
2026-09-08T02:42:29Z,E8W4aDlKf4I,yt E8W4aDlKf4I,youtube_shorts_calib,file:///root/datasets/pubg/youtube_shorts/yt_E8W4aDlKf4I.mp4,local:youtube_shorts_calib,/root/datasets/pubg/youtube_shorts/yt_E8W4aDlKf4I.mp4,50.74,50.74,0.011,9.469,0.0277,0.3301,0.332,0.0117,0.0112,0.0117,0.6967,0.7821,,,,,0,,,,,,,,0.0018,False,run_loot=motion0.330:gun0.011,164
2026-09-08T02:42:34Z,1ce018b1f50,tt 7490165167427161366,tiktok_pubg,file:///root/datasets/tiktok/pubg/tt_7490165167427161366.mp4,local:tiktok_pubg,/root/datasets/tiktok/pubg/tt_7490165167427161366.mp4,14.74,14.74,0.0016,2.426,0.0639,0.22,0.317,0.0015,0.0004,0.0015,0.7917,0.8091,,,,,0,,,,,,,,0.0011,False,talk_menu=rms0.0639:gun0.002,166
2026-09-08T02:44:49Z,kAg8tmXGg9g,yt kAg8tmXGg9g,youtube_shorts_calib,file:///root/datasets/pubg/youtube_shorts/yt_kAg8tmXGg9g.mp4,local:youtube_shorts_calib,/root/datasets/pubg/youtube_shorts/yt_kAg8tmXGg9g.mp4,21.2,21.2,0.22,5.68,0.2816,0.1288,0.266,0.0025,0.0015,0.0025,0.0355,0.7555,,,,,0,,,,,,,0,0.0006,False,hard_bot_farm=bot_farm_one_sided=quarters4:clusters0:kf0:mini0.000,165
2026-09-08T02:45:47Z,57f81e2765e,tt 7479731770716392726,tiktok_pubg,file:///root/datasets/tiktok/pubg/tt_7479731770716392726.mp4,local:tiktok_pubg,/root/datasets/tiktok/pubg/tt_7479731770716392726.mp4,55.0,55.0,0.22,4.796,0.208,0.1777,0.446,0.2619,0.355,0.355,0.4522,0.6455,,,,,0,,,,,,,0,0.0053,False,hard_bot_farm=bot_farm_one_sided=quarters4:clusters0:kf0:mini0.000,168
2026-09-08T02:46:39Z,sCNrSoJJZ3E,yt sCNrSoJJZ3E,youtube_shorts_calib,file:///root/datasets/pubg/youtube_shorts/yt_sCNrSoJJZ3E.mp4,local:youtube_shorts_calib,/root/datasets/pubg/youtube_shorts/yt_sCNrSoJJZ3E.mp4,38.18,38.18,0.1439,5.934,0.1414,0.1097,0.248,0.4415,0.4032,0.4415,0.6508,0.0291,0.0,0.0,,,0,,,0.9395,0.0,0.0,0,0,0.0062,False,payoff_low=0.000:min0.10,167
2026-09-08T02:47:34Z,Q9GRm_3gg_Q,С НУЛЯ ДО ФУЛ 6 В МЕТРО РОЯЛЬ ,youtube_shorts,https://www.youtube.com/shorts/Q9GRm_3gg_Q,метро роял с нуля до фул 6 shorts,/root/datasets/pubg/shorts_autolearn/yt_Q9GRm_3gg_Q.mp4,55.0,55.0,0.1501,3.898,0.1332,0.3735,0.356,0.0029,0.0012,0.0029,0.7489,0.7345,0.528,0.0,,,0,,,0.6748,0.0,0.225,0,0,0.0003,False,payoff_low=0.000:min0.10,135
2026-09-08T02:47:41Z,bCVo5KE-IlI,yt bCVo5KE-IlI,youtube_shorts_calib,file:///root/datasets/pubg/youtube_shorts/yt_bCVo5KE-IlI.mp4,local:youtube_shorts_calib,/root/datasets/pubg/youtube_shorts/yt_bCVo5KE-IlI.mp4,40.07,40.07,0.1925,3.982,0.1401,0.2927,0.352,0.1407,0.1686,0.1686,0.0387,0.6958,0.0,0.0,,,0,,,0.7644,0.0,0.0,0,0,0.0115,False,payoff_low=0.000:min0.10,169
2026-09-08T02:48:25Z,EJvB7Robvm8,yt EJvB7Robvm8,viral_reference,file:///root/datasets/viral_reference/pubg/yt_EJvB7Robvm8.mp4,local:viral_reference,/root/datasets/viral_reference/pubg/yt_EJvB7Robvm8.mp4,18.86,18.86,0.1579,7.624,0.098,0.3066,0.216,0.008,0.0034,0.008,0.1508,0.7212,0.5655,0.0,,,0,,,0.7453,0.0,0.225,0,0,0.0047,False,payoff_low=0.000:min0.10,170
2026-09-08T02:49:47Z,L6JS0yk_DqA,КАК ПОДНЯТЬСЯ С НУЛЯ НА 5 КАРТЕ В МЕТРО РОЯЛЬ ,youtube_shorts,https://www.youtube.com/shorts/L6JS0yk_DqA,метро роял с нуля до фул 6 shorts,/root/datasets/pubg/shorts_autolearn/yt_L6JS0yk_DqA.mp4,55.0,55.0,0.0139,5.178,0.0219,0.1549,0.401,0.0023,0.0009,0.0023,0.6056,0.705,,,,,773,,,,,,,,0.0001,False,run_fake_gun=motion0.155:gun0.014,136
2026-09-08T02:49:47Z,svPvTV4mkmM,yt svPvTV4mkmM,youtube_shorts_calib,file:///root/datasets/pubg/youtube_shorts/yt_svPvTV4mkmM.mp4,local:youtube_shorts_calib,/root/datasets/pubg/youtube_shorts/yt_svPvTV4mkmM.mp4,44.06,44.06,0.1631,5.193,0.1523,0.2841,0.4,0.1105,0.1133,0.1133,0.669,0.7723,0.0,0.0,,,0,,,0.7503,0.0,0.0,0,0,0.0018,False,payoff_low=0.000:min0.10,172
2026-09-08T02:51:13Z,nZ8Nsi-oRAs,yt nZ8Nsi-oRAs,youtube_shorts_calib,file:///root/datasets/pubg/youtube_shorts/yt_nZ8Nsi-oRAs.mp4,local:youtube_shorts_calib,/root/datasets/pubg/youtube_shorts/yt_nZ8Nsi-oRAs.mp4,55.0,55.0,0.2186,5.576,0.273,0.2902,0.432,0.383,0.5655,0.5655,0.4853,0.5649,0.6997,0.7359,0.9337,0.6511,0,,,0.9576,0.7958,0.6997,1,0,0.0015,True,,171
2026-09-08T02:51:23Z,f239b46aad2,tt 7059025867195944197,tiktok_pubg,file:///root/datasets/tiktok/pubg/tt_7059025867195944197.mp4,local:tiktok_pubg,/root/datasets/tiktok/pubg/tt_7059025867195944197.mp4,20.59,20.59,0.0893,6.91,0.0555,0.1923,0.232,0.6686,0.8825,0.8825,0.0328,0.0147,0.0,0.7782,0.7091,0.8078,0,,,0.9809,0.22,0.0,1,0,0.0009,True,,173
2026-09-08T02:51:35Z,6fbde255d01,tt 7682414863745879303,tiktok_pubg,file:///root/datasets/tiktok/pubg/tt_7682414863745879303.mp4,local:tiktok_pubg,/root/datasets/tiktok/pubg/tt_7682414863745879303.mp4,55.0,55.0,0.0084,3.748,0.0748,0.2076,0.572,0.0011,0.0006,0.0011,0.9138,0.8947,,,,,0,,,,,,,,0.0007,False,talk_menu=rms0.0748:gun0.008,175
2026-09-08T02:53:28Z,VhK6iIXoBD0,yt VhK6iIXoBD0,youtube_shorts_calib,file:///root/datasets/pubg/youtube_shorts/yt_VhK6iIXoBD0.mp4,local:youtube_shorts_calib,/root/datasets/pubg/youtube_shorts/yt_VhK6iIXoBD0.mp4,55.0,55.0,0.22,6.0,0.3495,0.2634,0.284,0.3035,0.4323,0.4323,0.1496,0.6253,,,,,0,,,,,,,0,0.0011,False,hard_bot_farm=bot_farm_one_sided=quarters4:clusters0:kf0:mini0.000,174
2026-09-08T02:55:00Z,1TKh5W-MXIo,HIGHLIGHTS METRO ROYALE ,youtube_highlights,https://www.youtube.com/watch?v=1TKh5W-MXIo,pubg metro royale highlights,/root/datasets/pubg/shorts_autolearn/yt_1TKh5W-MXIo.mp4,49.06,49.06,0.22,6.0,0.3474,0.3087,0.272,0.0142,0.009,0.0142,0.2033,0.8207,,,,,50,,,,,,,0,0.0019,False,hard_bot_farm=bot_farm_one_sided=quarters4:clusters0:kf0:mini0.000,137
2026-09-08T02:55:03Z,fc98f2727e4,tt 7682062429160885535,tiktok_pubg,file:///root/datasets/tiktok/pubg/tt_7682062429160885535.mp4,local:tiktok_pubg,/root/datasets/tiktok/pubg/tt_7682062429160885535.mp4,23.45,23.45,0.2109,4.108,0.1507,0.3514,0.28,0.0056,0.002,0.0056,0.048,0.8238,0.5762,0.0,,,0,,,0.6723,0.0,0.225,0,0,0.0038,False,payoff_low=0.000:min0.10,176
2026-09-08T02:55:16Z,QO01VklAAJ8,yt QO01VklAAJ8,shorts_autolearn_media,file:///root/datasets/pubg/shorts_autolearn/yt_QO01VklAAJ8.mp4,local:shorts_autolearn_media,/root/datasets/pubg/shorts_autolearn/yt_QO01VklAAJ8.mp4,55.0,55.0,0.0106,13.757,0.0103,0.0532,0.434,0.0056,0.0034,0.0056,0.5594,0.535,,,,,0,,,,,,,,0.0023,False,no_shots=density0.011:burst13.76:ownerbelow_owner_floor=density0.011:burst13.76,178
2026-09-08T02:55:41Z,iGm8Mh2pi5k,yt iGm8Mh2pi5k,youtube_shorts_calib,file:///root/datasets/pubg/youtube_shorts/yt_iGm8Mh2pi5k.mp4,local:youtube_shorts_calib,/root/datasets/pubg/youtube_shorts/yt_iGm8Mh2pi5k.mp4,31.66,31.66,0.22,5.953,0.3044,0.2595,0.506,0.0126,0.0105,0.0232,0.1109,0.8639,0.4654,0.0,,,0,,,0.7094,0.0,0.225,0,0,0.0232,False,payoff_low=0.000:min0.10,177
2026-09-08T02:55:49Z,L6JS0yk_DqA,yt L6JS0yk DqA,shorts_autolearn_media,file:///root/datasets/pubg/shorts_autolearn/yt_L6JS0yk_DqA.mp4,local:shorts_autolearn_media,/root/datasets/pubg/shorts_autolearn/yt_L6JS0yk_DqA.mp4,55.0,55.0,0.0139,5.178,0.0219,0.1549,0.401,0.0023,0.0009,0.0023,0.6056,0.705,,,,,0,,,,,,,,0.0001,False,run_fake_gun=motion0.155:gun0.014,180
2026-09-08T02:56:34Z,lqgmxYqtzTQ,yt lqgmxYqtzTQ,viral_reference,file:///root/datasets/viral_reference/pubg/yt_lqgmxYqtzTQ.mp4,local:viral_reference,/root/datasets/viral_reference/pubg/yt_lqgmxYqtzTQ.mp4,17.57,17.57,0.168,2.188,0.0973,0.4061,0.213,0.002,0.0008,0.002,0.3204,0.7931,,,,,0,,,,,,,0,0.0016,False,hard_bot_farm=bot_farm_one_sided=quarters4:clusters0:kf0:mini0.000,181
2026-09-08T02:57:03Z,9bddf759aa6,tt 7682445077234339102,tiktok_pubg,file:///root/datasets/tiktok/pubg/tt_7682445077234339102.mp4,local:tiktok_pubg,/root/datasets/tiktok/pubg/tt_7682445077234339102.mp4,29.51,29.51,0.0,2.849,0.04,0.2267,0.532,0.0875,0.1109,0.1109,0.5156,0.5955,,,,,0,,,,,,,,0.008,False,run_loot=motion0.227:gun0.000,182
2026-09-08T02:58:02Z,g4-lFGT3jgA,yt g4-lFGT3jgA,youtube_shorts_calib,file:///root/datasets/pubg/youtube_shorts/yt_g4-lFGT3jgA.mp4,local:youtube_shorts_calib,/root/datasets/pubg/youtube_shorts/yt_g4-lFGT3jgA.mp4,55.0,55.0,0.1377,6.06,0.1176,0.1516,0.501,0.3625,0.6324,0.6324,0.6018,0.0319,0.0,0.5557,0.7006,0.4936,0,,,0.9661,0.22,0.0,1,0,0.0021,True,,138
2026-09-08T02:58:49Z,Q9GRm_3gg_Q,yt Q9GRm 3gg Q,shorts_autolearn_media,file:///root/datasets/pubg/shorts_autolearn/yt_Q9GRm_3gg_Q.mp4,local:shorts_autolearn_media,/root/datasets/pubg/shorts_autolearn/yt_Q9GRm_3gg_Q.mp4,55.0,55.0,0.1501,3.898,0.1332,0.3735,0.356,0.0029,0.0012,0.0029,0.7489,0.7345,0.528,0.0,,,0,,,0.6748,0.0,0.225,0,0,0.0003,False,payoff_low=0.000:min0.10,179
2026-09-08T02:58:58Z,kqOPznn00SU,yt kqOPznn00SU,youtube_shorts_calib,file:///root/datasets/pubg/youtube_shorts/yt_kqOPznn00SU.mp4,local:youtube_shorts_calib,/root/datasets/pubg/youtube_shorts/yt_kqOPznn00SU.mp4,26.94,26.94,0.22,4.949,0.2207,0.3339,0.306,0.1654,0.3044,0.3044,0.1156,0.6914,0.0,0.0,,,0,,,0.8497,0.0,0.0,0,0,0.0024,False,payoff_low=0.000:min0.10,183
2026-09-08T02:59:18Z,vg3OHAz8pLM,yt vg3OHAz8pLM,youtube_shorts_calib,file:///root/datasets/pubg/youtube_shorts/yt_vg3OHAz8pLM.mp4,local:youtube_shorts_calib,/root/datasets/pubg/youtube_shorts/yt_vg3OHAz8pLM.mp4,18.4,18.4,0.1915,5.572,0.2726,0.1848,0.559,0.0707,0.0264,0.0707,0.8042,0.3675,0.4617,0.0,,,0,,,0.7325,0.0,0.225,0,0,0.0455,False,payoff_low=0.000:min0.10,139
2026-09-08T03:00:10Z,XeOGhEF871w,yt XeOGhEF871w,youtube_shorts_calib,file:///root/datasets/pubg/youtube_shorts/yt_XeOGhEF871w.mp4,local:youtube_shorts_calib,/root/datasets/pubg/youtube_shorts/yt_XeOGhEF871w.mp4,12.06,12.06,0.2027,4.561,0.1884,0.1852,0.398,0.01,0.0055,0.01,0.6505,0.8242,0.7708,0.0,,,0,,,0.6824,0.0,0.225,0,0,0.0049,False,payoff_low=0.000:min0.10,140
2026-09-08T03:02:48Z,76955077735,tt 7675016808469957909,tiktok_pubg,file:///root/datasets/tiktok/pubg/tt_7675016808469957909.mp4,local:tiktok_pubg,/root/datasets/tiktok/pubg/tt_7675016808469957909.mp4,21.94,21.94,0.22,4.916,0.218,0.2674,0.347,0.0525,0.0811,0.0811,0.2337,0.6106,,,,,0,,,,,,,0,0.0029,False,hard_bot_farm=bot_farm_one_sided=quarters4:clusters0:kf0:mini0.000,184
2026-09-08T03:02:53Z,a2f8644dbc4,tt 7675035429313236245,tiktok_pubg,file:///root/datasets/tiktok/pubg/tt_7675035429313236245.mp4,local:tiktok_pubg,/root/datasets/tiktok/pubg/tt_7675035429313236245.mp4,29.15,29.15,0.22,6.0,0.3138,0.3069,0.359,0.0546,0.0526,0.0546,0.3002,0.6078,,,,,0,,,,,,,0,0.009,False,hard_bot_farm=bot_farm_one_sided=quarters4:clusters0:kf0:mini0.000,185
2026-09-08T03:02:53Z,4b0bb6d9cfd,tt 7682857444665609480,tiktok_pubg,file:///root/datasets/tiktok/pubg/tt_7682857444665609480.mp4,local:tiktok_pubg,/root/datasets/tiktok/pubg/tt_7682857444665609480.mp4,36.47,36.47,0.0121,3.65,0.0588,0.3406,0.165,0.0043,0.0038,0.0043,0.705,0.763,,,,,0,,,,,,,,0.0003,False,talk_menu=rms0.0588:gun0.012,186
2026-09-08T03:03:13Z,rZuiZfkpRFQ,yt rZuiZfkpRFQ,youtube_shorts_calib,file:///root/datasets/pubg/youtube_shorts/yt_rZuiZfkpRFQ.mp4,local:youtube_shorts_calib,/root/datasets/pubg/youtube_shorts/yt_rZuiZfkpRFQ.mp4,39.18,39.18,0.0516,10.363,0.0583,0.1645,0.479,0.3952,0.3745,0.3952,0.0307,0.0181,,,,,0,,,,,,,1,0.0002,False,hard_loot_walk,187
2026-09-08T03:03:19Z,7d9d0d0b23d,tt 6705146340088745222,tiktok_pubg,file:///root/datasets/tiktok/pubg/tt_6705146340088745222.mp4,local:tiktok_pubg,/root/datasets/tiktok/pubg/tt_6705146340088745222.mp4,28.81,28.81,0.0,2.986,0.0478,0.1778,0.47,0.0031,0.0018,0.0031,0.3013,0.785,,,,,0,,,,,,,,0.0027,False,run_fake_gun=motion0.178:gun0.000,189
2026-09-08T03:03:32Z,zpCJoUdYPg8,yt zpCJoUdYPg8,youtube_shorts_calib,file:///root/datasets/pubg/youtube_shorts/yt_zpCJoUdYPg8.mp4,local:youtube_shorts_calib,/root/datasets/pubg/youtube_shorts/yt_zpCJoUdYPg8.mp4,12.32,12.32,0.1843,4.775,0.2063,0.1974,0.285,0.0433,0.0392,0.0433,0.1989,0.7687,0.0,0.0,,,0,,,0.7083,0.0,0.0,0,0,0.0058,False,payoff_low=0.000:min0.10,142
2026-09-08T03:03:32Z,gsNtOJrCuLc,yt gsNtOJrCuLc,viral_reference,file:///root/datasets/viral_reference/pubg/yt_gsNtOJrCuLc.mp4,local:viral_reference,/root/datasets/viral_reference/pubg/yt_gsNtOJrCuLc.mp4,51.58,51.58,0.0631,9.247,0.0434,0.1205,0.481,0.3025,0.3916,0.3916,0.5654,0.1712,0.0,0.0,,,0,,,0.8922,0.0,0.0,0,0,0.0052,False,payoff_low=0.000:min0.10,141
2026-09-08T03:03:36Z,t82fKY0fyMk,yt t82fKY0fyMk,youtube_shorts_calib,file:///root/datasets/pubg/youtube_shorts/yt_t82fKY0fyMk.mp4,local:youtube_shorts_calib,/root/datasets/pubg/youtube_shorts/yt_t82fKY0fyMk.mp4,14.1,14.1,0.0561,10.055,0.0333,0.2182,0.21,0.3476,0.116,0.3476,0.5114,0.0221,,,,,0,,,,,,,1,0.0018,False,hard_loot_walk,190
2026-09-08T03:04:18Z,5b151832a42,tt 7646644894651403540,tiktok_pubg,file:///root/datasets/tiktok/pubg/tt_7646644894651403540.mp4,local:tiktok_pubg,/root/datasets/tiktok/pubg/tt_7646644894651403540.mp4,6.1,6.1,0.22,4.409,0.1758,0.1196,0.413,0.0006,0.0001,0.0006,0.032,0.7972,,,,,0,,,,,,,0,0.0002,False,hard_bot_farm=bot_farm_one_sided=quarters4:clusters0:kf0:mini0.000,191
2026-09-08T03:04:34Z,1e4e76b655d,tt 6894273568981437698,tiktok_pubg,file:///root/datasets/tiktok/pubg/tt_6894273568981437698.mp4,local:tiktok_pubg,/root/datasets/tiktok/pubg/tt_6894273568981437698.mp4,31.2,31.2,0.22,5.317,0.2514,0.2341,0.418,0.2754,0.241,0.2754,0.0793,0.4431,0.0,0.0,,,0,,,0.8664,0.0,0.0,0,0,0.0011,False,payoff_low=0.000:min0.10,143
2026-09-08T03:06:04Z,8b3666b032e,owner ref mobile metro multikill c122,exemplar_good,file:///root/data/highlight_exemplars/pubg/good/owner_ref_mobile_metro_multikill_c122.mp4,local:exemplar_good,/root/data/highlight_exemplars/pubg/good/owner_ref_mobile_metro_multikill_c122.mp4,35.23,35.23,0.2071,4.415,0.1762,0.1961,0.281,0.1021,0.1195,0.1195,0.3883,0.7414,,,,,0,,,,,,,0,0.0085,False,hard_bot_farm=bot_farm_one_sided=quarters4:clusters0:kf0:mini0.000,145
2026-09-08T03:06:32Z,sCNrSoJJZ3E,yt sCNrSoJJZ3E,youtube_shorts_calib,file:///root/datasets/pubg/youtube_shorts/yt_sCNrSoJJZ3E.mp4,local:youtube_shorts_calib,/root/datasets/pubg/youtube_shorts/yt_sCNrSoJJZ3E.mp4,38.18,38.18,0.1439,5.934,0.1414,0.1097,0.248,0.4415,0.4032,0.4415,0.6508,0.0291,0.0,0.0,,,0,,,0.9395,0.0,0.0,0,0,0.0062,False,payoff_low=0.000:min0.10,144
2026-09-08T03:06:53Z,6ewR2oCz5PQ,yt 6ewR2oCz5PQ,youtube_shorts_calib,file:///root/datasets/pubg/youtube_shorts/yt_6ewR2oCz5PQ.mp4,local:youtube_shorts_calib,/root/datasets/pubg/youtube_shorts/yt_6ewR2oCz5PQ.mp4,10.88,10.88,0.22,6.0,0.3099,0.1097,0.262,0.0107,0.0068,0.0107,0.0324,0.8648,,,,,0,,,,,,,0,0.0035,False,hard_bot_farm=bot_farm_one_sided=quarters4:clusters0:kf0:mini0.000,188
2026-09-08T03:06:55Z,5b151832a42,tt 7646644894651403540,tiktok_pubg,file:///root/datasets/tiktok/pubg/tt_7646644894651403540.mp4,local:tiktok_pubg,/root/datasets/tiktok/pubg/tt_7646644894651403540.mp4,6.1,6.1,0.22,4.409,0.1758,0.1196,0.413,0.0006,0.0001,0.0006,0.032,0.7972,,,,,0,,,,,,,0,0.0002,False,hard_bot_farm=bot_farm_one_sided=quarters4:clusters0:kf0:mini0.000,146
2026-09-08T03:07:00Z,xW3KjTMYebc,yt xW3KjTMYebc,youtube_shorts_calib,file:///root/datasets/pubg/youtube_shorts/yt_xW3KjTMYebc.mp4,local:youtube_shorts_calib,/root/datasets/pubg/youtube_shorts/yt_xW3KjTMYebc.mp4,13.18,13.18,0.1969,4.611,0.1926,0.3115,0.293,0.0058,0.0026,0.0828,0.0231,0.6796,0.0,0.0,,,0,,,0.7342,0.0,0.0,0,0,0.0828,False,payoff_low=0.000:min0.10,192
2026-09-08T03:07:26Z,1372fbaf4a3,tt 7592174565590142209,tiktok_pubg,file:///root/datasets/tiktok/pubg/tt_7592174565590142209.mp4,local:tiktok_pubg,/root/datasets/tiktok/pubg/tt_7592174565590142209.mp4,18.73,18.73,0.22,6.0,0.3291,0.3084,0.406,0.0057,0.0027,0.0057,0.541,0.8331,,,,,0,,,,,,,0,0.003,False,hard_bot_farm=bot_farm_one_sided=quarters4:clusters1:kf0:mini0.000,147
2026-09-08T03:08:52Z,plwLBP0ifuo,yt plwLBP0ifuo,youtube_shorts_calib,file:///root/datasets/pubg/youtube_shorts/yt_plwLBP0ifuo.mp4,local:youtube_shorts_calib,/root/datasets/pubg/youtube_shorts/yt_plwLBP0ifuo.mp4,38.22,38.22,0.142,5.39,0.0835,0.2745,0.348,0.4105,0.506,0.506,0.3166,0.5325,0.0,0.7009,0.6918,0.7048,0,,,0.9517,0.22,0.0,1,0,0.0006,True,,148
2026-09-08T03:08:59Z,8sMckL_u1n4,yt 8sMckL u1n4,youtube_shorts_calib,file:///root/datasets/pubg/youtube_shorts/yt_8sMckL_u1n4.mp4,local:youtube_shorts_calib,/root/datasets/pubg/youtube_shorts/yt_8sMckL_u1n4.mp4,19.3,19.3,0.0566,5.947,0.0559,0.109,0.362,0.0039,0.0004,0.0039,0.7874,0.7923,0.0,0.0,,,0,,,0.6249,0.0,0.0,0,0,0.0004,False,payoff_low=0.000:min0.10,194
2026-09-08T03:09:10Z,LsFzdZX568Y,yt LsFzdZX568Y,viral_reference,file:///root/datasets/viral_reference/pubg/yt_LsFzdZX568Y.mp4,local:viral_reference,/root/datasets/viral_reference/pubg/yt_LsFzdZX568Y.mp4,14.24,14.24,0.0098,31.716,0.0015,0.2443,0.309,0.0598,0.0193,0.0598,0.0316,0.031,,,,,0,,,,,,,,0.0039,False,run_loot=motion0.244:gun0.010,150
2026-09-08T03:09:18Z,cb1e6d3f8c4,tt 7682109399136996615,tiktok_pubg,file:///root/datasets/tiktok/pubg/tt_7682109399136996615.mp4,local:tiktok_pubg,/root/datasets/tiktok/pubg/tt_7682109399136996615.mp4,55.0,55.0,0.0101,3.385,0.0751,0.2838,0.439,0.0044,0.0004,0.0218,0.8706,0.8678,,,,,0,,,,,,,,0.0029,False,talk_menu=rms0.0751:gun0.010,151
2026-09-08T03:09:30Z,cAg8xLVQXyU,yt cAg8xLVQXyU,youtube_shorts_calib,file:///root/datasets/pubg/youtube_shorts/yt_cAg8xLVQXyU.mp4,local:youtube_shorts_calib,/root/datasets/pubg/youtube_shorts/yt_cAg8xLVQXyU.mp4,54.64,54.64,0.1599,5.284,0.1059,0.2766,0.529,0.1859,0.1823,0.1859,0.593,0.6452,0.0,0.0,,,0,,,0.8009,0.0,0.0,0,0,0.0036,False,payoff_low=0.000:min0.10,193
2026-09-08T03:09:31Z,74TNvb0gREo,yt 74TNvb0gREo,youtube_shorts_calib,file:///root/datasets/pubg/youtube_shorts/yt_74TNvb0gREo.mp4,local:youtube_shorts_calib,/root/datasets/pubg/youtube_shorts/yt_74TNvb0gREo.mp4,53.58,53.58,0.0013,3.199,0.0684,0.2251,0.397,0.0004,0.0002,0.0004,0.7115,0.797,,,,,0,,,,,,,,0.0004,False,talk_menu=rms0.0684:gun0.001,152
2026-09-08T03:09:40Z,XIzc1ZE-OWo,yt XIzc1ZE-OWo,youtube_shorts_calib,file:///root/datasets/pubg/youtube_shorts/yt_XIzc1ZE-OWo.mp4,local:youtube_shorts_calib,/root/datasets/pubg/youtube_shorts/yt_XIzc1ZE-OWo.mp4,11.16,11.16,0.0271,26.168,0.0182,0.2385,0.275,0.0689,0.0319,0.0689,0.0376,0.0193,,,,,0,,,,,,,,0.0255,False,run_loot=motion0.238:gun0.027,153
2026-09-08T03:09:51Z,20b43bcc224,tt 7682977874579655966,tiktok_pubg,file:///root/datasets/tiktok/pubg/tt_7682977874579655966.mp4,local:tiktok_pubg,/root/datasets/tiktok/pubg/tt_7682977874579655966.mp4,55.0,55.0,0.003,6.878,0.0676,0.2139,0.343,0.1047,0.0661,0.1047,0.7904,0.7772,,,,,0,,,,,,,,0.0289,False,talk_menu=rms0.0676:gun0.003,195
2026-09-08T03:09:56Z,cb1e6d3f8c4,tt 7682109399136996615,tiktok_pubg,file:///root/datasets/tiktok/pubg/tt_7682109399136996615.mp4,local:tiktok_pubg,/root/datasets/tiktok/pubg/tt_7682109399136996615.mp4,55.0,55.0,0.0101,3.385,0.0751,0.2838,0.439,0.0044,0.0004,0.0218,0.8706,0.8678,,,,,0,,,,,,,,0.0029,False,talk_menu=rms0.0751:gun0.010,197
2026-09-08T03:11:13Z,lqgmxYqtzTQ,yt lqgmxYqtzTQ,viral_reference,file:///root/datasets/viral_reference/pubg/yt_lqgmxYqtzTQ.mp4,local:viral_reference,/root/datasets/viral_reference/pubg/yt_lqgmxYqtzTQ.mp4,17.57,17.57,0.168,2.188,0.0973,0.4061,0.213,0.002,0.0008,0.002,0.3204,0.7931,,,,,0,,,,,,,0,0.0016,False,hard_bot_farm=bot_farm_one_sided=quarters4:clusters0:kf0:mini0.000,154
2026-09-08T03:11:19Z,DHikyOn_dZ4,yt DHikyOn dZ4,youtube_shorts_calib,file:///root/datasets/pubg/youtube_shorts/yt_DHikyOn_dZ4.mp4,local:youtube_shorts_calib,/root/datasets/pubg/youtube_shorts/yt_DHikyOn_dZ4.mp4,40.86,40.86,0.0717,21.812,0.0402,0.1455,0.364,0.4966,0.6961,0.6961,0.5763,0.0385,0.0,0.0,,,0,,,0.9592,0.0,0.0,0,0,0.0006,False,payoff_low=0.000:min0.10,196
2026-09-08T03:12:36Z,sg9Ohw_PbNI,yt sg9Ohw PbNI,youtube_shorts_calib,file:///root/datasets/pubg/youtube_shorts/yt_sg9Ohw_PbNI.mp4,local:youtube_shorts_calib,/root/datasets/pubg/youtube_shorts/yt_sg9Ohw_PbNI.mp4,20.52,20.52,0.0601,8.58,0.0527,0.1732,0.287,0.2569,0.2473,0.2569,0.1964,0.027,,,,,0,,,,,,,1,0.0022,False,hard_loot_walk,155
2026-09-08T03:13:13Z,BdClY8A6rYI,yt BdClY8A6rYI,youtube_shorts_calib,file:///root/datasets/pubg/youtube_shorts/yt_BdClY8A6rYI.mp4,local:youtube_shorts_calib,/root/datasets/pubg/youtube_shorts/yt_BdClY8A6rYI.mp4,47.34,47.34,0.0005,138.832,0.0001,0.454,0.326,0.0017,0.0015,0.0017,0.0195,0.0196,,,,,0,,,,,,,,0.0007,False,run_loot=motion0.454:gun0.001,156
2026-09-08T03:14:14Z,cAg8xLVQXyU,yt cAg8xLVQXyU,youtube_shorts_calib,file:///root/datasets/pubg/youtube_shorts/yt_cAg8xLVQXyU.mp4,local:youtube_shorts_calib,/root/datasets/pubg/youtube_shorts/yt_cAg8xLVQXyU.mp4,54.64,54.64,0.1599,5.284,0.1059,0.2766,0.529,0.1859,0.1823,0.1859,0.593,0.6452,0.0,0.0,,,0,,,0.8009,0.0,0.0,0,0,0.0036,False,payoff_low=0.000:min0.10,149
2026-09-08T03:16:05Z,BUZzd-n9a44,yt BUZzd-n9a44,youtube_shorts_calib,file:///root/datasets/pubg/youtube_shorts/yt_BUZzd-n9a44.mp4,local:youtube_shorts_calib,/root/datasets/pubg/youtube_shorts/yt_BUZzd-n9a44.mp4,34.84,34.84,0.1788,4.329,0.1691,0.3973,0.454,0.5636,0.6542,0.6542,0.1949,0.5335,0.5996,0.7685,0.9072,0.7091,0,,,0.9358,0.7277,0.5996,1,0,0.0016,True,,198
2026-09-08T03:16:48Z,y4Bft7JaxrM,yt y4Bft7JaxrM,youtube_shorts_calib,file:///root/datasets/pubg/youtube_shorts/yt_y4Bft7JaxrM.mp4,local:youtube_shorts_calib,/root/datasets/pubg/youtube_shorts/yt_y4Bft7JaxrM.mp4,9.56,9.56,0.1146,5.976,0.0877,0.0856,0.239,0.577,0.6333,0.6333,0.3689,0.0103,0.0,0.0,,,0,,,0.9646,0.0,0.0,0,0,0.0003,False,payoff_low=0.000:min0.10,199
2026-09-08T03:17:08Z,yjRbmC_MSMk,yt yjRbmC MSMk,youtube_shorts_calib,file:///root/datasets/pubg/youtube_shorts/yt_yjRbmC_MSMk.mp4,local:youtube_shorts_calib,/root/datasets/pubg/youtube_shorts/yt_yjRbmC_MSMk.mp4,19.94,19.94,0.056,6.742,0.0855,0.1763,0.2,0.405,0.2753,0.405,0.098,0.0191,,,,,0,,,,,,,1,0.0458,False,hard_loot_walk,200
2026-09-08T03:17:37Z,roEHKQBR5eM,yt roEHKQBR5eM,youtube_shorts_calib,file:///root/datasets/pubg/youtube_shorts/yt_roEHKQBR5eM.mp4,local:youtube_shorts_calib,/root/datasets/pubg/youtube_shorts/yt_roEHKQBR5eM.mp4,28.12,28.12,0.0165,5.937,0.066,0.2292,0.533,0.5384,0.3514,0.5384,0.3407,0.0291,,,,,0,,,,,,,,0.0002,False,no_shots=density0.017:burst5.94:ownerrun_fake_gun=motion0.229:gun0.017,202
2026-09-08T03:21:03Z,nGqq2IT7jqg,yt nGqq2IT7jqg,youtube_shorts_calib,file:///root/datasets/pubg/youtube_shorts/yt_nGqq2IT7jqg.mp4,local:youtube_shorts_calib,/root/datasets/pubg/youtube_shorts/yt_nGqq2IT7jqg.mp4,14.48,14.48,0.1476,3.89,0.164,0.1466,0.224,0.2516,0.2955,0.2955,0.5713,0.5441,0.0,0.0,,,0,,,0.8387,0.0,0.0,0,0,0.0033,False,payoff_low=0.000:min0.10,201
2026-09-08T03:22:01Z,8sMckL_u1n4,yt 8sMckL u1n4,youtube_shorts_calib,file:///root/datasets/pubg/youtube_shorts/yt_8sMckL_u1n4.mp4,local:youtube_shorts_calib,/root/datasets/pubg/youtube_shorts/yt_8sMckL_u1n4.mp4,19.3,19.3,0.0566,5.947,0.0559,0.109,0.362,0.0039,0.0004,0.0039,0.7874,0.7923,0.0,0.0,,,0,,,0.6249,0.0,0.0,0,0,0.0004,False,payoff_low=0.000:min0.10,157
2026-09-08T03:23:06Z,27f5902dc11,tt 7682492502359772434,tiktok_pubg,file:///root/datasets/tiktok/pubg/tt_7682492502359772434.mp4,local:tiktok_pubg,/root/datasets/tiktok/pubg/tt_7682492502359772434.mp4,55.0,55.0,0.1369,3.612,0.0872,0.2397,0.274,0.1686,0.1238,0.1686,0.7076,0.6765,0.0,0.0,,,0,,,0.7568,0.0,0.0,0,0,0.0062,False,payoff_low=0.000:min0.10,158
2026-09-08T03:24:05Z,qcPZ6FFlc7s,yt qcPZ6FFlc7s,youtube_shorts_calib,file:///root/datasets/pubg/youtube_shorts/yt_qcPZ6FFlc7s.mp4,local:youtube_shorts_calib,/root/datasets/pubg/youtube_shorts/yt_qcPZ6FFlc7s.mp4,13.98,13.98,0.2009,4.928,0.134,0.2186,0.316,0.0012,0.0004,0.0012,0.0512,0.8143,0.6605,0.0,,,0,,,0.6854,0.0,0.225,0,0,0.0002,False,payoff_low=0.000:min0.10,203
2026-09-08T03:26:19Z,ypE3ay9Npbg,yt ypE3ay9Npbg,youtube_shorts_calib,file:///root/datasets/pubg/youtube_shorts/yt_ypE3ay9Npbg.mp4,local:youtube_shorts_calib,/root/datasets/pubg/youtube_shorts/yt_ypE3ay9Npbg.mp4,10.16,10.16,0.1613,3.698,0.1353,0.1926,0.332,0.0146,0.0113,0.0147,0.8507,0.8447,0.0,0.0,,,0,,,0.667,0.0,0.0,0,0,0.0147,False,payoff_low=0.000:min0.10,205
2026-09-08T03:27:26Z,0SHVrsM59xc,yt 0SHVrsM59xc,youtube_shorts_calib,file:///root/datasets/pubg/youtube_shorts/yt_0SHVrsM59xc.mp4,local:youtube_shorts_calib,/root/datasets/pubg/youtube_shorts/yt_0SHVrsM59xc.mp4,39.52,39.52,0.1997,5.366,0.2555,0.1629,0.41,0.0113,0.0059,0.0113,0.0423,0.7926,0.0,0.0,,,0,,,0.7003,0.0,0.0,0,0,0.001,False,payoff_low=0.000:min0.10,160
2026-09-08T03:27:28Z,L8jA2CHl8wM,yt L8jA2CHl8wM,youtube_shorts_calib,file:///root/datasets/pubg/youtube_shorts/yt_L8jA2CHl8wM.mp4,local:youtube_shorts_calib,/root/datasets/pubg/youtube_shorts/yt_L8jA2CHl8wM.mp4,37.22,37.22,0.2019,5.726,0.2855,0.2961,0.29,0.2466,0.2757,0.2757,0.2613,0.6764,0.0,0.0,,,0,,,0.8504,0.0,0.0,0,0,0.0074,False,payoff_low=0.000:min0.10,204
2026-09-08T03:28:09Z,G12IxplQ2OI,yt G12IxplQ2OI,youtube_shorts_calib,file:///root/datasets/pubg/youtube_shorts/yt_G12IxplQ2OI.mp4,local:youtube_shorts_calib,/root/datasets/pubg/youtube_shorts/yt_G12IxplQ2OI.mp4,26.92,26.92,0.1692,3.607,0.109,0.1706,0.133,0.0406,0.0613,0.0613,0.028,0.7773,0.0,0.0,,,0,,,0.696,0.0,0.0,0,0,0.0012,False,payoff_low=0.000:min0.10,159
2026-09-08T03:28:20Z,1TKh5W-MXIo,yt 1TKh5W-MXIo,shorts_autolearn_media,file:///root/datasets/pubg/shorts_autolearn/yt_1TKh5W-MXIo.mp4,local:shorts_autolearn_media,/root/datasets/pubg/shorts_autolearn/yt_1TKh5W-MXIo.mp4,49.06,49.06,0.22,6.0,0.3474,0.3087,0.272,0.0142,0.009,0.0142,0.2033,0.8207,,,,,0,,,,,,,0,0.0019,False,hard_bot_farm=bot_farm_one_sided=quarters4:clusters0:kf0:mini0.000,206
2026-09-08T03:29:45Z,0onVwcnlVOA,yt 0onVwcnlVOA,viral_reference,file:///root/datasets/viral_reference/pubg/yt_0onVwcnlVOA.mp4,local:viral_reference,/root/datasets/viral_reference/pubg/yt_0onVwcnlVOA.mp4,35.64,35.64,0.1843,3.839,0.1283,0.163,0.539,0.385,0.6529,0.6529,0.0742,0.4763,,,,,0,,,,,,,0,0.0014,False,hard_bot_farm=bot_farm_one_sided=quarters4:clusters0:kf0:mini0.000,162
2026-09-08T03:32:22Z,6ewR2oCz5PQ,yt 6ewR2oCz5PQ,youtube_shorts_calib,file:///root/datasets/pubg/youtube_shorts/yt_6ewR2oCz5PQ.mp4,local:youtube_shorts_calib,/root/datasets/pubg/youtube_shorts/yt_6ewR2oCz5PQ.mp4,10.88,10.88,0.22,6.0,0.3099,0.1097,0.262,0.0107,0.0068,0.0107,0.0324,0.8648,,,,,0,,,,,,,0,0.0035,False,hard_bot_farm=bot_farm_one_sided=quarters4:clusters0:kf0:mini0.000,161
2026-09-08T03:36:29Z,b80472574ad,tt 7059405410704428293,tiktok_pubg,file:///root/datasets/tiktok/pubg/tt_7059405410704428293.mp4,local:tiktok_pubg,/root/datasets/tiktok/pubg/tt_7059405410704428293.mp4,6.59,6.59,0.211,4.254,0.1628,0.1676,0.309,0.2532,0.3214,0.3214,0.1461,0.6844,,,,,0,,,,,,,0,0.0028,False,hard_bot_farm=bot_farm_one_sided=quarters4:clusters0:kf0:mini0.000,164
2026-09-08T03:36:48Z,EJvB7Robvm8,yt EJvB7Robvm8,viral_reference,file:///root/datasets/viral_reference/pubg/yt_EJvB7Robvm8.mp4,local:viral_reference,/root/datasets/viral_reference/pubg/yt_EJvB7Robvm8.mp4,18.86,18.86,0.1579,7.624,0.098,0.3066,0.216,0.008,0.0034,0.008,0.1508,0.7212,0.5655,0.0,,,0,,,0.7453,0.0,0.225,0,0,0.0047,False,payoff_low=0.000:min0.10,163
2026-09-08T03:37:02Z,y4Bft7JaxrM,yt y4Bft7JaxrM,youtube_shorts_calib,file:///root/datasets/pubg/youtube_shorts/yt_y4Bft7JaxrM.mp4,local:youtube_shorts_calib,/root/datasets/pubg/youtube_shorts/yt_y4Bft7JaxrM.mp4,9.56,9.56,0.1146,5.976,0.0877,0.0856,0.239,0.577,0.6333,0.6333,0.3689,0.0103,0.0,0.0,,,0,,,0.9646,0.0,0.0,0,0,0.0003,False,payoff_low=0.000:min0.10,163
2026-09-08T03:37:21Z,7d9d0d0b23d,tt 6705146340088745222,tiktok_pubg,file:///root/datasets/tiktok/pubg/tt_6705146340088745222.mp4,local:tiktok_pubg,/root/datasets/tiktok/pubg/tt_6705146340088745222.mp4,28.81,28.81,0.0,2.986,0.0478,0.1778,0.47,0.0031,0.0018,0.0031,0.3013,0.785,,,,,0,,,,,,,,0.0027,False,run_fake_gun=motion0.178:gun0.000,165
2026-09-08T03:38:56Z,bCVo5KE-IlI,yt bCVo5KE-IlI,youtube_shorts_calib,file:///root/datasets/pubg/youtube_shorts/yt_bCVo5KE-IlI.mp4,local:youtube_shorts_calib,/root/datasets/pubg/youtube_shorts/yt_bCVo5KE-IlI.mp4,40.07,40.07,0.1925,3.982,0.1401,0.2927,0.352,0.1407,0.1686,0.1686,0.0387,0.6958,0.0,0.0,,,0,,,0.7644,0.0,0.0,0,0,0.0115,False,payoff_low=0.000:min0.10,165
2026-09-08T03:39:16Z,7d9d0d0b23d,tt 6705146340088745222,tiktok_pubg,file:///root/datasets/tiktok/pubg/tt_6705146340088745222.mp4,local:tiktok_pubg,/root/datasets/tiktok/pubg/tt_6705146340088745222.mp4,28.81,28.81,0.0,2.986,0.0478,0.1778,0.47,0.0031,0.0018,0.0031,0.3013,0.785,,,,,0,,,,,,,,0.0027,False,run_fake_gun=motion0.178:gun0.000,167
2026-09-08T03:43:38Z,qtgYkD8r6IM,yt qtgYkD8r6IM,youtube_shorts_calib,file:///root/datasets/pubg/youtube_shorts/yt_qtgYkD8r6IM.mp4,local:youtube_shorts_calib,/root/datasets/pubg/youtube_shorts/yt_qtgYkD8r6IM.mp4,48.42,48.42,0.1588,3.763,0.0951,0.2518,0.409,0.3507,0.2983,0.3507,0.4947,0.6444,0.0,0.4864,0.61,0.4335,0,,,0.8568,0.22,0.0,1,0,0.0009,True,,166
2026-09-08T03:44:55Z,XFY87yUHxww,yt XFY87yUHxww,youtube_shorts_calib,file:///root/datasets/pubg/youtube_shorts/yt_XFY87yUHxww.mp4,local:youtube_shorts_calib,/root/datasets/pubg/youtube_shorts/yt_XFY87yUHxww.mp4,41.1,41.1,0.1853,4.164,0.1744,0.2274,0.39,0.1702,0.1648,0.1702,0.5117,0.6822,0.0,0.0,,,0,,,0.7697,0.0,0.0,0,0,0.0032,False,payoff_low=0.000:min0.10,168
2026-09-08T03:44:57Z,87a4abdc64a,tt 7682317799783550239,tiktok_pubg,file:///root/datasets/tiktok/pubg/tt_7682317799783550239.mp4,local:tiktok_pubg,/root/datasets/tiktok/pubg/tt_7682317799783550239.mp4,33.58,33.58,0.22,5.848,0.2957,0.2326,0.39,0.0035,0.0016,0.0035,0.0293,0.8132,0.0,0.0,,,0,,,0.7027,0.0,0.0,0,0,0.002,False,payoff_low=0.000:min0.10,164
2026-09-08T03:45:32Z,b227cd4baa4,tt 7486396048055749910,tiktok_pubg,file:///root/datasets/tiktok/pubg/tt_7486396048055749910.mp4,local:tiktok_pubg,/root/datasets/tiktok/pubg/tt_7486396048055749910.mp4,21.59,21.59,0.1449,2.216,0.0903,0.1824,0.414,0.0014,0.0004,0.0014,0.7079,0.8302,,,,,0,,,,,,,0,0.0004,False,hard_bot_farm=bot_farm_one_sided=quarters3:clusters0:kf0:mini0.000,169
2026-09-08T03:50:23Z,L8jA2CHl8wM,yt L8jA2CHl8wM,youtube_shorts_calib,file:///root/datasets/pubg/youtube_shorts/yt_L8jA2CHl8wM.mp4,local:youtube_shorts_calib,/root/datasets/pubg/youtube_shorts/yt_L8jA2CHl8wM.mp4,37.22,37.22,0.2019,5.726,0.2855,0.2961,0.29,0.2466,0.2757,0.2757,0.2613,0.6764,0.0,0.0,,,0,,,0.8504,0.0,0.0,0,0,0.0074,False,payoff_low=0.000:min0.10,171
2026-09-08T03:51:04Z,440b4526f19,tt 7682754279102336286,tiktok_pubg,file:///root/datasets/tiktok/pubg/tt_7682754279102336286.mp4,local:tiktok_pubg,/root/datasets/tiktok/pubg/tt_7682754279102336286.mp4,39.92,39.92,0.2195,4.797,0.2081,0.2569,0.403,0.082,0.0925,0.0925,0.1562,0.6853,0.0,0.0,,,0,,,0.7417,0.0,0.0,0,0,0.0093,False,payoff_low=0.000:min0.10,166
2026-09-08T03:52:05Z,87a4abdc64a,tt 7682317799783550239,tiktok_pubg,file:///root/datasets/tiktok/pubg/tt_7682317799783550239.mp4,local:tiktok_pubg,/root/datasets/tiktok/pubg/tt_7682317799783550239.mp4,33.58,33.58,0.22,5.848,0.2957,0.2326,0.39,0.0035,0.0016,0.0035,0.0293,0.8132,0.0,0.0,,,0,,,0.7027,0.0,0.0,0,0,0.002,False,payoff_low=0.000:min0.10,170
2026-09-08T03:52:12Z,4b0bb6d9cfd,tt 7682857444665609480,tiktok_pubg,file:///root/datasets/tiktok/pubg/tt_7682857444665609480.mp4,local:tiktok_pubg,/root/datasets/tiktok/pubg/tt_7682857444665609480.mp4,36.47,36.47,0.0121,3.65,0.0588,0.3406,0.165,0.0043,0.0038,0.0043,0.705,0.763,,,,,0,,,,,,,,0.0003,False,talk_menu=rms0.0588:gun0.012,173
2026-09-08T03:52:54Z,DHikyOn_dZ4,yt DHikyOn dZ4,youtube_shorts_calib,file:///root/datasets/pubg/youtube_shorts/yt_DHikyOn_dZ4.mp4,local:youtube_shorts_calib,/root/datasets/pubg/youtube_shorts/yt_DHikyOn_dZ4.mp4,40.86,40.86,0.0717,21.812,0.0402,0.1455,0.364,0.4966,0.6961,0.6961,0.5763,0.0385,0.0,0.0,,,0,,,0.9592,0.0,0.0,0,0,0.0006,False,payoff_low=0.000:min0.10,172
2026-09-08T03:53:52Z,yjRbmC_MSMk,yt yjRbmC MSMk,youtube_shorts_calib,file:///root/datasets/pubg/youtube_shorts/yt_yjRbmC_MSMk.mp4,local:youtube_shorts_calib,/root/datasets/pubg/youtube_shorts/yt_yjRbmC_MSMk.mp4,19.94,19.94,0.056,6.742,0.0855,0.1763,0.2,0.405,0.2753,0.405,0.098,0.0191,,,,,0,,,,,,,1,0.0458,False,hard_loot_walk,175
2026-09-08T03:54:05Z,vIIiKQ6h6g8,yt vIIiKQ6h6g8,youtube_shorts_calib,file:///root/datasets/pubg/youtube_shorts/yt_vIIiKQ6h6g8.mp4,local:youtube_shorts_calib,/root/datasets/pubg/youtube_shorts/yt_vIIiKQ6h6g8.mp4,32.46,32.46,0.0079,9.97,0.0736,0.2476,0.467,0.0062,0.0067,0.0067,0.1922,0.506,,,,,0,,,,,,,,0.004,False,talk_menu=rms0.0736:gun0.008,176
2026-09-08T03:54:29Z,9bddf759aa6,tt 7682445077234339102,tiktok_pubg,file:///root/datasets/tiktok/pubg/tt_7682445077234339102.mp4,local:tiktok_pubg,/root/datasets/tiktok/pubg/tt_7682445077234339102.mp4,29.51,29.51,0.0,2.849,0.04,0.2267,0.532,0.0875,0.1109,0.1109,0.5156,0.5955,,,,,0,,,,,,,,0.008,False,run_loot=motion0.227:gun0.000,177
2026-09-08T03:54:55Z,t82fKY0fyMk,yt t82fKY0fyMk,youtube_shorts_calib,file:///root/datasets/pubg/youtube_shorts/yt_t82fKY0fyMk.mp4,local:youtube_shorts_calib,/root/datasets/pubg/youtube_shorts/yt_t82fKY0fyMk.mp4,14.1,14.1,0.0561,10.055,0.0333,0.2182,0.21,0.3476,0.116,0.3476,0.5114,0.0221,,,,,0,,,,,,,1,0.0018,False,hard_loot_walk,178
2026-09-08T03:55:26Z,QuSAzLm7bdI,yt QuSAzLm7bdI,youtube_shorts_calib,file:///root/datasets/pubg/youtube_shorts/yt_QuSAzLm7bdI.mp4,local:youtube_shorts_calib,/root/datasets/pubg/youtube_shorts/yt_QuSAzLm7bdI.mp4,13.92,13.92,0.1947,4.845,0.212,0.1887,0.448,0.7166,0.68,0.7166,0.2352,0.0351,0.0,0.6945,0.6885,0.6971,0,,,0.9448,0.22,0.0,1,0,0.0008,True,,167
2026-09-08T03:56:24Z,JDskawtOFfQ,yt JDskawtOFfQ,youtube_shorts_calib,file:///root/datasets/pubg/youtube_shorts/yt_JDskawtOFfQ.mp4,local:youtube_shorts_calib,/root/datasets/pubg/youtube_shorts/yt_JDskawtOFfQ.mp4,41.1,41.1,0.1853,4.138,0.1532,0.2089,0.334,0.3139,0.2604,0.3139,0.3922,0.6935,,,,,0,,,,,,,0,0.0067,False,hard_bot_farm=bot_farm_one_sided=quarters4:clusters0:kf0:mini0.000,179
2026-09-08T03:57:27Z,fc98f2727e4,tt 7682062429160885535,tiktok_pubg,file:///root/datasets/tiktok/pubg/tt_7682062429160885535.mp4,local:tiktok_pubg,/root/datasets/tiktok/pubg/tt_7682062429160885535.mp4,23.45,23.45,0.2109,4.108,0.1507,0.3514,0.28,0.0056,0.002,0.0056,0.048,0.8238,0.5762,0.0,,,0,,,0.6723,0.0,0.225,0,0,0.0038,False,payoff_low=0.000:min0.10,174
2026-09-08T03:57:34Z,Eocl_PGaFUY,yt Eocl PGaFUY,youtube_shorts_calib,file:///root/datasets/pubg/youtube_shorts/yt_Eocl_PGaFUY.mp4,local:youtube_shorts_calib,/root/datasets/pubg/youtube_shorts/yt_Eocl_PGaFUY.mp4,44.66,44.66,0.0026,2.226,0.0604,0.242,0.432,0.0087,0.004,0.0087,0.0437,0.7522,,,,,0,,,,,,,,0.0001,False,talk_menu=rms0.0604:gun0.003,181
2026-09-08T03:57:47Z,ZBnaorYutS4,yt ZBnaorYutS4,youtube_shorts_calib,file:///root/datasets/pubg/youtube_shorts/yt_ZBnaorYutS4.mp4,local:youtube_shorts_calib,/root/datasets/pubg/youtube_shorts/yt_ZBnaorYutS4.mp4,50.08,50.08,0.007,6.568,0.0692,0.2364,0.245,0.1439,0.0894,0.1439,0.0812,0.6341,,,,,0,,,,,,,,0.001,False,talk_menu=rms0.0692:gun0.007,182
2026-09-08T03:59:42Z,iGm8Mh2pi5k,yt iGm8Mh2pi5k,youtube_shorts_calib,file:///root/datasets/pubg/youtube_shorts/yt_iGm8Mh2pi5k.mp4,local:youtube_shorts_calib,/root/datasets/pubg/youtube_shorts/yt_iGm8Mh2pi5k.mp4,31.66,31.66,0.22,5.953,0.3044,0.2595,0.506,0.0126,0.0105,0.0232,0.1109,0.8639,0.4654,0.0,,,0,,,0.7094,0.0,0.225,0,0,0.0232,False,payoff_low=0.000:min0.10,180
2026-09-08T04:01:03Z,00b20056b0a,tt 7491325981525937410,tiktok_pubg,file:///root/datasets/tiktok/pubg/tt_7491325981525937410.mp4,local:tiktok_pubg,/root/datasets/tiktok/pubg/tt_7491325981525937410.mp4,55.0,55.0,0.1636,4.773,0.1058,0.0563,0.333,0.3563,0.3568,0.3568,0.3442,0.5808,0.5218,0.645,0.8353,0.5635,0,,,0.8703,0.6748,0.5218,1,0,0.0021,True,,183
2026-09-08T04:02:49Z,ZAzeIXJNfP0,yt ZAzeIXJNfP0,youtube_shorts_calib,file:///root/datasets/pubg/youtube_shorts/yt_ZAzeIXJNfP0.mp4,local:youtube_shorts_calib,/root/datasets/pubg/youtube_shorts/yt_ZAzeIXJNfP0.mp4,44.24,44.24,0.22,5.619,0.2766,0.2271,0.487,0.1392,0.161,0.161,0.3773,0.7152,,,,,0,,,,,,,0,0.0058,False,hard_bot_farm=bot_farm_one_sided=quarters4:clusters0:kf0:mini0.000,184
2026-09-08T04:06:01Z,f239b46aad2,tt 7059025867195944197,tiktok_pubg,file:///root/datasets/tiktok/pubg/tt_7059025867195944197.mp4,local:tiktok_pubg,/root/datasets/tiktok/pubg/tt_7059025867195944197.mp4,20.59,20.59,0.0893,6.91,0.0555,0.1923,0.232,0.6686,0.8825,0.8825,0.0328,0.0147,0.0,0.7229,0.7091,0.7288,0,,,0.9809,0.22,0.0,1,0,0.0009,True,,186
2026-09-08T04:07:07Z,440b4526f19,tt 7682754279102336286,tiktok_pubg,file:///root/datasets/tiktok/pubg/tt_7682754279102336286.mp4,local:tiktok_pubg,/root/datasets/tiktok/pubg/tt_7682754279102336286.mp4,39.92,39.92,0.2195,4.797,0.2081,0.2569,0.403,0.082,0.0925,0.0925,0.1562,0.6853,0.0,0.0,,,0,,,0.7417,0.0,0.0,0,0,0.0093,False,payoff_low=0.000:min0.10,185
2026-09-08T04:07:16Z,20b43bcc224,tt 7682977874579655966,tiktok_pubg,file:///root/datasets/tiktok/pubg/tt_7682977874579655966.mp4,local:tiktok_pubg,/root/datasets/tiktok/pubg/tt_7682977874579655966.mp4,55.0,55.0,0.003,6.878,0.0676,0.2139,0.343,0.1047,0.0661,0.1047,0.7904,0.7772,,,,,0,,,,,,,,0.0289,False,talk_menu=rms0.0676:gun0.003,188
2026-09-08T04:07:26Z,k1tzRu2c8ic,КАКАЯ КАРТА В ИТОГЕ ЛУЧШЕ 3 ИЛИ 5 В МЕТРО РОЯЛЬ ,youtube_shorts,https://www.youtube.com/shorts/k1tzRu2c8ic,метро роял 8 карта shorts пабг,/root/datasets/pubg/shorts_autolearn/yt_k1tzRu2c8ic.mp4,55.0,55.0,0.1557,3.865,0.1433,0.1444,0.476,0.4378,0.6308,0.6308,0.6154,0.5205,,,,,1135,,,,,,,0,0.0057,False,hard_bot_farm=bot_victim_name=ai,168
2026-09-08T04:10:28Z,4GFDTG1SNzQ,yt 4GFDTG1SNzQ,youtube_shorts_calib,file:///root/datasets/pubg/youtube_shorts/yt_4GFDTG1SNzQ.mp4,local:youtube_shorts_calib,/root/datasets/pubg/youtube_shorts/yt_4GFDTG1SNzQ.mp4,38.02,38.02,0.077,8.758,0.0635,0.1834,0.437,0.3476,0.4934,0.4934,0.284,0.0235,0.0,0.6267,0.714,0.5893,0,,,0.9895,0.22,0.0,1,0,0.0004,True,,187
2026-09-08T04:12:24Z,nZ8Nsi-oRAs,yt nZ8Nsi-oRAs,youtube_shorts_calib,file:///root/datasets/pubg/youtube_shorts/yt_nZ8Nsi-oRAs.mp4,local:youtube_shorts_calib,/root/datasets/pubg/youtube_shorts/yt_nZ8Nsi-oRAs.mp4,55.0,55.0,0.2186,5.576,0.273,0.2902,0.432,0.383,0.5655,0.5655,0.4853,0.5649,0.6997,0.8525,0.9337,0.8177,0,,,0.9576,0.7958,0.6997,1,0,0.0015,True,,189
2026-09-08T04:12:31Z,dd00b542b32,owner ref mobile saturated firefight 547e,exemplar_good,file:///root/data/highlight_exemplars/pubg/good/owner_ref_mobile_saturated_firefight_547e.mp4,local:exemplar_good,/root/data/highlight_exemplars/pubg/good/owner_ref_mobile_saturated_firefight_547e.mp4,50.43,50.43,0.22,6.0,0.3685,0.2861,0.249,0.2854,0.4061,0.4061,0.3836,0.5862,,,,,0,,,,,,,0,0.0053,False,hard_bot_farm=bot_farm_one_sided=quarters4:clusters0:kf0:mini0.000,190
2026-09-08T04:13:35Z,c3f04b9d46c,tt 6892429757615475969,tiktok_pubg,file:///root/datasets/tiktok/pubg/tt_6892429757615475969.mp4,local:tiktok_pubg,/root/datasets/tiktok/pubg/tt_6892429757615475969.mp4,19.67,19.67,0.1896,4.465,0.1261,0.1984,0.181,0.0047,0.004,0.0081,0.0841,0.9051,0.0,0.0,,,0,,,0.6717,0.0,0.0,0,0,0.0081,False,payoff_low=0.000:min0.10,192
2026-09-08T04:14:27Z,ZFTlNq1r-AY,Вынес всю 5 карту в Метро Рояль ,youtube_shorts,https://www.youtube.com/shorts/ZFTlNq1r-AY,метро роял 8 карта shorts пабг,/root/datasets/pubg/shorts_autolearn/yt_ZFTlNq1r-AY.mp4,55.0,55.0,0.1466,5.538,0.1448,0.2332,0.342,0.3319,0.3991,0.3991,0.6967,0.5858,0.0,0.0,,,576,,,0.9068,0.0,0.0,0,0,0.0058,False,payoff_low=0.000:min0.10,169
2026-09-08T04:14:44Z,y4Bft7JaxrM,yt y4Bft7JaxrM,youtube_shorts_calib,file:///root/datasets/pubg/youtube_shorts/yt_y4Bft7JaxrM.mp4,local:youtube_shorts_calib,/root/datasets/pubg/youtube_shorts/yt_y4Bft7JaxrM.mp4,9.56,9.56,0.1146,5.976,0.0877,0.0856,0.239,0.577,0.6333,0.6333,0.3689,0.0103,0.0,0.0,,,0,,,0.9646,0.0,0.0,0,0,0.0003,False,payoff_low=0.000:min0.10,191
2026-09-08T04:16:26Z,ZFTlNq1r-AY,yt ZFTlNq1r-AY,shorts_autolearn_media,file:///root/datasets/pubg/shorts_autolearn/yt_ZFTlNq1r-AY.mp4,local:shorts_autolearn_media,/root/datasets/pubg/shorts_autolearn/yt_ZFTlNq1r-AY.mp4,55.0,55.0,0.1466,5.538,0.1448,0.2332,0.342,0.3319,0.3991,0.3991,0.6967,0.5858,0.0,0.0,,,0,,,0.9068,0.0,0.0,0,0,0.0058,False,payoff_low=0.000:min0.10,193
2026-09-08T04:16:39Z,6fbde255d01,tt 7682414863745879303,tiktok_pubg,file:///root/datasets/tiktok/pubg/tt_7682414863745879303.mp4,local:tiktok_pubg,/root/datasets/tiktok/pubg/tt_7682414863745879303.mp4,55.0,55.0,0.0084,3.748,0.0748,0.2076,0.572,0.0011,0.0006,0.0011,0.9138,0.8947,,,,,0,,,,,,,,0.0007,False,talk_menu=rms0.0748:gun0.008,195
2026-09-08T04:17:59Z,ypE3ay9Npbg,yt ypE3ay9Npbg,youtube_shorts_calib,file:///root/datasets/pubg/youtube_shorts/yt_ypE3ay9Npbg.mp4,local:youtube_shorts_calib,/root/datasets/pubg/youtube_shorts/yt_ypE3ay9Npbg.mp4,10.16,10.16,0.1613,3.698,0.1353,0.1926,0.332,0.0146,0.0113,0.0147,0.8507,0.8447,0.0,0.0,,,0,,,0.667,0.0,0.0,0,0,0.0147,False,payoff_low=0.000:min0.10,196
2026-09-08T04:18:19Z,QB-NYAzrlHY,КИТАЙСКИЙ СЕРВЕР 5 КАРТА В МЕТРО РОЯЛЬ ,youtube_shorts,https://www.youtube.com/shorts/QB-NYAzrlHY,метро роял 8 карта shorts пабг,/root/datasets/pubg/shorts_autolearn/yt_QB-NYAzrlHY.mp4,55.0,55.0,0.0123,3.375,0.0496,0.21,0.408,0.0001,0.0,0.0004,0.5863,0.6277,,,,,0,,,,,,,,0.0004,False,run_fake_gun=motion0.210:gun0.012,170
2026-09-08T04:18:53Z,qcPZ6FFlc7s,yt qcPZ6FFlc7s,youtube_shorts_calib,file:///root/datasets/pubg/youtube_shorts/yt_qcPZ6FFlc7s.mp4,local:youtube_shorts_calib,/root/datasets/pubg/youtube_shorts/yt_qcPZ6FFlc7s.mp4,13.98,13.98,0.2009,4.928,0.134,0.2186,0.316,0.0012,0.0004,0.0012,0.0512,0.8143,0.6605,0.0,,,0,,,0.6854,0.0,0.225,0,0,0.0002,False,payoff_low=0.000:min0.10,194
2026-09-08T04:19:06Z,ncy_eazn-n8,yt ncy eazn-n8,viral_reference,file:///root/datasets/viral_reference/pubg/yt_ncy_eazn-n8.mp4,local:viral_reference,/root/datasets/viral_reference/pubg/yt_ncy_eazn-n8.mp4,43.02,43.02,0.007,3.595,0.0044,0.109,0.221,0.015,0.0051,0.015,0.027,0.1394,,,,,0,,,,,,,,0.0008,False,run_fake_gun=motion0.109:gun0.007,198
2026-09-08T04:19:14Z,kAg8tmXGg9g,yt kAg8tmXGg9g,youtube_shorts_calib,file:///root/datasets/pubg/youtube_shorts/yt_kAg8tmXGg9g.mp4,local:youtube_shorts_calib,/root/datasets/pubg/youtube_shorts/yt_kAg8tmXGg9g.mp4,21.2,21.2,0.22,5.68,0.2816,0.1288,0.266,0.0025,0.0015,0.0025,0.0355,0.7555,,,,,0,,,,,,,0,0.0006,False,hard_bot_farm=bot_farm_one_sided=quarters4:clusters0:kf0:mini0.000,197
2026-09-08T04:20:39Z,QuSAzLm7bdI,yt QuSAzLm7bdI,youtube_shorts_calib,file:///root/datasets/pubg/youtube_shorts/yt_QuSAzLm7bdI.mp4,local:youtube_shorts_calib,/root/datasets/pubg/youtube_shorts/yt_QuSAzLm7bdI.mp4,13.92,13.92,0.1947,4.845,0.212,0.1887,0.448,0.7166,0.68,0.7166,0.2352,0.0351,0.0,0.6945,0.6885,0.6971,0,,,0.9448,0.22,0.0,1,0,0.0008,True,,199
2026-09-08T04:22:25Z,b82084e5174,tt 7681521161452277023,tiktok_pubg,file:///root/datasets/tiktok/pubg/tt_7681521161452277023.mp4,local:tiktok_pubg,/root/datasets/tiktok/pubg/tt_7681521161452277023.mp4,7.61,7.61,0.1927,3.668,0.114,0.1268,0.466,0.006,0.0033,0.009,0.0646,0.7963,,,,,0,,,,,,,0,0.009,False,hard_bot_farm=bot_farm_one_sided=quarters4:clusters1:kf0:mini0.000,201
2026-09-08T04:24:11Z,ZQjPLGNewsA,SOLO VS. SQUADS🔥IS THE METRO DEAD?☠️IS THERE A CHANCE OF RESCUE?😱IN METRO ROYALE,youtube_highlights,https://www.youtube.com/watch?v=ZQjPLGNewsA,метро роял один против сквада,/root/datasets/pubg/shorts_autolearn/yt_ZQjPLGNewsA.mp4,55.0,55.0,0.0084,3.211,0.076,0.0955,0.431,0.0121,0.0022,0.0121,0.803,0.1019,,,,,2391,,,,,,,,0.0004,False,talk_menu=rms0.0760:gun0.008,171
2026-09-08T04:24:53Z,9bddf759aa6,tt 7682445077234339102,tiktok_pubg,file:///root/datasets/tiktok/pubg/tt_7682445077234339102.mp4,local:tiktok_pubg,/root/datasets/tiktok/pubg/tt_7682445077234339102.mp4,29.51,29.51,0.0,2.849,0.04,0.2267,0.532,0.0875,0.1109,0.1109,0.5156,0.5955,,,,,0,,,,,,,,0.008,False,run_loot=motion0.227:gun0.000,173
2026-09-08T04:24:58Z,t82fKY0fyMk,yt t82fKY0fyMk,youtube_shorts_calib,file:///root/datasets/pubg/youtube_shorts/yt_t82fKY0fyMk.mp4,local:youtube_shorts_calib,/root/datasets/pubg/youtube_shorts/yt_t82fKY0fyMk.mp4,14.1,14.1,0.0561,10.055,0.0333,0.2182,0.21,0.3476,0.116,0.3476,0.5114,0.0221,,,,,0,,,,,,,1,0.0018,False,hard_loot_walk,172
2026-09-08T04:25:48Z,6fbde255d01,tt 7682414863745879303,tiktok_pubg,file:///root/datasets/tiktok/pubg/tt_7682414863745879303.mp4,local:tiktok_pubg,/root/datasets/tiktok/pubg/tt_7682414863745879303.mp4,55.0,55.0,0.0084,3.748,0.0748,0.2076,0.572,0.0011,0.0006,0.0011,0.9138,0.8947,,,,,0,,,,,,,,0.0007,False,talk_menu=rms0.0748:gun0.008,175
2026-09-08T04:26:08Z,vIIiKQ6h6g8,yt vIIiKQ6h6g8,youtube_shorts_calib,file:///root/datasets/pubg/youtube_shorts/yt_vIIiKQ6h6g8.mp4,local:youtube_shorts_calib,/root/datasets/pubg/youtube_shorts/yt_vIIiKQ6h6g8.mp4,32.46,32.46,0.0079,9.97,0.0736,0.2476,0.467,0.0062,0.0067,0.0067,0.1922,0.506,,,,,0,,,,,,,,0.004,False,talk_menu=rms0.0736:gun0.008,176
2026-09-08T04:27:46Z,3oNB6ZO7AtY,yt 3oNB6ZO7AtY,youtube_shorts_calib,file:///root/datasets/pubg/youtube_shorts/yt_3oNB6ZO7AtY.mp4,local:youtube_shorts_calib,/root/datasets/pubg/youtube_shorts/yt_3oNB6ZO7AtY.mp4,53.52,53.52,0.22,5.612,0.276,0.1914,0.361,0.2294,0.1986,0.2294,0.068,0.666,0.0,0.0,,,0,,,0.8263,0.0,0.0,0,0,0.0166,False,payoff_low=0.000:min0.10,200
2026-09-08T04:28:00Z,a2f8644dbc4,tt 7675035429313236245,tiktok_pubg,file:///root/datasets/tiktok/pubg/tt_7675035429313236245.mp4,local:tiktok_pubg,/root/datasets/tiktok/pubg/tt_7675035429313236245.mp4,29.15,29.15,0.22,6.0,0.3138,0.3069,0.359,0.0546,0.0526,0.0546,0.3002,0.6078,,,,,0,,,,,,,0,0.009,False,hard_bot_farm=bot_farm_one_sided=quarters4:clusters0:kf0:mini0.000,202
2026-09-08T04:29:00Z,b80472574ad,tt 7059405410704428293,tiktok_pubg,file:///root/datasets/tiktok/pubg/tt_7059405410704428293.mp4,local:tiktok_pubg,/root/datasets/tiktok/pubg/tt_7059405410704428293.mp4,6.59,6.59,0.211,4.254,0.1628,0.1676,0.309,0.2532,0.3214,0.3214,0.1461,0.6844,,,,,0,,,,,,,0,0.0028,False,hard_bot_farm=bot_farm_one_sided=quarters4:clusters0:kf0:mini0.000,177
2026-09-08T04:29:15Z,k1tzRu2c8ic,yt k1tzRu2c8ic,shorts_autolearn_media,file:///root/datasets/pubg/shorts_autolearn/yt_k1tzRu2c8ic.mp4,local:shorts_autolearn_media,/root/datasets/pubg/shorts_autolearn/yt_k1tzRu2c8ic.mp4,55.0,55.0,0.1557,3.865,0.1433,0.1444,0.476,0.4378,0.6308,0.6308,0.6154,0.5205,,,,,0,,,,,,,0,0.0057,False,hard_bot_farm=bot_victim_name=ai,203
2026-09-08T04:29:18Z,15eef6b4b43,tt 6891685421374377217,tiktok_pubg,file:///root/datasets/tiktok/pubg/tt_6891685421374377217.mp4,local:tiktok_pubg,/root/datasets/tiktok/pubg/tt_6891685421374377217.mp4,19.58,19.58,0.1749,3.695,0.1163,0.2854,0.154,0.0011,0.001,0.0059,0.0749,0.8461,0.0,0.0,,,0,,,0.463,0.0,0.0,0,0,0.0059,False,payoff_low=0.000:min0.10,204
2026-09-08T04:29:41Z,roEHKQBR5eM,yt roEHKQBR5eM,youtube_shorts_calib,file:///root/datasets/pubg/youtube_shorts/yt_roEHKQBR5eM.mp4,local:youtube_shorts_calib,/root/datasets/pubg/youtube_shorts/yt_roEHKQBR5eM.mp4,28.12,28.12,0.0165,5.937,0.066,0.2292,0.533,0.5384,0.3514,0.5384,0.3407,0.0291,,,,,0,,,,,,,,0.0002,False,no_shots=density0.017:burst5.94:ownerrun_fake_gun=motion0.229:gun0.017,206
2026-09-08T04:30:09Z,6f930b3e649,tt 7059469549317475590,tiktok_pubg,file:///root/datasets/tiktok/pubg/tt_7059469549317475590.mp4,local:tiktok_pubg,/root/datasets/tiktok/pubg/tt_7059469549317475590.mp4,15.2,15.2,0.211,4.211,0.1593,0.2087,0.314,0.0004,0.0001,0.0004,0.4454,0.8435,,,,,0,,,,,,,0,0.0003,False,hard_bot_farm=bot_farm_one_sided=quarters4:clusters0:kf0:mini0.000,205
2026-09-08T04:30:19Z,L8jA2CHl8wM,yt L8jA2CHl8wM,youtube_shorts_calib,file:///root/datasets/pubg/youtube_shorts/yt_L8jA2CHl8wM.mp4,local:youtube_shorts_calib,/root/datasets/pubg/youtube_shorts/yt_L8jA2CHl8wM.mp4,37.22,37.22,0.2019,5.726,0.2855,0.2961,0.29,0.2466,0.2757,0.2757,0.2613,0.6764,0.0,0.0,,,0,,,0.8504,0.0,0.0,0,0,0.0074,False,payoff_low=0.000:min0.10,174
2026-09-08T04:30:53Z,Mu1pm8sX2NQ,yt Mu1pm8sX2NQ,viral_reference,file:///root/datasets/viral_reference/pubg/yt_Mu1pm8sX2NQ.mp4,local:viral_reference,/root/datasets/viral_reference/pubg/yt_Mu1pm8sX2NQ.mp4,49.24,49.24,0.1723,3.961,0.1055,0.2079,0.36,0.0072,0.0066,0.0072,0.3998,0.738,0.0,0.0,,,0,,,0.6791,0.0,0.0,0,0,0.0054,False,payoff_low=0.000:min0.10,207
2026-09-08T04:31:11Z,ZQjPLGNewsA,yt ZQjPLGNewsA,shorts_autolearn_media,file:///root/datasets/pubg/shorts_autolearn/yt_ZQjPLGNewsA.mp4,local:shorts_autolearn_media,/root/datasets/pubg/shorts_autolearn/yt_ZQjPLGNewsA.mp4,55.0,55.0,0.0084,3.211,0.076,0.0955,0.431,0.0121,0.0022,0.0121,0.803,0.1019,,,,,0,,,,,,,,0.0004,False,talk_menu=rms0.0760:gun0.008,208
2026-09-08T04:31:11Z,QB-NYAzrlHY,yt QB-NYAzrlHY,shorts_autolearn_media,file:///root/datasets/pubg/shorts_autolearn/yt_QB-NYAzrlHY.mp4,local:shorts_autolearn_media,/root/datasets/pubg/shorts_autolearn/yt_QB-NYAzrlHY.mp4,55.0,55.0,0.0123,3.375,0.0496,0.21,0.408,0.0001,0.0,0.0004,0.5863,0.6277,,,,,0,,,,,,,,0.0004,False,run_fake_gun=motion0.210:gun0.012,209
2026-09-08T04:32:05Z,iGm8Mh2pi5k,yt iGm8Mh2pi5k,youtube_shorts_calib,file:///root/datasets/pubg/youtube_shorts/yt_iGm8Mh2pi5k.mp4,local:youtube_shorts_calib,/root/datasets/pubg/youtube_shorts/yt_iGm8Mh2pi5k.mp4,31.66,31.66,0.22,5.953,0.3044,0.2595,0.506,0.0126,0.0105,0.0232,0.1109,0.8639,0.4654,0.0,,,0,,,0.7094,0.0,0.225,0,0,0.0232,False,payoff_low=0.000:min0.10,178
2026-09-08T04:34:08Z,a2f8644dbc4,tt 7675035429313236245,tiktok_pubg,file:///root/datasets/tiktok/pubg/tt_7675035429313236245.mp4,local:tiktok_pubg,/root/datasets/tiktok/pubg/tt_7675035429313236245.mp4,29.15,29.15,0.22,6.0,0.3138,0.3069,0.359,0.0546,0.0526,0.0546,0.3002,0.6078,,,,,0,,,,,,,0,0.009,False,hard_bot_farm=bot_farm_one_sided=quarters4:clusters0:kf0:mini0.000,179
2026-09-08T04:35:12Z,bCVo5KE-IlI,yt bCVo5KE-IlI,youtube_shorts_calib,file:///root/datasets/pubg/youtube_shorts/yt_bCVo5KE-IlI.mp4,local:youtube_shorts_calib,/root/datasets/pubg/youtube_shorts/yt_bCVo5KE-IlI.mp4,40.07,40.07,0.1925,3.982,0.1401,0.2927,0.352,0.1407,0.1686,0.1686,0.0387,0.6958,0.0,0.0,,,0,,,0.7644,0.0,0.0,0,0,0.0115,False,payoff_low=0.000:min0.10,181
2026-09-08T04:35:18Z,20b43bcc224,tt 7682977874579655966,tiktok_pubg,file:///root/datasets/tiktok/pubg/tt_7682977874579655966.mp4,local:tiktok_pubg,/root/datasets/tiktok/pubg/tt_7682977874579655966.mp4,55.0,55.0,0.003,6.878,0.0676,0.2139,0.343,0.1047,0.0661,0.1047,0.7904,0.7772,,,,,0,,,,,,,,0.0289,False,talk_menu=rms0.0676:gun0.003,182
2026-09-08T04:35:44Z,qtgYkD8r6IM,yt qtgYkD8r6IM,youtube_shorts_calib,file:///root/datasets/pubg/youtube_shorts/yt_qtgYkD8r6IM.mp4,local:youtube_shorts_calib,/root/datasets/pubg/youtube_shorts/yt_qtgYkD8r6IM.mp4,48.42,48.42,0.1588,3.763,0.0951,0.2518,0.409,0.3507,0.2983,0.3507,0.4947,0.6444,0.0,0.5186,0.61,0.4795,0,,,0.8568,0.22,0.0,1,0,0.0009,True,,180
2026-09-08T04:36:30Z,c3f04b9d46c,tt 6892429757615475969,tiktok_pubg,file:///root/datasets/tiktok/pubg/tt_6892429757615475969.mp4,local:tiktok_pubg,/root/datasets/tiktok/pubg/tt_6892429757615475969.mp4,19.67,19.67,0.1896,4.465,0.1261,0.1984,0.181,0.0047,0.004,0.0081,0.0841,0.9051,0.0,0.0,,,0,,,0.6717,0.0,0.0,0,0,0.0081,False,payoff_low=0.000:min0.10,184
2026-09-08T04:36:57Z,f239b46aad2,tt 7059025867195944197,tiktok_pubg,file:///root/datasets/tiktok/pubg/tt_7059025867195944197.mp4,local:tiktok_pubg,/root/datasets/tiktok/pubg/tt_7059025867195944197.mp4,20.59,20.59,0.0893,6.91,0.0555,0.1923,0.232,0.6686,0.8825,0.8825,0.0328,0.0147,0.0,0.7229,0.7091,0.7288,0,,,0.9809,0.22,0.0,1,0,0.0009,True,,183
2026-09-08T04:38:49Z,kAg8tmXGg9g,yt kAg8tmXGg9g,youtube_shorts_calib,file:///root/datasets/pubg/youtube_shorts/yt_kAg8tmXGg9g.mp4,local:youtube_shorts_calib,/root/datasets/pubg/youtube_shorts/yt_kAg8tmXGg9g.mp4,21.2,21.2,0.22,5.68,0.2816,0.1288,0.266,0.0025,0.0015,0.0025,0.0355,0.7555,,,,,0,,,,,,,0,0.0006,False,hard_bot_farm=bot_farm_one_sided=quarters4:clusters0:kf0:mini0.000,186
2026-09-08T04:40:56Z,ypE3ay9Npbg,yt ypE3ay9Npbg,youtube_shorts_calib,file:///root/datasets/pubg/youtube_shorts/yt_ypE3ay9Npbg.mp4,local:youtube_shorts_calib,/root/datasets/pubg/youtube_shorts/yt_ypE3ay9Npbg.mp4,10.16,10.16,0.1613,3.698,0.1353,0.1926,0.332,0.0146,0.0113,0.0147,0.8507,0.8447,0.0,0.0,,,0,,,0.667,0.0,0.0,0,0,0.0147,False,payoff_low=0.000:min0.10,183
2026-09-08T04:41:36Z,XFY87yUHxww,yt XFY87yUHxww,youtube_shorts_calib,file:///root/datasets/pubg/youtube_shorts/yt_XFY87yUHxww.mp4,local:youtube_shorts_calib,/root/datasets/pubg/youtube_shorts/yt_XFY87yUHxww.mp4,41.1,41.1,0.1853,4.164,0.1744,0.2274,0.39,0.1702,0.1648,0.1702,0.5117,0.6822,0.0,0.0,,,0,,,0.7697,0.0,0.0,0,0,0.0032,False,payoff_low=0.000:min0.10,185
2026-09-08T04:41:57Z,00b20056b0a,tt 7491325981525937410,tiktok_pubg,file:///root/datasets/tiktok/pubg/tt_7491325981525937410.mp4,local:tiktok_pubg,/root/datasets/tiktok/pubg/tt_7491325981525937410.mp4,55.0,55.0,0.1636,4.773,0.1058,0.0563,0.333,0.3563,0.3568,0.3568,0.3442,0.5808,0.5218,0.645,0.8353,0.5635,0,,,0.8703,0.6748,0.5218,1,0,0.0021,True,,187
2026-09-08T04:44:20Z,XFY87yUHxww,yt XFY87yUHxww,youtube_shorts_calib,file:///root/datasets/pubg/youtube_shorts/yt_XFY87yUHxww.mp4,local:youtube_shorts_calib,/root/datasets/pubg/youtube_shorts/yt_XFY87yUHxww.mp4,41.1,41.1,0.1853,4.164,0.1744,0.2274,0.39,0.1702,0.1648,0.1702,0.5117,0.6822,0.0,0.0,,,0,,,0.7697,0.0,0.0,0,0,0.0032,False,payoff_low=0.000:min0.10,182
2026-09-08T04:45:07Z,DHikyOn_dZ4,yt DHikyOn dZ4,youtube_shorts_calib,file:///root/datasets/pubg/youtube_shorts/yt_DHikyOn_dZ4.mp4,local:youtube_shorts_calib,/root/datasets/pubg/youtube_shorts/yt_DHikyOn_dZ4.mp4,40.86,40.86,0.0717,21.812,0.0402,0.1455,0.364,0.4966,0.6961,0.6961,0.5763,0.0385,0.0,0.0,,,0,,,0.9592,0.0,0.0,0,0,0.0006,False,payoff_low=0.000:min0.10,188
2026-09-08T04:46:05Z,ZAzeIXJNfP0,yt ZAzeIXJNfP0,youtube_shorts_calib,file:///root/datasets/pubg/youtube_shorts/yt_ZAzeIXJNfP0.mp4,local:youtube_shorts_calib,/root/datasets/pubg/youtube_shorts/yt_ZAzeIXJNfP0.mp4,44.24,44.24,0.22,5.619,0.2766,0.2271,0.487,0.1392,0.161,0.161,0.3773,0.7152,,,,,0,,,,,,,0,0.0058,False,hard_bot_farm=bot_farm_one_sided=quarters4:clusters0:kf0:mini0.000,189
2026-09-08T04:46:14Z,4GFDTG1SNzQ,yt 4GFDTG1SNzQ,youtube_shorts_calib,file:///root/datasets/pubg/youtube_shorts/yt_4GFDTG1SNzQ.mp4,local:youtube_shorts_calib,/root/datasets/pubg/youtube_shorts/yt_4GFDTG1SNzQ.mp4,38.02,38.02,0.077,8.758,0.0635,0.1834,0.437,0.3476,0.4934,0.4934,0.284,0.0235,0.0,0.6267,0.714,0.5893,0,,,0.9895,0.22,0.0,1,0,0.0004,True,,184
2026-09-08T04:46:18Z,15eef6b4b43,tt 6891685421374377217,tiktok_pubg,file:///root/datasets/tiktok/pubg/tt_6891685421374377217.mp4,local:tiktok_pubg,/root/datasets/tiktok/pubg/tt_6891685421374377217.mp4,19.58,19.58,0.1749,3.695,0.1163,0.2854,0.154,0.0011,0.001,0.0059,0.0749,0.8461,0.0,0.0,,,0,,,0.463,0.0,0.0,0,0,0.0059,False,payoff_low=0.000:min0.10,185
2026-09-08T04:46:27Z,Eocl_PGaFUY,yt Eocl PGaFUY,youtube_shorts_calib,file:///root/datasets/pubg/youtube_shorts/yt_Eocl_PGaFUY.mp4,local:youtube_shorts_calib,/root/datasets/pubg/youtube_shorts/yt_Eocl_PGaFUY.mp4,44.66,44.66,0.0026,2.226,0.0604,0.242,0.432,0.0087,0.004,0.0087,0.0437,0.7522,,,,,0,,,,,,,,0.0001,False,talk_menu=rms0.0604:gun0.003,187
2026-09-08T04:46:35Z,roEHKQBR5eM,yt roEHKQBR5eM,youtube_shorts_calib,file:///root/datasets/pubg/youtube_shorts/yt_roEHKQBR5eM.mp4,local:youtube_shorts_calib,/root/datasets/pubg/youtube_shorts/yt_roEHKQBR5eM.mp4,28.12,28.12,0.0165,5.937,0.066,0.2292,0.533,0.5384,0.3514,0.5384,0.3407,0.0291,,,,,0,,,,,,,,0.0002,False,no_shots=density0.017:burst5.94:ownerrun_fake_gun=motion0.229:gun0.017,186
2026-09-08T04:47:56Z,JDskawtOFfQ,yt JDskawtOFfQ,youtube_shorts_calib,file:///root/datasets/pubg/youtube_shorts/yt_JDskawtOFfQ.mp4,local:youtube_shorts_calib,/root/datasets/pubg/youtube_shorts/yt_JDskawtOFfQ.mp4,41.1,41.1,0.1853,4.138,0.1532,0.2089,0.334,0.3139,0.2604,0.3139,0.3922,0.6935,,,,,0,,,,,,,0,0.0067,False,hard_bot_farm=bot_farm_one_sided=quarters4:clusters0:kf0:mini0.000,191
2026-09-08T04:48:00Z,b227cd4baa4,tt 7486396048055749910,tiktok_pubg,file:///root/datasets/tiktok/pubg/tt_7486396048055749910.mp4,local:tiktok_pubg,/root/datasets/tiktok/pubg/tt_7486396048055749910.mp4,21.59,21.59,0.1449,2.216,0.0903,0.1824,0.414,0.0014,0.0004,0.0014,0.7079,0.8302,,,,,0,,,,,,,0,0.0004,False,hard_bot_farm=bot_farm_one_sided=quarters3:clusters0:kf0:mini0.000,190
2026-09-08T04:48:27Z,kAg8tmXGg9g,yt kAg8tmXGg9g,youtube_shorts_calib,file:///root/datasets/pubg/youtube_shorts/yt_kAg8tmXGg9g.mp4,local:youtube_shorts_calib,/root/datasets/pubg/youtube_shorts/yt_kAg8tmXGg9g.mp4,21.2,21.2,0.22,5.68,0.2816,0.1288,0.266,0.0025,0.0015,0.0025,0.0355,0.7555,,,,,0,,,,,,,0,0.0006,False,hard_bot_farm=bot_farm_one_sided=quarters4:clusters0:kf0:mini0.000,189
2026-09-08T04:50:21Z,ypE3ay9Npbg,yt ypE3ay9Npbg,youtube_shorts_calib,file:///root/datasets/pubg/youtube_shorts/yt_ypE3ay9Npbg.mp4,local:youtube_shorts_calib,/root/datasets/pubg/youtube_shorts/yt_ypE3ay9Npbg.mp4,10.16,10.16,0.1613,3.698,0.1353,0.1926,0.332,0.0146,0.0113,0.0147,0.8507,0.8447,0.0,0.0,,,0,,,0.667,0.0,0.0,0,0,0.0147,False,payoff_low=0.000:min0.10,193
2026-09-08T04:50:53Z,b82084e5174,tt 7681521161452277023,tiktok_pubg,file:///root/datasets/tiktok/pubg/tt_7681521161452277023.mp4,local:tiktok_pubg,/root/datasets/tiktok/pubg/tt_7681521161452277023.mp4,7.61,7.61,0.1927,3.668,0.114,0.1268,0.466,0.006,0.0033,0.009,0.0646,0.7963,,,,,0,,,,,,,0,0.009,False,hard_bot_farm=bot_farm_one_sided=quarters4:clusters1:kf0:mini0.000,192
2026-09-08T04:51:34Z,roEHKQBR5eM,yt roEHKQBR5eM,youtube_shorts_calib,file:///root/datasets/pubg/youtube_shorts/yt_roEHKQBR5eM.mp4,local:youtube_shorts_calib,/root/datasets/pubg/youtube_shorts/yt_roEHKQBR5eM.mp4,28.12,28.12,0.0165,5.937,0.066,0.2292,0.533,0.5384,0.3514,0.5384,0.3407,0.0291,,,,,0,,,,,,,,0.0002,False,no_shots=density0.017:burst5.94:ownerrun_fake_gun=motion0.229:gun0.017,195
2026-09-08T04:51:53Z,nZ8Nsi-oRAs,yt nZ8Nsi-oRAs,youtube_shorts_calib,file:///root/datasets/pubg/youtube_shorts/yt_nZ8Nsi-oRAs.mp4,local:youtube_shorts_calib,/root/datasets/pubg/youtube_shorts/yt_nZ8Nsi-oRAs.mp4,55.0,55.0,0.2186,5.576,0.273,0.2902,0.432,0.383,0.5655,0.5655,0.4853,0.5649,0.6997,0.8525,0.9337,0.8177,0,,,0.9576,0.7958,0.6997,1,0,0.0015,True,,188
2026-09-08T04:51:56Z,6f930b3e649,tt 7059469549317475590,tiktok_pubg,file:///root/datasets/tiktok/pubg/tt_7059469549317475590.mp4,local:tiktok_pubg,/root/datasets/tiktok/pubg/tt_7059469549317475590.mp4,15.2,15.2,0.211,4.211,0.1593,0.2087,0.314,0.0004,0.0001,0.0004,0.4454,0.8435,,,,,0,,,,,,,0,0.0003,False,hard_bot_farm=bot_farm_one_sided=quarters4:clusters0:kf0:mini0.000,194
2026-09-08T04:52:07Z,Eocl_PGaFUY,yt Eocl PGaFUY,youtube_shorts_calib,file:///root/datasets/pubg/youtube_shorts/yt_Eocl_PGaFUY.mp4,local:youtube_shorts_calib,/root/datasets/pubg/youtube_shorts/yt_Eocl_PGaFUY.mp4,44.66,44.66,0.0026,2.226,0.0604,0.242,0.432,0.0087,0.004,0.0087,0.0437,0.7522,,,,,0,,,,,,,,0.0001,False,talk_menu=rms0.0604:gun0.003,197
2026-09-08T04:52:22Z,ZBnaorYutS4,yt ZBnaorYutS4,youtube_shorts_calib,file:///root/datasets/pubg/youtube_shorts/yt_ZBnaorYutS4.mp4,local:youtube_shorts_calib,/root/datasets/pubg/youtube_shorts/yt_ZBnaorYutS4.mp4,50.08,50.08,0.007,6.568,0.0692,0.2364,0.245,0.1439,0.0894,0.1439,0.0812,0.6341,,,,,0,,,,,,,,0.001,False,talk_menu=rms0.0692:gun0.007,198
2026-09-08T04:52:30Z,yjRbmC_MSMk,yt yjRbmC MSMk,youtube_shorts_calib,file:///root/datasets/pubg/youtube_shorts/yt_yjRbmC_MSMk.mp4,local:youtube_shorts_calib,/root/datasets/pubg/youtube_shorts/yt_yjRbmC_MSMk.mp4,19.94,19.94,0.056,6.742,0.0855,0.1763,0.2,0.405,0.2753,0.405,0.098,0.0191,,,,,0,,,,,,,1,0.0458,False,hard_loot_walk,196
2026-09-08T04:52:38Z,ncy_eazn-n8,yt ncy eazn-n8,viral_reference,file:///root/datasets/viral_reference/pubg/yt_ncy_eazn-n8.mp4,local:viral_reference,/root/datasets/viral_reference/pubg/yt_ncy_eazn-n8.mp4,43.02,43.02,0.007,3.595,0.0044,0.109,0.221,0.015,0.0051,0.015,0.027,0.1394,,,,,0,,,,,,,,0.0008,False,run_fake_gun=motion0.109:gun0.007,199
2026-09-08T04:52:49Z,qtgYkD8r6IM,yt qtgYkD8r6IM,youtube_shorts_calib,file:///root/datasets/pubg/youtube_shorts/yt_qtgYkD8r6IM.mp4,local:youtube_shorts_calib,/root/datasets/pubg/youtube_shorts/yt_qtgYkD8r6IM.mp4,48.42,48.42,0.1588,3.763,0.0951,0.2518,0.409,0.3507,0.2983,0.3507,0.4947,0.6444,0.0,0.5186,0.61,0.4795,0,,,0.8568,0.22,0.0,1,0,0.0009,True,,190
2026-09-08T04:53:23Z,yjRbmC_MSMk,yt yjRbmC MSMk,youtube_shorts_calib,file:///root/datasets/pubg/youtube_shorts/yt_yjRbmC_MSMk.mp4,local:youtube_shorts_calib,/root/datasets/pubg/youtube_shorts/yt_yjRbmC_MSMk.mp4,19.94,19.94,0.056,6.742,0.0855,0.1763,0.2,0.405,0.2753,0.405,0.098,0.0191,,,,,0,,,,,,,1,0.0458,False,hard_loot_walk,192
2026-09-08T04:53:30Z,b82084e5174,tt 7681521161452277023,tiktok_pubg,file:///root/datasets/tiktok/pubg/tt_7681521161452277023.mp4,local:tiktok_pubg,/root/datasets/tiktok/pubg/tt_7681521161452277023.mp4,7.61,7.61,0.1927,3.668,0.114,0.1268,0.466,0.006,0.0033,0.009,0.0646,0.7963,,,,,0,,,,,,,0,0.009,False,hard_bot_farm=bot_farm_one_sided=quarters4:clusters1:kf0:mini0.000,191
2026-09-08T04:53:59Z,15eef6b4b43,tt 6891685421374377217,tiktok_pubg,file:///root/datasets/tiktok/pubg/tt_6891685421374377217.mp4,local:tiktok_pubg,/root/datasets/tiktok/pubg/tt_6891685421374377217.mp4,19.58,19.58,0.1749,3.695,0.1163,0.2854,0.154,0.0011,0.001,0.0059,0.0749,0.8461,0.0,0.0,,,0,,,0.463,0.0,0.0,0,0,0.0059,False,payoff_low=0.000:min0.10,201
2026-09-08T04:54:23Z,JDskawtOFfQ,yt JDskawtOFfQ,youtube_shorts_calib,file:///root/datasets/pubg/youtube_shorts/yt_JDskawtOFfQ.mp4,local:youtube_shorts_calib,/root/datasets/pubg/youtube_shorts/yt_JDskawtOFfQ.mp4,41.1,41.1,0.1853,4.138,0.1532,0.2089,0.334,0.3139,0.2604,0.3139,0.3922,0.6935,,,,,0,,,,,,,0,0.0067,False,hard_bot_farm=bot_farm_one_sided=quarters4:clusters0:kf0:mini0.000,194
2026-09-08T04:55:23Z,ZAzeIXJNfP0,yt ZAzeIXJNfP0,youtube_shorts_calib,file:///root/datasets/pubg/youtube_shorts/yt_ZAzeIXJNfP0.mp4,local:youtube_shorts_calib,/root/datasets/pubg/youtube_shorts/yt_ZAzeIXJNfP0.mp4,44.24,44.24,0.22,5.619,0.2766,0.2271,0.487,0.1392,0.161,0.161,0.3773,0.7152,,,,,0,,,,,,,0,0.0058,False,hard_bot_farm=bot_farm_one_sided=quarters4:clusters0:kf0:mini0.000,193
2026-09-08T04:55:34Z,ncy_eazn-n8,yt ncy eazn-n8,viral_reference,file:///root/datasets/viral_reference/pubg/yt_ncy_eazn-n8.mp4,local:viral_reference,/root/datasets/viral_reference/pubg/yt_ncy_eazn-n8.mp4,43.02,43.02,0.007,3.595,0.0044,0.109,0.221,0.015,0.0051,0.015,0.027,0.1394,,,,,0,,,,,,,,0.0008,False,run_fake_gun=motion0.109:gun0.007,196
2026-09-08T04:56:29Z,4GFDTG1SNzQ,yt 4GFDTG1SNzQ,youtube_shorts_calib,file:///root/datasets/pubg/youtube_shorts/yt_4GFDTG1SNzQ.mp4,local:youtube_shorts_calib,/root/datasets/pubg/youtube_shorts/yt_4GFDTG1SNzQ.mp4,38.02,38.02,0.077,8.758,0.0635,0.1834,0.437,0.3476,0.4934,0.4934,0.284,0.0235,0.0,0.6267,0.714,0.5893,0,,,0.9895,0.22,0.0,1,0,0.0004,True,,200
2026-09-08T04:57:05Z,EJvB7Robvm8,yt EJvB7Robvm8,viral_reference,file:///root/datasets/viral_reference/pubg/yt_EJvB7Robvm8.mp4,local:viral_reference,/root/datasets/viral_reference/pubg/yt_EJvB7Robvm8.mp4,18.86,18.86,0.1579,7.624,0.098,0.3066,0.216,0.008,0.0034,0.008,0.1508,0.7212,0.5655,0.0,,,0,,,0.7453,0.0,0.225,0,0,0.0047,False,payoff_low=0.000:min0.10,197
2026-09-08T04:58:16Z,qcPZ6FFlc7s,yt qcPZ6FFlc7s,youtube_shorts_calib,file:///root/datasets/pubg/youtube_shorts/yt_qcPZ6FFlc7s.mp4,local:youtube_shorts_calib,/root/datasets/pubg/youtube_shorts/yt_qcPZ6FFlc7s.mp4,13.98,13.98,0.2009,4.928,0.134,0.2186,0.316,0.0012,0.0004,0.0012,0.0512,0.8143,0.6605,0.0,,,0,,,0.6854,0.0,0.225,0,0,0.0002,False,payoff_low=0.000:min0.10,195
2026-09-08T04:58:20Z,4b0bb6d9cfd,tt 7682857444665609480,tiktok_pubg,file:///root/datasets/tiktok/pubg/tt_7682857444665609480.mp4,local:tiktok_pubg,/root/datasets/tiktok/pubg/tt_7682857444665609480.mp4,36.47,36.47,0.0121,3.65,0.0588,0.3406,0.165,0.0043,0.0038,0.0043,0.705,0.763,,,,,0,,,,,,,,0.0003,False,talk_menu=rms0.0588:gun0.012,199
2026-09-08T04:59:07Z,c3f04b9d46c,tt 6892429757615475969,tiktok_pubg,file:///root/datasets/tiktok/pubg/tt_6892429757615475969.mp4,local:tiktok_pubg,/root/datasets/tiktok/pubg/tt_6892429757615475969.mp4,19.67,19.67,0.1896,4.465,0.1261,0.1984,0.181,0.0047,0.004,0.0081,0.0841,0.9051,0.0,0.0,,,0,,,0.6717,0.0,0.0,0,0,0.0081,False,payoff_low=0.000:min0.10,200
2026-09-08T05:00:19Z,fc98f2727e4,tt 7682062429160885535,tiktok_pubg,file:///root/datasets/tiktok/pubg/tt_7682062429160885535.mp4,local:tiktok_pubg,/root/datasets/tiktok/pubg/tt_7682062429160885535.mp4,23.45,23.45,0.2109,4.108,0.1507,0.3514,0.28,0.0056,0.002,0.0056,0.048,0.8238,0.5762,0.0,,,0,,,0.6723,0.0,0.225,0,0,0.0038,False,payoff_low=0.000:min0.10,198
2026-09-08T05:01:36Z,Mu1pm8sX2NQ,yt Mu1pm8sX2NQ,viral_reference,file:///root/datasets/viral_reference/pubg/yt_Mu1pm8sX2NQ.mp4,local:viral_reference,/root/datasets/viral_reference/pubg/yt_Mu1pm8sX2NQ.mp4,49.24,49.24,0.1723,3.961,0.1055,0.2079,0.36,0.0072,0.0066,0.0072,0.3998,0.738,0.0,0.0,,,0,,,0.6791,0.0,0.0,0,0,0.0054,False,payoff_low=0.000:min0.10,202
2026-09-08T05:01:37Z,00b20056b0a,tt 7491325981525937410,tiktok_pubg,file:///root/datasets/tiktok/pubg/tt_7491325981525937410.mp4,local:tiktok_pubg,/root/datasets/tiktok/pubg/tt_7491325981525937410.mp4,55.0,55.0,0.1636,4.773,0.1058,0.0563,0.333,0.3563,0.3568,0.3568,0.3442,0.5808,0.5218,0.645,0.8353,0.5635,0,,,0.8703,0.6748,0.5218,1,0,0.0021,True,,201
2026-09-08T05:02:15Z,gCUMSnOVUBQ,MG3 ЛУЧШИЙ ПУЛЕМЁТ ПРОТИВ СКВАДОВ В МЕТРО РОЯЛЬ/ METRO ROYALE PUBG MOBILE/метро рояль,youtube_shorts,https://www.youtube.com/shorts/gCUMSnOVUBQ,метро роял один против сквадов shorts,/root/datasets/pubg/shorts_autolearn/yt_gCUMSnOVUBQ.mp4,55.0,55.0,0.0575,12.849,0.0163,0.3188,0.296,0.0033,0.0016,0.0033,0.7128,0.5517,,,,,724,,,,,,,,0.0005,False,loot_walk=density0.058,202
2026-09-08T05:02:35Z,6f930b3e649,tt 7059469549317475590,tiktok_pubg,file:///root/datasets/tiktok/pubg/tt_7059469549317475590.mp4,local:tiktok_pubg,/root/datasets/tiktok/pubg/tt_7059469549317475590.mp4,15.2,15.2,0.211,4.211,0.1593,0.2087,0.314,0.0004,0.0001,0.0004,0.4454,0.8435,,,,,0,,,,,,,0,0.0003,False,hard_bot_farm=bot_farm_one_sided=quarters4:clusters0:kf0:mini0.000,203
2026-09-08T05:03:25Z,b227cd4baa4,tt 7486396048055749910,tiktok_pubg,file:///root/datasets/tiktok/pubg/tt_7486396048055749910.mp4,local:tiktok_pubg,/root/datasets/tiktok/pubg/tt_7486396048055749910.mp4,21.59,21.59,0.1449,2.216,0.0903,0.1824,0.414,0.0014,0.0004,0.0014,0.7079,0.8302,,,,,0,,,,,,,0,0.0004,False,hard_bot_farm=bot_farm_one_sided=quarters3:clusters0:kf0:mini0.000,204
2026-09-08T05:06:02Z,f239b46aad2,tt 7059025867195944197,tiktok_pubg,file:///root/datasets/tiktok/pubg/tt_7059025867195944197.mp4,local:tiktok_pubg,/root/datasets/tiktok/pubg/tt_7059025867195944197.mp4,20.59,20.59,0.0893,6.91,0.0555,0.1923,0.232,0.6686,0.8825,0.8825,0.0328,0.0147,0.0,0.7229,0.7091,0.7288,0,,,0.9809,0.22,0.0,1,0,0.0009,True,,206
2026-09-08T05:08:07Z,DHikyOn_dZ4,yt DHikyOn dZ4,youtube_shorts_calib,file:///root/datasets/pubg/youtube_shorts/yt_DHikyOn_dZ4.mp4,local:youtube_shorts_calib,/root/datasets/pubg/youtube_shorts/yt_DHikyOn_dZ4.mp4,40.86,40.86,0.0717,21.812,0.0402,0.1455,0.364,0.4966,0.6961,0.6961,0.5763,0.0385,0.0,0.0,,,0,,,0.9592,0.0,0.0,0,0,0.0006,False,payoff_low=0.000:min0.10,207
2026-09-08T05:09:43Z,dd00b542b32,owner ref mobile saturated firefight 547e,exemplar_good,file:///root/data/highlight_exemplars/pubg/good/owner_ref_mobile_saturated_firefight_547e.mp4,local:exemplar_good,/root/data/highlight_exemplars/pubg/good/owner_ref_mobile_saturated_firefight_547e.mp4,50.43,50.43,0.22,6.0,0.3685,0.2861,0.249,0.2854,0.4061,0.4061,0.3836,0.5862,,,,,0,,,,,,,0,0.0053,False,hard_bot_farm=bot_farm_one_sided=quarters4:clusters0:kf0:mini0.000,208
2026-09-08T05:10:00Z,ZBnaorYutS4,yt ZBnaorYutS4,youtube_shorts_calib,file:///root/datasets/pubg/youtube_shorts/yt_ZBnaorYutS4.mp4,local:youtube_shorts_calib,/root/datasets/pubg/youtube_shorts/yt_ZBnaorYutS4.mp4,50.08,50.08,0.007,6.568,0.0692,0.2364,0.245,0.1439,0.0894,0.1439,0.0812,0.6341,,,,,0,,,,,,,,0.001,False,talk_menu=rms0.0692:gun0.007,209
2026-09-08T05:10:54Z,3oNB6ZO7AtY,yt 3oNB6ZO7AtY,youtube_shorts_calib,file:///root/datasets/pubg/youtube_shorts/yt_3oNB6ZO7AtY.mp4,local:youtube_shorts_calib,/root/datasets/pubg/youtube_shorts/yt_3oNB6ZO7AtY.mp4,53.52,53.52,0.22,5.612,0.276,0.1914,0.361,0.2294,0.1986,0.2294,0.068,0.666,0.0,0.0,,,0,,,0.8263,0.0,0.0,0,0,0.0166,False,payoff_low=0.000:min0.10,205
2026-09-08T05:11:11Z,-_49Zku_Ln4,ГАЙД ЧТО КУПИТЬ В 11 СЕЗОНЕ МЕТРО РОЯЛЬ,youtube_shorts,https://www.youtube.com/shorts/-_49Zku_Ln4,метро роял один против сквадов shorts,/root/datasets/pubg/shorts_autolearn/yt_-_49Zku_Ln4.mp4,55.0,55.0,0.0059,2.823,0.0669,0.1193,0.344,0.0007,0.0002,0.0007,0.8494,0.0835,,,,,0,,,,,,,,0.0002,False,talk_menu=rms0.0669:gun0.006,203
2026-09-08T05:11:12Z,-_49Zku_Ln4,yt - 49Zku Ln4,shorts_autolearn_media,file:///root/datasets/pubg/shorts_autolearn/yt_-_49Zku_Ln4.mp4,local:shorts_autolearn_media,/root/datasets/pubg/shorts_autolearn/yt_-_49Zku_Ln4.mp4,55.0,55.0,0.0059,2.823,0.0669,0.1193,0.344,0.0007,0.0002,0.0007,0.8494,0.0835,,,,,0,,,,,,,,0.0002,False,talk_menu=rms0.0669:gun0.006,210
2026-09-08T05:11:17Z,gCUMSnOVUBQ,yt gCUMSnOVUBQ,shorts_autolearn_media,file:///root/datasets/pubg/shorts_autolearn/yt_gCUMSnOVUBQ.mp4,local:shorts_autolearn_media,/root/datasets/pubg/shorts_autolearn/yt_gCUMSnOVUBQ.mp4,55.0,55.0,0.0575,12.849,0.0163,0.3188,0.296,0.0033,0.0016,0.0033,0.7128,0.5517,,,,,0,,,,,,,,0.0005,False,loot_walk=density0.058,211
2026-09-08T05:18:13Z,9ZvU9PyWtVE,Pubg Metro royale ,youtube_shorts,https://www.youtube.com/shorts/9ZvU9PyWtVE,метро роял один против сквадов shorts,/root/datasets/pubg/shorts_autolearn/yt_9ZvU9PyWtVE.mp4,55.0,55.0,0.1285,6.082,0.0959,0.2028,0.414,0.0254,0.0221,0.0254,0.5673,0.777,0.0,0.0,,,0,,,0.7215,0.0,0.0,0,0,0.0002,False,payoff_low=0.000:min0.10,204
2026-09-08T05:21:27Z,dd00b542b32,owner ref mobile saturated firefight 547e,exemplar_good,file:///root/data/highlight_exemplars/pubg/good/owner_ref_mobile_saturated_firefight_547e.mp4,local:exemplar_good,/root/data/highlight_exemplars/pubg/good/owner_ref_mobile_saturated_firefight_547e.mp4,50.43,50.43,0.22,6.0,0.3685,0.2861,0.249,0.2854,0.4061,0.4061,0.3836,0.5862,,,,,0,,,,,,,0,0.0053,False,hard_bot_farm=bot_farm_one_sided=quarters4:clusters0:kf0:mini0.000,205
2026-09-08T05:24:44Z,fc98f2727e4,tt 7682062429160885535,tiktok_pubg,file:///root/datasets/tiktok/pubg/tt_7682062429160885535.mp4,local:tiktok_pubg,/root/datasets/tiktok/pubg/tt_7682062429160885535.mp4,23.45,23.45,0.2109,4.108,0.1507,0.3514,0.28,0.0056,0.002,0.0056,0.048,0.8238,0.5762,0.0,,,0,,,0.6723,0.0,0.225,0,0,0.0038,False,payoff_low=0.000:min0.10,206
2026-09-08T05:25:07Z,22VMgdjOI1w,MAKING 100 MILLION SOLO VS SQUADS IN METRO ROYALE 🥶 ,youtube_highlights,https://www.youtube.com/watch?v=22VMgdjOI1w,метро роял один против сквада,/root/datasets/pubg/shorts_autolearn/yt_22VMgdjOI1w.mp4,55.0,55.0,0.0651,5.771,0.0714,0.2413,0.319,0.666,0.4199,0.666,0.4776,0.5873,,,,,1057,,,,,,,1,0.0049,False,hard_loot_walk,205
2026-09-08T05:25:25Z,4b0bb6d9cfd,tt 7682857444665609480,tiktok_pubg,file:///root/datasets/tiktok/pubg/tt_7682857444665609480.mp4,local:tiktok_pubg,/root/datasets/tiktok/pubg/tt_7682857444665609480.mp4,36.47,36.47,0.0121,3.65,0.0588,0.3406,0.165,0.0043,0.0038,0.0043,0.705,0.763,,,,,0,,,,,,,,0.0003,False,talk_menu=rms0.0588:gun0.012,206
2026-09-08T05:26:43Z,Mu1pm8sX2NQ,yt Mu1pm8sX2NQ,viral_reference,file:///root/datasets/viral_reference/pubg/yt_Mu1pm8sX2NQ.mp4,local:viral_reference,/root/datasets/viral_reference/pubg/yt_Mu1pm8sX2NQ.mp4,49.24,49.24,0.1723,3.961,0.1055,0.2079,0.36,0.0072,0.0066,0.0072,0.3998,0.738,0.0,0.0,,,0,,,0.6791,0.0,0.0,0,0,0.0054,False,payoff_low=0.000:min0.10,208
2026-09-08T05:26:50Z,4b0bb6d9cfd,tt 7682857444665609480,tiktok_pubg,file:///root/datasets/tiktok/pubg/tt_7682857444665609480.mp4,local:tiktok_pubg,/root/datasets/tiktok/pubg/tt_7682857444665609480.mp4,36.47,36.47,0.0121,3.65,0.0588,0.3406,0.165,0.0043,0.0038,0.0043,0.705,0.763,,,,,0,,,,,,,,0.0003,False,talk_menu=rms0.0588:gun0.012,209
2026-09-08T05:27:19Z,nZ8Nsi-oRAs,yt nZ8Nsi-oRAs,youtube_shorts_calib,file:///root/datasets/pubg/youtube_shorts/yt_nZ8Nsi-oRAs.mp4,local:youtube_shorts_calib,/root/datasets/pubg/youtube_shorts/yt_nZ8Nsi-oRAs.mp4,55.0,55.0,0.2186,5.576,0.273,0.2902,0.432,0.383,0.5655,0.5655,0.4853,0.5649,0.6997,0.8525,0.9337,0.8177,0,,,0.9576,0.7958,0.6997,1,0,0.0015,True,,207
2026-09-08T05:29:55Z,dd00b542b32,owner ref mobile saturated firefight 547e,exemplar_good,file:///root/data/highlight_exemplars/pubg/good/owner_ref_mobile_saturated_firefight_547e.mp4,local:exemplar_good,/root/data/highlight_exemplars/pubg/good/owner_ref_mobile_saturated_firefight_547e.mp4,50.43,50.43,0.22,6.0,0.3685,0.2861,0.249,0.2854,0.4061,0.4061,0.3836,0.5862,,,,,0,,,,,,,0,0.0053,False,hard_bot_farm=bot_farm_one_sided=quarters4:clusters0:kf0:mini0.000,208
2026-09-08T05:29:59Z,EJvB7Robvm8,yt EJvB7Robvm8,viral_reference,file:///root/datasets/viral_reference/pubg/yt_EJvB7Robvm8.mp4,local:viral_reference,/root/datasets/viral_reference/pubg/yt_EJvB7Robvm8.mp4,18.86,18.86,0.1579,7.624,0.098,0.3066,0.216,0.008,0.0034,0.008,0.1508,0.7212,0.5655,0.0,,,0,,,0.7453,0.0,0.225,0,0,0.0047,False,payoff_low=0.000:min0.10,211
2026-09-08T05:35:32Z,qcPZ6FFlc7s,yt qcPZ6FFlc7s,youtube_shorts_calib,file:///root/datasets/pubg/youtube_shorts/yt_qcPZ6FFlc7s.mp4,local:youtube_shorts_calib,/root/datasets/pubg/youtube_shorts/yt_qcPZ6FFlc7s.mp4,13.98,13.98,0.2009,4.928,0.134,0.2186,0.316,0.0012,0.0004,0.0012,0.0512,0.8143,0.6605,0.0,,,0,,,0.6854,0.0,0.225,0,0,0.0002,False,payoff_low=0.000:min0.10,212
2026-09-08T05:35:45Z,3oNB6ZO7AtY,yt 3oNB6ZO7AtY,youtube_shorts_calib,file:///root/datasets/pubg/youtube_shorts/yt_3oNB6ZO7AtY.mp4,local:youtube_shorts_calib,/root/datasets/pubg/youtube_shorts/yt_3oNB6ZO7AtY.mp4,53.52,53.52,0.22,5.612,0.276,0.1914,0.361,0.2294,0.1986,0.2294,0.068,0.666,0.0,0.0,,,0,,,0.8263,0.0,0.0,0,0,0.0166,False,payoff_low=0.000:min0.10,210
2026-09-08T05:36:18Z,fc98f2727e4,tt 7682062429160885535,tiktok_pubg,file:///root/datasets/tiktok/pubg/tt_7682062429160885535.mp4,local:tiktok_pubg,/root/datasets/tiktok/pubg/tt_7682062429160885535.mp4,23.45,23.45,0.2109,4.108,0.1507,0.3514,0.28,0.0056,0.002,0.0056,0.048,0.8238,0.5762,0.0,,,0,,,0.6723,0.0,0.225,0,0,0.0038,False,payoff_low=0.000:min0.10,209
2026-09-08T05:36:38Z,22VMgdjOI1w,yt 22VMgdjOI1w,shorts_autolearn_media,file:///root/datasets/pubg/shorts_autolearn/yt_22VMgdjOI1w.mp4,local:shorts_autolearn_media,/root/datasets/pubg/shorts_autolearn/yt_22VMgdjOI1w.mp4,55.0,55.0,0.0651,5.771,0.0714,0.2413,0.319,0.666,0.4199,0.666,0.4776,0.5873,,,,,0,,,,,,,1,0.0049,False,hard_loot_walk,213
2026-09-08T05:37:34Z,3oNB6ZO7AtY,yt 3oNB6ZO7AtY,youtube_shorts_calib,file:///root/datasets/pubg/youtube_shorts/yt_3oNB6ZO7AtY.mp4,local:youtube_shorts_calib,/root/datasets/pubg/youtube_shorts/yt_3oNB6ZO7AtY.mp4,53.52,53.52,0.22,5.612,0.276,0.1914,0.361,0.2294,0.1986,0.2294,0.068,0.666,0.0,0.0,,,0,,,0.8263,0.0,0.0,0,0,0.0166,False,payoff_low=0.000:min0.10,207
2026-09-08T05:38:01Z,EJvB7Robvm8,yt EJvB7Robvm8,viral_reference,file:///root/datasets/viral_reference/pubg/yt_EJvB7Robvm8.mp4,local:viral_reference,/root/datasets/viral_reference/pubg/yt_EJvB7Robvm8.mp4,18.86,18.86,0.1579,7.624,0.098,0.3066,0.216,0.008,0.0034,0.008,0.1508,0.7212,0.5655,0.0,,,0,,,0.7453,0.0,0.225,0,0,0.0047,False,payoff_low=0.000:min0.10,210
2026-09-08T05:41:33Z,nZ8Nsi-oRAs,yt nZ8Nsi-oRAs,youtube_shorts_calib,file:///root/datasets/pubg/youtube_shorts/yt_nZ8Nsi-oRAs.mp4,local:youtube_shorts_calib,/root/datasets/pubg/youtube_shorts/yt_nZ8Nsi-oRAs.mp4,55.0,55.0,0.2186,5.576,0.273,0.2902,0.432,0.383,0.5655,0.5655,0.4853,0.5649,0.6997,0.8525,0.9337,0.8177,0,,,0.9576,0.7958,0.6997,1,0,0.0015,True,,211
2026-09-08T05:42:09Z,qcPZ6FFlc7s,yt qcPZ6FFlc7s,youtube_shorts_calib,file:///root/datasets/pubg/youtube_shorts/yt_qcPZ6FFlc7s.mp4,local:youtube_shorts_calib,/root/datasets/pubg/youtube_shorts/yt_qcPZ6FFlc7s.mp4,13.98,13.98,0.2009,4.928,0.134,0.2186,0.316,0.0012,0.0004,0.0012,0.0512,0.8143,0.6605,0.0,,,0,,,0.6854,0.0,0.225,0,0,0.0002,False,payoff_low=0.000:min0.10,212
2026-09-08T05:42:31Z,Mu1pm8sX2NQ,yt Mu1pm8sX2NQ,viral_reference,file:///root/datasets/viral_reference/pubg/yt_Mu1pm8sX2NQ.mp4,local:viral_reference,/root/datasets/viral_reference/pubg/yt_Mu1pm8sX2NQ.mp4,49.24,49.24,0.1723,3.961,0.1055,0.2079,0.36,0.0072,0.0066,0.0072,0.3998,0.738,0.0,,,,0,,,,,0.0,0,0,0.0054,False,hard_no_author_kill,213
2026-09-08T05:46:57Z,gICoElwEMuU,GET STRONGER IN METRO ROYALE ,youtube_shorts,https://www.youtube.com/shorts/gICoElwEMuU,метро роял соло против отряда shorts,/root/datasets/pubg/shorts_autolearn/yt_gICoElwEMuU.mp4,55.0,55.0,0.027,5.578,0.0468,0.158,0.425,0.6954,0.4549,0.6954,0.5464,0.0216,,,,,0,,,,,,,,0.0072,False,no_shots=density0.027:burst5.58:ownerrun_fake_gun=motion0.158:gun0.027,214
2026-09-08T05:47:09Z,gICoElwEMuU,yt gICoElwEMuU,shorts_autolearn_media,file:///root/datasets/pubg/shorts_autolearn/yt_gICoElwEMuU.mp4,local:shorts_autolearn_media,/root/datasets/pubg/shorts_autolearn/yt_gICoElwEMuU.mp4,55.0,55.0,0.027,5.578,0.0468,0.158,0.425,0.6954,0.4549,0.6954,0.5464,0.0216,,,,,0,,,,,,,,0.0072,False,no_shots=density0.027:burst5.58:ownerrun_fake_gun=motion0.158:gun0.027,214
2026-09-08T05:53:05Z,cxPk4XlYGWI,Стрим метро рояль ,youtube_shorts,https://www.youtube.com/shorts/cxPk4XlYGWI,метро роял соло против отряда shorts,/root/datasets/pubg/shorts_autolearn/yt_cxPk4XlYGWI.mp4,55.0,55.0,0.0275,25.255,0.0035,0.2008,0.413,0.0177,0.0109,0.0177,0.8138,0.0158,,,,,0,,,,,,,,0.0036,False,run_fake_gun=motion0.201:gun0.028,215
2026-09-08T05:53:21Z,cxPk4XlYGWI,yt cxPk4XlYGWI,shorts_autolearn_media,file:///root/datasets/pubg/shorts_autolearn/yt_cxPk4XlYGWI.mp4,local:shorts_autolearn_media,/root/datasets/pubg/shorts_autolearn/yt_cxPk4XlYGWI.mp4,55.0,55.0,0.0275,25.255,0.0035,0.2008,0.413,0.0177,0.0109,0.0177,0.8138,0.0158,,,,,0,,,,,,,,0.0036,False,run_fake_gun=motion0.201:gun0.028,215
2026-09-08T05:56:11Z,v5_pF-5rrTw,"Драка-перестрелка в Метро Рояль,смотреть всем!",youtube_shorts,https://www.youtube.com/shorts/v5_pF-5rrTw,метро роял пабг перестрелка shorts,/root/datasets/pubg/shorts_autolearn/yt_v5_pF-5rrTw.mp4,22.8,22.8,0.0,2.895,0.002,0.1483,0.375,0.5175,0.5229,0.5229,0.4954,0.0147,,,,,24,,,,,,,,0.0021,False,no_shots=density0.000:burst2.90:ownerrun_fake_gun=motion0.148:gun0.000,216
2026-09-08T06:01:02Z,1z6yM5KkS0M,100 KILL CHALLENGE!!🔥SOLO vs. SQUADS🥵 CRAZY DIFFICULT RIMS IN METRO ROYALE ,youtube_highlights,https://www.youtube.com/watch?v=1z6yM5KkS0M,метро роял один против сквада,/root/datasets/pubg/shorts_autolearn/yt_1z6yM5KkS0M.mp4,55.0,55.0,0.0292,4.835,0.0372,0.1887,0.368,0.0254,0.0043,0.0254,0.803,0.702,,,,,2017,,,,,,,,0.0009,False,run_fake_gun=motion0.189:gun0.029,217
2026-09-08T06:07:48Z,wPy4xTH1Zpw,ЛОКАЛКИ С МЕГАОРУЖИЕМ 🔥 СТРИМ МЕТРО РОЯЛЬ ,youtube_shorts,https://www.youtube.com/shorts/wPy4xTH1Zpw,метро роял соло против отряда shorts,/root/datasets/pubg/shorts_autolearn/yt_wPy4xTH1Zpw.mp4,55.0,55.0,0.0313,34.683,0.0083,0.046,0.466,0.0025,0.0008,0.0025,0.6997,0.3151,,,,,8477,,,,,,,,0.0004,False,no_shots=density0.031:burst34.68,218
2026-09-08T06:13:10Z,buWYIh_idPA,С ПОДПИСЧИКАМИ РАЗНОСИМ ВСЮ 5 КАРТУ В МЕТРО РОЯЛЬ,youtube_shorts,https://www.youtube.com/shorts/buWYIh_idPA,метро роял 8 карта shorts пабг,/root/datasets/pubg/shorts_autolearn/yt_buWYIh_idPA.mp4,55.0,55.0,0.1193,5.075,0.0994,0.1222,0.311,0.4941,0.6281,0.6281,0.6049,0.6153,0.0,0.0,,,1556,,,0.7488,0.0,0.0,0,0,0.0118,False,payoff_low=0.000:min0.10,219
2026-09-08T06:13:12Z,buWYIh_idPA,yt buWYIh idPA,shorts_autolearn_media,file:///root/datasets/pubg/shorts_autolearn/yt_buWYIh_idPA.mp4,local:shorts_autolearn_media,/root/datasets/pubg/shorts_autolearn/yt_buWYIh_idPA.mp4,55.0,55.0,0.1193,5.075,0.0994,0.1222,0.311,0.4941,0.6281,0.6281,0.6049,0.6153,0.0,0.0,,,0,,,0.7488,0.0,0.0,0,0,0.0118,False,payoff_low=0.000:min0.10,219
2026-09-08T06:16:10Z,9fnrYGXWOq8,"БУСТ НА 100,000,000 В МЕТРО РОЯЛь / ФАРМ В МЕТРО РОЯЛЬ ",youtube_shorts,https://www.youtube.com/shorts/9fnrYGXWOq8,метро роял 8 карта shorts пабг,/root/datasets/pubg/shorts_autolearn/yt_9fnrYGXWOq8.mp4,55.0,55.0,0.0266,35.183,0.0076,0.1818,0.428,0.0032,0.0009,0.0032,0.6255,0.096,,,,,1710,,,,,,,,0.0001,False,run_fake_gun=motion0.182:gun0.027,220
2026-09-08T06:20:22Z,dMmEjVsL4C0,HOW MANY KILLS CAN I GET IN AN HOUR PLAYING SOLO VS. SQUADS?🔥 METRO ROYALE ,youtube_highlights,https://www.youtube.com/watch?v=dMmEjVsL4C0,метро роял один против сквада,/root/datasets/pubg/shorts_autolearn/yt_dMmEjVsL4C0.mp4,55.0,55.0,0.0439,5.362,0.0232,0.2581,0.465,0.5808,0.5177,0.5808,0.3849,0.3483,,,,,1008,,,,,,,1,0.0008,False,hard_loot_walk,221
2026-09-08T06:20:25Z,dMmEjVsL4C0,yt dMmEjVsL4C0,shorts_autolearn_media,file:///root/datasets/pubg/shorts_autolearn/yt_dMmEjVsL4C0.mp4,local:shorts_autolearn_media,/root/datasets/pubg/shorts_autolearn/yt_dMmEjVsL4C0.mp4,55.0,55.0,0.0439,5.362,0.0232,0.2581,0.465,0.5808,0.5177,0.5808,0.3849,0.3483,,,,,0,,,,,,,1,0.0008,False,hard_loot_walk,221
2026-09-08T06:32:25Z,XmiOtnNz2eU,HOW TO FARM SOLO VS SQUADS ON MAP 5 IN METRO ROYALE ,youtube_shorts,https://www.youtube.com/shorts/XmiOtnNz2eU,метро роял один против сквадов shorts,/root/datasets/pubg/shorts_autolearn/yt_XmiOtnNz2eU.mp4,55.0,55.0,0.1385,4.099,0.1085,0.1107,0.249,0.4984,0.5495,0.5495,0.6147,0.6276,0.0,0.0,,,1044,,,0.9239,0.0,0.0,0,0,0.0029,False,payoff_low=0.000:min0.10,222
2026-09-08T06:36:05Z,tcdq3CVH56U,😍 ПЕРВЫЙ ЗОЛОТОЙ БОССЙ НА НОВОЙ КАРТЕ В МЕТРО РОЯЛЬ ,youtube_shorts,https://www.youtube.com/shorts/tcdq3CVH56U,метро роял 8 карта shorts пабг,/root/datasets/pubg/shorts_autolearn/yt_tcdq3CVH56U.mp4,55.0,55.0,0.0266,4.984,0.0421,0.2002,0.586,0.482,0.4639,0.482,0.3575,0.3754,,,,,1651,,,,,,,,0.0008,False,no_shots=density0.027:burst4.98:ownerrun_fake_gun=motion0.200:gun0.027,223
2026-09-08T06:36:07Z,tcdq3CVH56U,yt tcdq3CVH56U,shorts_autolearn_media,file:///root/datasets/pubg/shorts_autolearn/yt_tcdq3CVH56U.mp4,local:shorts_autolearn_media,/root/datasets/pubg/shorts_autolearn/yt_tcdq3CVH56U.mp4,55.0,55.0,0.0266,4.984,0.0421,0.2002,0.586,0.482,0.4639,0.482,0.3575,0.3754,,,,,0,,,,,,,,0.0008,False,no_shots=density0.027:burst4.98:ownerrun_fake_gun=motion0.200:gun0.027,223
2026-09-08T06:39:45Z,2LclrwSc1YM,НА ЧТО СПОСОБНА М416 КОБРА В МЕТРО РОЯЛЬ? ,youtube_shorts,https://www.youtube.com/shorts/2LclrwSc1YM,метро роял 8 карта shorts пабг,/root/datasets/pubg/shorts_autolearn/yt_2LclrwSc1YM.mp4,55.0,55.0,0.0406,12.583,0.0586,0.2216,0.406,0.5864,0.8046,0.8046,0.5338,0.5267,,,,,553,,,,,,,,0.0034,False,streamer_talk=rms0.0586:gun0.041,224
2026-09-08T06:44:11Z,2fXR4d6pHfc,GRINDING TO A BILLION SOLO VS SQUADS 🥶 IN METRO ROYALE - 1 ,youtube_highlights,https://www.youtube.com/watch?v=2fXR4d6pHfc,метро роял один против сквада,/root/datasets/pubg/shorts_autolearn/yt_2fXR4d6pHfc.mp4,55.0,55.0,0.06,7.756,0.0567,0.1718,0.442,0.5668,0.5021,0.5668,0.3948,0.4743,,,,,1086,,,,,,,1,0.0016,False,hard_loot_walk,225
2026-09-08T06:44:24Z,2fXR4d6pHfc,yt 2fXR4d6pHfc,shorts_autolearn_media,file:///root/datasets/pubg/shorts_autolearn/yt_2fXR4d6pHfc.mp4,local:shorts_autolearn_media,/root/datasets/pubg/shorts_autolearn/yt_2fXR4d6pHfc.mp4,55.0,55.0,0.06,7.756,0.0567,0.1718,0.442,0.5668,0.5021,0.5668,0.3948,0.4743,,,,,0,,,,,,,1,0.0016,False,hard_loot_walk,225
2026-09-08T06:55:52Z,K8qk__ldXb0,ЭТО ТОП ЗАЖИМ В МЕТРО РОЯЛЬ👌 ,youtube_shorts,https://www.youtube.com/shorts/K8qk__ldXb0,метро роял пабг перестрелка shorts,/root/datasets/pubg/shorts_autolearn/yt_K8qk__ldXb0.mp4,9.24,9.24,0.0025,2.958,0.0674,0.1526,0.336,0.5514,0.6346,0.6346,0.3623,0.0109,,,,,10,,,,,,,,0.0003,False,no_shots=density0.003:burst2.96:ownerrun_fake_gun=motion0.153:gun0.003,226
2026-09-08T07:01:54Z,stI0GFO13Ks,ТЕСТИМ МК 12 В  METRO ROYALE ,youtube_shorts,https://www.youtube.com/shorts/stI0GFO13Ks,метро роял пабг перестрелка shorts,/root/datasets/pubg/shorts_autolearn/yt_stI0GFO13Ks.mp4,55.0,55.0,0.1585,5.224,0.1122,0.182,0.536,0.0265,0.0101,0.0265,0.6344,0.2527,,,,,0,,,,,,,0,0.0004,False,hard_bot_farm=bot_farm_one_sided=quarters4:clusters1:kf0:mini0.000,227
2026-09-08T07:02:44Z,stI0GFO13Ks,yt stI0GFO13Ks,shorts_autolearn_media,file:///root/datasets/pubg/shorts_autolearn/yt_stI0GFO13Ks.mp4,local:shorts_autolearn_media,/root/datasets/pubg/shorts_autolearn/yt_stI0GFO13Ks.mp4,55.0,55.0,0.1585,5.224,0.1122,0.182,0.536,0.0265,0.0101,0.0265,0.6344,0.2527,,,,,0,,,,,,,0,0.0004,False,hard_bot_farm=bot_farm_one_sided=quarters4:clusters1:kf0:mini0.000,227
2026-09-08T07:03:59Z,5p6In_6eXKM,ЛЮБИМАЯ 7 КАРТА PUBG METRO ROYALE,youtube_shorts,https://www.youtube.com/shorts/5p6In_6eXKM,метро роял пабг перестрелка shorts,/root/datasets/pubg/shorts_autolearn/yt_5p6In_6eXKM.mp4,50.89,50.89,0.22,5.528,0.269,0.2139,0.29,0.0005,0.0003,0.0005,0.0886,0.8271,,,,,40,,,,,,,0,0.0003,False,hard_bot_farm=bot_farm_one_sided=quarters4:clusters0:kf0:mini0.000,228
2026-09-08T07:09:26Z,9xQO_a4UsFU,BERYL LEAVES NO CHANCE☠️ WITH M762 AGAINST EVERYONE🔥METRO ROYALE ,youtube_highlights,https://www.youtube.com/watch?v=9xQO_a4UsFU,метро роял клатч пабг,/root/datasets/pubg/shorts_autolearn/yt_9xQO_a4UsFU.mp4,55.0,55.0,0.1203,6.49,0.0951,0.2102,0.488,0.5415,0.4738,0.5415,0.4999,0.5171,0.0,0.5919,0.7049,0.5435,0,,,0.9736,0.22,0.0,1,0,0.0017,True,,229
2026-09-08T07:11:00Z,9xQO_a4UsFU,yt 9xQO a4UsFU,shorts_autolearn_media,file:///root/datasets/pubg/shorts_autolearn/yt_9xQO_a4UsFU.mp4,local:shorts_autolearn_media,/root/datasets/pubg/shorts_autolearn/yt_9xQO_a4UsFU.mp4,55.0,55.0,0.1203,6.49,0.0951,0.2102,0.488,0.5415,0.4738,0.5415,0.4999,0.5171,0.0,0.5919,0.7049,0.5435,0,,,0.9736,0.22,0.0,1,0,0.0017,True,,229
2026-09-08T07:24:15Z,rFHjtssqfsU,ЭТО РЕКОРД! С НУЛЯ ДО ФУЛЛ ШЕСТИ В МЕТРО РОЯЛЬ 🔥 ,youtube_shorts,https://www.youtube.com/shorts/rFHjtssqfsU,метро роял с нуля до фул 6 shorts,/root/datasets/pubg/shorts_autolearn/yt_rFHjtssqfsU.mp4,55.0,55.0,0.0139,6.136,0.0621,0.294,0.277,0.0004,0.0001,0.0004,0.867,0.8836,,,,,1043,,,,,,,,0.0001,False,talk_menu=rms0.0621:gun0.014,230
2026-09-08T07:31:53Z,2u6LkRws6dA,yt 2u6LkRws6dA,shorts_autolearn_media,file:///root/datasets/pubg/shorts_autolearn/yt_2u6LkRws6dA.mp4,local:shorts_autolearn_media,/root/datasets/pubg/shorts_autolearn/yt_2u6LkRws6dA.mp4,55.0,55.0,0.149,4.592,0.1362,0.1117,0.472,0.0053,0.0011,0.0053,0.7716,0.7758,0.6629,0.0,,,0,,,0.6854,0.0,0.225,0,0,0.0003,False,payoff_low=0.000:min0.10,231
2026-09-08T07:32:14Z,2u6LkRws6dA,С НУЛЯ ДО ФУЛ 6 В МЕТРО РОЯЛЬ ,youtube_shorts,https://www.youtube.com/shorts/2u6LkRws6dA,метро роял с нуля до фул 6 shorts,/root/datasets/pubg/shorts_autolearn/yt_2u6LkRws6dA.mp4,55.0,55.0,0.149,4.592,0.1362,0.1117,0.472,0.0053,0.0011,0.0053,0.7716,0.7758,0.6629,0.0,,,0,,,0.6854,0.0,0.225,0,0,0.0003,False,payoff_low=0.000:min0.10,231
2026-09-08T07:37:39Z,ZAF7u7hMy1o,yt ZAF7u7hMy1o,shorts_autolearn_media,file:///root/datasets/pubg/shorts_autolearn/yt_ZAF7u7hMy1o.mp4,local:shorts_autolearn_media,/root/datasets/pubg/shorts_autolearn/yt_ZAF7u7hMy1o.mp4,55.0,55.0,0.1406,3.524,0.102,0.2767,0.578,0.0162,0.0034,0.0162,0.8562,0.8033,0.0,0.0,,,0,,,0.6641,0.0,0.0,0,0,0.0021,False,payoff_low=0.000:min0.10,232
2026-09-08T07:38:03Z,ZAF7u7hMy1o,ОТ БОТА ДО ФУЛ 6 В МЕТРО РОЯЛЬ 2.0? ,youtube_shorts,https://www.youtube.com/shorts/ZAF7u7hMy1o,метро роял с нуля до фул 6 shorts,/root/datasets/pubg/shorts_autolearn/yt_ZAF7u7hMy1o.mp4,55.0,55.0,0.1406,3.524,0.102,0.2767,0.578,0.0162,0.0034,0.0162,0.8562,0.8033,0.0,0.0,,,0,,,0.6641,0.0,0.0,0,0,0.0021,False,payoff_low=0.000:min0.10,232
2026-09-08T07:42:36Z,xVzCsB9sIyY,АВТОПОДБОР БЫЛ В ШОКЕ😱СМЕШНЫЕ КАТКИ😂-ГОРЫ ЛУТА В METRO ROYALE,youtube_highlights,https://www.youtube.com/watch?v=xVzCsB9sIyY,метро роял пабг лучшие моменты,/root/datasets/pubg/shorts_autolearn/yt_xVzCsB9sIyY.mp4,55.0,55.0,0.038,3.884,0.0677,0.1721,0.444,0.0131,0.0012,0.0172,0.8378,0.6422,,,,,1819,,,,,,,,0.0007,False,loot_walk=density0.038,233
2026-09-08T07:49:43Z,zBT0kQ-KxTU,ДЮП ТЕПЛАКОВ/GLITCH METRO ROYALE,youtube_shorts,https://www.youtube.com/shorts/zBT0kQ-KxTU,метро роял пабг перестрелка shorts,/root/datasets/pubg/shorts_autolearn/yt_zBT0kQ-KxTU.mp4,12.53,12.53,0.0297,4.663,0.0104,0.0386,0.393,0.0013,0.0003,0.0014,0.8579,0.6409,,,,,13,,,,,,,,0.0003,False,no_shots=density0.030:burst4.66:ownerbelow_owner_floor=density0.030:burst4.66,234
2026-09-08T07:53:54Z,9nbJnSYntdw,yt 9nbJnSYntdw,shorts_autolearn_media,file:///root/datasets/pubg/shorts_autolearn/yt_9nbJnSYntdw.mp4,local:shorts_autolearn_media,/root/datasets/pubg/shorts_autolearn/yt_9nbJnSYntdw.mp4,55.0,55.0,0.1352,5.414,0.1098,0.1374,0.219,0.0006,0.0006,0.0006,0.6683,0.8984,0.0,0.0,,,0,,,0.6852,0.0,0.0,0,0,0.0004,False,payoff_low=0.000:min0.10,235
2026-09-08T07:53:54Z,9nbJnSYntdw,КАК ИГРАТЬ В МЕТРО НА ПК ГАЙД METRO ROYALE МЕТРО ОБХОД,youtube_shorts,https://www.youtube.com/shorts/9nbJnSYntdw,метро роял пабг перестрелка shorts,/root/datasets/pubg/shorts_autolearn/yt_9nbJnSYntdw.mp4,55.0,55.0,0.1352,5.414,0.1098,0.1374,0.219,0.0006,0.0006,0.0006,0.6683,0.8984,0.0,0.0,,,18,,,0.6852,0.0,0.0,0,0,0.0004,False,payoff_low=0.000:min0.10,235
2026-09-08T07:57:28Z,rEafGsD3zdY,ЛУЧШАЯ ЧУВСТВИТЕЛЬНОСТЬ В МИРЕ 🙃🙂 PUBG MOBILE \METRO ROYALE \ПУБГ МОБАЙЛ,youtube_shorts,https://www.youtube.com/shorts/rEafGsD3zdY,метро роял пабг перестрелка shorts,/root/datasets/pubg/shorts_autolearn/yt_rEafGsD3zdY.mp4,55.0,55.0,0.1263,7.241,0.0908,0.2104,0.304,0.0023,0.001,0.0023,0.5739,0.7703,0.0,0.0,,,15139,,,0.7308,0.0,0.0,0,0,0.0004,False,payoff_low=0.000:min0.10,236
2026-09-08T08:00:42Z,bdt28bn8lZM,Pubg  1 Vs 3 Clutch in metro royale ,youtube_highlights,https://www.youtube.com/watch?v=bdt28bn8lZM,pubg metro royale clutch,/root/datasets/pubg/shorts_autolearn/yt_bdt28bn8lZM.mp4,38.52,38.52,0.0272,6.325,0.0377,0.1686,0.323,0.3566,0.449,0.449,0.0176,0.0578,,,,,35,,,,,,,,0.0018,False,no_shots=density0.027:burst6.33:ownerrun_fake_gun=motion0.169:gun0.027,237
2026-09-08T08:01:10Z,bdt28bn8lZM,yt bdt28bn8lZM,shorts_autolearn_media,file:///root/datasets/pubg/shorts_autolearn/yt_bdt28bn8lZM.mp4,local:shorts_autolearn_media,/root/datasets/pubg/shorts_autolearn/yt_bdt28bn8lZM.mp4,38.52,38.52,0.0272,6.325,0.0377,0.1686,0.323,0.3566,0.449,0.449,0.0176,0.0578,,,,,0,,,,,,,,0.0018,False,no_shots=density0.027:burst6.33:ownerrun_fake_gun=motion0.169:gun0.027,237
2026-09-08T08:19:24Z,vdK0SkDEacs,How to Properly Loot Radiation on Map 3 in Metro Royale ,youtube_shorts,https://www.youtube.com/shorts/vdK0SkDEacs,метро роял 8 карта shorts пабг,/root/datasets/pubg/shorts_autolearn/yt_vdK0SkDEacs.mp4,55.0,55.0,0.1475,5.382,0.1321,0.2949,0.318,0.011,0.0014,0.011,0.8875,0.037,0.0,0.0,,,815,,,0.6909,0.0,0.0,0,0,0.0021,False,payoff_low=0.000:min0.10,238
2026-09-08T08:19:30Z,vdK0SkDEacs,yt vdK0SkDEacs,shorts_autolearn_media,file:///root/datasets/pubg/shorts_autolearn/yt_vdK0SkDEacs.mp4,local:shorts_autolearn_media,/root/datasets/pubg/shorts_autolearn/yt_vdK0SkDEacs.mp4,55.0,55.0,0.1475,5.382,0.1321,0.2949,0.318,0.011,0.0014,0.011,0.8875,0.037,0.0,0.0,,,0,,,0.6909,0.0,0.0,0,0,0.0021,False,payoff_low=0.000:min0.10,238
2026-09-08T08:21:31Z,PNqnBgKk0RQ,ДЮП ТЕПЛАКОВ/GLITCH METRO ROYALE,youtube_shorts,https://www.youtube.com/shorts/PNqnBgKk0RQ,метро роял пабг перестрелка shorts,/root/datasets/pubg/shorts_autolearn/yt_PNqnBgKk0RQ.mp4,12.53,12.53,0.0297,4.663,0.0104,0.0386,0.393,0.0013,0.0003,0.0014,0.8579,0.6409,,,,,13,,,,,,,,0.0003,False,no_shots=density0.030:burst4.66:ownerbelow_owner_floor=density0.030:burst4.66,239
2026-09-08T08:26:44Z,X2oC3k1hZPs,yt X2oC3k1hZPs.f298,shorts_autolearn_media,file:///root/datasets/pubg/shorts_autolearn/yt_X2oC3k1hZPs.f298.mp4,local:shorts_autolearn_media,/root/datasets/pubg/shorts_autolearn/yt_X2oC3k1hZPs.f298.mp4,55.0,55.0,0.0,0.0,0.0,0.2301,0.429,0.0,0.0,0.0,0.0,0.0,,,,,0,,,,,,,,0.0,False,no_shots=density0.000:burst0.00:ownerbelow_owner_floor=density0.000:burst0.00,240
2026-09-08T08:29:27Z,X2oC3k1hZPs,С ДП-28 до ФУЛЛ 6 В МЕТРО РОЯЛЬ НА 7 КАРТЕ🔥 ,youtube_shorts,https://www.youtube.com/shorts/X2oC3k1hZPs,метро роял 7 карта shorts пабг,/root/datasets/pubg/shorts_autolearn/yt_X2oC3k1hZPs.mp4,55.0,55.0,0.117,5.927,0.0873,0.2301,0.429,0.0389,0.0345,0.0389,0.729,0.6352,0.4531,0.0,,,3081,,,0.7303,0.0,0.225,0,0,0.0005,False,payoff_low=0.000:min0.10,240
2026-09-08T08:35:44Z,IiFpTzTVLr0,METRO ROYALE HIGHLIGHTS ,youtube_highlights,https://www.youtube.com/watch?v=IiFpTzTVLr0,pubg metro royale highlights,/root/datasets/pubg/shorts_autolearn/yt_IiFpTzTVLr0.mp4,55.0,55.0,0.1896,4.38,0.1733,0.2217,0.358,0.4588,0.6374,0.6374,0.4218,0.4825,,,,,0,,,,,,,0,0.0038,False,hard_bot_farm=bot_farm_one_sided=quarters4:clusters1:kf0:mini0.000,241
2026-09-08T08:36:55Z,IiFpTzTVLr0,yt IiFpTzTVLr0,shorts_autolearn_media,file:///root/datasets/pubg/shorts_autolearn/yt_IiFpTzTVLr0.mp4,local:shorts_autolearn_media,/root/datasets/pubg/shorts_autolearn/yt_IiFpTzTVLr0.mp4,55.0,55.0,0.1896,4.38,0.1733,0.2217,0.358,0.4588,0.6374,0.6374,0.4218,0.4825,,,,,0,,,,,,,0,0.0038,False,hard_bot_farm=bot_farm_one_sided=quarters4:clusters1:kf0:mini0.000,241
2026-09-08T08:52:22Z,GRlR31E4GJI,С НУЛЯ ДО ФУЛ 6 В МЕТРО РОЯЛЬ ,youtube_shorts,https://www.youtube.com/shorts/GRlR31E4GJI,метро роял с нуля до фул 6 shorts,/root/datasets/pubg/shorts_autolearn/yt_GRlR31E4GJI.mp4,55.0,55.0,0.1385,5.98,0.1114,0.3397,0.424,0.0074,0.0021,0.0074,0.6388,0.6527,0.7591,0.0,,,0,,,0.7231,0.0,0.225,0,0,0.0003,False,payoff_low=0.000:min0.10,242
2026-09-08T08:55:25Z,GRlR31E4GJI,yt GRlR31E4GJI,shorts_autolearn_media,file:///root/datasets/pubg/shorts_autolearn/yt_GRlR31E4GJI.mp4,local:shorts_autolearn_media,/root/datasets/pubg/shorts_autolearn/yt_GRlR31E4GJI.mp4,55.0,55.0,0.1385,5.98,0.1114,0.3397,0.424,0.0074,0.0021,0.0074,0.6388,0.6527,0.7591,0.0,,,0,,,0.7231,0.0,0.225,0,0,0.0003,False,payoff_low=0.000:min0.10,242
2026-09-08T09:00:47Z,5c1j4y7qs7g,С НУЛЯ ДО ФУЛ 6 В МЕТРО РОЯЛЬ ,youtube_shorts,https://www.youtube.com/shorts/5c1j4y7qs7g,метро роял с нуля до фул 6 shorts,/root/datasets/pubg/shorts_autolearn/yt_5c1j4y7qs7g.mp4,55.0,55.0,0.1609,3.57,0.1508,0.2437,0.344,0.0033,0.0006,0.0033,0.8339,0.8121,0.0,0.0,,,0,,,0.6607,0.0,0.0,0,0,0.0003,False,payoff_low=0.000:min0.10,243
2026-09-08T09:04:20Z,5c1j4y7qs7g,yt 5c1j4y7qs7g,shorts_autolearn_media,file:///root/datasets/pubg/shorts_autolearn/yt_5c1j4y7qs7g.mp4,local:shorts_autolearn_media,/root/datasets/pubg/shorts_autolearn/yt_5c1j4y7qs7g.mp4,55.0,55.0,0.1609,3.57,0.1508,0.2437,0.344,0.0033,0.0006,0.0033,0.8339,0.8121,0.0,0.0,,,0,,,0.6607,0.0,0.0,0,0,0.0003,False,payoff_low=0.000:min0.10,243
2026-09-08T09:08:48Z,CYgNT8ztAcA,ШТУРМ НА 5 КАРТЕ В МЕТРО РОЯЛЬ ,youtube_shorts,https://www.youtube.com/shorts/CYgNT8ztAcA,метро роял с нуля до фул 6 shorts,/root/datasets/pubg/shorts_autolearn/yt_CYgNT8ztAcA.mp4,55.0,55.0,0.1518,5.263,0.1343,0.1721,0.377,0.0056,0.0014,0.0056,0.7565,0.7468,0.0,0.0,,,0,,,0.6993,0.0,0.0,0,0,0.0004,False,payoff_low=0.000:min0.10,244
2026-09-08T09:12:58Z,CYgNT8ztAcA,yt CYgNT8ztAcA,shorts_autolearn_media,file:///root/datasets/pubg/shorts_autolearn/yt_CYgNT8ztAcA.mp4,local:shorts_autolearn_media,/root/datasets/pubg/shorts_autolearn/yt_CYgNT8ztAcA.mp4,55.0,55.0,0.1518,5.263,0.1343,0.1721,0.377,0.0056,0.0014,0.0056,0.7565,0.7468,0.0,0.0,,,0,,,0.6993,0.0,0.0,0,0,0.0004,False,payoff_low=0.000:min0.10,244
2026-09-08T09:13:48Z,SXC-kaWULEc,METRO ROYALE DROP YELLOW CRATE WITH FABLED JS9 ,youtube_highlights,https://www.youtube.com/watch?v=SXC-kaWULEc,метро роял клатч пабг,/root/datasets/pubg/shorts_autolearn/yt_SXC-kaWULEc.mp4,55.0,55.0,0.0351,17.428,0.0212,0.234,0.454,0.1318,0.2383,0.2383,0.0099,0.4736,,,,,2143,,,,,,,,0.0002,False,loot_walk=density0.035,245
2026-09-08T09:48:21Z,sOqcYPQwZ78,С НУЛЯ ДО ФУЛ 6 МЕТРО РОЯЛЬ 2.0 ,youtube_shorts,https://www.youtube.com/shorts/sOqcYPQwZ78,метро роял с нуля до фул 6 shorts,/root/datasets/pubg/shorts_autolearn/yt_sOqcYPQwZ78.mp4,55.0,55.0,0.1352,2.934,0.0999,0.2807,0.537,0.0632,0.0186,0.0632,0.7927,0.8012,0.6754,0.0,,,0,,,0.6828,0.0,0.225,0,0,0.004,False,payoff_low=0.000:min0.10,246
2026-09-08T09:50:52Z,w42jVjVquyc,ЗАБАНИЛИ АККАУНТ?! КАК ЛЕГКО ПОДНЯТЬСЯ С НУЛЯ ДО ФУЛ 6 В МЕТРО РОЯЛЬ ,youtube_shorts,https://www.youtube.com/shorts/w42jVjVquyc,метро роял с нуля до фул 6 shorts,/root/datasets/pubg/shorts_autolearn/yt_w42jVjVquyc.mp4,55.0,55.0,0.0338,6.062,0.0188,0.1811,0.338,0.0028,0.0009,0.0028,0.6301,0.5901,,,,,910,,,,,,,,0.0001,False,loot_walk=density0.034,247
2026-09-08T09:54:36Z,cJOzi2O5RJg,С НУЛЯ ДО ФУЛ 6 ГОЛЫМ В МЕТРО РОЯЛЬ ,youtube_shorts,https://www.youtube.com/shorts/cJOzi2O5RJg,метро роял с нуля до фул 6 shorts,/root/datasets/pubg/shorts_autolearn/yt_cJOzi2O5RJg.mp4,55.0,55.0,0.1405,3.556,0.1046,0.2705,0.429,0.145,0.0728,0.145,0.7809,0.7385,0.4964,0.0,,,0,,,0.7366,0.0,0.225,0,0,0.0023,False,payoff_low=0.000:min0.10,248
2026-09-08T09:58:12Z,6GS3F9um0W8,"5 лучших советов и хитростей для новичков в Metro Royale, которые помогут стать профессионалом ",youtube_highlights,https://www.youtube.com/watch?v=6GS3F9um0W8,метро роял пабг лучшие моменты,/root/datasets/pubg/shorts_autolearn/yt_6GS3F9um0W8.mp4,55.0,55.0,0.0,3.073,0.0449,0.2527,0.527,0.0974,0.0388,0.0974,0.7933,0.7879,,,,,517,,,,,,,,0.0148,False,run_loot=motion0.253:gun0.000,249
2026-09-08T11:03:35Z,_NAQlOntPYI,СТРИМ МЕТРО РОЯЛЬ!!НОВЫЙ СЕЗОН ОТ 0 ДО ФУЛЛ 6. #пабг  #metroroyale #метророяль #shorts,youtube_shorts,https://www.youtube.com/shorts/_NAQlOntPYI,метро роял 8 карта shorts пабг,/root/datasets/pubg/shorts_autolearn/yt__NAQlOntPYI.mp4,4.92,4.92,0.0,13.076,0.0,0.0574,0.402,0.0004,0.0004,0.0018,0.0574,0.116,,,,,10,,,,,,,,0.0018,False,no_shots=density0.000:burst13.08:ownerbelow_owner_floor=density0.000:burst13.08,250
2026-09-08T11:11:53Z,hAiw6dxAp2c,yt hAiw6dxAp2c,shorts_autolearn_media,file:///root/datasets/pubg/shorts_autolearn/yt_hAiw6dxAp2c.mp4,local:shorts_autolearn_media,/root/datasets/pubg/shorts_autolearn/yt_hAiw6dxAp2c.mp4,55.0,55.0,0.0803,5.531,0.0774,0.1243,0.378,0.5698,0.5751,0.5751,0.5144,0.5169,0.0,0.0,,,0,,,0.9568,0.0,0.0,0,0,0.0014,False,payoff_low=0.000:min0.10,251
2026-09-08T11:12:01Z,hAiw6dxAp2c,BECOME STRONGER THAN 99% OF METRO ROYALE PLAYERS 🥶,youtube_highlights,https://www.youtube.com/watch?v=hAiw6dxAp2c,метро роял клатч пабг,/root/datasets/pubg/shorts_autolearn/yt_hAiw6dxAp2c.mp4,55.0,55.0,0.0803,5.531,0.0774,0.1243,0.378,0.5698,0.5751,0.5751,0.5144,0.5169,0.0,0.0,,,0,,,0.9568,0.0,0.0,0,0,0.0014,False,payoff_low=0.000:min0.10,251
2026-09-08T11:23:05Z,2d406063db3,tt 7683110992946924831,tiktok_pubg,file:///root/datasets/tiktok/pubg/tt_7683110992946924831.mp4,local:tiktok_pubg,/root/datasets/tiktok/pubg/tt_7683110992946924831.mp4,26.37,26.37,0.207,4.305,0.1287,0.1388,0.269,0.0605,0.057,0.0605,0.1926,0.7643,0.4559,0.0,,,0,,,0.7091,0.0,0.225,0,0,0.0049,False,payoff_low=0.000:min0.10,252
2026-09-08T11:59:54Z,dd7cfbd7a3f,tt 7683129798511725831,tiktok_pubg,file:///root/datasets/tiktok/pubg/tt_7683129798511725831.mp4,local:tiktok_pubg,/root/datasets/tiktok/pubg/tt_7683129798511725831.mp4,55.0,55.0,0.0025,3.682,0.0242,0.2532,0.356,0.2268,0.3852,0.3852,0.314,0.5106,,,,,0,,,,,,,,0.0013,False,no_shots=density0.003:burst3.68:ownerbelow_owner_floor=density0.003:burst3.68,253
2026-09-08T12:20:00Z,OxuagZtIdOE,From 0 to 100 MILLION!!🔥SOLO vs SQUADS🥵THE HARDEST RIMS IN METRO ROYALE ,youtube_shorts,https://www.youtube.com/shorts/OxuagZtIdOE,метро роял соло против отряда shorts,/root/datasets/pubg/shorts_autolearn/yt_OxuagZtIdOE.mp4,55.0,55.0,0.0156,4.239,0.0405,0.2408,0.406,0.0327,0.0036,0.0327,0.8118,0.8039,,,,,3093,,,,,,,,0.001,False,run_loot=motion0.241:gun0.016,254
2026-09-08T12:31:08Z,1kypxeu_FkI,С НУЛЯ ДО ФУЛ 6 В МЕТРО РОЯЛЬ ,youtube_shorts,https://www.youtube.com/shorts/1kypxeu_FkI,метро роял с нуля до фул 6 shorts,/root/datasets/pubg/shorts_autolearn/yt_1kypxeu_FkI.mp4,55.0,55.0,0.1366,5.969,0.099,0.2281,0.369,0.0032,0.0005,0.0032,0.7793,0.7232,0.8733,0.0,,,0,,,0.7081,0.0,0.225,0,0,0.0003,False,payoff_low=0.000:min0.10,255
2026-09-08T12:31:15Z,1kypxeu_FkI,yt 1kypxeu FkI,shorts_autolearn_media,file:///root/datasets/pubg/shorts_autolearn/yt_1kypxeu_FkI.mp4,local:shorts_autolearn_media,/root/datasets/pubg/shorts_autolearn/yt_1kypxeu_FkI.mp4,55.0,55.0,0.1366,5.969,0.099,0.2281,0.369,0.0032,0.0005,0.0032,0.7793,0.7232,0.8733,0.0,,,0,,,0.7081,0.0,0.225,0,0,0.0003,False,payoff_low=0.000:min0.10,255
2026-09-08T12:34:21Z,KdPZ5XGQ4EM,С 0 ДО ФУЛЛ 6 В НАЧАЛЕ СЕЗОНА В МЕТРО РОЯЛЬ🔥 ,youtube_shorts,https://www.youtube.com/shorts/KdPZ5XGQ4EM,метро роял с нуля до фул 6 shorts,/root/datasets/pubg/shorts_autolearn/yt_KdPZ5XGQ4EM.mp4,55.0,55.0,0.0456,4.794,0.068,0.281,0.417,0.548,0.6544,0.6544,0.5909,0.6176,,,,,0,,,,,,,1,0.0026,False,hard_loot_walk,256
2026-09-08T12:34:37Z,KdPZ5XGQ4EM,yt KdPZ5XGQ4EM,shorts_autolearn_media,file:///root/datasets/pubg/shorts_autolearn/yt_KdPZ5XGQ4EM.mp4,local:shorts_autolearn_media,/root/datasets/pubg/shorts_autolearn/yt_KdPZ5XGQ4EM.mp4,55.0,55.0,0.0456,4.794,0.068,0.281,0.417,0.548,0.6544,0.6544,0.5909,0.6176,,,,,0,,,,,,,1,0.0026,False,hard_loot_walk,256
2026-09-08T12:38:29Z,wEmX7yEyKQg,Metro Royale Solo vs Campers Lobby Wipe in Map 7 ,youtube_highlights,https://www.youtube.com/watch?v=wEmX7yEyKQg,pubg metro royale highlights,/root/datasets/pubg/shorts_autolearn/yt_wEmX7yEyKQg.mp4,55.0,55.0,0.0553,13.734,0.0277,0.215,0.254,0.1359,0.1114,0.1359,0.0076,0.3031,,,,,1009,,,,,,,,0.0013,False,loot_walk=density0.055,257
2026-09-08T13:47:49Z,VP_zwvS1TwU,yt VP zwvS1TwU,shorts_autolearn_media,file:///root/datasets/pubg/shorts_autolearn/yt_VP_zwvS1TwU.mp4,local:shorts_autolearn_media,/root/datasets/pubg/shorts_autolearn/yt_VP_zwvS1TwU.mp4,55.0,55.0,0.157,3.5,0.1414,0.1619,0.339,0.0024,0.0005,0.0024,0.7615,0.6815,0.508,0.0,,,0,,,0.6663,0.0,0.225,0,0,0.0002,False,payoff_low=0.000:min0.10,258
2026-09-08T13:47:57Z,VP_zwvS1TwU,С НУЛЯ ДО ФУЛ 6 В МЕТРО РОЯЛЬ ,youtube_shorts,https://www.youtube.com/shorts/VP_zwvS1TwU,метро роял с нуля до фул 6 shorts,/root/datasets/pubg/shorts_autolearn/yt_VP_zwvS1TwU.mp4,55.0,55.0,0.157,3.5,0.1414,0.1619,0.339,0.0024,0.0005,0.0024,0.7615,0.6815,0.508,0.0,,,0,,,0.6663,0.0,0.225,0,0,0.0002,False,payoff_low=0.000:min0.10,258
2026-09-08T13:56:51Z,3kTgTFefoJc,SMASHING SQUADS IN THE NEW METRO ROYALE SEASON - SOLO VS SQUADS ,youtube_highlights,https://www.youtube.com/watch?v=3kTgTFefoJc,метро роял один против сквада,/root/datasets/pubg/shorts_autolearn/yt_3kTgTFefoJc.mp4,55.0,55.0,0.1654,4.838,0.1399,0.3334,0.503,0.0137,0.0039,0.0137,0.8114,0.7245,0.0,0.0,,,0,,,0.6904,0.0,0.0,0,0,0.0007,False,payoff_low=0.000:min0.10,259
2026-09-08T14:59:47Z,e7be5f19f3c,tt 7683175271146474760,tiktok_pubg,file:///root/datasets/tiktok/pubg/tt_7683175271146474760.mp4,local:tiktok_pubg,/root/datasets/tiktok/pubg/tt_7683175271146474760.mp4,55.0,55.0,0.1324,3.935,0.0821,0.225,0.317,0.1362,0.0743,0.1362,0.8374,0.8121,0.0,0.0,,,0,,,0.7332,0.0,0.0,0,0,0.0182,False,payoff_low=0.000:min0.10,260
2026-09-08T15:02:26Z,L0ILJLRNfrE,😱ЛЕГЕНДАРНЫЙ ШТУРМ В МЕТРО РОЯЛЬ ,youtube_highlights,https://www.youtube.com/watch?v=L0ILJLRNfrE,метро роял пабг лучшие моменты,/root/datasets/pubg/shorts_autolearn/yt_L0ILJLRNfrE.mp4,55.0,55.0,0.0452,7.148,0.0331,0.2079,0.433,0.1146,0.0806,0.1146,0.722,0.6975,,,,,2303,,,,,,,,0.0071,False,loot_walk=density0.045,260
2026-09-08T15:06:50Z,e7be5f19f3c,tt 7683175271146474760,tiktok_pubg,file:///root/datasets/tiktok/pubg/tt_7683175271146474760.mp4,local:tiktok_pubg,/root/datasets/tiktok/pubg/tt_7683175271146474760.mp4,55.0,55.0,0.1324,3.935,0.0821,0.225,0.317,0.1362,0.0743,0.1362,0.8374,0.8121,0.0,0.0,,,0,,,0.7332,0.0,0.0,0,0,0.0182,False,payoff_low=0.000:min0.10,261
2026-09-08T15:14:50Z,RRBN7FUvK_s,yt RRBN7FUvK s.f398,shorts_autolearn_media,file:///root/datasets/pubg/shorts_autolearn/yt_RRBN7FUvK_s.f398.mp4,local:shorts_autolearn_media,/root/datasets/pubg/shorts_autolearn/yt_RRBN7FUvK_s.f398.mp4,55.0,55.0,0.0,0.0,0.0,0.0,1.0,0.0,0.0,0.0,0.0,0.0,,,,,0,,,,,,,,0.0,False,no_shots=density0.000:burst0.00:ownerbelow_owner_floor=density0.000:burst0.00,262
2026-09-08T15:16:48Z,RRBN7FUvK_s,SOLO AGAINST EVERYONE🔥IT WAS NOT EASY😱IN METRO ROYALE,youtube_highlights,https://www.youtube.com/watch?v=RRBN7FUvK_s,метро роял один против сквада,/root/datasets/pubg/shorts_autolearn/yt_RRBN7FUvK_s.mp4,55.0,55.0,0.0042,3.261,0.0673,0.0157,0.516,0.006,0.0007,0.006,0.8081,0.4552,,,,,1671,,,,,,,,0.0004,False,talk_menu=rms0.0673:gun0.004,262
2026-09-08T15:20:55Z,9t6C5tJUkYY,GRINDING TO A BILLION SOLO VS SQUADS 🥶 IN METRO ROYALE -6 ,youtube_highlights,https://www.youtube.com/watch?v=9t6C5tJUkYY,метро роял один против сквада,/root/datasets/pubg/shorts_autolearn/yt_9t6C5tJUkYY.mp4,55.0,55.0,0.057,8.047,0.0549,0.1882,0.333,0.498,0.4906,0.498,0.4137,0.4134,,,,,927,,,,,,,1,0.0004,False,hard_loot_walk,263
2026-09-08T15:53:26Z,AL8CKKGLi1k,Metro Royale chapter-7 ,youtube_highlights,https://www.youtube.com/watch?v=AL8CKKGLi1k,pubg metro royale clutch,/root/datasets/pubg/shorts_autolearn/yt_AL8CKKGLi1k.mp4,55.0,55.0,0.1439,4.24,0.1424,0.2219,0.394,0.3155,0.3308,0.3308,0.2567,0.5768,0.2904,0.0,,,673,,,0.8619,0.0,0.225,0,0,0.0017,False,payoff_low=0.000:min0.10,264
2026-09-08T16:14:14Z,d_mKa8J4_2s,yt d mKa8J4 2s.f398,shorts_autolearn_media,file:///root/datasets/pubg/shorts_autolearn/yt_d_mKa8J4_2s.f398.mp4,local:shorts_autolearn_media,/root/datasets/pubg/shorts_autolearn/yt_d_mKa8J4_2s.f398.mp4,55.0,55.0,0.0,0.0,0.0,0.0,1.0,0.0,0.0,0.0,0.0,0.0,,,,,0,,,,,,,,0.0,False,no_shots=density0.000:burst0.00:ownerbelow_owner_floor=density0.000:burst0.00,265
2026-09-08T16:18:40Z,d_mKa8J4_2s,ВОТ КАК ПРАВИЛЬНО ИГРАТЬ В METRO ROYALE - УЧУСЬ У ПРОФИ 😎😈 PUBG Mobile METRO ROYALE ,youtube_highlights,https://www.youtube.com/watch?v=d_mKa8J4_2s,метро роял пабг лучшие моменты,/root/datasets/pubg/shorts_autolearn/yt_d_mKa8J4_2s.mp4,55.0,55.0,0.1484,5.141,0.0946,0.1243,0.331,0.0301,0.019,0.0301,0.8742,0.9055,,,,,3244,,,,,,,0,0.0033,False,hard_bot_farm=bot_farm_one_sided=quarters3:clusters0:kf0:mini0.000,265
2026-09-08T16:22:56Z,v6XNiOHSc5k,yt v6XNiOHSc5k.f398,shorts_autolearn_media,file:///root/datasets/pubg/shorts_autolearn/yt_v6XNiOHSc5k.f398.mp4,local:shorts_autolearn_media,/root/datasets/pubg/shorts_autolearn/yt_v6XNiOHSc5k.f398.mp4,55.0,55.0,0.0,0.0,0.0,0.0,1.0,0.0,0.0,0.0,0.0,0.0,,,,,0,,,,,,,,0.0,False,no_shots=density0.000:burst0.00:ownerbelow_owner_floor=density0.000:burst0.00,266
2026-09-08T16:27:05Z,v6XNiOHSc5k,НИКОГДА НЕ ИГРАЙ С ЭТОЙ ПУШКОЙ В МЕТРО РОЯЛЬ! 🤯😵 PUBG Mobile METRO ROYALE ,youtube_highlights,https://www.youtube.com/watch?v=v6XNiOHSc5k,метро роял пабг лучшие моменты,/root/datasets/pubg/shorts_autolearn/yt_v6XNiOHSc5k.mp4,55.0,55.0,0.1557,3.608,0.109,0.1393,0.367,0.206,0.1616,0.206,0.655,0.6945,,,,,2903,,,,,,,0,0.0128,False,hard_bot_farm=bot_farm_one_sided=quarters4:clusters0:kf0:mini0.000,266
2026-09-08T16:36:23Z,t-8kkgU9ndo,yt t-8kkgU9ndo,shorts_autolearn_media,file:///root/datasets/pubg/shorts_autolearn/yt_t-8kkgU9ndo.mp4,local:shorts_autolearn_media,/root/datasets/pubg/shorts_autolearn/yt_t-8kkgU9ndo.mp4,55.0,55.0,0.1479,4.455,0.088,0.2381,0.224,0.2443,0.2869,0.2869,0.4255,0.5502,0.4227,0.0,,,0,,,0.8464,0.0,0.225,0,0,0.0019,False,payoff_low=0.000:min0.10,267
2026-09-08T16:36:25Z,t-8kkgU9ndo,ОТ НУЛЯ ДО ФУЛЛ 6 В МЕТРО РОЯЛЬ - ПУБГ МОБАЙЛ 🔥😎 ТОЛЬКО С JS9 ДО ФУЛЛ 6 В METRO ROYALE ,youtube_highlights,https://www.youtube.com/watch?v=t-8kkgU9ndo,метро роял пабг лучшие моменты,/root/datasets/pubg/shorts_autolearn/yt_t-8kkgU9ndo.mp4,55.0,55.0,0.1479,4.455,0.088,0.2381,0.224,0.2443,0.2869,0.2869,0.4255,0.5502,0.4227,0.0,,,2817,,,0.8464,0.0,0.225,0,0,0.0019,False,payoff_low=0.000:min0.10,267
2026-09-08T16:41:38Z,8fMjU5keaQk,НОВАЯ КАРТА В МЕТРО РОЯЛЬ! - ПЕРВЫЙ ВЗГЛЯД 🔥😎 СОБРАЛ ЛУЧШИЙ ЗОЛОТОЙ СЕТ В METRO ROYALE ,youtube_highlights,https://www.youtube.com/watch?v=8fMjU5keaQk,метро роял пабг лучшие моменты,/root/datasets/pubg/shorts_autolearn/yt_8fMjU5keaQk.mp4,55.0,55.0,0.0004,3.244,0.0738,0.1525,0.335,0.0032,0.0019,0.0036,0.8562,0.856,,,,,2681,,,,,,,,0.0011,False,talk_menu=rms0.0738:gun0.000,268
2026-09-08T16:48:25Z,rtHV4eX00D4,Pubg Mobile Metro Royale Highlights ,youtube_highlights,https://www.youtube.com/watch?v=rtHV4eX00D4,pubg metro royale highlights,/root/datasets/pubg/shorts_autolearn/yt_rtHV4eX00D4.mp4,29.04,29.04,0.032,3.634,0.0628,0.134,0.34,0.6278,0.8697,0.8697,0.0196,0.0096,,,,,1,,,,,,,,0.0015,False,no_shots=density0.032:burst3.63,269
2026-09-08T16:48:31Z,rtHV4eX00D4,yt rtHV4eX00D4,shorts_autolearn_media,file:///root/datasets/pubg/shorts_autolearn/yt_rtHV4eX00D4.mp4,local:shorts_autolearn_media,/root/datasets/pubg/shorts_autolearn/yt_rtHV4eX00D4.mp4,29.04,29.04,0.032,3.634,0.0628,0.134,0.34,0.6278,0.8697,0.8697,0.0196,0.0096,,,,,0,,,,,,,,0.0015,False,no_shots=density0.032:burst3.63,269
2026-09-08T17:18:18Z,VB12uSRuCGc,С НУЛЯ ДО ФУЛ 6 ГОЛЫМ В НОВОМ МЕТРО РОЯЛЬ БЕЗ МАГАЗИНА ,youtube_shorts,https://www.youtube.com/shorts/VB12uSRuCGc,метро роял с нуля до фул 6 shorts,/root/datasets/pubg/shorts_autolearn/yt_VB12uSRuCGc.mp4,55.0,55.0,0.1452,3.587,0.1073,0.2532,0.487,0.0623,0.0082,0.0623,0.7491,0.6776,,,,,854,,,,,,,0,0.0077,False,hard_bot_farm=bot_farm_one_sided=quarters4:clusters1:kf0:mini0.000,271
2026-09-08T17:23:59Z,tW1ZcsGi4Xs,yt tW1ZcsGi4Xs,shorts_autolearn_media,file:///root/datasets/pubg/shorts_autolearn/yt_tW1ZcsGi4Xs.mp4,local:shorts_autolearn_media,/root/datasets/pubg/shorts_autolearn/yt_tW1ZcsGi4Xs.mp4,55.0,55.0,0.1289,3.091,0.0962,0.2094,0.47,0.2982,0.1585,0.2982,0.6141,0.6349,0.0,0.0,,,0,,,0.8197,0.0,0.0,0,0,0.0025,False,payoff_low=0.000:min0.10,272
2026-09-08T17:24:10Z,tW1ZcsGi4Xs,ПРИТВОРИЛСЯ БОТОМ НА 3 КАРТЕ В МЕТРО РОЯЛЬ #2 ,youtube_shorts,https://www.youtube.com/shorts/tW1ZcsGi4Xs,метро роял с нуля до фул 6 shorts,/root/datasets/pubg/shorts_autolearn/yt_tW1ZcsGi4Xs.mp4,55.0,55.0,0.1289,3.091,0.0962,0.2094,0.47,0.2982,0.1585,0.2982,0.6141,0.6349,0.0,0.0,,,0,,,0.8197,0.0,0.0,0,0,0.0025,False,payoff_low=0.000:min0.10,272
2026-09-08T17:30:49Z,jq71wa6UB8Q,Pubg Metro Royale Highlights ,youtube_highlights,https://www.youtube.com/watch?v=jq71wa6UB8Q,pubg metro royale highlights,/root/datasets/pubg/shorts_autolearn/yt_jq71wa6UB8Q.mp4,31.83,31.83,0.0869,6.015,0.0306,0.1253,0.236,0.5518,0.7662,0.7662,0.0254,0.0058,0.285,0.0,,,3,,,0.742,0.0,0.285,0,0,0.0005,False,payoff_low=0.000:min0.10,273
2026-09-08T17:31:39Z,jq71wa6UB8Q,yt jq71wa6UB8Q,shorts_autolearn_media,file:///root/datasets/pubg/shorts_autolearn/yt_jq71wa6UB8Q.mp4,local:shorts_autolearn_media,/root/datasets/pubg/shorts_autolearn/yt_jq71wa6UB8Q.mp4,31.83,31.83,0.0869,6.015,0.0306,0.1253,0.236,0.5518,0.7662,0.7662,0.0254,0.0058,0.285,0.0,,,0,,,0.742,0.0,0.285,0,0,0.0005,False,payoff_low=0.000:min0.10,273
2026-09-08T17:54:12Z,lUyQiWEclyg,Я БОЛЬШЕ НЕ ИГРАЮ С МК-14! ☠️😍 PUBG MOBILE METRO ROYALE ,youtube_highlights,https://www.youtube.com/watch?v=lUyQiWEclyg,метро роял пабг лучшие моменты,/root/datasets/pubg/shorts_autolearn/yt_lUyQiWEclyg.mp4,55.0,55.0,0.1491,3.511,0.1009,0.5188,0.383,0.0156,0.0062,0.0156,0.8609,0.8518,,,,,2901,,,,,,,0,0.0022,False,hard_bot_farm=bot_farm_one_sided=quarters4:clusters0:kf0:mini0.000,275
2026-09-08T18:09:52Z,6UOVidQ0Vr4,Metro Royale One Crate Challenge: The Epic SKS Steel Front! ,youtube_highlights,https://www.youtube.com/watch?v=6UOVidQ0Vr4,метро роял клатч пабг,/root/datasets/pubg/shorts_autolearn/yt_6UOVidQ0Vr4.mp4,55.0,55.0,0.0194,3.527,0.0607,0.2314,0.365,0.0028,0.002,0.0028,0.8588,0.8077,,,,,1306,,,,,,,,0.0004,False,run_loot=motion0.231:gun0.019,276
2026-09-08T18:31:49Z,285dd97743b,tt 7683224753959832850,tiktok_pubg,file:///root/datasets/tiktok/pubg/tt_7683224753959832850.mp4,local:tiktok_pubg,/root/datasets/tiktok/pubg/tt_7683224753959832850.mp4,55.0,55.0,0.14,2.772,0.0849,0.2428,0.501,0.0234,0.018,0.0234,0.8829,0.8564,0.0,,,,0,,,,,0.0,,0,0.0043,False,hard_menu_overlay=combat_visual_strict,277
2026-09-08T18:40:31Z,Bsw8lrIWmsA,СТРИМ МЕТРО РОЯЛЬ ,youtube_shorts,https://www.youtube.com/shorts/Bsw8lrIWmsA,метро роял соло против отряда shorts,/root/datasets/pubg/shorts_autolearn/yt_Bsw8lrIWmsA.mp4,55.0,55.0,0.0591,14.354,0.025,0.0859,0.347,0.0017,0.0008,0.0017,0.9281,0.0503,0.0,0.0,,,0,,,0.6249,0.0,0.0,0,0,0.0002,False,payoff_low=0.000:min0.10,277
2026-09-08T18:40:32Z,Bsw8lrIWmsA,yt Bsw8lrIWmsA,shorts_autolearn_media,file:///root/datasets/pubg/shorts_autolearn/yt_Bsw8lrIWmsA.mp4,local:shorts_autolearn_media,/root/datasets/pubg/shorts_autolearn/yt_Bsw8lrIWmsA.mp4,55.0,55.0,0.0591,14.354,0.025,0.0859,0.347,0.0017,0.0008,0.0017,0.9281,0.0503,0.0,0.0,,,0,,,0.6249,0.0,0.0,0,0,0.0002,False,payoff_low=0.000:min0.10,278
2026-09-08T18:54:32Z,-ZwzrLHP_vA,yt -ZwzrLHP vA.f298,shorts_autolearn_media,file:///root/datasets/pubg/shorts_autolearn/yt_-ZwzrLHP_vA.f298.mp4,local:shorts_autolearn_media,/root/datasets/pubg/shorts_autolearn/yt_-ZwzrLHP_vA.f298.mp4,55.0,55.0,0.0,0.0,0.0,0.3104,0.361,0.0,0.0,0.0,0.0,0.0,,,,,0,,,,,,,,0.0,False,run_loot=motion0.310:gun0.000,280
2026-09-08T18:56:38Z,-ZwzrLHP_vA,РАЗВАЛИВАЕМ 3 КАРТУ🔥 СТРИМ МЕТРО РОЯЛЬ ,youtube_shorts,https://www.youtube.com/shorts/-ZwzrLHP_vA,метро роял соло против отряда shorts,/root/datasets/pubg/shorts_autolearn/yt_-ZwzrLHP_vA.mp4,55.0,55.0,0.0287,33.71,0.0083,0.3104,0.361,0.0032,0.0015,0.0032,0.8185,0.0447,,,,,7895,,,,,,,,0.0002,False,loot_walk=density0.029,279
2026-09-08T19:01:49Z,mCj7ZDdcpYk,САМАЯ СЛОЖНАЯ КАРТА В МЕТРО РОЯЛЬ ,youtube_highlights,https://www.youtube.com/watch?v=mCj7ZDdcpYk,метро роял один против сквада,/root/datasets/pubg/shorts_autolearn/yt_mCj7ZDdcpYk.mp4,55.0,55.0,0.0355,16.747,0.0084,0.1317,0.266,0.4898,0.7573,0.7573,0.0605,0.0132,,,,,486,,,,,,,,0.0022,False,no_shots=density0.035:burst16.75,281
2026-09-08T19:09:13Z,XMBettQEJrw,ME SOLO vs. SQUADS IN ASSASSINATION 💀 in METRO ROYALE HAYZEN ,youtube_highlights,https://www.youtube.com/watch?v=XMBettQEJrw,метро роял один против сквада,/root/datasets/pubg/shorts_autolearn/yt_XMBettQEJrw.mp4,55.0,55.0,0.0063,12.628,0.0603,0.2706,0.452,0.0072,0.0042,0.0072,0.7371,0.847,,,,,902,,,,,,,,0.0009,False,talk_menu=rms0.0603:gun0.006,282
2026-09-08T19:20:52Z,36a7602c89c,tt 7474946642077027606,tiktok_pubg,file:///root/datasets/tiktok/pubg/tt_7474946642077027606.mp4,local:tiktok_pubg,/root/datasets/tiktok/pubg/tt_7474946642077027606.mp4,55.0,55.0,0.2012,3.547,0.1039,0.1754,0.453,0.1531,0.1858,0.1858,0.5441,0.7206,,,,,0,,,,,,,0,0.0065,False,hard_bot_farm=bot_farm_one_sided=quarters4:clusters0:kf0:mini0.000,283
2026-09-08T19:21:27Z,7900c6ea2b4,tt 7474590660809542934,tiktok_pubg,file:///root/datasets/tiktok/pubg/tt_7474590660809542934.mp4,local:tiktok_pubg,/root/datasets/tiktok/pubg/tt_7474590660809542934.mp4,55.0,55.0,0.1998,3.513,0.101,0.2219,0.48,0.3409,0.4266,0.4266,0.4716,0.6745,,,,,0,,,,,,,0,0.0012,False,hard_bot_farm=bot_farm_one_sided=quarters4:clusters0:kf0:mini0.000,284
2026-09-08T19:23:36Z,J5KPnDzNwLs,РАЗВАЛИВАЕМ 3 КАРТУ🔥 СТРИМ МЕТРО РОЯЛЬ ,youtube_shorts,https://www.youtube.com/shorts/J5KPnDzNwLs,метро роял 8 карта shorts пабг,/root/datasets/pubg/shorts_autolearn/yt_J5KPnDzNwLs.mp4,55.0,55.0,0.0393,30.738,0.0194,0.093,0.366,0.0007,0.0001,0.0007,0.9113,0.024,,,,,8960,,,,,,,1,0.0002,False,hard_loot_walk,283
2026-09-08T19:30:07Z,34489fa6223,tt 7679645965757893918,tiktok_pubg,file:///root/datasets/tiktok/pubg/tt_7679645965757893918.mp4,local:tiktok_pubg,/root/datasets/tiktok/pubg/tt_7679645965757893918.mp4,17.08,17.08,0.0014,4.731,0.0275,0.2182,0.406,0.3518,0.1315,0.3518,0.174,0.5265,,,,,0,,,,,,,,0.006,False,no_shots=density0.001:burst4.73:ownerbelow_owner_floor=density0.001:burst4.73,286
2026-09-08T19:30:36Z,e5cd0ee1d20,tt 7474973554748984598,tiktok_pubg,file:///root/datasets/tiktok/pubg/tt_7474973554748984598.mp4,local:tiktok_pubg,/root/datasets/tiktok/pubg/tt_7474973554748984598.mp4,55.0,55.0,0.1866,2.086,0.0883,0.1716,0.449,0.2251,0.3646,0.3646,0.3971,0.7089,,,,,0,,,,,,,0,0.0005,False,hard_bot_farm=bot_farm_one_sided=quarters4:clusters0:kf0:mini0.000,287
2026-09-08T19:32:03Z,91df1200795,tt 7678621142310997279,tiktok_pubg,file:///root/datasets/tiktok/pubg/tt_7678621142310997279.mp4,local:tiktok_pubg,/root/datasets/tiktok/pubg/tt_7678621142310997279.mp4,13.86,13.86,0.0134,5.876,0.0302,0.2675,0.377,0.0003,0.0001,0.0003,0.592,0.7108,,,,,0,,,,,,,,0.0002,False,run_loot=motion0.268:gun0.013,288
2026-09-08T19:32:43Z,d6370d2149d,tt 7681256321584418079,tiktok_pubg,file:///root/datasets/tiktok/pubg/tt_7681256321584418079.mp4,local:tiktok_pubg,/root/datasets/tiktok/pubg/tt_7681256321584418079.mp4,35.47,35.47,0.0236,4.612,0.018,0.1097,0.311,0.1944,0.1414,0.1944,0.4815,0.5507,,,,,0,,,,,,,,0.003,False,run_fake_gun=motion0.110:gun0.024,289
2026-09-08T19:34:56Z,298d7608726,tt 7680780588604804382,tiktok_pubg,file:///root/datasets/tiktok/pubg/tt_7680780588604804382.mp4,local:tiktok_pubg,/root/datasets/tiktok/pubg/tt_7680780588604804382.mp4,26.53,26.53,0.0,2.3,0.0471,0.2361,0.459,0.001,0.0008,0.0026,0.7465,0.7778,,,,,0,,,,,,,,0.0026,False,run_loot=motion0.236:gun0.000,291
2026-09-08T19:38:17Z,75426efa43c,tt 7681199548756266271,tiktok_pubg,file:///root/datasets/tiktok/pubg/tt_7681199548756266271.mp4,local:tiktok_pubg,/root/datasets/tiktok/pubg/tt_7681199548756266271.mp4,14.58,14.58,0.0719,7.044,0.014,0.2246,0.485,0.0351,0.0083,0.0351,0.6627,0.1598,0.0,0.0,,,0,,,0.683,0.0,0.0,0,0,0.0068,False,payoff_low=0.000:min0.10,290
2026-09-08T19:40:11Z,1CoexYgvVA8,ЧТО ОНИ СДЕЛАЛИ С 3 КАРТОЙ МЕТРО РОЯЛЬ 2.0? ,youtube_shorts,https://www.youtube.com/shorts/1CoexYgvVA8,метро роял 8 карта shorts пабг,/root/datasets/pubg/shorts_autolearn/yt_1CoexYgvVA8.mp4,55.0,55.0,0.1264,3.278,0.0942,0.1344,0.294,0.1532,0.0773,0.1532,0.5642,0.5911,0.0,0.0,,,0,,,0.7548,0.0,0.0,0,0,0.0019,False,payoff_low=0.000:min0.10,286
2026-09-08T19:42:28Z,1CoexYgvVA8,yt 1CoexYgvVA8,shorts_autolearn_media,file:///root/datasets/pubg/shorts_autolearn/yt_1CoexYgvVA8.mp4,local:shorts_autolearn_media,/root/datasets/pubg/shorts_autolearn/yt_1CoexYgvVA8.mp4,55.0,55.0,0.1264,3.278,0.0942,0.1344,0.294,0.1532,0.0773,0.1532,0.5642,0.5911,0.0,0.0,,,0,,,0.7548,0.0,0.0,0,0,0.0019,False,payoff_low=0.000:min0.10,292
2026-09-08T19:44:37Z,QJmeyrTd3hg,ЗОЛОТОЙ АУГ СТАЛЬНОЙ ФРОНТ ТАЩИТ В МЕТРО РОЯЛЬ? Pubg Mobile 2.4 ,youtube_shorts,https://www.youtube.com/shorts/QJmeyrTd3hg,метро роял 8 карта shorts пабг,/root/datasets/pubg/shorts_autolearn/yt_QJmeyrTd3hg.mp4,55.0,55.0,0.1425,3.562,0.1051,0.2088,0.388,0.3183,0.1574,0.3183,0.6518,0.6368,,,,,1135,,,,,,,0,0.0025,False,hard_bot_farm=bot_farm_one_sided=quarters4:clusters0:kf0:mini0.000,293
2026-09-08T19:57:08Z,36a918500ec,tt 7673848558210141460,tiktok_pubg,file:///root/datasets/tiktok/pubg/tt_7673848558210141460.mp4,local:tiktok_pubg,/root/datasets/tiktok/pubg/tt_7673848558210141460.mp4,30.98,30.98,0.22,4.492,0.1827,0.3003,0.427,0.1502,0.1377,0.1502,0.0488,0.6196,,,,,0,,,,,,,0,0.0052,False,hard_bot_farm=bot_farm_one_sided=quarters4:clusters0:kf0:mini0.000,296
2026-09-08T20:01:13Z,48db5b77da8,tt 7671751694031555847,tiktok_pubg,file:///root/datasets/tiktok/pubg/tt_7671751694031555847.mp4,local:tiktok_pubg,/root/datasets/tiktok/pubg/tt_7671751694031555847.mp4,44.27,44.27,0.136,3.016,0.0851,0.2203,0.367,0.0269,0.0075,0.04,0.8185,0.9107,0.0,0.0,,,0,,,0.6617,0.0,0.0,0,0,0.0017,False,payoff_low=0.000:min0.10,295
2026-09-08T20:05:19Z,d56bbe9d6f2,tt 7673915514581798174,tiktok_pubg,file:///root/datasets/tiktok/pubg/tt_7673915514581798174.mp4,local:tiktok_pubg,/root/datasets/tiktok/pubg/tt_7673915514581798174.mp4,28.19,28.19,0.22,5.389,0.2574,0.2371,0.288,0.003,0.0029,0.0038,0.6237,0.8267,,,,,0,,,,,,,0,0.0038,False,hard_bot_farm=bot_farm_one_sided=quarters4:clusters0:kf0:mini0.000,297
2026-09-08T20:08:37Z,818c154461a,tt 7674559041141607701,tiktok_pubg,file:///root/datasets/tiktok/pubg/tt_7674559041141607701.mp4,local:tiktok_pubg,/root/datasets/tiktok/pubg/tt_7674559041141607701.mp4,15.22,15.22,0.1885,3.574,0.1062,0.3843,0.379,0.0003,0.0001,0.0003,0.0546,0.6727,,,,,0,,,,,,,0,0.0002,False,hard_bot_farm=bot_farm_one_sided=quarters4:clusters0:kf0:mini0.000,298
2026-09-08T20:08:51Z,be0bf2cba4f,tt 7673838474746694933,tiktok_pubg,file:///root/datasets/tiktok/pubg/tt_7673838474746694933.mp4,local:tiktok_pubg,/root/datasets/tiktok/pubg/tt_7673838474746694933.mp4,55.0,55.0,0.1762,6.047,0.0917,0.3032,0.413,0.0696,0.1181,0.1181,0.3964,0.673,,,,,0,,,,,,,0,0.0049,False,hard_bot_farm=bot_farm_one_sided=quarters4:clusters1:kf0:mini0.000,299
2026-09-08T20:11:54Z,wOS8fujrknY,Г36 КОБРА МЕНЯ СИЛЬНО УДИВИЛА В МЕТРО РОЯЛЬ? Pubg Mobile 2.4 ,youtube_shorts,https://www.youtube.com/shorts/wOS8fujrknY,метро роял 8 карта shorts пабг,/root/datasets/pubg/shorts_autolearn/yt_wOS8fujrknY.mp4,55.0,55.0,0.1296,2.845,0.0937,0.2067,0.4,0.0251,0.0135,0.0251,0.7913,0.7866,0.0,0.0,,,1005,,,0.6632,0.0,0.0,0,0,0.0035,False,payoff_low=0.000:min0.10,295
2026-09-08T20:15:59Z,2779d62bda3,tt 7673781133946981652,tiktok_pubg,file:///root/datasets/tiktok/pubg/tt_7673781133946981652.mp4,local:tiktok_pubg,/root/datasets/tiktok/pubg/tt_7673781133946981652.mp4,55.0,55.0,0.1621,3.975,0.1395,0.2577,0.3,0.1522,0.1066,0.1522,0.5261,0.8394,0.0,0.0,,,0,,,0.7417,0.0,0.0,0,0,0.0052,False,payoff_low=0.000:min0.10,300
2026-09-08T20:18:08Z,d8f3d21510f,tt 7674353505473187093,tiktok_pubg,file:///root/datasets/tiktok/pubg/tt_7674353505473187093.mp4,local:tiktok_pubg,/root/datasets/tiktok/pubg/tt_7674353505473187093.mp4,34.04,34.04,0.1938,3.832,0.1277,0.2021,0.466,0.0045,0.0072,0.0087,0.739,0.808,0.0,0.0,,,0,,,0.6706,0.0,0.0,0,0,0.0087,False,payoff_low=0.000:min0.10,301
2026-09-08T20:19:39Z,oxBi8qsXF8w,Highlights Metro royale-Pubg mobile ,youtube_highlights,https://www.youtube.com/watch?v=oxBi8qsXF8w,pubg metro royale highlights,/root/datasets/pubg/shorts_autolearn/yt_oxBi8qsXF8w.mp4,55.0,55.0,0.22,6.0,0.3213,0.2266,0.31,0.4401,0.4959,0.4959,0.1005,0.5326,,,,,0,,,,,,,0,0.0059,False,hard_bot_farm=bot_farm_one_sided=quarters4:clusters0:kf0:mini0.000,301
2026-09-08T20:25:17Z,8bb85b4220e,tt 7673759270621498645,tiktok_pubg,file:///root/datasets/tiktok/pubg/tt_7673759270621498645.mp4,local:tiktok_pubg,/root/datasets/tiktok/pubg/tt_7673759270621498645.mp4,47.66,47.66,0.1372,4.991,0.0956,0.371,0.333,0.1752,0.2579,0.2579,0.6582,0.6901,0.0,0.0,,,0,,,0.8273,0.0,0.0,0,0,0.0024,False,payoff_low=0.000:min0.10,302
2026-09-08T20:31:32Z,cS1Er3EDWes,На большом воздушном шаре ❤ METRO ROYALE Хайлайт ,youtube_highlights,https://www.youtube.com/watch?v=cS1Er3EDWes,pubg metro royale highlights,/root/datasets/pubg/shorts_autolearn/yt_cS1Er3EDWes.mp4,55.0,55.0,0.205,4.381,0.1734,0.2576,0.31,0.3503,0.5568,0.5568,0.4124,0.5208,,,,,86,,,,,,,0,0.0017,False,hard_bot_farm=bot_farm_one_sided=quarters4:clusters0:kf0:mini0.000,304
2026-09-08T20:32:18Z,7478ef5abcb,tt 7673911808310218014,tiktok_pubg,file:///root/datasets/tiktok/pubg/tt_7673911808310218014.mp4,local:tiktok_pubg,/root/datasets/tiktok/pubg/tt_7673911808310218014.mp4,9.61,9.61,0.22,5.417,0.2598,0.08,0.716,0.0004,0.0002,0.0004,0.087,0.6674,,,,,0,,,,,,,0,0.0001,False,hard_bot_farm=bot_farm_one_sided=quarters4:clusters0:kf0:mini0.000,306
2026-09-08T20:34:51Z,4bfb6e96a38,tt 7673981308774714654,tiktok_pubg,file:///root/datasets/tiktok/pubg/tt_7673981308774714654.mp4,local:tiktok_pubg,/root/datasets/tiktok/pubg/tt_7673981308774714654.mp4,34.04,34.04,0.194,3.832,0.1277,0.2021,0.468,0.0047,0.0077,0.0086,0.7424,0.8089,0.0,0.0,,,0,,,0.6705,0.0,0.0,0,0,0.0086,False,payoff_low=0.000:min0.10,305
2026-09-08T20:39:25Z,106d5915e0b,tt 7674367988954352927,tiktok_pubg,file:///root/datasets/tiktok/pubg/tt_7674367988954352927.mp4,local:tiktok_pubg,/root/datasets/tiktok/pubg/tt_7674367988954352927.mp4,23.88,23.88,0.22,6.0,0.3409,0.3648,0.454,0.0004,0.0002,0.0004,0.3077,0.8927,,,,,0,,,,,,,0,0.0004,False,hard_bot_farm=bot_farm_one_sided=quarters4:clusters0:kf0:mini0.000,307
2026-09-08T20:39:40Z,-q56yoIVdEc,КАК С 0 ПРОКАЧАТЬСЯ ДО ФУЛ 6 МЕТРО РОЯЛЬ ,youtube_shorts,https://www.youtube.com/shorts/-q56yoIVdEc,метро роял с нуля до фул 6 shorts,/root/datasets/pubg/shorts_autolearn/yt_-q56yoIVdEc.mp4,55.0,55.0,0.0135,4.967,0.0554,0.1258,0.499,0.0039,0.0037,0.0039,0.7938,0.7832,,,,,0,,,,,,,,0.0005,False,talk_menu=rms0.0554:gun0.013,306
2026-09-08T20:40:14Z,6ed9cb927ff,tt 7674366801739926814,tiktok_pubg,file:///root/datasets/tiktok/pubg/tt_7674366801739926814.mp4,local:tiktok_pubg,/root/datasets/tiktok/pubg/tt_7674366801739926814.mp4,34.17,34.17,0.2182,4.708,0.2006,0.3206,0.364,0.0054,0.0068,0.0068,0.5236,0.8237,,,,,0,,,,,,,0,0.004,False,hard_bot_farm=bot_farm_one_sided=quarters4:clusters0:kf0:mini0.000,308
2026-09-08T20:43:26Z,cS1Er3EDWes,yt cS1Er3EDWes,shorts_autolearn_media,file:///root/datasets/pubg/shorts_autolearn/yt_cS1Er3EDWes.mp4,local:shorts_autolearn_media,/root/datasets/pubg/shorts_autolearn/yt_cS1Er3EDWes.mp4,55.0,55.0,0.205,4.381,0.1734,0.2576,0.31,0.3503,0.5568,0.5568,0.4124,0.5208,,,,,0,,,,,,,0,0.0017,False,hard_bot_farm=bot_farm_one_sided=quarters4:clusters0:kf0:mini0.000,309
2026-09-08T20:44:34Z,fd1b47603fc,tt 7673800702061186335,tiktok_pubg,file:///root/datasets/tiktok/pubg/tt_7673800702061186335.mp4,local:tiktok_pubg,/root/datasets/tiktok/pubg/tt_7673800702061186335.mp4,5.47,5.47,0.0,2.03,0.0423,0.0013,0.684,0.0035,0.0051,0.0051,0.0253,0.7375,,,,,0,,,,,,,,0.0012,False,talk_low_gun=rms0.0423:gun0.000,311
2026-09-08T20:45:14Z,8e9134ac040,tt 7673914063985855774,tiktok_pubg,file:///root/datasets/tiktok/pubg/tt_7673914063985855774.mp4,local:tiktok_pubg,/root/datasets/tiktok/pubg/tt_7673914063985855774.mp4,9.61,9.61,0.22,5.57,0.2725,0.1381,0.498,0.0003,0.0001,0.0003,0.0473,0.8617,,,,,0,,,,,,,0,0.0001,False,hard_bot_farm=bot_farm_one_sided=quarters4:clusters0:kf0:mini0.000,310
2026-09-08T20:49:24Z,AQodz0gdCCU,ОТ КАНАВЫ ДО ФУЛ 6 В МЕТРО РОЯЛЬ ,youtube_shorts,https://www.youtube.com/shorts/AQodz0gdCCU,метро роял с нуля до фул 6 shorts,/root/datasets/pubg/shorts_autolearn/yt_AQodz0gdCCU.mp4,55.0,55.0,0.1474,3.823,0.1352,0.1036,0.372,0.0012,0.0003,0.0012,0.7814,0.7828,0.0,0.0,,,0,,,0.6692,0.0,0.0,0,0,0.0001,False,payoff_low=0.000:min0.10,310
2026-09-08T20:49:38Z,AQodz0gdCCU,yt AQodz0gdCCU,shorts_autolearn_media,file:///root/datasets/pubg/shorts_autolearn/yt_AQodz0gdCCU.mp4,local:shorts_autolearn_media,/root/datasets/pubg/shorts_autolearn/yt_AQodz0gdCCU.mp4,55.0,55.0,0.1474,3.823,0.1352,0.1036,0.372,0.0012,0.0003,0.0012,0.7814,0.7828,0.0,0.0,,,0,,,0.6692,0.0,0.0,0,0,0.0001,False,payoff_low=0.000:min0.10,314
2026-09-08T20:56:27Z,cow3xcAXrFg,yt cow3xcAXrFg,shorts_autolearn_media,file:///root/datasets/pubg/shorts_autolearn/yt_cow3xcAXrFg.mp4,local:shorts_autolearn_media,/root/datasets/pubg/shorts_autolearn/yt_cow3xcAXrFg.mp4,55.0,55.0,0.1253,2.919,0.0928,0.2703,0.394,0.1527,0.1353,0.1527,0.7223,0.7199,0.0,0.0,,,0,,,0.7352,0.0,0.0,0,0,0.002,False,payoff_low=0.000:min0.10,316
2026-09-08T20:56:41Z,cow3xcAXrFg,С НУЛЯ ДО ФУЛ 6 МЕТРО РОЯЛЬ 2.0 ,youtube_shorts,https://www.youtube.com/shorts/cow3xcAXrFg,метро роял с нуля до фул 6 shorts,/root/datasets/pubg/shorts_autolearn/yt_cow3xcAXrFg.mp4,55.0,55.0,0.1253,2.919,0.0928,0.2703,0.394,0.1527,0.1353,0.1527,0.7223,0.7199,0.0,0.0,,,0,,,0.7352,0.0,0.0,0,0,0.002,False,payoff_low=0.000:min0.10,315
2026-09-08T21:06:16Z,fjrpxl1Xh44,С ЛУТА БОТА ДО ФУЛ 6 В МЕТРО РОЯЛЬ ,youtube_shorts,https://www.youtube.com/shorts/fjrpxl1Xh44,метро роял с нуля до фул 6 shorts,/root/datasets/pubg/shorts_autolearn/yt_fjrpxl1Xh44.mp4,55.0,55.0,0.1479,3.905,0.1337,0.1956,0.337,0.0017,0.0004,0.0017,0.678,0.7085,0.0,0.0,,,0,,,0.6783,0.0,0.0,0,0,0.0002,False,payoff_low=0.000:min0.10,317
2026-09-08T21:06:47Z,fjrpxl1Xh44,yt fjrpxl1Xh44,shorts_autolearn_media,file:///root/datasets/pubg/shorts_autolearn/yt_fjrpxl1Xh44.mp4,local:shorts_autolearn_media,/root/datasets/pubg/shorts_autolearn/yt_fjrpxl1Xh44.mp4,55.0,55.0,0.1479,3.905,0.1337,0.1956,0.337,0.0017,0.0004,0.0017,0.678,0.7085,0.0,0.0,,,0,,,0.6783,0.0,0.0,0,0,0.0002,False,payoff_low=0.000:min0.10,317
2026-09-08T21:12:42Z,ucxkgmoa2UY,С ЛУТА ЧЁРНОЙ ДВЕРИ ДО ФУЛ 6 В МЕТРО РОЯЛЬ ,youtube_shorts,https://www.youtube.com/shorts/ucxkgmoa2UY,метро роял с нуля до фул 6 shorts,/root/datasets/pubg/shorts_autolearn/yt_ucxkgmoa2UY.mp4,55.0,55.0,0.1555,4.035,0.1446,0.1591,0.457,0.0022,0.001,0.0022,0.7465,0.7369,0.0,0.0,,,0,,,0.677,0.0,0.0,0,0,0.0001,False,payoff_low=0.000:min0.10,318
2026-09-08T21:13:34Z,ucxkgmoa2UY,yt ucxkgmoa2UY,shorts_autolearn_media,file:///root/datasets/pubg/shorts_autolearn/yt_ucxkgmoa2UY.mp4,local:shorts_autolearn_media,/root/datasets/pubg/shorts_autolearn/yt_ucxkgmoa2UY.mp4,55.0,55.0,0.1555,4.035,0.1446,0.1591,0.457,0.0022,0.001,0.0022,0.7465,0.7369,0.0,0.0,,,0,,,0.677,0.0,0.0,0,0,0.0001,False,payoff_low=0.000:min0.10,319
2026-09-08T21:14:53Z,htFJ7QRm71s,PUBG M Metro Royale Highlights ,youtube_highlights,https://www.youtube.com/watch?v=htFJ7QRm71s,pubg mobile metro royale highlights 2026,/root/datasets/pubg/shorts_autolearn/yt_htFJ7QRm71s.mp4,55.0,55.0,0.0591,6.267,0.0421,0.2385,0.39,0.4617,0.5701,0.5701,0.0186,0.0168,,,,,9,,,,,,,1,0.0011,False,hard_loot_walk,320
2026-09-08T21:19:15Z,dOMQUjMNmsM,Metro Royale Chapter 30 ,youtube_highlights,https://www.youtube.com/watch?v=dOMQUjMNmsM,pubg mobile metro royale highlights 2026,/root/datasets/pubg/shorts_autolearn/yt_dOMQUjMNmsM.mp4,55.0,55.0,0.1647,3.997,0.1414,0.2648,0.361,0.1489,0.0633,0.1489,0.8313,0.8115,0.0,0.0,,,0,,,0.7413,0.0,0.0,0,0,0.0164,False,payoff_low=0.000:min0.10,322
2026-09-08T21:23:51Z,MT7-Rgt05Y0,FREE SUBSCRIBER GUIDANCE IN THE NEW METRO ROYALE,youtube_shorts,https://www.youtube.com/shorts/MT7-Rgt05Y0,пабг метро роял клатч shorts,/root/datasets/pubg/shorts_autolearn/yt_MT7-Rgt05Y0.mp4,55.0,55.0,0.2012,5.214,0.2429,0.0234,0.522,0.0046,0.0015,0.0046,0.8525,0.6916,,,,,0,,,,,,,0,0.0004,False,hard_bot_farm=bot_farm_one_sided=quarters4:clusters0:kf0:mini0.000,323
2026-09-08T21:31:57Z,y-MF6owMSr8,АВТОМАТИЧЕСКИЙ МУТАНТ В МЕТРО РОЯЛЬ НА 5 КАРТЕ ,youtube_shorts,https://www.youtube.com/shorts/y-MF6owMSr8,пабг метро роял клатч shorts,/root/datasets/pubg/shorts_autolearn/yt_y-MF6owMSr8.mp4,55.0,55.0,0.1604,4.778,0.165,0.1399,0.316,0.004,0.0008,0.004,0.6354,0.6591,0.0,0.0,,,1012,,,0.6997,0.0,0.0,0,0,0.0003,False,payoff_low=0.000:min0.10,324
2026-09-08T21:32:34Z,y-MF6owMSr8,yt y-MF6owMSr8,shorts_autolearn_media,file:///root/datasets/pubg/shorts_autolearn/yt_y-MF6owMSr8.mp4,local:shorts_autolearn_media,/root/datasets/pubg/shorts_autolearn/yt_y-MF6owMSr8.mp4,55.0,55.0,0.1604,4.778,0.165,0.1399,0.316,0.004,0.0008,0.004,0.6354,0.6591,0.0,0.0,,,0,,,0.6997,0.0,0.0,0,0,0.0003,False,payoff_low=0.000:min0.10,324
2026-09-08T21:35:45Z,lDkU-sDhFz4,ЧТО ТЫ МНЕ ВЗЯЛ?! РАНДОМНОЕ ОРУЖИЕ ЗА КАЖДУЮ СМЕРТЬ METRO ROYALE ,youtube_shorts,https://www.youtube.com/shorts/lDkU-sDhFz4,пабг метро роял клатч shorts,/root/datasets/pubg/shorts_autolearn/yt_lDkU-sDhFz4.mp4,55.0,55.0,0.0304,9.155,0.0394,0.1952,0.351,0.0013,0.0008,0.0013,0.7447,0.7435,,,,,0,,,,,,,,0.0003,False,loot_walk=density0.030,325
2026-09-08T21:44:14Z,GMuutV8dKPU,В ПОИСКЕ ЗОЛОТЫХ ВЕЩЕЙ?! В НОВОМ МЕТРО РОЯЛЬ ,youtube_shorts,https://www.youtube.com/shorts/GMuutV8dKPU,пабг метро роял клатч shorts,/root/datasets/pubg/shorts_autolearn/yt_GMuutV8dKPU.mp4,55.0,55.0,0.1393,5.665,0.1103,0.3105,0.417,0.0025,0.0005,0.0025,0.8141,0.7862,0.8733,0.0,,,1217,,,0.699,0.0,0.225,0,0,0.0003,False,payoff_low=0.000:min0.10,327
2026-09-08T21:50:46Z,c-8zmd8fbvU,ACE-32 ТЕПЕРЬ ИМБА🔥 ЧИТЕРЫ ЗАПОЛОНИЛИ METRO ROYALE☠️ МЕТРО РОЯЛЬ ,youtube_highlights,https://www.youtube.com/watch?v=c-8zmd8fbvU,метро роял хайлайты пабг,/root/datasets/pubg/shorts_autolearn/yt_c-8zmd8fbvU.mp4,55.0,55.0,0.1142,6.349,0.0942,0.2793,0.491,0.4646,0.5641,0.5641,0.4164,0.5227,0.0,0.0,,,1855,,,0.9711,0.0,0.0,0,0,0.0009,False,payoff_low=0.000:min0.10,328
2026-09-08T21:54:09Z,2tkv7nf1bz0,ОГНЕННАЯ M416 - МОЙ ЧИТ В METRO ROYALE 🔥 ,youtube_highlights,https://www.youtube.com/watch?v=2tkv7nf1bz0,метро роял хайлайты пабг,/root/datasets/pubg/shorts_autolearn/yt_2tkv7nf1bz0.mp4,55.0,55.0,0.0131,3.862,0.0496,0.2352,0.253,0.0125,0.0025,0.029,0.8564,0.8523,,,,,1636,,,,,,,,0.0047,False,run_loot=motion0.235:gun0.013,329
2026-09-08T21:55:19Z,2tkv7nf1bz0,yt 2tkv7nf1bz0,shorts_autolearn_media,file:///root/datasets/pubg/shorts_autolearn/yt_2tkv7nf1bz0.mp4,local:shorts_autolearn_media,/root/datasets/pubg/shorts_autolearn/yt_2tkv7nf1bz0.mp4,55.0,55.0,0.0131,3.862,0.0496,0.2352,0.253,0.0125,0.0025,0.029,0.8564,0.8523,,,,,0,,,,,,,,0.0047,False,run_loot=motion0.235:gun0.013,329
2026-09-08T21:57:38Z,8-PsKQHECLE,Дуо против сквадов в метро рояль metro Royale! ,youtube_shorts,https://www.youtube.com/shorts/8-PsKQHECLE,метро роял один против сквадов shorts,/root/datasets/pubg/shorts_autolearn/yt_8-PsKQHECLE.mp4,55.0,55.0,0.0976,7.619,0.0523,0.1215,0.433,0.0435,0.0173,0.0435,0.7598,0.0285,0.8426,0.0,,,0,,,0.7591,0.0,0.225,0,0,0.0001,False,payoff_low=0.000:min0.10,330
2026-09-08T22:11:16Z,OxSVRPDDq2Q,yt OxSVRPDDq2Q.temp,shorts_autolearn_media,file:///root/datasets/pubg/shorts_autolearn/yt_OxSVRPDDq2Q.temp.mp4,local:shorts_autolearn_media,/root/datasets/pubg/shorts_autolearn/yt_OxSVRPDDq2Q.temp.mp4,19.6,19.6,0.0,0.0,0.0,0.0,1.0,0.0,0.0,0.0,0.0,0.0,,,,,0,,,,,,,,0.0,False,no_shots=density0.000:burst0.00:ownerbelow_owner_floor=density0.000:burst0.00,333
2026-09-08T22:11:38Z,OxSVRPDDq2Q,yt OxSVRPDDq2Q.f298,shorts_autolearn_media,file:///root/datasets/pubg/shorts_autolearn/yt_OxSVRPDDq2Q.f298.mp4,local:shorts_autolearn_media,/root/datasets/pubg/shorts_autolearn/yt_OxSVRPDDq2Q.f298.mp4,55.0,55.0,0.0,0.0,0.0,0.0,1.0,0.0,0.0,0.0,0.0,0.0,,,,,0,,,,,,,,0.0,False,no_shots=density0.000:burst0.00:ownerbelow_owner_floor=density0.000:burst0.00,332
2026-09-08T22:16:28Z,OxSVRPDDq2Q,СТРИМ МЕТРО РОЯЛЬ ,youtube_shorts,https://www.youtube.com/shorts/OxSVRPDDq2Q,метро роял один против сквадов shorts,/root/datasets/pubg/shorts_autolearn/yt_OxSVRPDDq2Q.mp4,55.0,55.0,0.0769,16.206,0.0258,0.0142,0.536,0.0002,0.0001,0.0003,0.9018,0.0107,0.6034,0.0,,,0,,,0.5221,0.0,0.225,0,0,0.0003,False,payoff_low=0.000:min0.10,332
2026-09-08T22:18:59Z,wtWd9HCC36k,ЧЕЛЕНДЖ ТОЛЬКО ОРУЖИЯ КОБРЫ НА 3 КАРТЕ В МЕТРО РОЯЛЬ ,youtube_shorts,https://www.youtube.com/shorts/wtWd9HCC36k,метро роял один против сквадов shorts,/root/datasets/pubg/shorts_autolearn/yt_wtWd9HCC36k.mp4,55.0,55.0,0.052,6.136,0.0779,0.1408,0.333,0.4103,0.5149,0.5149,0.5678,0.5603,,,,,1369,,,,,,,1,0.0019,False,hard_loot_walk,334
2026-09-08T22:28:34Z,NKJ9vlC2ZV8,yt NKJ9vlC2ZV8.f298,shorts_autolearn_media,file:///root/datasets/pubg/shorts_autolearn/yt_NKJ9vlC2ZV8.f298.mp4,local:shorts_autolearn_media,/root/datasets/pubg/shorts_autolearn/yt_NKJ9vlC2ZV8.f298.mp4,55.0,55.0,0.0,0.0,0.0,0.0565,0.184,0.0,0.0,0.0,0.0,0.0,,,,,0,,,,,,,,0.0,False,no_shots=density0.000:burst0.00:ownerbelow_owner_floor=density0.000:burst0.00,335
2026-09-08T22:37:25Z,Dmb2zyOe00w,yt Dmb2zyOe00w.f136,shorts_autolearn_media,file:///root/datasets/pubg/shorts_autolearn/yt_Dmb2zyOe00w.f136.mp4,local:shorts_autolearn_media,/root/datasets/pubg/shorts_autolearn/yt_Dmb2zyOe00w.f136.mp4,55.0,55.0,0.0,0.0,0.0,0.1864,0.365,0.0,0.0,0.0,0.0,0.0,,,,,0,,,,,,,,0.0,False,run_fake_gun=motion0.186:gun0.000,336
2026-09-08T22:38:55Z,q_wiafIjQMc,yt q wiafIjQMc,shorts_autolearn_media,file:///root/datasets/pubg/shorts_autolearn/yt_q_wiafIjQMc.mp4,local:shorts_autolearn_media,/root/datasets/pubg/shorts_autolearn/yt_q_wiafIjQMc.mp4,45.46,45.46,0.1238,3.989,0.0966,0.1147,0.129,0.2216,0.2147,0.2216,0.7124,0.0554,0.0,0.0,,,0,,,0.5894,0.0,0.0,0,0,0.008,False,payoff_low=0.000:min0.10,337
2026-09-08T22:39:01Z,q_wiafIjQMc,Pubg Metro Royale Worst Teamates ..,youtube_shorts,https://www.youtube.com/shorts/q_wiafIjQMc,pubg metro royale ranked fight shorts,/root/datasets/pubg/shorts_autolearn/yt_q_wiafIjQMc.mp4,45.46,45.46,0.1238,3.989,0.0966,0.1147,0.129,0.2216,0.2147,0.2216,0.7124,0.0554,0.0,0.0,,,20,,,0.5894,0.0,0.0,0,0,0.008,False,payoff_low=0.000:min0.10,335
2026-09-08T22:41:44Z,8eofxY9Y4Fo,METRO ROYALE IS BACK! Short EXE video PUBG #shorts,youtube_shorts,https://www.youtube.com/shorts/8eofxY9Y4Fo,pubg metro royale ranked fight shorts,/root/datasets/pubg/shorts_autolearn/yt_8eofxY9Y4Fo.mp4,51.36,51.36,0.1308,4.411,0.0861,0.2981,0.268,0.1109,0.1568,0.1568,0.6585,0.6541,0.0,0.0,,,67,,,0.7697,0.0,0.0,0,0,0.0107,False,payoff_low=0.000:min0.10,338
2026-09-08T22:44:21Z,F7lCkr-48Ws,Killing outside zone glitchers metro royale chapter two ,youtube_shorts,https://www.youtube.com/shorts/F7lCkr-48Ws,pubg metro royale ranked fight shorts,/root/datasets/pubg/shorts_autolearn/yt_F7lCkr-48Ws.mp4,55.0,55.0,0.0397,14.425,0.0355,0.1419,0.315,0.5039,0.5827,0.5827,0.0367,0.006,,,,,0,,,,,,,,0.0019,False,streamer_talk=rms0.0355:gun0.040,339
2026-09-08T22:47:03Z,VnzK5h8F7Sg,Я нашёл новое антикварное яйцо с короной в Metro Royale! ,youtube_highlights,https://www.youtube.com/watch?v=VnzK5h8F7Sg,метро роял эвакуация хайлайт,/root/datasets/pubg/shorts_autolearn/yt_VnzK5h8F7Sg.mp4,55.0,55.0,0.0004,2.765,0.048,0.3231,0.284,0.2633,0.2866,0.2866,0.5438,0.5494,,,,,0,,,,,,,,0.005,False,run_loot=motion0.323:gun0.000,340
2026-09-08T22:50:28Z,Nc39zCBlbyo,"Новая карта Metro Royale ""Вулкан"" в PUBG MOBILE на китайском языке ",youtube_highlights,https://www.youtube.com/watch?v=Nc39zCBlbyo,метро роял эвакуация хайлайт,/root/datasets/pubg/shorts_autolearn/yt_Nc39zCBlbyo.mp4,55.0,55.0,0.0359,4.816,0.0219,0.2463,0.465,0.3795,0.3096,0.3795,0.3973,0.4542,,,,,2159,,,,,,,,0.0024,False,no_shots=density0.036:burst4.82,341
2026-09-08T22:52:15Z,mY_7GBzTAVU,PUBG MOBILE METRO ROYALE - КАК ЭВАКУИРОВАТЬСЯ В МЕТРО РОЯЛЬ 2035 HOW TO EVACUATE IN METRO ROYAL.,youtube_shorts,https://www.youtube.com/shorts/mY_7GBzTAVU,метро роял эвакуация пабг shorts,/root/datasets/pubg/shorts_autolearn/yt_mY_7GBzTAVU.mp4,38.8,38.8,0.0,7.666,0.0001,0.1282,0.487,0.0019,0.0016,0.0037,0.0499,0.0203,,,,,2907,,,,,,,,0.0037,False,run_fake_gun=motion0.128:gun0.000,342
2026-09-08T22:54:36Z,OwQRf5UeqwQ,yt OwQRf5UeqwQ.f396,shorts_autolearn_media,file:///root/datasets/pubg/shorts_autolearn/yt_OwQRf5UeqwQ.f396.mp4,local:shorts_autolearn_media,/root/datasets/pubg/shorts_autolearn/yt_OwQRf5UeqwQ.f396.mp4,55.0,55.0,0.0,0.0,0.0,0.0,1.0,0.0,0.0,0.0,0.0,0.0,,,,,0,,,,,,,,0.0,False,no_shots=density0.000:burst0.00:ownerbelow_owner_floor=density0.000:burst0.00,343
2026-09-08T22:57:40Z,OwQRf5UeqwQ,"ACCOUNT BOOST TO 100,000,000 IN ONE STREAM ON METRO ROYALE PUBG MOBILE ",youtube_shorts,https://www.youtube.com/shorts/OwQRf5UeqwQ,метро роял эвакуация пабг shorts,/root/datasets/pubg/shorts_autolearn/yt_OwQRf5UeqwQ.mp4,55.0,55.0,0.1703,4.075,0.1479,0.133,0.453,0.0033,0.0009,0.0033,0.8779,0.7833,,,,,6973,,,,,,,0,0.0016,False,hard_bot_farm=bot_farm_one_sided=quarters4:clusters0:kf0:mini0.000,343
2026-09-08T23:15:53Z,uRB6Ieg7-sQ,Fastest squad wipe in metro royale pubg history,youtube_shorts,https://www.youtube.com/shorts/uRB6Ieg7-sQ,pubg metro royale squad wipe shorts,/root/datasets/pubg/shorts_autolearn/yt_uRB6Ieg7-sQ.mp4,20.34,20.34,0.22,5.142,0.2369,0.1546,0.364,0.0076,0.0206,0.0206,0.0566,0.7573,,,,,1084,,,,,,,0,0.003,False,hard_bot_farm=bot_farm_one_sided=quarters4:clusters0:kf0:mini0.000,344
2026-09-08T23:18:50Z,S2vhmqSSyUI,MG3 The funniest Squad Wipe 😂 Metro Royale ,youtube_shorts,https://www.youtube.com/shorts/S2vhmqSSyUI,pubg metro royale squad wipe shorts,/root/datasets/pubg/shorts_autolearn/yt_S2vhmqSSyUI.mp4,55.0,55.0,0.14,5.948,0.1006,0.2983,0.401,0.076,0.0895,0.0895,0.6353,0.7221,0.0,0.0,,,200,,,0.7566,0.0,0.0,0,0,0.0159,False,payoff_low=0.000:min0.10,345
2026-09-08T23:21:19Z,W-qRQrEsh5k,#metroroyale#pubgmobile#shorts  squad wipe,youtube_shorts,https://www.youtube.com/shorts/W-qRQrEsh5k,pubg metro royale squad wipe shorts,/root/datasets/pubg/shorts_autolearn/yt_W-qRQrEsh5k.mp4,36.59,36.59,0.1802,3.92,0.135,0.0686,0.133,0.1342,0.1121,0.1342,0.1088,0.7155,0.0,0.0,,,15,,,0.7442,0.0,0.0,0,0,0.0013,False,payoff_low=0.000:min0.10,346
2026-09-08T23:23:31Z,xAt0EZZ5Isg,Metro royale Solo Squad Wipe With Mp5K advance mode,youtube_shorts,https://www.youtube.com/shorts/xAt0EZZ5Isg,pubg metro royale squad wipe shorts,/root/datasets/pubg/shorts_autolearn/yt_xAt0EZZ5Isg.mp4,42.12,42.12,0.1189,7.479,0.1026,0.197,0.475,0.5688,0.6431,0.6431,0.0376,0.0227,0.0,0.0,,,1304,,,0.9909,0.0,0.0,0,0,0.0002,False,payoff_low=0.000:min0.10,347
2026-09-08T23:30:05Z,ipbyyZ4JUJY,"My New Record in Metro Royale, 11.6 Millions, plus Mysterious Voucher ",youtube_highlights,https://www.youtube.com/watch?v=ipbyyZ4JUJY,pubg mobile metro royale highlights 2026,/root/datasets/pubg/shorts_autolearn/yt_ipbyyZ4JUJY.mp4,55.0,55.0,0.0431,12.512,0.0119,0.1276,0.4,0.3384,0.2379,0.3384,0.7181,0.0626,0.0,0.0,,,1077,,,0.7425,0.0,0.0,0,0,0.0022,False,payoff_low=0.000:min0.10,348
2026-09-08T23:31:53Z,ipbyyZ4JUJY,yt ipbyyZ4JUJY,shorts_autolearn_media,file:///root/datasets/pubg/shorts_autolearn/yt_ipbyyZ4JUJY.mp4,local:shorts_autolearn_media,/root/datasets/pubg/shorts_autolearn/yt_ipbyyZ4JUJY.mp4,55.0,55.0,0.0431,12.512,0.0119,0.1276,0.4,0.3384,0.2379,0.3384,0.7181,0.0626,0.0,0.0,,,0,,,0.7425,0.0,0.0,0,0,0.0022,False,payoff_low=0.000:min0.10,348
2026-09-08T23:36:07Z,mC93PJtmuGU,Metro Royale Gun Challenge 🔥 Playing with Refined M762 ,youtube_highlights,https://www.youtube.com/watch?v=mC93PJtmuGU,pubg mobile metro royale highlights 2026,/root/datasets/pubg/shorts_autolearn/yt_mC93PJtmuGU.mp4,55.0,55.0,0.1218,4.721,0.1197,0.2755,0.282,0.2215,0.3216,0.3216,0.1003,0.6108,0.0,0.0,,,939,,,0.8623,0.0,0.0,0,0,0.0016,False,payoff_low=0.000:min0.10,349
2026-09-08T23:38:45Z,mC93PJtmuGU,yt mC93PJtmuGU,shorts_autolearn_media,file:///root/datasets/pubg/shorts_autolearn/yt_mC93PJtmuGU.mp4,local:shorts_autolearn_media,/root/datasets/pubg/shorts_autolearn/yt_mC93PJtmuGU.mp4,55.0,55.0,0.1218,4.721,0.1197,0.2755,0.282,0.2215,0.3216,0.3216,0.1003,0.6108,0.0,0.0,,,0,,,0.8623,0.0,0.0,0,0,0.0016,False,payoff_low=0.000:min0.10,350
2026-09-08T23:40:47Z,5YR1PIoSlAo,We Faced a Youtuber 😱 Squad Wipe with P90&MP5k Metro Royale ,youtube_shorts,https://www.youtube.com/shorts/5YR1PIoSlAo,pubg metro royale squad wipe shorts,/root/datasets/pubg/shorts_autolearn/yt_5YR1PIoSlAo.mp4,55.0,55.0,0.1488,5.576,0.1349,0.2555,0.369,0.4912,0.637,0.637,0.5144,0.5396,0.0,0.674,0.6958,0.6646,602,,,0.9576,0.22,0.0,1,0,0.0016,True,,351
2026-09-08T23:43:30Z,yv0ah6idnnI,Victor Refined on Fire 🔥 Pubg Metro Royale ZOOROO Shorts,youtube_shorts,https://www.youtube.com/shorts/yv0ah6idnnI,pubg metro royale squad wipe shorts,/root/datasets/pubg/shorts_autolearn/yt_yv0ah6idnnI.mp4,34.73,34.73,0.1024,13.401,0.0596,0.174,0.205,0.4984,0.5285,0.5285,0.0222,0.023,0.0,0.0,,,1134,,,1.0,0.0,0.0,0,0,0.0004,False,payoff_low=0.000:min0.10,353
2026-09-08T23:45:23Z,3daAkPFaQmU,Best 3rd party ever solo vs squad pubg mobile metro royale chapter two ,youtube_shorts,https://www.youtube.com/shorts/3daAkPFaQmU,pubg metro royale squad wipe shorts,/root/datasets/pubg/shorts_autolearn/yt_3daAkPFaQmU.mp4,55.0,55.0,0.0266,38.523,0.003,0.2053,0.351,0.1045,0.0398,0.1045,0.0299,0.4728,,,,,648,,,,,,,,0.0006,False,run_fake_gun=motion0.205:gun0.027,354
2026-09-08T23:45:45Z,3daAkPFaQmU,yt 3daAkPFaQmU,shorts_autolearn_media,file:///root/datasets/pubg/shorts_autolearn/yt_3daAkPFaQmU.mp4,local:shorts_autolearn_media,/root/datasets/pubg/shorts_autolearn/yt_3daAkPFaQmU.mp4,55.0,55.0,0.0266,38.523,0.003,0.2053,0.351,0.1045,0.0398,0.1045,0.0299,0.4728,,,,,0,,,,,,,,0.0006,False,run_fake_gun=motion0.205:gun0.027,354
2026-09-08T23:47:18Z,CYR4v0KMJQQ,Metro Royale chapter 8 w/eruru ( 🔥❌️Squad Wipe using  Pistol) #Pistol Challenge  #P1911 🔫🔫🔫⚠️,youtube_shorts,https://www.youtube.com/shorts/CYR4v0KMJQQ,pubg metro royale squad wipe shorts,/root/datasets/pubg/shorts_autolearn/yt_CYR4v0KMJQQ.mp4,55.0,55.0,0.1329,4.929,0.1089,0.1521,0.318,0.311,0.4893,0.4893,0.0509,0.6304,0.0,0.7616,0.678,0.7975,853,,,0.9321,0.22,0.0,1,0,0.0019,True,,355
2026-09-08T23:50:17Z,RjMhXEenYpE,INSANE Metro Royale Moments ,youtube_highlights,https://www.youtube.com/watch?v=RjMhXEenYpE,metro royale insane clutch pubg,/root/datasets/pubg/shorts_autolearn/yt_RjMhXEenYpE.mp4,55.0,55.0,0.0376,5.396,0.0676,0.1633,0.368,0.376,0.475,0.475,0.5043,0.0168,,,,,256,,,,,,,,0.0003,False,no_shots=density0.038:burst5.40,357
2026-09-08T23:52:52Z,LVwpFpyDjUU,Solo Squad Wipe in Metro Royale! 💰 Millions in Loot & Insane Clutch ,youtube_highlights,https://www.youtube.com/watch?v=LVwpFpyDjUU,metro royale insane clutch pubg,/root/datasets/pubg/shorts_autolearn/yt_LVwpFpyDjUU.mp4,55.0,55.0,0.0266,38.302,0.0081,0.2681,0.313,0.1681,0.2748,0.2748,0.0182,0.4946,,,,,348,,,,,,,,0.0009,False,run_loot=motion0.268:gun0.027,358
2026-09-08T23:53:00Z,LVwpFpyDjUU,yt LVwpFpyDjUU,shorts_autolearn_media,file:///root/datasets/pubg/shorts_autolearn/yt_LVwpFpyDjUU.mp4,local:shorts_autolearn_media,/root/datasets/pubg/shorts_autolearn/yt_LVwpFpyDjUU.mp4,55.0,55.0,0.0266,38.302,0.0081,0.2681,0.313,0.1681,0.2748,0.2748,0.0182,0.4946,,,,,0,,,,,,,,0.0009,False,run_loot=motion0.268:gun0.027,358
2026-09-08T23:59:13Z,lF72q4zXUUM,ВЫБИВАЮ КЕРАМБИТ В METRO ROYALE PUBG MOBILE!🔥,youtube_shorts,https://www.youtube.com/shorts/lF72q4zXUUM,метро роял дуэль пабг shorts,/root/datasets/pubg/shorts_autolearn/yt_lF72q4zXUUM.mp4,55.0,55.0,0.0101,3.246,0.0632,0.0635,0.459,0.0035,0.0007,0.0035,0.6097,0.0461,,,,,11664,,,,,,,,0.0003,False,talk_menu=rms0.0632:gun0.010,359
2026-09-09T00:01:14Z,UHTKiiEMHck,ПРОВЕРКА НА СКАМ В МЕТРО РОЯЛЬ ,youtube_shorts,https://www.youtube.com/shorts/UHTKiiEMHck,метро роял дуэль пабг shorts,/root/datasets/pubg/shorts_autolearn/yt_UHTKiiEMHck.mp4,55.0,55.0,0.0351,6.657,0.0462,0.1346,0.29,0.0021,0.0006,0.0021,0.6922,0.7046,,,,,508,,,,,,,,0.0002,False,loot_walk=density0.035,361
2026-09-09T01:21:33Z,AaLr6fz3nNs,yt AaLr6fz3nNs,shorts_autolearn_media,file:///root/datasets/pubg/shorts_autolearn/yt_AaLr6fz3nNs.mp4,local:shorts_autolearn_media,/root/datasets/pubg/shorts_autolearn/yt_AaLr6fz3nNs.mp4,55.0,55.0,0.0845,10.069,0.0385,0.0898,0.427,0.0342,0.0092,0.0342,0.7513,0.0495,0.0,0.0,,,0,,,0.7482,0.0,0.0,0,0,0.0205,False,payoff_low=0.000:min0.10,362
2026-09-09T01:21:37Z,AaLr6fz3nNs,ЧЕЛЕНДЖ 20 РУБЛЕЙ ЗА КИЛЛ В МЕТРО РОЯЛЬ ,youtube_shorts,https://www.youtube.com/shorts/AaLr6fz3nNs,метро роял килл пабг shorts,/root/datasets/pubg/shorts_autolearn/yt_AaLr6fz3nNs.mp4,55.0,55.0,0.0845,10.069,0.0385,0.0898,0.427,0.0342,0.0092,0.0342,0.7513,0.0495,0.0,0.0,,,0,,,0.7482,0.0,0.0,0,0,0.0205,False,payoff_low=0.000:min0.10,362
2026-09-09T01:24:02Z,jexErogciKY,Metro Royale You Should Watch This Match ,youtube_shorts,https://www.youtube.com/shorts/jexErogciKY,метро роял килл пабг shorts,/root/datasets/pubg/shorts_autolearn/yt_jexErogciKY.mp4,55.0,55.0,0.0486,12.293,0.0581,0.2115,0.372,0.2883,0.3196,0.3196,0.0072,0.0393,,,,,0,,,,,,,1,0.0036,False,hard_loot_walk,363
2026-09-09T01:25:15Z,RfmV1si-bVI,PUBG MOBILE Metro Royale:New thermal sight glitch make ultimate money in Metro Royale,youtube_shorts,https://www.youtube.com/shorts/RfmV1si-bVI,метро роял килл пабг shorts,/root/datasets/pubg/shorts_autolearn/yt_RfmV1si-bVI.mp4,42.72,42.72,0.0,0.0,0.0,0.186,0.327,0.0004,0.0003,0.0019,0.0602,0.1068,,,,,2215,,,,,,,,0.0019,False,run_fake_gun=motion0.186:gun0.000,364
2026-09-09T01:27:14Z,aIIl_yKsxpU,METRO ROYALE NEW EXIT BUG 4,youtube_shorts,https://www.youtube.com/shorts/aIIl_yKsxpU,метро роял килл пабг shorts,/root/datasets/pubg/shorts_autolearn/yt_aIIl_yKsxpU.mp4,55.0,55.0,0.0093,31.117,0.0047,0.1887,0.236,0.2968,0.2329,0.2968,0.0274,0.0191,,,,,0,,,,,,,,0.0012,False,no_shots=density0.009:burst31.12:ownerbelow_owner_floor=density0.009:burst31.12,365
2026-09-09T01:30:06Z,P9Cn5OvldAA,PUBG METRO ROYALE RADZONE BUG🤬,youtube_shorts,https://www.youtube.com/shorts/P9Cn5OvldAA,метро роял килл пабг shorts,/root/datasets/pubg/shorts_autolearn/yt_P9Cn5OvldAA.mp4,55.0,55.0,0.0135,6.768,0.0469,0.0691,0.171,0.4467,0.5132,0.5132,0.5432,0.0578,,,,,0,,,,,,,,0.0018,False,no_shots=density0.013:burst6.77:ownerpanns_no_gun=pan0.513:gun0.013:burst6.77,366
2026-09-09T01:35:00Z,4VgzYRe4eHE,THIS IS WHY THIS IS THE MOST OVERPOWERED WEAPON IN METRO ROYALE !!! WHERE IS THE BALANCE?! ,youtube_highlights,https://www.youtube.com/watch?v=4VgzYRe4eHE,метро роял хайлайты пабг,/root/datasets/pubg/shorts_autolearn/yt_4VgzYRe4eHE.mp4,55.0,55.0,0.1596,3.944,0.1237,0.3722,0.336,0.0081,0.0007,0.0081,0.8653,0.5976,0.3147,0.0,,,1264,,,0.6666,0.0,0.225,0,0,0.0004,False,payoff_low=0.000:min0.10,367
2026-09-09T01:37:05Z,4VgzYRe4eHE,yt 4VgzYRe4eHE,shorts_autolearn_media,file:///root/datasets/pubg/shorts_autolearn/yt_4VgzYRe4eHE.mp4,local:shorts_autolearn_media,/root/datasets/pubg/shorts_autolearn/yt_4VgzYRe4eHE.mp4,55.0,55.0,0.1596,3.944,0.1237,0.3722,0.336,0.0081,0.0007,0.0081,0.8653,0.5976,0.3147,0.0,,,0,,,0.6666,0.0,0.225,0,0,0.0004,False,payoff_low=0.000:min0.10,367
2026-09-09T01:38:36Z,BfVhKFJFvqk,HOW TO LEARN TO PLAY METRO ROYALE 😱 ,youtube_highlights,https://www.youtube.com/watch?v=BfVhKFJFvqk,метро роял хайлайты пабг,/root/datasets/pubg/shorts_autolearn/yt_BfVhKFJFvqk.mp4,55.0,55.0,0.0051,4.022,0.0659,0.2715,0.457,0.377,0.4835,0.4835,0.5845,0.624,,,,,0,,,,,,,,0.0059,False,no_shots=density0.005:burst4.02:ownerrun_fake_gun=motion0.272:gun0.005,368
2026-09-09T01:41:22Z,BYX2C1hJwdo,Metro Royale Back to My Favorite Map after a Long Time Advanced Mode ,youtube_shorts,https://www.youtube.com/shorts/BYX2C1hJwdo,metro royale pubg mobile shorts 2026,/root/datasets/pubg/shorts_autolearn/yt_BYX2C1hJwdo.mp4,55.0,55.0,0.0393,19.407,0.0194,0.1654,0.397,0.0324,0.0157,0.0324,0.0063,0.4026,,,,,1040,,,,,,,,0.002,False,loot_walk=density0.039,370
2026-09-09T01:45:34Z,Z0MeljeGDto,Metro Royale Trade shop challenge 🤪,youtube_shorts,https://www.youtube.com/shorts/Z0MeljeGDto,metro royale pubg mobile shorts 2026,/root/datasets/pubg/shorts_autolearn/yt_Z0MeljeGDto.mp4,55.0,55.0,0.0435,25.412,0.017,0.1697,0.414,0.6459,0.6739,0.6739,0.0248,0.0617,,,,,1299,,,,,,,1,0.0018,False,hard_loot_walk,371
2026-09-09T01:56:04Z,d9COKTACl0c,Metro Royale ZERO To HERO 🤯 ,youtube_shorts,https://www.youtube.com/shorts/d9COKTACl0c,metro royale pubg mobile shorts 2026,/root/datasets/pubg/shorts_autolearn/yt_d9COKTACl0c.mp4,55.0,55.0,0.0241,71.146,0.0028,0.3043,0.431,0.2995,0.4047,0.4047,0.0089,0.0289,,,,,1180,,,,,,,,0.0004,False,no_shots=density0.024:burst71.15:ownerbelow_owner_floor=density0.024:burst71.15,372
2026-09-09T01:59:37Z,jTwEbFlsOmY,PUBG MOBILE Metro Royale ,youtube_shorts,https://www.youtube.com/shorts/jTwEbFlsOmY,metro royale pubg mobile shorts 2026,/root/datasets/pubg/shorts_autolearn/yt_jTwEbFlsOmY.mp4,55.0,55.0,0.2073,3.881,0.1696,0.3258,0.278,0.4001,0.4574,0.4574,0.3026,0.6478,0.0,0.0,,,90,,,0.7089,0.0,0.0,0,0,0.0008,False,payoff_low=0.000:min0.10,373
2026-09-09T02:01:30Z,jTwEbFlsOmY,yt jTwEbFlsOmY,shorts_autolearn_media,file:///root/datasets/pubg/shorts_autolearn/yt_jTwEbFlsOmY.mp4,local:shorts_autolearn_media,/root/datasets/pubg/shorts_autolearn/yt_jTwEbFlsOmY.mp4,55.0,55.0,0.2073,3.881,0.1696,0.3258,0.278,0.4001,0.4574,0.4574,0.3026,0.6478,0.0,0.0,,,0,,,0.7089,0.0,0.0,0,0,0.0008,False,payoff_low=0.000:min0.10,373
2026-09-09T02:02:49Z,y7TSVnY3srg,10 ИГР - сколько КИЛЛОВ в Metro Royale 🔥 ,youtube_highlights,https://www.youtube.com/watch?v=y7TSVnY3srg,метро роял лучшие киллы пабг,/root/datasets/pubg/shorts_autolearn/yt_y7TSVnY3srg.mp4,55.0,55.0,0.0279,7.426,0.0617,0.2103,0.16,0.0072,0.001,0.008,0.8937,0.8844,,,,,2277,,,,,,,,0.0005,False,run_fake_gun=motion0.210:gun0.028,374
2026-09-09T02:06:09Z,coZJJw2ifNE,ИГРА БЕЗ ГИРОСКОПА НАМНОГО ЛУЧШЕ В МЕТРО РОЯЛЬ?🔥 ,youtube_highlights,https://www.youtube.com/watch?v=coZJJw2ifNE,метро роял лучшие киллы пабг,/root/datasets/pubg/shorts_autolearn/yt_coZJJw2ifNE.mp4,55.0,55.0,0.0224,3.446,0.0464,0.2459,0.476,0.0556,0.0078,0.0626,0.8612,0.8076,,,,,0,,,,,,,,0.0119,False,run_loot=motion0.246:gun0.022,376
2026-09-09T02:10:46Z,YFY6kRm_VtQ,yt YFY6kRm VtQ,shorts_autolearn_media,file:///root/datasets/pubg/shorts_autolearn/yt_YFY6kRm_VtQ.mp4,local:shorts_autolearn_media,/root/datasets/pubg/shorts_autolearn/yt_YFY6kRm_VtQ.mp4,55.0,55.0,0.1308,4.819,0.1337,0.218,0.215,0.51,0.6473,0.6473,0.0244,0.0328,0.0,0.7347,0.6882,0.7546,0,,,0.9443,0.22,0.0,1,0,0.0013,True,,377
2026-09-09T02:11:03Z,YFY6kRm_VtQ,METRO ROYALE LEGENDARY FİGHT,youtube_shorts,https://www.youtube.com/shorts/YFY6kRm_VtQ,pubg metro royale squad wipe shorts,/root/datasets/pubg/shorts_autolearn/yt_YFY6kRm_VtQ.mp4,55.0,55.0,0.1308,4.819,0.1337,0.218,0.215,0.51,0.6473,0.6473,0.0244,0.0328,0.0,0.7347,0.6882,0.7546,0,,,0.9443,0.22,0.0,1,0,0.0013,True,,377
2026-09-09T02:14:06Z,Z6AwbSEceNA,PLAYING WITH RANDOMS IN METRO ROYALE ,youtube_shorts,https://www.youtube.com/shorts/Z6AwbSEceNA,пабг мобайл метро роял киллы shorts,/root/datasets/pubg/shorts_autolearn/yt_Z6AwbSEceNA.mp4,55.0,55.0,0.0448,8.803,0.0978,0.1434,0.422,0.288,0.5746,0.5746,0.4939,0.5153,,,,,0,,,,,,,1,0.0005,False,hard_loot_walk,378
2026-09-09T02:16:36Z,YKVRtiL72xk,ВЫНЕСЛИ ПОЛНЫЕ РЮКЗАКИ НА 3 КАРТЕ МЕТРО РОЯЛЬ ,youtube_shorts,https://www.youtube.com/shorts/YKVRtiL72xk,пабг мобайл метро роял киллы shorts,/root/datasets/pubg/shorts_autolearn/yt_YKVRtiL72xk.mp4,55.0,55.0,0.0477,9.13,0.0944,0.1739,0.454,0.3564,0.5483,0.5483,0.5787,0.539,,,,,640,,,,,,,1,0.0098,False,hard_loot_walk,379
2026-09-09T02:16:43Z,YKVRtiL72xk,yt YKVRtiL72xk,shorts_autolearn_media,file:///root/datasets/pubg/shorts_autolearn/yt_YKVRtiL72xk.mp4,local:shorts_autolearn_media,/root/datasets/pubg/shorts_autolearn/yt_YKVRtiL72xk.mp4,55.0,55.0,0.0477,9.13,0.0944,0.1739,0.454,0.3564,0.5483,0.5483,0.5787,0.539,,,,,0,,,,,,,1,0.0098,False,hard_loot_walk,379
2026-09-09T02:23:02Z,COfcyajIl5Y,ЗОЛОТЫЕ ВЕЩИ ИМБА??? 5 КАРТА В НОВОМ МЕТРО РОЯЛЬ ,youtube_shorts,https://www.youtube.com/shorts/COfcyajIl5Y,пабг мобайл метро роял киллы shorts,/root/datasets/pubg/shorts_autolearn/yt_COfcyajIl5Y.mp4,55.0,55.0,0.123,7.515,0.1138,0.2899,0.413,0.1343,0.1886,0.1886,0.7494,0.6591,0.0,0.0,,,0,,,0.8309,0.0,0.0,0,0,0.0191,False,payoff_low=0.000:min0.10,380
2026-09-09T02:27:31Z,GbBvllqV7Z8,ЧТО КУПИТЬ В МЕТРО РОЯЛЬ НА 500КА?,youtube_shorts,https://www.youtube.com/shorts/GbBvllqV7Z8,пабг мобайл метро роял киллы shorts,/root/datasets/pubg/shorts_autolearn/yt_GbBvllqV7Z8.mp4,55.0,55.0,0.1139,6.126,0.0968,0.126,0.351,0.0009,0.0001,0.0009,0.7448,0.0286,0.4292,0.0,,,0,,,0.7132,0.0,0.225,0,0,0.0,False,payoff_low=0.000:min0.10,382
2026-09-09T02:27:43Z,GbBvllqV7Z8,yt GbBvllqV7Z8,shorts_autolearn_media,file:///root/datasets/pubg/shorts_autolearn/yt_GbBvllqV7Z8.mp4,local:shorts_autolearn_media,/root/datasets/pubg/shorts_autolearn/yt_GbBvllqV7Z8.mp4,55.0,55.0,0.1139,6.126,0.0968,0.126,0.351,0.0009,0.0001,0.0009,0.7448,0.0286,0.4292,0.0,,,0,,,0.7132,0.0,0.225,0,0,0.0,False,payoff_low=0.000:min0.10,382
2026-09-09T02:31:03Z,4pgNKzkdMoM,From 0 to 100 MILLION 💸SOLO VS SQUADS🔥 IT WAS VERY HARD IN METRO ROYALE,youtube_highlights,https://www.youtube.com/watch?v=4pgNKzkdMoM,метро роял один против сквада,/root/datasets/pubg/shorts_autolearn/yt_4pgNKzkdMoM.mp4,55.0,55.0,0.0084,3.382,0.0749,0.0335,0.587,0.0186,0.0016,0.0186,0.8336,0.358,,,,,2271,,,,,,,,0.0009,False,talk_menu=rms0.0749:gun0.008,383
2026-09-09T02:33:56Z,KdVtEs3X9kg,yt KdVtEs3X9kg,shorts_autolearn_media,file:///root/datasets/pubg/shorts_autolearn/yt_KdVtEs3X9kg.mp4,local:shorts_autolearn_media,/root/datasets/pubg/shorts_autolearn/yt_KdVtEs3X9kg.mp4,55.0,55.0,0.0629,10.368,0.0367,0.2608,0.399,0.143,0.2044,0.2044,0.0067,0.3595,,,,,0,,,,,,,,0.0003,False,loot_walk=density0.063,385
2026-09-09T02:33:58Z,KdVtEs3X9kg,Metro Royale I Killed 16 Real Enemies Solo vs Squad Survival Drop ,youtube_highlights,https://www.youtube.com/watch?v=KdVtEs3X9kg,метро роял один против сквада,/root/datasets/pubg/shorts_autolearn/yt_KdVtEs3X9kg.mp4,55.0,55.0,0.0629,10.368,0.0367,0.2608,0.399,0.143,0.2044,0.2044,0.0067,0.3595,,,,,744,,,,,,,,0.0003,False,loot_walk=density0.063,385
2026-09-09T02:40:14Z,t7pZ0Y3eLRw,I'M RAISING A BILLION METRO CURRENCY IN SOLO VS SQUADS 🥶 IN METRO ROYALE #1 ,youtube_highlights,https://www.youtube.com/watch?v=t7pZ0Y3eLRw,метро роял один против сквада,/root/datasets/pubg/shorts_autolearn/yt_t7pZ0Y3eLRw.mp4,55.0,55.0,0.0744,6.783,0.0565,0.1837,0.275,0.5732,0.4111,0.5732,0.4371,0.518,0.0,0.5884,0.6966,0.542,935,,,0.9591,0.22,0.0,1,0,0.0024,True,,386
2026-09-09T03:09:23Z,ToJstxyDj1g,Metro Royale gameplay education ,youtube_shorts,https://www.youtube.com/shorts/ToJstxyDj1g,pubg mobile metro royale fight shorts,/root/datasets/pubg/shorts_autolearn/yt_ToJstxyDj1g.mp4,55.0,55.0,0.1436,3.189,0.0908,0.1558,0.322,0.1492,0.1852,0.1852,0.7403,0.8046,0.5279,0.0,,,76,,,0.7479,0.0,0.225,0,0,0.0042,False,payoff_low=0.000:min0.10,387
2026-09-09T03:09:30Z,ToJstxyDj1g,yt ToJstxyDj1g,shorts_autolearn_media,file:///root/datasets/pubg/shorts_autolearn/yt_ToJstxyDj1g.mp4,local:shorts_autolearn_media,/root/datasets/pubg/shorts_autolearn/yt_ToJstxyDj1g.mp4,55.0,55.0,0.1436,3.189,0.0908,0.1558,0.322,0.1492,0.1852,0.1852,0.7403,0.8046,0.5279,0.0,,,0,,,0.7479,0.0,0.225,0,0,0.0042,False,payoff_low=0.000:min0.10,387
2026-09-09T03:12:34Z,AD94uAxqr30,PUBG MOBILE I 360 Metro Royale fun short video 2 - fabled traits,youtube_shorts,https://www.youtube.com/shorts/AD94uAxqr30,pubg mobile metro royale fight shorts,/root/datasets/pubg/shorts_autolearn/yt_AD94uAxqr30.mp4,33.41,33.41,0.1818,4.866,0.1495,0.2483,0.33,0.0261,0.0501,0.0501,0.2451,0.7834,0.5276,0.0,,,29,,,0.7119,0.0,0.225,0,0,0.0011,False,payoff_low=0.000:min0.10,388
2026-09-09T03:16:44Z,wukmSCCFgss,honor x9d 🔥 pubg mobile fps graphics gyroscope sensitivity test 🔥 Metro Royale 1v3 HDR Gameplay ,youtube_shorts,https://www.youtube.com/shorts/wukmSCCFgss,pubg mobile metro royale fight shorts,/root/datasets/pubg/shorts_autolearn/yt_wukmSCCFgss.mp4,23.98,23.98,0.066,8.886,0.027,0.1199,0.249,0.5806,0.6087,0.6087,0.0178,0.0229,0.7862,0.7066,0.9191,0.6156,129,,,0.9234,0.8546,0.7862,1,0,0.0012,True,,390
2026-09-09T03:18:06Z,wukmSCCFgss,yt wukmSCCFgss,shorts_autolearn_media,file:///root/datasets/pubg/shorts_autolearn/yt_wukmSCCFgss.mp4,local:shorts_autolearn_media,/root/datasets/pubg/shorts_autolearn/yt_wukmSCCFgss.mp4,23.98,23.98,0.066,8.886,0.027,0.1199,0.249,0.5806,0.6087,0.6087,0.0178,0.0229,0.7862,0.7066,0.9191,0.6156,0,,,0.9234,0.8546,0.7862,1,0,0.0012,True,,390
2026-09-09T03:52:40Z,pLGvDmjdMDo,Pubg Metro royale shorts😜😈🔥 #pubgmobile #best moments,youtube_shorts,https://www.youtube.com/shorts/pLGvDmjdMDo,pubg mobile metro royale fight shorts,/root/datasets/pubg/shorts_autolearn/yt_pLGvDmjdMDo.mp4,28.83,28.83,0.0516,15.858,0.0252,0.1008,0.51,0.2332,0.2428,0.2428,0.5866,0.0249,0.8203,0.0,,,3,,,0.7536,0.0,0.225,0,0,0.0008,False,payoff_low=0.000:min0.10,392
2026-09-09T03:54:13Z,chwdKip_a_Q,PUBG MOBILE x METRO ROYALE ,youtube_shorts,https://www.youtube.com/shorts/chwdKip_a_Q,pubg mobile metro royale fight shorts,/root/datasets/pubg/shorts_autolearn/yt_chwdKip_a_Q.mp4,55.0,55.0,0.0215,5.735,0.0456,0.2722,0.37,0.0205,0.0114,0.0303,0.9061,0.9202,,,,,0,,,,,,,,0.0086,False,run_loot=motion0.272:gun0.021,393
2026-09-09T03:57:06Z,OIGDdFqOH1w,3.6 Metro Royale Fun - Fabled Traits ,youtube_shorts,https://www.youtube.com/shorts/OIGDdFqOH1w,pubg mobile metro royale fight shorts,/root/datasets/pubg/shorts_autolearn/yt_OIGDdFqOH1w.mp4,33.41,33.41,0.1818,4.866,0.1495,0.2481,0.344,0.0261,0.0501,0.0501,0.2451,0.7834,0.0,0.0,,,34,,,0.7119,0.0,0.0,0,0,0.0011,False,payoff_low=0.000:min0.10,394
2026-09-09T04:01:02Z,d99RFck2IOI,yt d99RFck2IOI,shorts_autolearn_media,file:///root/datasets/pubg/shorts_autolearn/yt_d99RFck2IOI.mp4,local:shorts_autolearn_media,/root/datasets/pubg/shorts_autolearn/yt_d99RFck2IOI.mp4,26.4,26.4,0.1311,5.585,0.089,0.2218,0.317,0.0009,0.0016,0.0021,0.8074,0.813,0.0,0.0,,,0,,,0.6975,0.0,0.0,0,0,0.0021,False,payoff_low=0.000:min0.10,395
2026-09-09T04:01:06Z,d99RFck2IOI,PUBG MOBILE I 360 Metro Royale fun short video 4 - gold ticket,youtube_shorts,https://www.youtube.com/shorts/d99RFck2IOI,pubg mobile metro royale fight shorts,/root/datasets/pubg/shorts_autolearn/yt_d99RFck2IOI.mp4,26.4,26.4,0.1311,5.585,0.089,0.2218,0.317,0.0009,0.0016,0.0021,0.8074,0.813,0.0,0.0,,,14,,,0.6975,0.0,0.0,0,0,0.0021,False,payoff_low=0.000:min0.10,395
2026-09-09T04:02:38Z,tK-wUoJ2dsE,PUBG MOBILE - Metro Royale Black Market,youtube_shorts,https://www.youtube.com/shorts/tK-wUoJ2dsE,pubg mobile metro royale fight shorts,/root/datasets/pubg/shorts_autolearn/yt_tK-wUoJ2dsE.mp4,55.0,55.0,0.0004,3.216,0.0557,0.2273,0.349,0.0019,0.0005,0.003,0.7366,0.7561,,,,,67649,,,,,,,,0.0023,False,talk_menu=rms0.0557:gun0.000,396
2026-09-09T04:05:43Z,pXiN2hyJm9o,Metro Royale Mein TANK!? 😨 1300K Loot OP ,youtube_highlights,https://www.youtube.com/watch?v=pXiN2hyJm9o,pubg metro royale highlights,/root/datasets/pubg/shorts_autolearn/yt_pXiN2hyJm9o.mp4,55.0,55.0,0.0439,13.163,0.0174,0.2638,0.546,0.0794,0.0469,0.0794,0.7541,0.031,,,,,697,,,,,,,,0.0026,False,loot_walk=density0.044,397
2026-09-09T04:08:24Z,ihZsUg1AJ0s,Metro Royale Chapter 30 Update Highlights! Coming January 8! ,youtube_highlights,https://www.youtube.com/watch?v=ihZsUg1AJ0s,pubg metro royale highlights,/root/datasets/pubg/shorts_autolearn/yt_ihZsUg1AJ0s.mp4,55.0,55.0,0.1647,3.997,0.1414,0.2608,0.376,0.1426,0.0598,0.1426,0.8369,0.8167,0.0,0.0,,,84,,,0.7376,0.0,0.0,0,0,0.0159,False,payoff_low=0.000:min0.10,398
2026-09-09T04:10:25Z,riCJu1PyPoo,Metro Royale Elite Outfit 😍 PUBG Mobile Metro Royal 🥴,youtube_shorts,https://www.youtube.com/shorts/riCJu1PyPoo,метро роял килл пабг shorts,/root/datasets/pubg/shorts_autolearn/yt_riCJu1PyPoo.mp4,24.21,24.21,0.0375,17.066,0.018,0.2016,0.427,0.0506,0.016,0.0506,0.041,0.5841,,,,,247,,,,,,,,0.0002,False,loot_walk=density0.037,399
2026-09-09T04:12:54Z,eWHGjOdGen4,Most Efficient Way To Kill The Boss In Metro Royale ,youtube_shorts,https://www.youtube.com/shorts/eWHGjOdGen4,метро роял килл пабг shorts,/root/datasets/pubg/shorts_autolearn/yt_eWHGjOdGen4.mp4,55.0,55.0,0.0832,8.423,0.0343,0.1771,0.607,0.387,0.4666,0.4666,0.0173,0.0151,0.2899,0.6305,0.7043,0.5989,75,,,0.9812,0.336,0.2899,1,0,0.0003,True,,400
2026-09-09T04:15:48Z,FbtVg4nfUYs,PUBG MOBILE Metro royale'de kill (#1),youtube_shorts,https://www.youtube.com/shorts/FbtVg4nfUYs,метро роял килл пабг shorts,/root/datasets/pubg/shorts_autolearn/yt_FbtVg4nfUYs.mp4,55.0,55.0,0.0346,6.51,0.0406,0.1588,0.351,0.3999,0.4412,0.4412,0.0232,0.0091,,,,,38,,,,,,,,0.0006,False,no_shots=density0.035:burst6.51,401
2026-09-09T04:15:58Z,FbtVg4nfUYs,yt FbtVg4nfUYs,shorts_autolearn_media,file:///root/datasets/pubg/shorts_autolearn/yt_FbtVg4nfUYs.mp4,local:shorts_autolearn_media,/root/datasets/pubg/shorts_autolearn/yt_FbtVg4nfUYs.mp4,55.0,55.0,0.0346,6.51,0.0406,0.1588,0.351,0.3999,0.4412,0.4412,0.0232,0.0091,,,,,0,,,,,,,,0.0006,False,no_shots=density0.035:burst6.51,401
2026-09-09T04:20:10Z,pvVMAHAsqas,Pubg Metro Royale snake pit Boss kills enemy .Is it easy to kill the boss in the end. free looting,youtube_shorts,https://www.youtube.com/shorts/pvVMAHAsqas,метро роял килл пабг shorts,/root/datasets/pubg/shorts_autolearn/yt_pvVMAHAsqas.mp4,55.0,55.0,0.1321,8.685,0.1011,0.2092,0.471,0.0008,0.0007,0.0009,0.7522,0.7839,0.6144,0.0,,,88,,,0.7421,0.0,0.225,0,0,0.0009,False,payoff_low=0.000:min0.10,402
2026-09-09T08:49:04Z,dSd-NeJNQJ4,yt dSd-NeJNQJ4.f609,shorts_autolearn_media,file:///root/datasets/pubg/shorts_autolearn/yt_dSd-NeJNQJ4.f609.mp4,local:shorts_autolearn_media,/root/datasets/pubg/shorts_autolearn/yt_dSd-NeJNQJ4.f609.mp4,5.6,5.6,0.0,0.0,0.0,0.2276,0.323,0.0,0.0,0.0,0.0,0.0,,,,,0,,,,,,,,0.0,False,run_loot=motion0.228:gun0.000,404
2026-09-09T13:44:48Z,5Qso0o7ADTQ,yt 5Qso0o7ADTQ,shorts_autolearn_media,file:///root/datasets/pubg/shorts_autolearn/yt_5Qso0o7ADTQ.mp4,local:shorts_autolearn_media,/root/datasets/pubg/shorts_autolearn/yt_5Qso0o7ADTQ.mp4,29.83,29.83,0.1409,6.42,0.0927,0.3119,0.227,0.302,0.2473,0.302,0.0489,0.4616,0.0,0.0,,,0,,,0.6972,0.0,0.0,0,0,0.0024,False,payoff_low=0.000:min0.10,405
2026-09-09T14:21:30Z,_b-aV5E4664,НАКОНЕЦ-ТО ПОВЕЗЛО? СОЛО С НУЛЯ ДО ФУЛ 6 МЕТРО РОЯЛЬ ЧАСТЬ 6 ,youtube_shorts,https://www.youtube.com/shorts/_b-aV5E4664,метро роял с нуля до фул 6 shorts,/root/datasets/pubg/shorts_autolearn/yt__b-aV5E4664.mp4,55.0,55.0,0.1418,3.511,0.1009,0.0,1.0,0.1229,0.1294,0.1294,0.3483,0.3707,0.0,0.3491,,,513,,,0.3491,0.0,0.0,0,0,0.001,False,fight_low=0.349:min0.38,406
2026-09-09T14:29:14Z,pTiB79cdOWY,ПРИТВОРИЛСЯ БОТОМ НА 3 КАРТЕ В МЕТРО РОЯЛЬ ч.1 ,youtube_shorts,https://www.youtube.com/shorts/pTiB79cdOWY,метро роял с нуля до фул 6 shorts,/root/datasets/pubg/shorts_autolearn/yt_pTiB79cdOWY.mp4,55.0,55.0,0.133,2.82,0.0989,0.2517,0.343,0.0978,0.0403,0.0978,0.6494,0.6666,0.0,0.0,,,0,,,0.7116,0.0,0.0,0,0,0.0025,False,payoff_low=0.000:min0.10,407
2026-09-09T14:29:15Z,pTiB79cdOWY,yt pTiB79cdOWY,shorts_autolearn_media,file:///root/datasets/pubg/shorts_autolearn/yt_pTiB79cdOWY.mp4,local:shorts_autolearn_media,/root/datasets/pubg/shorts_autolearn/yt_pTiB79cdOWY.mp4,55.0,55.0,0.133,2.82,0.0989,0.2517,0.343,0.0978,0.0403,0.0978,0.6494,0.6666,0.0,,,,0,,,,,0.0,0,0,0.0025,False,hard_author_death_hud=late0.0:early74.9,408
2026-09-09T14:29:24Z,c2Ip5sYUBVs,yt c2Ip5sYUBVs,shorts_autolearn_media,file:///root/datasets/pubg/shorts_autolearn/yt_c2Ip5sYUBVs.mp4,local:shorts_autolearn_media,/root/datasets/pubg/shorts_autolearn/yt_c2Ip5sYUBVs.mp4,55.0,55.0,0.0473,6.035,0.0666,0.2524,0.335,0.5298,0.7405,0.7405,0.512,0.6083,,,,,0,,,,,,,1,0.001,False,hard_loot_walk,407
2026-09-09T14:35:15Z,1ce9b3e6b7e,tt 7683512587639655687,tiktok_pubg,file:///root/datasets/tiktok/pubg/tt_7683512587639655687.mp4,local:tiktok_pubg,/root/datasets/tiktok/pubg/tt_7683512587639655687.mp4,27.07,27.07,0.1267,3.62,0.0959,0.3628,0.409,0.001,0.0006,0.001,0.1859,0.799,,,,,0,,,,,,,0,0.0003,False,hard_menu_loot_ui=level up,410
2026-09-09T14:36:14Z,VTr2lqlBCsU,PUBG METRO ROYALE BUG GLİTCH,youtube_shorts,https://www.youtube.com/shorts/VTr2lqlBCsU,pubg metro royale ranked fight shorts,/root/datasets/pubg/shorts_autolearn/yt_VTr2lqlBCsU.mp4,55.0,55.0,0.011,44.663,0.0012,0.0596,0.134,0.2631,0.2121,0.2631,0.0357,0.016,,,,,0,,,,,,,,0.0067,False,no_shots=density0.011:burst44.66:ownerbelow_owner_floor=density0.011:burst44.66,408
2026-09-09T14:52:27Z,gaX8tpc3AmQ,yt gaX8tpc3AmQ.f298,shorts_autolearn_media,file:///root/datasets/pubg/shorts_autolearn/yt_gaX8tpc3AmQ.f298.mp4,local:shorts_autolearn_media,/root/datasets/pubg/shorts_autolearn/yt_gaX8tpc3AmQ.f298.mp4,55.0,55.0,0.0,0.0,0.0,0.1327,0.369,0.0,0.0,0.0,0.0,0.0,,,,,0,,,,,,,,0.0,False,run_fake_gun=motion0.133:gun0.000,412
2026-09-09T14:54:30Z,v4z05RedCiE,PUBG MOBILE - Metro Royale - The Darkness.,youtube_shorts,https://www.youtube.com/shorts/v4z05RedCiE,pubg metro royale ranked fight shorts,/root/datasets/pubg/shorts_autolearn/yt_v4z05RedCiE.mp4,55.0,55.0,0.1851,4.06,0.1837,0.156,0.179,0.0181,0.0256,0.0256,0.1655,0.8424,0.0,0.0,,,40,,,0.6796,0.0,0.0,0,0,0.0062,False,payoff_low=0.000:min0.10,412
2026-09-09T14:59:25Z,dnl9khF8mLM,КОМАНДА НЕАДЕКВАТОВ ПУШИТ ТОП МИРА В НОВОМ МЕТРО РОЯЛЬ ,youtube_highlights,https://www.youtube.com/watch?v=dnl9khF8mLM,метро роял лучшие киллы пабг,/root/datasets/pubg/shorts_autolearn/yt_dnl9khF8mLM.mp4,55.0,55.0,0.1655,6.395,0.1347,0.1539,0.327,0.287,0.6202,0.6202,0.6593,0.5992,0.0,0.0,,,0,,,0.968,0.0,0.0,0,0,0.0049,False,payoff_low=0.000:min0.10,414
2026-09-09T15:03:14Z,gRVLU0qLIvI,WE PLAY WITH AUTO-MATCHING WITHOUT A CHANCE OF KILLS🔥 I MET THE COOLEST ASSAULTS🔥 METRO ROYALE ,youtube_highlights,https://www.youtube.com/watch?v=gRVLU0qLIvI,метро роял лучшие киллы пабг,/root/datasets/pubg/shorts_autolearn/yt_gRVLU0qLIvI.mp4,55.0,55.0,0.011,4.488,0.0523,0.252,0.372,0.0606,0.0064,0.0606,0.7482,0.1116,,,,,1463,,,,,,,,0.0011,False,talk_menu=rms0.0523:gun0.011,415
2026-09-09T15:27:28Z,RbdK4w8Gs4c,yt RbdK4w8Gs4c.f298,shorts_autolearn_media,file:///root/datasets/pubg/shorts_autolearn/yt_RbdK4w8Gs4c.f298.mp4,local:shorts_autolearn_media,/root/datasets/pubg/shorts_autolearn/yt_RbdK4w8Gs4c.f298.mp4,55.0,55.0,0.0,0.0,0.0,0.0213,0.539,0.0,0.0,0.0,0.0,0.0,,,,,0,,,,,,,,0.0,False,no_shots=density0.000:burst0.00:ownerbelow_owner_floor=density0.000:burst0.00,416
2026-09-09T15:28:42Z,RbdK4w8Gs4c,yt RbdK4w8Gs4c.temp,shorts_autolearn_media,file:///root/datasets/pubg/shorts_autolearn/yt_RbdK4w8Gs4c.temp.mp4,local:shorts_autolearn_media,/root/datasets/pubg/shorts_autolearn/yt_RbdK4w8Gs4c.temp.mp4,55.0,55.0,0.0334,46.789,0.011,0.0213,0.539,0.0001,0.0,0.0001,0.7017,0.7158,,,,,0,,,,,,,,0.0,False,no_shots=density0.033:burst46.79,417
2026-09-09T15:29:30Z,c49bsUvqydU,С ПОЛНОГО НУЛЯ ДО ФУЛЛ 6 В МЕТРО РОЯЛЬ ЧАСТЬ 2 🔥 ,youtube_shorts,https://www.youtube.com/shorts/c49bsUvqydU,метро роял с нуля до фул 6 shorts,/root/datasets/pubg/shorts_autolearn/yt_c49bsUvqydU.mp4,55.0,55.0,0.027,5.893,0.0404,0.2427,0.292,0.0001,0.0001,0.0014,0.8352,0.8227,,,,,1047,,,,,,,,0.0014,False,run_loot=motion0.243:gun0.027,416
2026-09-09T15:34:24Z,8ua0u7i-P-o,Что падает с боссов на 4 карте в Метро Рояль ,youtube_shorts,https://www.youtube.com/shorts/8ua0u7i-P-o,пабг метро роял перестрелка shorts,/root/datasets/pubg/shorts_autolearn/yt_8ua0u7i-P-o.mp4,55.0,55.0,0.1368,5.291,0.1105,0.1675,0.404,0.6665,0.5866,0.6665,0.5441,0.0322,0.0,0.0,,,415,,,0.9526,0.0,0.0,0,0,0.016,False,payoff_low=0.000:min0.10,419
2026-09-09T15:48:18Z,oF_1fL5QpZ0,ОТКРЫТИЕ ЗОЛОТЫХ КЕЙСОВ НА 250.000.000 😱ЧТО УПАДЕТ В НОВОМ METRO ROYALE  ,youtube_shorts,https://www.youtube.com/shorts/oF_1fL5QpZ0,метро роял буст пабг shorts,/root/datasets/pubg/shorts_autolearn/yt_oF_1fL5QpZ0.mp4,55.0,55.0,0.0228,7.633,0.0656,0.1653,0.453,0.0014,0.0004,0.0014,0.8538,0.7668,,,,,0,,,,,,,,0.0,False,run_fake_gun=motion0.165:gun0.023,420
2026-09-09T15:51:46Z,66YqHadA40A,СТАРЫЙ ЗАБЫТЫЙ ДЮП ВЕЩЕЙ И СЛИТКОВ НА 5 И 3 КАРТЕ😱🔥В НОВОМ METRO ROYALE ,youtube_shorts,https://www.youtube.com/shorts/66YqHadA40A,метро роял буст пабг shorts,/root/datasets/pubg/shorts_autolearn/yt_66YqHadA40A.mp4,55.0,55.0,0.027,8.665,0.0393,0.357,0.407,0.01,0.0052,0.01,0.771,0.7596,,,,,0,,,,,,,,0.0008,False,run_loot=motion0.357:gun0.027,421
2026-09-09T15:57:44Z,3j0B9shPof0,I'M RAISING A BILLION METRO CURRENCY IN SOLO VS. SQUADS 🥶 IN METRO ROYALE #3 ,youtube_highlights,https://www.youtube.com/watch?v=3j0B9shPof0,метро роял один против сквада,/root/datasets/pubg/shorts_autolearn/yt_3j0B9shPof0.mp4,55.0,55.0,0.0575,5.312,0.0786,0.1474,0.305,0.5601,0.5188,0.5601,0.5579,0.5832,,,,,837,,,,,,,1,0.0032,False,hard_loot_walk,422
2026-09-09T16:06:04Z,PG6JNubfmvA,MK14 ПЛЮС JS9 ИМБА В МЕТРО РОЯЛЬ😨🥵СОЛО ПРОТИВ СКВАДОВ В METRO ROYALE ,youtube_highlights,https://www.youtube.com/watch?v=PG6JNubfmvA,метро роял один против сквада,/root/datasets/pubg/shorts_autolearn/yt_PG6JNubfmvA.mp4,55.0,55.0,0.041,10.145,0.014,0.2642,0.434,0.3951,0.3022,0.3951,0.7041,0.6423,,,,,1417,,,,,,,1,0.0044,False,hard_loot_walk,423
2026-09-09T16:06:07Z,PG6JNubfmvA,yt PG6JNubfmvA,shorts_autolearn_media,file:///root/datasets/pubg/shorts_autolearn/yt_PG6JNubfmvA.mp4,local:shorts_autolearn_media,/root/datasets/pubg/shorts_autolearn/yt_PG6JNubfmvA.mp4,55.0,55.0,0.041,10.145,0.014,0.2642,0.434,0.3951,0.3022,0.3951,0.7041,0.6423,,,,,0,,,,,,,1,0.0044,False,hard_loot_walk,423
2026-09-09T16:09:34Z,Ty_jw75kWoo,METRO ROYALE WALL GLİTCH,youtube_shorts,https://www.youtube.com/shorts/Ty_jw75kWoo,метро роял килл пабг shorts,/root/datasets/pubg/shorts_autolearn/yt_Ty_jw75kWoo.mp4,55.0,55.0,0.0131,53.259,0.0098,0.1077,0.107,0.3525,0.2281,0.3525,0.0459,0.0102,,,,,0,,,,,,,,0.008,False,no_shots=density0.013:burst53.26:ownerbelow_owner_floor=density0.013:burst53.26,425
2026-09-09T16:09:36Z,Ty_jw75kWoo,yt Ty jw75kWoo,shorts_autolearn_media,file:///root/datasets/pubg/shorts_autolearn/yt_Ty_jw75kWoo.mp4,local:shorts_autolearn_media,/root/datasets/pubg/shorts_autolearn/yt_Ty_jw75kWoo.mp4,55.0,55.0,0.0131,53.259,0.0098,0.1077,0.107,0.3525,0.2281,0.3525,0.0459,0.0102,,,,,0,,,,,,,,0.008,False,no_shots=density0.013:burst53.26:ownerbelow_owner_floor=density0.013:burst53.26,425
2026-09-09T16:14:04Z,C_KYRsXxPC4,METRO ROYALE İNVİSİBİLİTY BUG,youtube_shorts,https://www.youtube.com/shorts/C_KYRsXxPC4,метро роял килл пабг shorts,/root/datasets/pubg/shorts_autolearn/yt_C_KYRsXxPC4.mp4,55.0,55.0,0.0051,18.175,0.0031,0.1718,0.429,0.2246,0.1749,0.2246,0.169,0.0152,,,,,0,,,,,,,,0.0007,False,run_fake_gun=motion0.172:gun0.005,426
2026-09-09T16:18:13Z,YTVgc47Tj28,Metro Royale Play Legendary Mk14 in Map5 ,youtube_shorts,https://www.youtube.com/shorts/YTVgc47Tj28,метро роял килл пабг shorts,/root/datasets/pubg/shorts_autolearn/yt_YTVgc47Tj28.mp4,55.0,55.0,0.0486,6.029,0.1169,0.2538,0.318,0.1857,0.2,0.2,0.0116,0.3546,,,,,698,,,,,,,,0.0009,False,loot_walk=density0.049,428
2026-09-09T16:24:13Z,5fbac76d4ca,tt 7491325981525937410 tg,tiktok_pubg,file:///root/datasets/tiktok/pubg/tt_7491325981525937410_tg.mp4,local:tiktok_pubg,/root/datasets/tiktok/pubg/tt_7491325981525937410_tg.mp4,55.0,55.0,0.163,4.784,0.1047,0.0575,0.317,0.3223,0.3179,0.3223,0.3407,0.5944,0.4466,0.0,,,0,,,0.8563,0.0,0.225,0,0,0.002,False,payoff_low=0.000:min0.10,429
2026-09-09T16:25:10Z,ERTYzlkb_dA,PUBG METRO ROYALE NEW BUG,youtube_shorts,https://www.youtube.com/shorts/ERTYzlkb_dA,метро роял килл пабг shorts,/root/datasets/pubg/shorts_autolearn/yt_ERTYzlkb_dA.mp4,55.0,55.0,0.0,18.928,0.0004,0.147,0.263,0.0111,0.0045,0.0111,0.0428,0.0231,,,,,0,,,,,,,,0.0014,False,run_fake_gun=motion0.147:gun0.000,429
2026-09-09T16:35:14Z,ibIapsadTLs,Metro Royale Gun Challenge 🔥 Playing with Refined FAMAS - Part 2 ,youtube_highlights,https://www.youtube.com/watch?v=ibIapsadTLs,pubg mobile metro royale highlights 2026,/root/datasets/pubg/shorts_autolearn/yt_ibIapsadTLs.mp4,55.0,55.0,0.135,5.338,0.1366,0.1963,0.267,0.2176,0.315,0.315,0.0197,0.5958,0.0,0.0,,,828,,,0.8713,0.0,0.0,0,0,0.0007,False,payoff_low=0.000:min0.10,431
2026-09-09T16:35:24Z,ibIapsadTLs,yt ibIapsadTLs,shorts_autolearn_media,file:///root/datasets/pubg/shorts_autolearn/yt_ibIapsadTLs.mp4,local:shorts_autolearn_media,/root/datasets/pubg/shorts_autolearn/yt_ibIapsadTLs.mp4,55.0,55.0,0.135,5.338,0.1366,0.0,1.0,0.0,0.0,0.0,0.0,0.0,,,,,0,,,,,,,,0.0,False,no_shots=density0.000:burst0.00:ownerbelow_owner_floor=density0.000:burst0.00,432
2026-09-09T16:36:49Z,95f8ee670cf,tt 7059025867195944197 tg,tiktok_pubg,file:///root/datasets/tiktok/pubg/tt_7059025867195944197_tg.mp4,local:tiktok_pubg,/root/datasets/tiktok/pubg/tt_7059025867195944197_tg.mp4,20.62,20.62,0.0892,6.942,0.0549,0.1893,0.227,0.6674,0.8758,0.8758,0.0341,0.0146,0.0,0.7199,0.7094,0.7244,0,,,0.9815,0.22,0.0,1,0,0.0008,True,,431
2026-09-09T16:43:33Z,EpTKJO937d4,Metro Royale The Golden Karambit Knife Hunt ,youtube_highlights,https://www.youtube.com/watch?v=EpTKJO937d4,pubg mobile metro royale highlights 2026,/root/datasets/pubg/shorts_autolearn/yt_EpTKJO937d4.mp4,55.0,55.0,0.09,11.784,0.0375,0.1497,0.263,0.317,0.4012,0.4012,0.6225,0.6016,0.0,0.5357,0.6681,0.479,1035,,,0.9433,0.22,0.0,1,0,0.0012,True,,432
2026-09-09T16:44:00Z,EpTKJO937d4,yt EpTKJO937d4,shorts_autolearn_media,file:///root/datasets/pubg/shorts_autolearn/yt_EpTKJO937d4.mp4,local:shorts_autolearn_media,/root/datasets/pubg/shorts_autolearn/yt_EpTKJO937d4.mp4,55.0,55.0,0.09,11.784,0.0375,0.1497,0.263,0.317,0.4012,0.4012,0.6225,0.6016,,,,,0,,,,,,,0,0.0012,False,hard_bot_farm=bot_farm_one_sided=quarters0:clusters0:kf0:mini0.000,434
2026-09-09T16:51:24Z,oQ_GW0m_hig,I BECAME THE TOP OF THE WORLD IN METRO ROYALE!🔥,youtube_shorts,https://www.youtube.com/shorts/oQ_GW0m_hig,метро роял топ 1 пабг shorts,/root/datasets/pubg/shorts_autolearn/yt_oQ_GW0m_hig.mp4,55.0,55.0,0.1448,2.785,0.0963,0.1843,0.332,0.005,0.0006,0.005,0.7912,0.2749,,,,,0,,,,,,,0,0.0004,False,hard_bot_farm=bot_farm_one_sided=quarters4:clusters0:kf0:mini0.000,435
2026-09-09T17:14:36Z,w673wMAbI-w,yt w673wMAbI-w,shorts_autolearn_media,file:///root/datasets/pubg/shorts_autolearn/yt_w673wMAbI-w.mp4,local:shorts_autolearn_media,/root/datasets/pubg/shorts_autolearn/yt_w673wMAbI-w.mp4,55.0,55.0,0.1729,3.656,0.1131,0.1342,0.326,0.3336,0.2897,0.3336,0.6369,0.6931,0.0,0.0,,,0,,,0.8415,0.0,0.0,0,0,0.0049,False,payoff_low=0.000:min0.10,437
2026-09-09T17:14:54Z,w673wMAbI-w,FROM ZERO TO KARAMBIT IN METRO ROYALE! 🔥😎 PUBG Mobile METRO ROYALE ,youtube_shorts,https://www.youtube.com/shorts/w673wMAbI-w,метро роял топ 1 пабг shorts,/root/datasets/pubg/shorts_autolearn/yt_w673wMAbI-w.mp4,55.0,55.0,0.1729,3.656,0.1131,0.1342,0.326,0.3336,0.2897,0.3336,0.6369,0.6931,0.0,0.0,,,4787,,,0.8415,0.0,0.0,0,0,0.0049,False,payoff_low=0.000:min0.10,437
2026-09-09T17:17:31Z,0V_zv4UgFdM,как скачать метро рояль и купить патроны,youtube_shorts,https://www.youtube.com/shorts/0V_zv4UgFdM,метро роял топ 1 пабг shorts,/root/datasets/pubg/shorts_autolearn/yt_0V_zv4UgFdM.mp4,54.42,54.42,0.0,6.689,0.001,0.1561,0.404,0.0094,0.0044,0.0094,0.016,0.5136,,,,,8349,,,,,,,,0.0047,False,run_fake_gun=motion0.156:gun0.000,438
