score,video_id,source_label,webpage_url,uploader,description,duration,view_count,like_count,comment_count,repost_count,upload_date
179221600,7640056264147406101,mobilelegends-id,https://www.tiktok.com/@mobilelegends_id/video/7640056264147406101,mobilelegends_id,"ADA APA DENGAN WENDY?  Perjamuan mewah berubah jadi petaka. Saat lampu padam, Wendy Walters mendadak hilang!!! Siapa pelakunya? Ada clue eksklusif dari para KOL. Tulis user ID kamu di komentar & vote siapa pelakunya di TikTok. Log in MLBB dan cek mailboxmu sekarang! 📮 #AdaApaDenganWendy #SiapaMencelakaiWendy #WendyAllStarParty #MLBB #MLBBALLSTAR",76,176400000,219200,53400,17200,20260515
77398600,7637443853867289876,mobilelegends-id,https://www.tiktok.com/@mobilelegends_id/video/7637443853867289876,mobilelegends_id,"Pencarian harta karun misterius. Makhluk penjaga dari dasar samudera. Dan sebuah undangan eksklusif dari Wendy Walters. 💌 Perjalanan baru akan dimulai. Harta melimpah menantimu. Apakah kamu siap? 🔮 Kamu diundang untuk hadir ke #WendyAlllStarParty. Login MLBB sekarang untuk dapatkan gold, diamond serta skin Yuzhong gratis!  #MLBB #MLBBAllStar",37,76700000,62500,9930,6708,20260508
41351340,7633321060347153684,mlbb-official,https://www.tiktok.com/@mlbbttofficial/video/7633321060347153684,mlbbttofficial,"ALLSTAR 2026 NOW LIVE! ⚔️ New Battlefield, New Rewards. Win REAL gold accessory, diamonds, and skins! Ends 6/28.  #MLBBALLSTAR#MLBBrealgold",14,40900000,54000,967,12600,20260427
34199460,7642715787517529364,mobilelegends-id,https://www.tiktok.com/@mobilelegends_id/video/7642715787517529364,mobilelegends_id,"WENDY KEMBALI DARI DASAR LAUT! 🧜‍♀️🌊 Semua orang kira dia hilang, tapi Wendy Walters bangkit dengan wujud baru untuk balas dendam! Bukan cuma bawa rahasia, dia juga bawa ""harta karun"" MLBB buat kamu: 💎 55 Juta Diamonds 🏆 2000 Hadiah Gold 🐲 Skin Yu Zhong GRATIS! Log in sekarang sebelum hartanya lenyap! 🏃💨 #AdaApaDenganWendy #WendyAllStarParty #MLBB #MLBBALLSTAR",72,34000000,23900,413,1556,20260522
23919280,7636252584876969236,mobilelegends-id,https://www.tiktok.com/@mobilelegends_id/video/7636252584876969236,mobilelegends_id,"Aku dengar ada yang  sudah menemukan harta karun di ""Perburuan Harta Ombak""? 👀 Ketuk video untuk melihat 26Y Allstar Collection-Yu Zhong Dragon 999 Gold Charm! Catatan: Pengiriman hadiah emas fisik saat ini tidak tersedia di beberapa wilayah. Dalam hal ini, Diamond dalam game dengan jumlah yang setara akan diberikan sebagai gantinya. Hasil akhir bergantung pada pengiriman hadiah yang sebenarnya. #MLBBAllstar #MLBBrealgold #ChowTaiFook #MLBBXCTF #MobileLegendsBangBang",19,23500000,47100,2124,3737,20260505
22231360,7605907026627054856,willdominateyougg,https://www.tiktok.com/@willdominateyougg/video/7605907026627054856,willdominateyougg,#MLBB #alucard #finn #jake #fyp,25,15200000,872000,2768,65500,20260212
19938760,7611848034502167828,mlbb-official,https://www.tiktok.com/@mlbbttofficial/video/7611848034502167828,mlbbttofficial,"On the eve of Marcel's ""See Yourself"" special photography exhibition, a mysterious visitor broke into the gallery, taking some photos but leaving only one thing behind—a blue-haired doll that closely resembled Marcel. In the ensuing chase, Marcel and Clemar faced a fork in their fate: for the first time, he stood before his half-sister, Melissa. Resentment, or long-lost joy? And how will Aamon mediate between the siblings? —Everything will freeze in this moment. #MLBBMARCEL #MLBBNEWHERO #MLBBS40 #MLBBGoldenMonth #MobileLegendsBangBang",166,15700000,522900,2778,29000,20260301
17050080,7640798354569448724,mobilelegends-id,https://www.tiktok.com/@mobilelegends_id/video/7640798354569448724,mobilelegends_id,CCTV menangkap Kelin terpeleset oleh sebuah burger di lantai.🍔 Sungguh janggal! Apakah itu kebetulan… atau ada sesuatu yang terjadi sebelumnya? 👀 #AdaApaDenganWendy #WendyAllStarParty #MLBB #MLBBALLSTAR,17,16900000,18200,224,1123,20260517
16552420,7613303563720133909,mlbb-official,https://www.tiktok.com/@mlbbttofficial/video/7613303563720133909,mlbbttofficial,Battle can be a form of static art. Every flash captures a perfect sculpture. #MLBBMARCEL #MLBBNEWHERO #MLBBS40 #MLBBGoldenMonth #MobileLegendsBangBang,13,14800000,214800,1701,10100,20260304
15038980,7616793057358335253,mlbb-official,https://www.tiktok.com/@mlbbttofficial/video/7616793057358335253,mlbbttofficial,"A group dance featuring the younger generation of House Paxley. Whose moves amaze you more? Marcel, Aamon, or Clemar?! Credits to: Eric😘TT #MLBBMARCEL #MLBBNEWHERO #MLBBS40 #MLBBGoldenMonth #MobileLegendsBangBang",15,13400000,200600,1709,21700,20260314
10884880,7606249843996101895,willdominateyougg,https://www.tiktok.com/@willdominateyougg/video/7606249843996101895,willdominateyougg,Khufra x Jake!! #MLBB #mobilelegendsbangbang #adventuretime #jake #fyp,23,7100000,466400,2684,51700,20260213
10153000,7614109253334306068,mlbb-official,https://www.tiktok.com/@mlbbttofficial/video/7614109253334306068,mlbbttofficial,"Sorry, nobody moves when my BGM is on. #MLBBMARCEL #MLBBNEWHERO #MLBBS40 #MLBBGoldenMonth #MobileLegendsBangBang",12,9500000,79500,850,2780,20260307
9500000,7614027234520698113,mlbb-official,https://www.tiktok.com/@mlbbttofficial/video/7614027234520698113,mlbbttofficial,"To Marcel, there is no such thing as ""being late"". He freezes every moment into ""art"". #MLBBMARCEL #MLBBNEWHERO #MLBBS40 #MLBBGoldenMonth #MobileLegendsBangBang",33,8100000,173400,640,5088,20260306
9249520,7614023791978548501,mlbb-official,https://www.tiktok.com/@mlbbttofficial/video/7614023791978548501,mlbbttofficial,"Marcel never stopped exploring art. It was during an emergency, while saving a life, that he realized the truth: art allows for imperfection. #MLBBMARCEL #MLBBNEWHERO #MLBBS40 #MLBBGoldenMonth #MobileLegendsBangBang",136,7600000,200800,2156,8821,20260306
9139884,7640442740983008532,mobilelegends-id,https://www.tiktok.com/@mobilelegends_id/video/7640442740983008532,mobilelegends_id,CCTV menangkap Sisca live membuka koper berisi emas di kapal. Tapi… kenapa emas sebanyak itu ada di sana? 👀 #SiapaMencelakaiWendy #AdaApaDenganWendy #WendyAllStarParty #MLBB #MLBBALLSTAR,19,9100000,4493,197,219,20260516
9107960,7620336761142594832,mlbb-official,https://www.tiktok.com/@mlbbttofficial/video/7620336761142594832,mlbbttofficial,"MLBB × NARUTO Collab Round 2 is coming soon! Plus, 5 past collab skins are making a return! ""My foolish little brother."" With a cold glint in his crimson Mangekyo Sharingan, Itachi Uchiha engulfs the battlefield in fireballs spewed from his mouth. Turn the tide of battle with the all-new skin ""Itachi Uchiha"" now! Tap the video for an in-game sneak peek! #MLBBxNARUTO #MobileLegendsBangBang #MLBBNewSkin #NARUTO #MLBBFreeGaaraSkin #Valirfreeskin",101,7800000,155300,3278,16900,20260323
8880244,7641169391249313045,mobilelegends-id,https://www.tiktok.com/@mobilelegends_id/video/7641169391249313045,mobilelegends_id,Sesuatu terjadi pada Wendy. Tapi CCTV meperlihatkan Jess jedag jedug TikTok. Apakah itu untuk menutup alibinya saja? 👀 #AdaApaDenganWendy #WendyAllStarParty #MLBB #MLBBALLSTAR,17,8800000,9383,259,345,20260518
8861660,7620402268923251969,mlbb-official,https://www.tiktok.com/@mlbbttofficial/video/7620402268923251969,mlbbttofficial,"House Paxley, born of the cold night. Here, the heroes bound by its blood forge ahead. #MLBBMARCEL #MLBBNEWHERO #MLBBS40 #MLBBGoldenMonth #MobileLegendsBangBang #MLBBWovenDawn",90,7700000,143700,603,4490,20260323
8744160,7599306478209568008,mlbb-esports,https://www.tiktok.com/@mlbbesports_official/video/7599306478209568008,mlbbesports_official,The Winning Moment! 🏆 #MLBBEsports #MLBBM7 #MobileLegendsBangBang #M7 #LetTheWorldSeeUs,128,5200000,437300,2288,16200,20260125
8538832,7641525090512801045,mobilelegends-id,https://www.tiktok.com/@mobilelegends_id/video/7641525090512801045,mobilelegends_id,CCTV menangkap Pascol tantrum setelah kalah match MLBB dari Wendy. Barang dibanting. Teriakan terdengar. Apakah emosi Pascol benar-benar berhenti di situ? 👀 #AdaApaDenganWendy #WendyAllStarParty #MLBB #MLBBALLSTAR,15,8500000,4649,82,207,20260519
7941764,7641927224181984532,mobilelegends-id,https://www.tiktok.com/@mobilelegends_id/video/7641927224181984532,mobilelegends_id,CCTV menunjukkan Aldi Taher mengumpulkan semua orang untuk membagikan burger di kapal. Tapi untuk apa? Apakah ada hal lain yang ia rencanakan?👀 #AdaApaDenganWendy #WendyAllStarParty #MLBB #MLBBALLSTAR,21,7900000,4953,107,280,20260520
7910720,7605890106439814418,willdominateyougg,https://www.tiktok.com/@willdominateyougg/video/7605890106439814418,willdominateyougg,Alucard X Finn Skin!! #MLBB #mobilelegendsbangbang #alucard #adventuretime #fyp,23,5200000,332000,2736,34300,20260212
7412960,7616689786086083847,willdominateyougg,https://www.tiktok.com/@willdominateyougg/video/7616689786086083847,willdominateyougg,#MLBB #argus #toji #willdominateyougg #fyp,24,4300000,382200,2768,44500,20260313
6985740,7598890152760560914,mlbb-esports,https://www.tiktok.com/@mlbbesports_official/video/7598890152760560914,mlbbesports_official,"You can just feel their emotions 🥲 WHAT. A. GAME. Let the world see us! Mark your calendars for the M7! 📅 January 3rd - 25th, 2026 📍 Tenis Indoor Senayan – Knockout Stage & Grand Finals (Jan 21st–25th, 2026) 📍Stadium Madya - M7 Carnival (Jan 23rd-25th, 2026) 🎟 Get your tickets at id-mpl.com/m7 #MLBBEsports #MLBB #M7 #LetTheWorldSeeUs #MobileLegendsBangBang",27,5400000,192600,2247,6106,20260124
6766620,7645232329593572626,willdominateyougg,https://www.tiktok.com/@willdominateyougg/video/7645232329593572626,willdominateyougg,Chou X Michael Jackson #MLBB #chou #michaeljackson #fyp #willdominateyougg,34,3800000,358000,5131,94900,20260529
6728340,7614107261224504592,mlbb-official,https://www.tiktok.com/@mlbbttofficial/video/7614107261224504592,mlbbttofficial,"My dear, may I take a photo of you? #MLBBMARCEL #MLBBNEWHERO #MLBBS40 #MLBBGoldenMonth #MobileLegendsBangBang",40,5800000,109600,2577,17000,20260308
6379600,7624827970800078087,willdominateyougg,https://www.tiktok.com/@willdominateyougg/video/7624827970800078087,willdominateyougg,triple slash combo #MLBB #argus #toji #willdominateyougg #fyp,35,4700000,207500,980,12400,20260404
6172040,7598905507545419016,mlbb-esports,https://www.tiktok.com/@mlbbesports_official/video/7598905507545419016,mlbbesports_official,"POV: You’re watching one of the sickest match in MLBB esports history with us at M7 Carnival! 🤯  Be sure to come to Stadium Madya GBK from 12 PM until the end. Get a special goodie bag from us if you’re among our Top 1,000 first registrants! 👀 Don’t forget to buy the tickets here: https://id-mpl.com/m7?q=carnival 🎫 #MLBBEsports #MLBBM7 #MobileLegendsBangBang #M7 #M7Carnival",18,4900000,152300,2682,4748,20260124
5312280,7598901608461733127,mlbb-esports,https://www.tiktok.com/@mlbbesports_official/video/7598901608461733127,mlbbesports_official,Final Boss. Conquered  #MLBBEsports #MLBBM7 #MobileLegendsBangBang #M7 #LetTheWorldSeeUs,30,4500000,99800,694,5282,20260124
4891700,7640071785513241876,mobilelegends-id,https://www.tiktok.com/@mobilelegends_id/video/7640071785513241876,mobilelegends_id,"Yang kemarin nanya CARA DAPAT BORDER ALLSTAR MERAPAT! 🌊 Tonton sampe habis biar kamu tau gimana cara ikutan eventnya biar dapetin Border ALLSTAR 2025 & Battle Emote Eksklusif Jess & Sisca Kohl! 🤩✨Cus kerjain misinya, kumpulin poinnya, dan tukerin hadiahnya 🥳 Jangan sampe ketinggalan ya! 💙 #SiapaMencelakaiWendy #AdaApaDenganWendy #WendyAllStarParty #MLBB #MLBBALLSTAR event terbaru Mobile Legends border emote gratis 2026 allstar",48,4800000,10100,545,2313,20260515
4799160,7598980455739804935,mlbb-esports,https://www.tiktok.com/@mlbbesports_official/video/7598980455739804935,mlbbesports_official,"The winner takes it all, indeed #MLBBEsports #MLBBM7 #MobileLegendsBangBang #M7 #LetTheWorldSeeUs",30,2900000,230800,2638,17500,20260124
4786380,7634453594447564052,mlbb-official,https://www.tiktok.com/@mlbbttofficial/video/7634453594447564052,mlbbttofficial,"Dive For Fortune | 2026 ALLSTAR Official Story Trailer | Mobile Legends: Bang Bang The ALLSTAR ship has sailed into the Dreadsea... Beneath the deep sea, there's more than just treasure. The closer you get to fortune, the closer you get to danger. Getting the treasure isn't the end; the real choice has just begun! Stay or leave? It's up to you. 🗓️ Witness the ending together on 05/08. Team Up, Dive for Fortune! 👀 Watch closely, the Siren's bounty is waiting for you to unlock. #MLBBALLSTAR #MLBBDreadsea",103,3600000,139800,3399,23000,20260430
4773020,7640419726711065857,mlbb-official,https://www.tiktok.com/@mlbbttofficial/video/7640419726711065857,mlbbttofficial,"A miraculous adventure and a beautiful encounter in Tidal Ruins! The ALLSTAR event continues! Pharsa ""Seasworn Oracle"" is available now at a great value! #MLBBAllstar #MobileLegendsBangBang #MLBBNewSkin",11,3700000,130000,1651,9267,20260517
4682380,7599599484728888583,willdominateyougg,https://www.tiktok.com/@willdominateyougg/video/7599599484728888583,willdominateyougg,#MLBB #argus #toji #willdominateyougg #fyp,20,3300000,169400,1359,8384,20260126
4667620,7621862882162134289,mlbb-official,https://www.tiktok.com/@mlbbttofficial/video/7621862882162134289,mlbbttofficial,MLBB × NARUTO Part 2 is now available! #MLBBxNARUTO #MobileLegendsBangBang #MLBBNewSkin #NARUTO #MLBBFreeGaaraSkin #Valirfreeskin,36,4300000,40300,2261,5590,20260328
4659240,7598897651530206482,mlbb-esports,https://www.tiktok.com/@mlbbesports_official/video/7598897651530206482,mlbbesports_official,Arfy chill pls 🙏 #MLBBEsports #MLBBM7 #MobileLegendsBangBang #M7 #LetTheWorldSeeUs,10,3900000,93100,722,5218,20260124
4586060,7598898523865648402,mlbb-esports,https://www.tiktok.com/@mlbbesports_official/video/7598898523865648402,mlbbesports_official,"AE and SRG are set to face each other, but this isn’t the only Indonesia vs Malaysia showdown. 🔥 In GO1, there will be 4 Indonesian players and 1 Malaysian player battling it out for the crown. 🗓 25 January ⏰ GO1 starts at 12:30 (GMT+7) ⏰ M7 follows at 18:00 (GMT+7) Two nations. Multiple battles. One unforgettable day 👑🔥 #MCGGGO1 #MCGGMRSS4 #MCGGRisingStars",44,3200000,170900,943,5248,20260124
4394500,7623737833664171285,mlbb-official,https://www.tiktok.com/@mlbbttofficial/video/7623737833664171285,mlbbttofficial,"Melissa, say cheese! Marcel & Melissa, precious photo #MLBBMARCEL #MLBBNEWHERO #MLBBS40 #MLBBGoldenMonth #MobileLegendsBangBang",22,3900000,60300,605,1894,20260401
4386640,7615523750661901585,mlbb-official,https://www.tiktok.com/@mlbbttofficial/video/7615523750661901585,mlbbttofficial,Elegance is a quality every artist must have. Freezing the moment—that is Marcel's secret to elegance! #MLBBMARCEL #MLBBNEWHERO #MLBBS40 #MLBBGoldenMonth #MobileLegendsBangBang,27,3800000,72400,372,1819,20260310
4321820,7585489131447340306,willdominateyougg,https://www.tiktok.com/@willdominateyougg/video/7585489131447340306,willdominateyougg,"""they found US bro"" #MLBBFriendfest #MLBBxSpongeBob #willdominateyougg #fyp #mlbbmeme",25,2400000,238100,851,25500,20251219
4235080,7615509360688598273,mlbb-official,https://www.tiktok.com/@mlbbttofficial/video/7615509360688598273,mlbbttofficial,"The darkroom, my secret garden of work, is open only for you. #MLBBMARCEL #MLBBNEWHERO #MLBBS40 #MLBBGoldenMonth #MobileLegendsBangBang",47,3600000,77300,834,5802,20260310
4214600,7598968818387504402,mlbb-esports,https://www.tiktok.com/@mlbbesports_official/video/7598968818387504402,mlbbesports_official,ALTER EGO HAS DONE THE IMPOSSIBLE 😱 #MLBBEsports #MLBBM7 #MobileLegendsBangBang #M7 #LetTheWorldSeeUs,26,3000000,149200,1050,6505,20260124
3928180,7619309009308306708,mlbb-official,https://www.tiktok.com/@mlbbttofficial/video/7619309009308306708,mlbbttofficial,"Brothers reunited, blades crossed, Ninjutsu clashing. ""How far can you see with those Sharingan of yours? Let me see."" #MLBBxNARUTO #MobileLegendsBangBang #MLBBNewSkin #NARUTO #MLBBFreeGaaraSkin #ValirFreeSkin",38,3200000,81100,3969,11000,20260321
3898840,7611408022924971280,mlbb-official,https://www.tiktok.com/@mlbbttofficial/video/7611408022924971280,mlbbttofficial,"Before truly seeing himself, a mirror in his heart always stood in the way, hiding the brokenness beneath a calm surface. When chaos arrived, for the first time, he chose not to run. Instead, he stopped and asked himself: ""What exactly is influencing me?"" For the first time, his gaze truly fell upon the camera that had always been by his side. At that moment, Marcel was not a photographer; he was a wanderer trying to see himself clearly. How will Marcel and Clemar grow and get along in the future? More stories will be gradually revealed in the upcoming Cinematic Trailer and other content. #MLBBMARCEL #MLBBNEWHERO #MLBBS40 #MLBBGoldenMonth #MobileLegendsBangBang",108,2700000,147500,942,8460,20260227
3793580,7615190493898575120,mlbb-official,https://www.tiktok.com/@mlbbttofficial/video/7615190493898575120,mlbbttofficial,"In a match, you win some, you lose some... But no worries, we have Battle Privileges! From 03/08 to 03/10, participate in Ranked to enjoy Team Star Protection 3 times and Team Triple Star-raising Points 2 times! #MLBBGoldenMonth #MLBBGoldenMonthEvent #MobileLegendsbangbang",20,3300000,61000,279,889,20260309
3630200,7571764536928177416,willdominateyougg,https://www.tiktok.com/@willdominateyougg/video/7571764536928177416,willdominateyougg,#MLBB #argus #aizen #willdominateyougg #fyp,41,2100000,189100,870,9749,20251112
3602500,7598105992965950728,willdominateyougg,https://www.tiktok.com/@willdominateyougg/video/7598105992965950728,willdominateyougg,best argus skin? #MLBB #argus #aizen #willdominateyougg #fyp,24,1800000,222700,1045,9063,20260122
3599060,7588472490934979858,willdominateyougg,https://www.tiktok.com/@willdominateyougg/video/7588472490934979858,willdominateyougg,#MLBB #willdominateyougg #fyp #xybca #patrick,33,2200000,173600,513,32600,20251227
3583420,7606266137063476500,mlbb-official,https://www.tiktok.com/@mlbbttofficial/video/7606266137063476500,mlbbttofficial,"Castle Aberleen has not yet fully awakened this morning, but the photographer Marcel already stands by the window, quietly observing his subject for the day. Together with his camera Clemar, he captures those vivid, fleeting instances. The shutter falls to freeze the moment; everything comes to an irresistible standstill—even Aamon can only sigh helplessly. In this somewhat desolate Castle Aberleen, aren't these occasional ""little accidents"" exactly what make it charming? #MLBBMARCEL #MLBBAAMON #MLBBNEWHERO #MLBBS40 #MLBBGoldenMonth #MobileLegendsBangBang",35,3200000,47200,291,1767,20260222
3556000,7598960996555771154,mlbb-esports,https://www.tiktok.com/@mlbbesports_official/video/7598960996555771154,mlbbesports_official,"History has been made. Welcome to the Grand Finals, Alter Ego 🏆 #MLBBEsports #MLBBM7 #MobileLegendsBangBang #M7 #LetTheWorldSeeUs",24,3200000,43500,400,1568,20260124
3460600,7606256102602247445,mlbb-official,https://www.tiktok.com/@mlbbttofficial/video/7606256102602247445,mlbbttofficial,"Praise me, Miya! #MobileLegendsBangBang #MLBBNewSkin #MLBBEternalSeasons",27,3200000,31700,350,1131,20260218
3454700,7627435927375236353,mlbb-official,https://www.tiktok.com/@mlbbttofficial/video/7627435927375236353,mlbbttofficial,"""Not just me. This time, we'll all fight together!"" #MLBBxNARUTO #MobileLegendsBangBang #MLBBNewSkin #NARUTO #MLBBFreeGaaraSkin #Valirfreeskin",8,3200000,29500,935,2005,20260412
3417140,7606325986681949460,mlbb-official,https://www.tiktok.com/@mlbbttofficial/video/7606325986681949460,mlbbttofficial,"Some bring friends, some bring partners, and some bring... themselves? #MLBBMARCEL #MLBBNEWHERO #MLBBS40 #MLBBGoldenMonth #MobileLegendsBangBang",23,3200000,26100,417,502,20260223
3405040,7643412359842745620,mlbb-esports,https://www.tiktok.com/@mlbbesports_official/video/7643412359842745620,mlbbesports_official,"Kelra, KarlTzy, Sanji, Sanford, Jaypee, and Teddyqt will carry the nation into the Asian Games 2026 Qualifier with a roster packed with experience, titles, and star power. ⭐ Eyes on the flag. Eyes on the gold. 🏅🔥 #MLBBEsports #MLBB #MobileLegendsBangBang #AsianGames2026",30,2200000,146100,1812,8473,20260524
3338420,7615836633656528144,mlbb-official,https://www.tiktok.com/@mlbbttofficial/video/7615836633656528144,mlbbttofficial,"After everything we've been through together, would you be willing to join House Paxley and walk the path ahead with us? #MLBBMARCEL #MLBBNEWHERO #MLBBS40 #MLBBGoldenMonth #MobileLegendsBangBang",48,2800000,65800,601,3029,20260311
3332420,7612493096168819969,mlbb-official,https://www.tiktok.com/@mlbbttofficial/video/7612493096168819969,mlbbttofficial,"House Paxley, Ultimate Clash! The perfect collision of the Art of Pausing! #MLBBMARCEL #MLBBNEWHERO #MLBBS40 #MLBBGoldenMonth #MobileLegendsBangBang",29,2900000,53000,421,1991,20260302
3262200,7560246325153893640,willdominateyougg,https://www.tiktok.com/@willdominateyougg/video/7560246325153893640,willdominateyougg,#MLBB #argus #aizensosuke #willdominateyougg #fyp,24,2100000,143800,590,9618,20251012
3149880,7611849433944231169,mlbb-official,https://www.tiktok.com/@mlbbttofficial/video/7611849433944231169,mlbbttofficial,"What? Is a new figurine coming out? No, no! Then what exactly is this? Guess what we've made? #MLBBGoldenMonth #MLBBGoldenMonthEvent #MobileLegendsbangbang",18,2800000,43200,214,737,20260301
3125300,7598962523022445842,mlbb-esports,https://www.tiktok.com/@mlbbesports_official/video/7598962523022445842,mlbbesports_official,"Let The World See Us. Get ready for the BIGGEST MLBB match of the season. Two Second-Place teams in their own region, now fighting for the title of World Champion. Doubted, discounted, destroyed in their MPL Finals. Now, Alter Ego 🇮🇩 and Aurora Gaming 🇵🇭 are one step away from greatness. Seven games. 5 of the world's best players. 320.000 USD at stake. A new world champion is waiting to be crowned. May the best team win. Let the world see us! Mark your calendars for the M7! 📅 January 3rd - 25th, 2026 📍 Tenis Indoor Senayan – Knockout Stage & Grand Finals (Jan 21st–25th, 2026) 📍Stadium Madya - M7 Carnival (Jan 23rd-25th, 2026) 🎟 Get your tickets at id-mpl.com/m7 #MLBBEsports #MLBB #M7 #LetTheWorldSeeUs #MobileLegendsBangBang",36,1900000,146100,2825,15200,20260124
3111280,7624374296671964417,mlbb-official,https://www.tiktok.com/@mlbbttofficial/video/7624374296671964417,mlbbttofficial,"""I'm sure you'll be a great warrior."" Call it an old Leonin's intuition. #MobileLegendsBangBang #MLBBAULUS #MLBBREVAMPEDHERO #MLBBS40",86,2000000,134400,1804,7440,20260403
3034540,7641572610479885576,mobilelegends-id,https://www.tiktok.com/@mobilelegends_id/video/7641572610479885576,mobilelegends_id,"Masih bingung cara dapetin Border ALLSTAR permanen? 👀✨ Tenang, tutorial lengkapnya udah dibahas di video dari cara ikut event sampai step biar dapet bordernya 🔥 Udah siap gas dapetin border ALLSTAR? 👇 #mobilelegends_id #serubarengmlbb #samasamamain #MobileLegendsBangBang  #MLBBAllStar",55,2500000,64200,1047,16800,20260519
2990080,7573628521285717256,willdominateyougg,https://www.tiktok.com/@willdominateyougg/video/7573628521285717256,willdominateyougg,Kyouka=Suigetsu  #MLBB #argus #aizen #willdominateyougg #fyp,31,2000000,122100,664,6175,20251117
2960256,7636316728607132949,mobilelegends-id,https://www.tiktok.com/@mobilelegends_id/video/7636316728607132949,mobilelegends_id,"Gocek dulu… baru hilang 😈✨ masuk beat, outplay auto jadi 🔥 #mobilelegends_id #serubarengmlbb #samasamamain #MobileLegendsBangBang #Harley",22,2900000,7037,198,428,20260505
2953640,7598888340913507602,mlbb-esports,https://www.tiktok.com/@mlbbesports_official/video/7598888340913507602,mlbbesports_official,"It goes all the way... All five games. ALTER EGO HAVE DONE IT!!!! Let the world see us! Mark your calendars for the M7! 📅 January 3rd - 25th, 2026 📍 Tenis Indoor Senayan – Knockout Stage & Grand Finals (Jan 21st–25th, 2026) 📍Stadium Madya - M7 Carnival (Jan 23rd-25th, 2026) 🎟 Get your tickets at id-mpl.com/m7 #MLBBEsports #MLBB #M7 #LetTheWorldSeeUs #MobileLegendsBangBang",60,2500000,54300,962,3723,20260124
2903400,7619290424095575297,mlbb-official,https://www.tiktok.com/@mlbbttofficial/video/7619290424095575297,mlbbttofficial,"Father and son united, fists joined, overcoming strong enemies together. ""Am I late?"" ""No, you're just in time!"" #MLBBxNARUTO #MobileLegendsBangBang #MLBBNewSkin #NARUTO #MLBBFreeGaaraSkin #ValirFreeSkin",38,2300000,71300,1650,7356,20260321
2809780,7614075597639159058,willdominateyougg,https://www.tiktok.com/@willdominateyougg/video/7614075597639159058,willdominateyougg,low cortisol dance #MLBB #willdominateyougg #argus #toji #fyp,25,1600000,148500,1089,23200,20260306
2740140,7627087000952147221,mlbb-official,https://www.tiktok.com/@mlbbttofficial/video/7627087000952147221,mlbbttofficial,Watch out! Franco is stealing skills. So that's how the hook Ultimate in Frozen Sea Showdown came to be... 🤔 #MobileLegendsBangBang #MLBBNewMode #MLBBFrozenSeaShowdown #MLBBS40,60,2300000,53900,447,2510,20260410
2725140,7619310712573201665,mlbb-official,https://www.tiktok.com/@mlbbttofficial/video/7619310712573201665,mlbbttofficial,"MLBB × NARUTO Collab Round 2 is coming soon! Plus, 5 past collab skins are making a return! The Fourth Hokage of Hidden Leaf, Minato Namikaze, joins the collab! ""To be a parent is to have undying faith in one's child."" Gusion ""Minato Namikaze"" uses the Flying Raijin Jutsu to flash into the battlefield! Tap the video to check out the in-game effects. #MLBBxNARUTO #MobileLegendsBangBang #MLBBNewSkin #NARUTO #MLBBFreeGaaraSkin #Valirfreeskin",76,2400000,39300,537,3998,20260322
2714320,7598938873124752647,mlbb-esports,https://www.tiktok.com/@mlbbesports_official/video/7598938873124752647,mlbbesports_official,Nino's Stolen Shifting Skies Secures Match Point!💨 #MLBBEsports #MLBBM7 #MobileLegendsBangBang #M7 #LetTheWorldSeeUs,31,2500000,26400,156,578,20260124
2678000,7560251874008370439,willdominateyougg,https://www.tiktok.com/@willdominateyougg/video/7560251874008370439,willdominateyougg,#MLBB #argus #aizensosuke #willdominateyougg #fyp,23,1500000,146000,500,6678,20251012
2663600,7634532284422425877,mlbb-official,https://www.tiktok.com/@mlbbttofficial/video/7634532284422425877,mlbbttofficial,Come experience the overwhelming pressure of the Tide Siege bosses. #MLBBTIDESIEGE #MLBBAllstar #MobileLegendsBangBang #MLBBNewMode,16,2400000,31600,540,1789,20260505
2533140,7615151575081766165,mlbb-official,https://www.tiktok.com/@mlbbttofficial/video/7615151575081766165,mlbbttofficial,How can I not be by your side in the most dangerous moments? Let me protect you! #MLBBMARCEL #MLBBNEWHERO #MLBBS40 #MLBBGoldenMonth #MobileLegendsBangBang,33,2200000,40700,377,2465,20260309
2522720,7619299932364639505,mlbb-official,https://www.tiktok.com/@mlbbttofficial/video/7619299932364639505,mlbbttofficial,"The ultimate guide to the Flying Vehicle ""Flying Moon"" is here! 🌙 👇Compatible with all heroes! It looks absolutely stunning!! Invite your friends to log in and try it out! 🔥 #MLBBGoldenMonth #MLBBGoldenMonthEvent #MobileLegendsBangBang",30,2400000,15000,136,312,20260321
2509100,7624465110786002183,willdominateyougg,https://www.tiktok.com/@willdominateyougg/video/7624465110786002183,willdominateyougg,Argus x Hidan #MLBB #mobilelegendsbangbang #willdominateyougg #hidan #fyp,27,1700000,98000,1255,5411,20260403
2476180,7603692785887104274,mlbb-esports,https://www.tiktok.com/@mlbbesports_official/video/7603692785887104274,mlbbesports_official,"🚨 TRANSFER UPDATE 🚨 A new chapter begins. KELRA officially makes the move,  joining ONIC ID from ONIC PH. Different region, same hunger. The Land of Dawn just got louder. 🐝🔥 Welcome to the yellow side. The journey continues. #MLBBEsports #MLBB #MobileLegendsBangBang #M7 #MLBBM7",64,1600000,107300,889,11400,20260206
2451980,7598953925466688775,mlbb-esports,https://www.tiktok.com/@mlbbesports_official/video/7598953925466688775,mlbbesports_official,"ALTER EGO HAVE DONE IT! 😱 Let the world see us! Mark your calendars for the M7! 📅 January 3rd - 25th, 2026 📍 Tenis Indoor Senayan – Knockout Stage & Grand Finals (Jan 21st–25th, 2026) 📍Stadium Madya - M7 Carnival (Jan 23rd-25th, 2026) 🎟 Get your tickets at id-mpl.com/m7 #MLBBEsports #MLBB #M7 #LetTheWorldSeeUs #MobileLegendsBangBang",60,2000000,54600,759,4260,20260124
2435860,7638914531657403669,mobilelegends-id,https://www.tiktok.com/@mobilelegends_id/video/7638914531657403669,mobilelegends_id,Berapa gelombang yang bisa kamu lewati sebelum hitung mundur eliminasi berakhir? #MLBBTIDESIEGE #MLBBAllstar #MobileLegendsBangBang  #MLBBNewMode,19,2300000,15900,433,546,20260512
2424600,7598959102139698439,mlbb-esports,https://www.tiktok.com/@mlbbesports_official/video/7598959102139698439,mlbbesports_official,"This cinderella story is not over yet. Welcome to the Grand Finals, Alter Ego 🇮🇩 Let the world see us! Mark your calendars for the M7! 📅 January 3rd - 25th, 2026 📍 Tenis Indoor Senayan – Knockout Stage & Grand Finals (Jan 21st–25th, 2026) 📍Stadium Madya - M7 Carnival (Jan 23rd-25th, 2026) 🎟 Get your tickets at id-mpl.com/m7 #MLBBEsports #MLBB #M7 #LetTheWorldSeeUs #MobileLegendsBangBang",58,2100000,39700,350,2554,20260124
2403560,7630122638622362901,mlbb-official,https://www.tiktok.com/@mlbbttofficial/video/7630122638622362901,mlbbttofficial,"""Don't keep underestimating me!"" #MLBBxNARUTO #MobileLegendsBangBang #MLBBNewSkin #NARUTO #MLBBFreeGaaraSkin #Valirfreeskin",22,2200000,24800,258,991,20260418
2402780,7616639690388688148,mlbb-official,https://www.tiktok.com/@mlbbttofficial/video/7616639690388688148,mlbbttofficial,Your final frame was exquisite. #MLBBMARCEL #MLBBNEWHERO #MLBBS40 #MLBBGoldenMonth #MobileLegendsBangBang,27,2300000,12400,179,377,20260313
2388880,7606267980191665429,mlbb-official,https://www.tiktok.com/@mlbbttofficial/video/7606267980191665429,mlbbttofficial,"Hey, Melissa, Aamon! Three, two, one—Smile! #MLBBMARCEL #MLBBNEWHERO  #MLBBS40 #MLBBGoldenMonth #MobileLegendsBangBang",20,1900000,60200,364,1780,20260224
2375860,7614439186929618194,willdominateyougg,https://www.tiktok.com/@willdominateyougg/video/7614439186929618194,willdominateyougg,low cortisol goldlaner #MLBB #willdominateyougg #argus #toji #fyp,23,1400000,119600,953,13700,20260307
2290740,7606267257815076116,mlbb-official,https://www.tiktok.com/@mlbbttofficial/video/7606267257815076116,mlbbttofficial,Can Hanabi's skills be used like this? How many targets can she bounce to at most? #MLBBGoldenMonth #MLBBGoldenMonthEvent #MobileLegendsbangbang,13,2000000,35600,297,556,20260223
2279640,7599213486660406535,mlbb-esports,https://www.tiktok.com/@mlbbesports_official/video/7599213486660406535,mlbbesports_official,"Pro Player reaction times just hit diff >>> Let the world see us! Mark your calendars for the M7! 📅 January 3rd - 25th, 2026 📍 Tenis Indoor Senayan – Knockout Stage & Grand Finals (Jan 21st–25th, 2026) 📍Stadium Madya - M7 Carnival (Jan 23rd-25th, 2026) 🎟 Get your tickets at id-mpl.com/m7 #MLBBEsports #MLBB #M7 #LetTheWorldSeeUs #MobileLegendsBangBang",308,1600000,84200,302,1192,20260125
2268100,7598890687458757906,mlbb-esports,https://www.tiktok.com/@mlbbesports_official/video/7598890687458757906,mlbbesports_official,"The Golden Road ends. Team Liquid 🇵🇭's run in the M7 ends at 4th Place.  Let the world see us! Mark your calendars for the M7! 📅 January 3rd - 25th, 2026 📍 Tenis Indoor Senayan – Knockout Stage & Grand Finals (Jan 21st–25th, 2026) 📍Stadium Madya - M7 Carnival (Jan 23rd-25th, 2026) 🎟 Get your tickets at id-mpl.com/m7 #MLBBEsports #MLBB #M7 #LetTheWorldSeeUs #MobileLegendsBangBang",60,1400000,102700,2325,5656,20260124
2229272,7636381977532321044,mobilelegends-id,https://www.tiktok.com/@mobilelegends_id/video/7636381977532321044,mobilelegends_id,Kalian tim Freraf atau Ragus nih? 😏💜 #mobilelegends_id #serubarengmlbb #samasamamain #MobileLegendsBangBang #MLBBGameplay,19,2200000,3059,240,233,20260505
2228300,7600702651755531538,mlbb-esports,https://www.tiktok.com/@mlbbesports_official/video/7600702651755531538,mlbbesports_official,"Lethal. Clinical. Legendary ⚔ The players with the most kills in the M7, lead by Alter Ego's Yazukee 🫵 #MLBBEsports #MLBBM7 #MobileLegendsBangBang #M7 #LetTheWorldSeeUs",36,1500000,88800,895,4392,20260129
2215520,7641519373542346002,mobilelegends-id,https://www.tiktok.com/@mobilelegends_id/video/7641519373542346002,mobilelegends_id,"RAHASIA GORD OVERPOWER DI TIDE SIEGE! 🏄‍♂️✨ Selamat tinggal Mana habis! Main Gord di mode Tide Siege ini berasa beda banget kalau kalian pakai combo Unlimited Mana plus Critical. Nggak perlu pusing mikirin cooldown atau timing, tinggal arahin lasernya, monster rata deh~  *tapi tetep kalo lawan final boss ga mempan sih 😂 MGL Creator: @_ramzgg  #mgl #mglid #mglmlbb #mglcontent",43,2100000,14100,136,803,20260519
2189940,7606255125623295252,mlbb-official,https://www.tiktok.com/@mlbbttofficial/video/7606255125623295252,mlbbttofficial,"Don't rush to beat the drum, or that patient guy might catch you off guard! Participate in the ""Dazzling Golden Spin"" event to get a Battle Emote for FREE! #MLBBGoldenMonth #MLBBGoldenMonthEvent #MobileLegendsbangbang",43,2000000,23300,177,495,20260218
2162140,7598983501446188296,mlbb-esports,https://www.tiktok.com/@mlbbesports_official/video/7598983501446188296,mlbbesports_official,"Masterclass 🧠 Let the world see us! Mark your calendars for the M7! 📅 January 3rd - 25th, 2026 📍 Tenis Indoor Senayan – Knockout Stage & Grand Finals (Jan 21st–25th, 2026) 📍Stadium Madya - M7 Carnival (Jan 23rd-25th, 2026) 🎟 Get your tickets at id-mpl.com/m7 #MLBBEsports #MLBB #M7 #LetTheWorldSeeUs #MobileLegendsBangBang",51,1300000,104200,1427,3607,20260124
2152960,7611456180057083137,mlbb-official,https://www.tiktok.com/@mlbbttofficial/video/7611456180057083137,mlbbttofficial,"New Legend Skin Fanny ""Galactic Starhawk"" Skin Trailer Released! Fanny ""Galactic Starhawk"" Flight Log: Today, I followed the signal of Freya ""Galactic Vanquisher"" and finally arrived at the ""Eden"", only to find a barren planet full of Nihilus. Freya ""Galactic Vanquisher"" appeared before me with a cold face, speaking indifferent words... Wait, is this really my friend? Is this the ""Eden"" we were looking forward to? I don't believe it. Tip: The new skin will be available on 03/08. Stay tuned! #MobileLegendsBangBang #MLBBNewSkin #MLBBFannyLegendSkin",108,1500000,79600,808,7448,20260227
2131920,7633363307340090644,mlbb-official,https://www.tiktok.com/@mlbbttofficial/video/7633363307340090644,mlbbttofficial,"The ALLSTAR ""Tidal Treasure Hunt"" event begins on 04/30! Get the all-new exclusive Yu Zhong ""Tidescale Sealord"" skin for FREE! Embark on a treasure hunt with Yu Zhong! #MLBBAllstar #MobileLegendsBangBang #MLBBFreeSkin #MLBBNewSkin",10,1500000,74400,1836,7323,20260427
2008720,7641464435311136018,mobilelegends-id,https://www.tiktok.com/@mobilelegends_id/video/7641464435311136018,mobilelegends_id,"Julian paling enak dipakai role apa nih? 👀🔥 Mid bisa zoning & rotasi cepet EXP kuat buat adu mekanik Roam? chaos banget Kalau kalian, tim Mid, EXP, atau Roam? 👇 #mobilelegends_id #serubarengmlbb #samasamamain #MobileLegendsBangBang #MLBBGameplay",60,1900000,12600,396,559,20260519
2003580,7644116036882582802,willdominateyougg,https://www.tiktok.com/@willdominateyougg/video/7644116036882582802,willdominateyougg,bwa bwa bwa #MLBB #mobilelegendsbangbang #willdominateyougg #fyp #rabbidsinvasion,21,1400000,73900,619,10500,20260526
1994200,7606277591154183445,mlbb-official,https://www.tiktok.com/@mlbbttofficial/video/7606277591154183445,mlbbttofficial,"I thought he was here to dominate, but he just wanted to be a master thief... Battlefield Draft special effect: Golden Turtle will be available for a limited time from 02/27 to 03/09! #MLBBGoldenMonth #MLBBGoldenMonthEvent #MobileLegendsbangbang",29,1900000,11300,190,413,20260224
1949440,7634531362829258005,mlbb-official,https://www.tiktok.com/@mlbbttofficial/video/7634531362829258005,mlbbttofficial,"I heard someone has already found treasure in the ""Tidal Treasure Hunt“? 👀 Tap the video to get a first look at the 26Y Allstar Collection-Yu Zhong Dragon 999 Gold Charm! Note: Physical gold reward delivery is currently not available in certain regions. In such cases, an equivalent amount of in-game Diamonds will be issued instead. Final results are subject to the actual reward distribution. #MLBBAllstar #MLBBrealgold #ChowTaiFook #MLBBXCTF #MobileLegendsBangBang",19,1800000,16900,712,3034,20260505
1933920,7606258315277962517,mlbb-official,https://www.tiktok.com/@mlbbttofficial/video/7606258315277962517,mlbbttofficial,Who do you think is the strongest MLBB hero in a 1VS1? #MLBBGoldenMonth #MLBBGoldenMonthEvent #MobileLegendsbangbang,56,1800000,15900,336,489,20260219
1927760,7616801379184610581,mlbb-official,https://www.tiktok.com/@mlbbttofficial/video/7616801379184610581,mlbbttofficial,"A strong beat drops, and mysterious heroes connected to Castle Aberleen or House Paxley make their dazzling entrance! #MLBBMARCEL #MLBBNEWHERO #MLBBS40 #MLBBGoldenMonth #MobileLegendsBangBang",14,1300000,76600,748,5266,20260314
1913420,7598903580455603463,mlbb-esports,https://www.tiktok.com/@mlbbesports_official/video/7598903580455603463,mlbbesports_official,Arfy's #1 Fan 🥺 🫶 #MLBBEsports #MLBBM7 #MobileLegendsBangBang #M7,19,1100000,100600,431,873,20260124
1882200,7643367466457943314,mobilelegends-id,https://www.tiktok.com/@mobilelegends_id/video/7643367466457943314,mobilelegends_id,"Membawa harapan kaumnya, Yu Zhong, Pharsa, dan Ling bangkit melawan Siren untuk merebut kembali harta karun mereka dan memulihkan kejayaan Sigilborn! Bahkan laut terdalam sekalipun menyembunyikan harta karun. Maukah kau ... ikut permainan ini? #MLBBAllstar #MobileLegendsBangBang #MLBBDreadsea",42,1800000,9780,198,402,20260524
1867240,7561364666090278162,willdominateyougg,https://www.tiktok.com/@willdominateyougg/video/7561364666090278162,willdominateyougg,alucard & argus upcoming bleach skin🥶🥶 #MLBB #argus #alucard #aizensosuke #ichigokurosaki,35,1100000,94900,402,4808,20251015
1834440,7561359086655130887,willdominateyougg,https://www.tiktok.com/@willdominateyougg/video/7561359086655130887,willdominateyougg,#MLBB #argus #aizensosuke #willdominateyougg #fyp,21,791000,129400,412,14100,20251015
1831880,7598995234357316882,mlbb-esports,https://www.tiktok.com/@mlbbesports_official/video/7598995234357316882,mlbbesports_official,"The crowd goes wild at M7 Carnival as Alter Ego secured their spot at the Grand Finals of M7! 🔥  Be sure to come to Stadium Madya GBK from 12 PM tomorrow because tomorrow is the last DAY! Get a special goodie bag from us if you’re among our Top 1,000 first registrants! 👀 Don’t forget to buy the tickets here: https://id-mpl.com/m7?q=carnival 🎫 #MLBBEsports #MLBBM7 #MobileLegendsBangBang #M7 #M7Carnival",46,1400000,53300,274,627,20260124
1828440,7612872633142496529,mlbb-official,https://www.tiktok.com/@mlbbttofficial/video/7612872633142496529,mlbbttofficial,Fanny's first Legend Skin is coming soon. Are you ready? #MobileLegendsBangBang #MLBBFannyLegendSkin,28,1700000,15500,222,1104,20260303
1816260,7553929901846383890,willdominateyougg,https://www.tiktok.com/@willdominateyougg/video/7553929901846383890,willdominateyougg,mlbb anime ep 1 🗿 #MLBBNEXT2025 #READYFORNEXT #mlbb #argus #fyp,34,977600,103500,533,5055,20250925
1777780,7624006794305670420,mlbb-official,https://www.tiktok.com/@mlbbttofficial/video/7624006794305670420,mlbbttofficial,"""My foolish little brother."" #MLBBxNARUTO #MobileLegendsBangBang #MLBBNewSkin #NARUTO #MLBBFreeGaaraSkin #Valirfreeskin",19,1600000,17100,2049,2209,20260402
1774560,7599220044752538888,mlbb-esports,https://www.tiktok.com/@mlbbesports_official/video/7599220044752538888,mlbbesports_official,Aurora Gaming PH 🇵🇭 vs Alter Ego 🇮🇩 May the best team win ⚔️ #MLBBEsports #MLBBM7 #MobileLegendsBangBang #M7 #LetTheWorldSeeUs,16,1100000,81200,1248,1655,20260125
1772160,7616674821052566804,mlbb-official,https://www.tiktok.com/@mlbbttofficial/video/7616674821052566804,mlbbttofficial,Marcel combat tips made easy! #MLBBMARCEL #MLBBNEWHERO #MLBBS40 #MLBBGoldenMonth #MobileLegendsBangBang,39,1700000,8740,112,287,20260314
1768648,7630437527777742097,mlbb-official,https://www.tiktok.com/@mlbbttofficial/video/7630437527777742097,mlbbttofficial,"""How can I become the Hokage, if I can't even save a friend?"" #MLBBxNARUTO #MobileLegendsBangBang #MLBBNewSkin #NARUTO #MLBBFreeGaaraSkin #Valirfreeskin",16,1700000,7951,252,487,20260419
1768320,7598975023159807250,mlbb-esports,https://www.tiktok.com/@mlbbesports_official/video/7598975023159807250,mlbbesports_official,🥺 M2 ➡️ M7 🥺 Celiboy’s so proud of his Alter Ego boys 🥺 #MLBBEsports #MLBBM7 #MobileLegendsBangBang #M7 #LetTheWorldSeeUs,18,977500,97900,381,2525,20260124
1742840,7637475630396869908,mobilelegends-id,https://www.tiktok.com/@mobilelegends_id/video/7637475630396869908,mobilelegends_id,"Buat kalian yang udah dapetin border ALLSTAR terbaru, nih Mimin kasih inspirasi biar foto profil jadi gak boring 😎🤙🏻 mana favoritmu? 😜 Yang belum dapet cus ke halaman eventnya dan dapetin bordernya 👀 Udah tau caranya kan? 😌 #MLBB #MobileLegendsBangBang #MLBBALLSTAR #MLBBDreadSea profile picture border gratis Mobile Legends terbaru event update 2026",130,1700000,4265,436,1160,20260508
1725160,7601783335387516178,mlbb-esports,https://www.tiktok.com/@mlbbesports_official/video/7601783335387516178,mlbbesports_official,"It's not about getting the most kills, it's sometimes about being the most helpful player in the team 🫵 Our assists chart throughout the M7, with Alekk leading the scoreboard with over 240 assists 🤝 #MLBBEsports #MLBB #M7 #LetTheWorldSeeUs #MobileLegendsBangBang",21,1200000,64500,458,2309,20260201
1713920,7616330066594680081,mlbb-official,https://www.tiktok.com/@mlbbttofficial/video/7616330066594680081,mlbbttofficial,Wow—the best shot of the match! A moment worth cherishing forever. #MLBBMARCEL #MLBBNEWHERO #MLBBS40 #MLBBGoldenMonth #MobileLegendsBangBang,44,1500000,26000,296,655,20260312
1702260,7612613944116710677,mlbb-official,https://www.tiktok.com/@mlbbttofficial/video/7612613944116710677,mlbbttofficial,"New Hero Soul Photographer - Marcel is arriving on 03/11! Marcel uses his camera, Clemar, to take photos. He not only immobilizes enemy heroes within range but also pauses the flight trajectories of all Basic Attacks and skills during his Ultimate, creating the perfect opportunity for allies to strike. Want to witness the moment the battlefield gets ""captured""? Tap the video to unlock Marcel's Skill Preview! #MLBBMARCEL #MLBBNEWHERO #MLBBS40 #MLBBGoldenMonth #MobileLegendsBangBang",64,1500000,24800,193,1174,20260302
1697020,7617788188102233361,mlbb-official,https://www.tiktok.com/@mlbbttofficial/video/7617788188102233361,mlbbttofficial,Wait... did he just come out of the screen? 👀 #MLBBMARCEL #MLBBNEWHERO #MLBBS40 #MLBBGoldenMonth #MobileLegendsBangBang,18,1500000,24200,171,649,20260316
1690380,7639607872648793365,mobilelegends-id,https://www.tiktok.com/@mobilelegends_id/video/7639607872648793365,mobilelegends_id,"Semoga damai sejahtera senantiasa hadir di tengah-tengah kita dan menjadi terang bagi orang-orang di sekitar. Selamat beribadah bagi teman-teman yang merayakan, dan selamat menikmati waktu istirahat di hari libur ini untuk semuanya! ✨ Kasih dan Damai akan selalu di hati 🤍 MGL Illustrator: @sshao.0 | MGL Designer: @tsu.rizn | MGL Writer: @akunobiii #mgl #mglid #mglmlbb #mglillustration #mgldesign",91,805000,101800,3549,11600,20260514
1675040,7606307990504754453,mlbb-official,https://www.tiktok.com/@mlbbttofficial/video/7606307990504754453,mlbbttofficial,"The furthest distance in the world isn't between life and death. It's standing right in front of you, but getting snapped into a slideshow by this photographer. #MLBBMARCEL #MLBBNEWHERO #MLBBS40 #MLBBGoldenMonth #MobileLegendsBangBang",16,1500000,21100,312,965,20260225
1663860,7598898121652931858,mlbb-esports,https://www.tiktok.com/@mlbbesports_official/video/7598898121652931858,mlbbesports_official,Speedrun to M7 Finals 🔜 ❔ #MLBBEsports #MLBBM7 #MobileLegendsBangBang #M7 #LetTheWorldSeeUs,15,1100000,69600,353,762,20260124
1640000,7614060635734723847,willdominateyougg,https://www.tiktok.com/@willdominateyougg/video/7614060635734723847,willdominateyougg,Toji X Argus #MLBB #willdominateyougg #argus #toji #fyp,28,1200000,52400,1040,3423,20260306
1607620,7599244725744438536,mlbb-esports,https://www.tiktok.com/@mlbbesports_official/video/7599244725744438536,mlbbesports_official,Two Captains 🤝 Two Different Games #MLBBEsports #MLBBM7 #MobileLegendsBangBang #M7 #LetTheWorldSeeUs,49,1000000,75400,221,1074,20260125
1589040,7598904258083228936,mlbb-esports,https://www.tiktok.com/@mlbbesports_official/video/7598904258083228936,mlbbesports_official,Heartbreak 💔 The Golden Road ends. #MLBBEsports #MLBBM7 #MobileLegendsBangBang #M7 #LetTheWorldSeeUs,43,1100000,58900,892,1852,20260124
1588700,7614100628532448528,mlbb-official,https://www.tiktok.com/@mlbbttofficial/video/7614100628532448528,mlbbttofficial,"On the gold-panning road of artistic creation, the most touching scenery is often scattered in the gravel known as ""behind the scenes."" #MLBBMARCEL #MLBBNEWHERO #MLBBS40 #MLBBGoldenMonth #MobileLegendsBangBang",15,1500000,10900,75,260,20260307
1571984,7637931077541104913,mlbb-official,https://www.tiktok.com/@mlbbttofficial/video/7637931077541104913,mlbbttofficial,Treasure Hunt Coins are actually dropping on the battlefield! 💰 The all-new battlefield effect [Tidal Gold Rush] is available for a limited time from 04/30 to 06/28! ⚔️ Gather your friends and head to the Dreadsea to start your Tidal Gold Rush journey! #MLBBAllstar #MobileLegendsBangBang #MLBBDreadsea,31,1500000,8288,284,1209,20260510
1550080,7598490789320101127,willdominateyougg,https://www.tiktok.com/@willdominateyougg/video/7598490789320101127,willdominateyougg,Best MLBB Skin Collab?? #MLBB #argus #aizen #willdominateyougg #fyp,21,1000000,68200,224,2472,20260123
1535320,7638210635301506325,mobilelegends-id,https://www.tiktok.com/@mobilelegends_id/video/7638210635301506325,mobilelegends_id,Lance Kairi emang beda server 😮‍💨🔥 #mobilelegends_id #serubarengmlbb #samasamamain #MobileLegendsBangBang #MPL,59,1500000,4080,134,171,20260510
1525396,7637121997792611604,mobilelegends-id,https://www.tiktok.com/@mobilelegends_id/video/7637121997792611604,mobilelegends_id,"Obsidia tuh gak bisa asal maju 😵‍💫🔥 Timing skill sama positioning-nya harus dapet, soalnya sekali combo masuk… damage-nya nyicil terus 😈 Udah nyobain hero satu ini belum? 👇 #mobilelegends_id #serubarengmlbb #samasamamain #MobileLegendsBangBang #MLBBTips",50,1500000,2802,149,69,20260507
1525212,7639252771593702663,mobilelegends-id,https://www.tiktok.com/@mobilelegends_id/video/7639252771593702663,mobilelegends_id,Aulus sekarang enak banget buat rusuh 😮‍💨🔥 Yang dulu sering di-skip… sekarang mulai dilirik lagi gak sih? 👇 #mobilelegends_id #serubarengmlbb #samasamamain #MobileLegendsBangBang #Aulus,46,1500000,2849,121,97,20260513
1518760,7636765670025301268,mobilelegends-id,https://www.tiktok.com/@mobilelegends_id/video/7636765670025301268,mobilelegends_id,"Heal jalan, crowd control dapet, tim tinggal follow up. Kalau Mino udah rage… masih berani deket? 👇 #mobilelegends_id #serubarengmlbb #samasamamain #MobileLegendsBangBang #MLBBGameplay",39,1500000,1970,150,122,20260506
1515340,7599311922860756232,mlbb-esports,https://www.tiktok.com/@mlbbesports_official/video/7599311922860756232,mlbbesports_official,"Even Bro Cahyo’s shocked 😭 Congratulations, Light! 🏅 #MLBBEsports #MLBBM7 #MobileLegendsBangBang #M7 #LetTheWorldSeeUs",59,1000000,63200,487,2528,20260125
1515020,7601102332234910984,mlbb-esports,https://www.tiktok.com/@mlbbesports_official/video/7601102332234910984,mlbbesports_official,The best Retribution users throughout the M7 🔪 The GOAT leading Lord kills in the M7 time and time again 🐐 #MLBBEsports #MLBB #M7 #LetTheWorldSeeUs #MobileLegendsBangBang,60,1100000,50900,391,2414,20260130
1510220,7639288225441336584,mobilelegends-id,https://www.tiktok.com/@mobilelegends_id/video/7639288225441336584,mobilelegends_id,"Sejauh apa pun jalannya, ujung-ujungnya Hayabusa tetap pilih Kagura 😮‍💨✨ #mobilelegends_id #serubarengmlbb #samasamamain #MobileLegendsBangBang #MLBBGameplay",61,1400000,10400,1351,1290,20260513
1469800,7572858099967511816,willdominateyougg,https://www.tiktok.com/@willdominateyougg/video/7572858099967511816,willdominateyougg,#MLBB #argus #aizen #willdominateyougg #fyp,31,942900,65200,265,2596,20251115
1455372,7635548060105313557,mobilelegends-id,https://www.tiktok.com/@mobilelegends_id/video/7635548060105313557,mobilelegends_id,Apa hook kamu juga seakurat ini?🤔 #MobileLegendsBangBang #MLBBNewMode #MLBBFrozenSeaShowdown #MLBBS40,45,1400000,6654,107,195,20260503
1441632,7639656311814130952,mobilelegends-id,https://www.tiktok.com/@mobilelegends_id/video/7639656311814130952,mobilelegends_id,"Masih bingung sama event ALLSTAR? 👀✨ Tenang, di video ini dibahas dari cara main, misi, sampai reward yang bisa kamu dapet 😈 Jangan asal login doang, siapa tau ada hadiah yang kelewat 😭🔥 Udah ada yg dapet hadiahnya? 👇 #mobilelegends_id #serubarengmlbb #samasamamain #MobileLegendsBangBang  #MLBBAllStar",96,1400000,4459,298,979,20260514
1441540,7621857504569462036,mlbb-official,https://www.tiktok.com/@mlbbttofficial/video/7621857504569462036,mlbbttofficial,"Itachi Uchiha & Minato Namikaze have arrived! The Naruto squad is fully assembled! Ninjutsu unleashed, Chakra surging! #MLBBxNARUTO Experience the power of these genius ninjas! #MLBBxNARUTO #MobileLegendsBangBang #MLBBNewSkin #NARUTO #MLBBFreeGaaraSkin #ValirFreeSkin",24,1300000,16600,437,934,20260327
1419576,7640040728831298836,mobilelegends-id,https://www.tiktok.com/@mobilelegends_id/video/7640040728831298836,mobilelegends_id,"📌 Cukup posting gameplay mode Tide Siege kamu ke Instagram atau TikTok pakai hashtag #MLBBTideSiegeChallenge #MLBBAllStar #MLBBTideClash #PertarunganOmbak (WAJIB LENGKAP!) ‼️ Catatan: Video dinilai berdasarkan KREATIVITAS & ORISINALITAS, bukan hasil repost karya orang lain. Jika terdapat kecurangan MLBB berhak untuk menganulir pemenang! 📌 WAJIB follow socmed MLBB ID di semua platform! 🔸 Instagram: @realmobilelegendsid 🔸Facebook: Mobile Legends: Bang Bang (ID) 🔸 TikTok: @mobilelegends_id 🔸 YouTube: @mobilelegends_indonesia 📌 Pemenang akan dibagi menjadi 3 kategori: 🥇 Top 1-10 Winner (masing-masing 💎4.000) 🥈 Top 11-20 Winner (masing-masing 💎3.000) 🏅 Extra 20 Favorite Winner (masing-masing 1 Luckybox permanen senilai 💎2.000) Mimin tunggu postingan kalian ya! 👀✨ #HartaKarunAllstar giveaway diamond luckybox gratis event terbaru mobile legends 2026 allstar",60,1400000,1397,420,252,20260515
1417340,7615128417880640784,mlbb-official,https://www.tiktok.com/@mlbbttofficial/video/7615128417880640784,mlbbttofficial,"At this moment, I am not sure which me you are looking at. It makes no difference... You like both, right? #MLBBMARCEL #MLBBNEWHERO #MLBBS40 #MLBBGoldenMonth #MobileLegendsBangBang",8,1300000,14400,107,333,20260309
1409176,7639314013133982996,mobilelegends-id,https://www.tiktok.com/@mobilelegends_id/video/7639314013133982996,mobilelegends_id,Spesial long weekend tanggal 13 Mei -2 Juni kali ini bakal ada event BONUS FESTIVAL GANDA! 🤩 Kapan lagi bisa dapetin skin Special + border eksklusif + battle emote GRATIS? 👀 Cus buruan login & kerjain semua misi biar bisa dapetin semua hadiahnya! Jangan sampe ketinggalan yagesya 🥳 #MLBB #MobileLegendsBangBang event skin gratis klaim border battle emote bonus Mobile Legends 2026,59,1400000,882,106,42,20260513
1402540,7635680676649520404,mobilelegends-id,https://www.tiktok.com/@mobilelegends_id/video/7635680676649520404,mobilelegends_id,Peringatan! Makhluk laut yang jahat kian mendekat. Pertahanan terakhir hampir runtuh! #MLBBTIDESIEGE #MLBBAllstar #MobileLegendsBangBang  #MLBBNewMode,25,1300000,11800,407,923,20260503
1399500,7621866425132633360,mlbb-official,https://www.tiktok.com/@mlbbttofficial/video/7621866425132633360,mlbbttofficial,"""How can I become the Hokage, if I can't even save a friend?"" #MLBBxNARUTO #MobileLegendsBangBang #MLBBNewSkin #NARUTO #MLBBFreeGaaraSkin #Valirfreeskin",21,1300000,10400,815,1044,20260329
1368540,7598965829283122450,mlbb-esports,https://www.tiktok.com/@mlbbesports_official/video/7598965829283122450,mlbbesports_official,Back to back Top 3 Finishes for SRG. Come back stronger 😭 #MLBBEsports #MLBBM7 #MobileLegendsBangBang #M7 #LetTheWorldSeeUs,11,768900,73800,462,2926,20260124
1357472,7618811255691742465,mlbb-official,https://www.tiktok.com/@mlbbttofficial/video/7618811255691742465,mlbbttofficial,"Want to try out new hero and 100 skins? Here's your chance! 👇 ✨ Battle Privilege available 03/19 - 03/21! ✨ 💥 Massive Heroes & 100 Skins Limited-Time Free Trial! 💥 And most importantly: Team Triple Star-raising Points ×2! Whether you want to show off your moves or climb the ranks, these three days are your best chance! Don't hesitate! Log in and play now! 🚀 #MLBBGoldenMonth #MLBBGoldenMonthEvent #MobileLegendsBangBang",17,1300000,6899,114,246,20260319
1355480,7624450676982025480,willdominateyougg,https://www.tiktok.com/@willdominateyougg/video/7624450676982025480,willdominateyougg,Argus X Hidan!! #MLBB #mobilelegendsbangbang #willdominateyougg #mlbbxnaruto #fyp,26,1000000,42300,854,2709,20260403
1337940,7639994635770809618,mobilelegends-id,https://www.tiktok.com/@mobilelegends_id/video/7639994635770809618,mobilelegends_id,"Skin gratis? Siapa yang nolak 😭🔥 Event Bonus Festival Ganda udah mulai, main, selesain misi, terus klaim hadiah gratisnya 😈✨ Lumayan banget, login dikit… pulang bawa skin 👀 Ada yang udah claim belum nih? 👇 #mobilelegends_id #serubarengmlbb #samasamamain #MobileLegendsBangBang  #MLBBEvent",45,1300000,4115,251,137,20260515
1313020,7598973000230243591,mlbb-esports,https://www.tiktok.com/@mlbbesports_official/video/7598973000230243591,mlbbesports_official,Fanny MASTERCLASS 😮‍💨 #MLBBEsports #MLBBM7 #MobileLegendsBangBang #M7 #LetTheWorldSeeUs,21,887700,51700,586,1313,20260124
1310900,7641077455297563925,mlbb-official,https://www.tiktok.com/@mlbbttofficial/video/7641077455297563925,mlbbttofficial,New Rolling Tides series skins are here! #MLBBAllstar #MobileLegendsBangBang #MLBBNewSkin,29,1200000,13100,305,672,20260518
1287056,7636345504971934997,mobilelegends-id,https://www.tiktok.com/@mobilelegends_id/video/7636345504971934997,mobilelegends_id,Rasakan sendiri tekanan luar biasa dari boss Tide Siege. #MLBBTIDESIEGE #MLBBAllstar #MobileLegendsBangBang  #MLBBNewMode,16,1200000,9937,378,403,20260505
1285480,7606251957287701780,mlbb-official,https://www.tiktok.com/@mlbbttofficial/video/7606251957287701780,mlbbttofficial,"The joy of autumn lies not in the harvest, but in sharing. #MobileLegendsBangBang #MLBBNewSkin #MLBBEternalSeasons",10,1100000,22400,314,1000,20260217
1279800,7618482668652776724,mlbb-official,https://www.tiktok.com/@mlbbttofficial/video/7618482668652776724,mlbbttofficial,It doesn't matter. I will save myself countless times. #MLBBMARCEL #MLBBNEWHERO #MLBBS40 #MLBBGoldenMonth #MobileLegendsBangBang,20,1200000,9715,104,346,20260318
1267760,7637695344238791957,mobilelegends-id,https://www.tiktok.com/@mobilelegends_id/video/7637695344238791957,mobilelegends_id,Tag teman yang sering biarin minion lolos dan tantang dia coba mode ini! #MLBBTIDESIEGE #MLBBAllstar #MobileLegendsBangBang  #MLBBNewMode,22,1200000,7815,262,348,20260509
1264976,7621860397053644053,mlbb-official,https://www.tiktok.com/@mlbbttofficial/video/7621860397053644053,mlbbttofficial,"The ""Flying Raijin"" filter is now available on TikTok. Follow the guide, tap to record, and become the fastest legend in MLBB! #MLBBxNARUTO #MobileLegendsBangBang #MLBBNewSkin #NARUTO #MLBBFreeGaaraSkin #ValirFreeSkin",25,1200000,7512,244,333,20260328
1249024,7606259831351119125,mlbb-official,https://www.tiktok.com/@mlbbttofficial/video/7606259831351119125,mlbbttofficial,I'm crying. I'm faking it. #MLBBGoldenMonth #MobileLegendsBangBang,16,1200000,5288,336,348,20260221
1246192,7638139811924086036,mobilelegends-id,https://www.tiktok.com/@mobilelegends_id/video/7638139811924086036,mobilelegends_id,Koin Perburuan Harta benar-benar berjatuhan di medan tempur! 💰 Efek medan tempur terbaru [Perburuan Emas Ombak] hadir untuk waktu terbatas mulai 30/04 - 28/06! ⚔️ Ajak teman-temanmu dan pergi ke Dreadsea untuk memulai perjalanan Perburuan Emas Ombak! #MLBBAllstar #MobileLegendsBangBang #MLBBDreadsea,31,1200000,5474,120,196,20260510
1219920,7613615690695691521,mlbb-official,https://www.tiktok.com/@mlbbttofficial/video/7613615690695691521,mlbbttofficial,"New Hero Soul Photographer - Marcel arrives on 03/11! Marcel can use his camera to ""freeze"" enemies. His Ultimate ""freezes"" heroes and pauses all Basic Attacks and skill ""projectiles"". Want to master Marcel quickly? Watch his Hero Spotlight now! #MLBBMARCEL #MLBBNEWHERO #MLBBS40 #MLBBGoldenMonth #MobileLegendsBangBang",416,731600,59500,616,8115,20260305
1218680,7613617819552337169,mlbb-official,https://www.tiktok.com/@mlbbttofficial/video/7613617819552337169,mlbbttofficial,"Fanny's first Legend Skin ""Galactic Starhawk"" is coming soon! Break through the Dark Nebula, defeat the ancient space farers, and get ready for her arrival! #MobileLegendsBangBang #MLBBFannyLegendSkin",56,1100000,14500,134,527,20260305
1216580,7599282945228164370,mlbb-esports,https://www.tiktok.com/@mlbbesports_official/video/7599282945228164370,mlbbesports_official,OH MY GOD LIGHTTTTTTTTT  🫣 #MLBBEsports #MLBBM7 #MobileLegendsBangBang #M7 #LetTheWorldSeeUs,18,865800,43000,339,2290,20260125
1215756,7637834227509103892,mobilelegends-id,https://www.tiktok.com/@mobilelegends_id/video/7637834227509103892,mobilelegends_id,Aulus mending jungle atau EXP nih? 👀🔥 Tinggal pilih mau jadi mesin damage… atau tukang rusuh di garis depan? 👇 #mobilelegends_id #serubarengmlbb #samasamamain #MobileLegendsBangBang #MLBBGameplay,60,1200000,1757,85,54,20260509
1213280,7632207522417347861,mlbb-official,https://www.tiktok.com/@mlbbttofficial/video/7632207522417347861,mlbbttofficial,"The ALLSTAR Exclusive Themed Battlefield will be available on 04/30! The new ocean-themed map, ""Dreadsea"", will take you deep underwater for a wondrous experience! The brand-new themed battlefield effect, ""Tidal Gold Rush"", will aid your gold rushing and treasure hunting! Come join us to defeat the Siren Lord and bring back abundant treasures from the deep sea! Team Up, Dive for Fortune! Tap the video to learn more! #MLBBAllstar #MLBBDreadsea #MLBBTidalGoldRush #MobileLegendsBangBang",80,936600,31600,1194,4162,20260424
1192420,7640736964148202770,mobilelegends-id,https://www.tiktok.com/@mobilelegends_id/video/7640736964148202770,mobilelegends_id,"Petualangan ajaib dan pertemuan indah di Reruntuhan Ombak! Event ALLSTAR terus berlanjut! Pharsa ""Seasworn Oracle"" hadir dengan promo luar biasa! #MLBBAllstar  #MobileLegendsBangBang  #MLBBNewSkin",11,1100000,10700,341,563,20260517
1191340,7559506405179329800,willdominateyougg,https://www.tiktok.com/@willdominateyougg/video/7559506405179329800,willdominateyougg,#MLBB #willdominateyougg #argus #aizensosuke #darthvader,24,697700,60600,442,2203,20251010
1182540,7615555672775658773,mlbb-official,https://www.tiktok.com/@mlbbttofficial/video/7615555672775658773,mlbbttofficial,"Perfect focus, the art within the art! #MLBBMARCEL #MLBBNEWHERO #MLBBS40 #MLBBGoldenMonth #MobileLegendsBangBang",12,1100000,10000,127,171,20260310
1166432,7644097883519683861,mlbb-official,https://www.tiktok.com/@mlbbttofficial/video/7644097883519683861,mlbbttofficial,"I thought Luo Yi was setting me up, but to my surprise... Was this all part of Luo Yi's plan!? Join the ""Tidal Treasure Hunt"" event to get the all-new exclusive Yu Zhong ""Tidescale Sealord"" skin for FREE! #MLBBAllstar #MobileLegendsBangBang #MLBBFreeSkin #MLBBNewSkin",18,1100000,7694,244,465,20260526
1154984,7636738582098595073,mlbb-official,https://www.tiktok.com/@mlbbttofficial/video/7636738582098595073,mlbbttofficial,"Participate in the ""Tidal Treasure Hunt"" event to get an ALLSTAR exclusive gold accessory for FREE! The precious and exquisite 26Y Allstar Collection-Yu Zhong 999.9 Gold Coin is ready. Who will be the next lucky winner? Note: Physical gold reward delivery is currently not available in certain regions. In such cases, an equivalent amount of in-game Diamonds will be issued instead. Final results are subject to the actual reward distribution. #MLBBAllstar #MLBBrealgold #MobileLegendsBangBang #MLBBXCTF",19,1100000,6188,274,1127,20260506
1149780,7599207173964549383,mlbb-esports,https://www.tiktok.com/@mlbbesports_official/video/7599207173964549383,mlbbesports_official,"The Cinderella Story of the M7 Go, go Alter Ego 🇮🇩 #MLBBEsports #MLBBM7 #MobileLegendsBangBang #M7 #LetTheWorldSeeUs",36,850200,36400,419,960,20260125
1142924,7635297495186148628,mobilelegends-id,https://www.tiktok.com/@mobilelegends_id/video/7635297495186148628,mobilelegends_id,"Paham? Kalau belum, putar ulang sambil nikmatin BGM-nya! #MLBBTIDESIEGE #MLBBAllstar #MobileLegendsBangBang  #MLBBNewMode",15,1100000,4908,183,806,20260502
1138620,7613235690310094096,mlbb-official,https://www.tiktok.com/@mlbbttofficial/video/7613235690310094096,mlbbttofficial,Invitation from Eternal Seasons: Spring & Fall | Miya & Floryn Cosplay | Eternal Seasons Skins #MLBBNewSkin #MLBBEternalSeasons,10,1000000,17000,131,633,20260304
1137420,7599283439627488520,mlbb-esports,https://www.tiktok.com/@mlbbesports_official/video/7599283439627488520,mlbbesports_official,Light's Tectonic Charge Splits Alter Ego APART⛓️‍💥 #MLBBEsports #MLBBM7 #MobileLegendsBangBang #M7 #LetTheWorldSeeUs,28,860200,33900,301,782,20260125
1133780,7582511465836350728,willdominateyougg,https://www.tiktok.com/@willdominateyougg/video/7582511465836350728,willdominateyougg,#MLBBxSpongeBob #MLBB #mlbbcreatorbase #willdominateyougg #fyp,36,666300,57700,294,2574,20251211
1133720,7635943565092195604,mobilelegends-id,https://www.tiktok.com/@mobilelegends_id/video/7635943565092195604,mobilelegends_id,"🔥Perhatikan baik-baik, setiap hook menciptakan momen epik! #MobileLegendsBangBang #MLBBNewMode #MLBBFrozenSeaShowdown #MLBBS40",56,1100000,4005,84,180,20260504
1128540,7634525916974026005,mlbb-official,https://www.tiktok.com/@mlbbttofficial/video/7634525916974026005,mlbbttofficial,Warning! Corrupted sea creatures are closing in. The last line of defense won't hold! #MLBBTIDESIEGE #MLBBAllstar #MobileLegendsBangBang #MLBBNewMode,25,1000000,14600,587,2622,20260503
1122556,7638596594132126996,mobilelegends-id,https://www.tiktok.com/@mobilelegends_id/video/7638596594132126996,mobilelegends_id,Alice semakin gak bisa mati? 😭🔥 Udah ada yang coba build tebel begini? 👇 #mobilelegends_id #serubarengmlbb #samasamamain #MobileLegendsBangBang #MLBBGameplay,60,1100000,2502,127,121,20260511
1120576,7638181014904524053,mobilelegends-id,https://www.tiktok.com/@mobilelegends_id/video/7638181014904524053,mobilelegends_id,"Masih bawa kapak yang sama, tapi sekarang masuk backline makin gampang. Udah coba revamp Aulus belum? 👇 #mobilelegends_id #serubarengmlbb #samasamamain #MobileLegendsBangBang #MLBBAulus",44,1100000,2287,114,51,20260510
1113648,7637772339828002069,mobilelegends-id,https://www.tiktok.com/@mobilelegends_id/video/7637772339828002069,mobilelegends_id,"Hook kanan, hook kiri… chaos bos! 🧊🌊😈 Franco di Frozen Sea + Tide Siege emang gak pernah dikasih napas 😭🔥 #mobilelegends_id #serubarengmlbb #samasamamain #MobileLegendsBangBang #FrozenSeaShowdown",54,1100000,1531,70,45,20260509
1112740,7637808292902751509,mobilelegends-id,https://www.tiktok.com/@mobilelegends_id/video/7637808292902751509,mobilelegends_id,"Yu Zhong dengan skin terbaru siap turun, makin sangar, makin bikin war susah napas 😈 Belum mulai fight aja… vibes menangnya udah dapet. 👀 #mobilelegends_id #serubarengmlbb #samasamamain #MobileLegendsBangBang #MLBBNewSkin",60,1100000,1380,85,138,20260509
1111100,7640089677487164680,mobilelegends-id,https://www.tiktok.com/@mobilelegends_id/video/7640089677487164680,mobilelegends_id,"Memancing Ombak hadir untuk waktu terbatas mulai 15/05 - 28/06!! Kumpulkan semua Ikan Tangkapan Besar untuk mendapatkan achievement eksklusif secara gratis! Kumpulkan semua Ikan Legendaris untuk mendapatkan achievement eksklusif dan Battle Emote waktu terbatas! Ikuti event memancing untuk berkesempatan mendapatkan ""Peti Kejutan Ombak"". Buka untuk langsung mendapatkan 1.000 Diamond! Jumlahnya terbatas di seluruh server, jadi jangan lewatkan kejutannya! #MLBBAllstar  #MobileLegendsBangBang",57,983400,13400,1025,526,20260515
1090920,7632599409859022101,mlbb-official,https://www.tiktok.com/@mlbbttofficial/video/7632599409859022101,mlbbttofficial,"The ALLSTAR exclusive Rolling Tides series skins are arriving soon!! Yu Zhong ""Tidescale Sealord"": Clad in azure scales, the sea dragon emerges to dominate the Tidal Ruins from within the vortex! Pharsa ""Seasworn Oracle"": The purple flames from her scepter dance to the pulse of the deep sea! Ling ""Phantom Current"": A flash of his azure blade marks the beginning of the enemy's defeat! Tap the video to check out the visual effects and embark on a deep-sea adventure! #MLBBALLSTAR #MLBBNewSkin",162,900400,22900,366,1023,20260426
1076700,7599301913309498631,mlbb-esports,https://www.tiktok.com/@mlbbesports_official/video/7599301913309498631,mlbbesports_official,"The Cinderella Story has come to an end.  Alter Ego's luck runs out at second place. Nice try, come back stronger #MLBBEsports #MLBBM7 #MobileLegendsBangBang #M7 #LetTheWorldSeeUs",212,700900,43200,1510,2165,20260125
1067280,7616253597759671573,mlbb-official,https://www.tiktok.com/@mlbbttofficial/video/7616253597759671573,mlbbttofficial,"Art is all about composition, lighting, emotion—and screams, fear, and chaos. #MLBBMARCEL #MLBBNEWHERO #MLBBS40 #MLBBGoldenMonth #MobileLegendsBangBang",30,867500,24500,189,401,20260312
1061812,7615181892421209345,mlbb-official,https://www.tiktok.com/@mlbbttofficial/video/7615181892421209345,mlbbttofficial,"Clemar controls the composition, and Marcel peers into the soul. This is the dual depth of life. #MLBBMARCEL #MLBBNEWHERO #MLBBS40 #MLBBGoldenMonth #MobileLegendsBangBang",12,1000000,7494,93,242,20260309
1053720,7581032498226908424,willdominateyougg,https://www.tiktok.com/@willdominateyougg/video/7581032498226908424,willdominateyougg,#MLBBxSpongeBob #MLBB #aizen #argus #willdominateyougg,34,876100,21800,161,337,20251207
1044380,7571754554849627410,willdominateyougg,https://www.tiktok.com/@willdominateyougg/video/7571754554849627410,willdominateyougg,Argus and alucard upcoming Bleach skin!!🥶  #MLBB #argus #alucard #aizen #ichigo,18,616400,52200,519,6854,20251112
1041300,7612508671284612372,mlbb-official,https://www.tiktok.com/@mlbbttofficial/video/7612508671284612372,mlbbttofficial,"Floryn ""Herald of Autumn"" is ready 🌿. What is cute? THIS is cute!! #MobileLegendsBangBang #MLBBNewSkin #MLBBEternalSeasons",13,842900,24300,200,851,20260302
1037136,7638867609743576340,mobilelegends-id,https://www.tiktok.com/@mobilelegends_id/video/7638867609743576340,mobilelegends_id,"Kasihan Balmond lawan, tapi Koin Perburuan Harta adalah milik kita! Efek medan tempur ALLSTAR waktu terbatas ""Perburuan Emas Ombak"" hadir mulai 30/04 - 28/06! Selama pertandingan, kamu bisa mendapatkan Koin Perburuan Harta dengan mengeliminasi Turtle, menghancurkan Turret, mendapatkan eliminasi atau assist, atau memicu Notifikasi Sorotan! #MLBBAllstar #MobileLegendsBangBang #MLBBTidalGoldRush",50,1000000,4347,118,125,20260512
1034440,7605500235254795527,willdominateyougg,https://www.tiktok.com/@willdominateyougg/video/7605500235254795527,willdominateyougg,#MLBB #mobilelegendsbangbang #argus #toji #fyp,36,715100,39100,327,3205,20260211
1028060,7598853303803464968,willdominateyougg,https://www.tiktok.com/@willdominateyougg/video/7598853303803464968,willdominateyougg,#MLBB #mobilelegendsbangbang #argus #guts #willdominateyougg,24,707600,38800,503,1490,20260124
996280,7612608932997025045,mlbb-official,https://www.tiktok.com/@mlbbttofficial/video/7612608932997025045,mlbbttofficial,"Fanny ""Galactic Starhawk"", Fanny's first dual-form Legend Skin, is launching soon! Cast skills in-match to accumulate light blade energy. Reach 400 light blade energy to permanently transform in the current match! Plus, tons of exclusive items for the skin are also available. Don't miss out! #MobileLegendsBangBang#MLBBNewSkin#MLBBFannyLegendSkin",162,688900,36500,769,4098,20260302
982680,7632449705267465488,mlbb-official,https://www.tiktok.com/@mlbbttofficial/video/7632449705267465488,mlbbttofficial,"The ALLSTAR officially kicks off on 04/30! A brand-new deep-sea theme brings you a wonderful new experience! Physical gold, massive Diamonds, new skins, and exclusive items are all waiting for you in the ""Tidal Treasure Hunt"" event! Team Up, Dive for Fortune! Note: Physical gold reward delivery is currently not available in certain regions. In such cases, an equivalent amount of in-game Diamonds will be issued instead. Final results are subject to the actual reward distribution. #MLBBAllstar #MLBBrealgold #MobileLegendsBangBang #MLBBFreeSkin #MLBBNewSkin",10,895500,10300,239,570,20260425
959820,7642630315936140551,mobilelegends-id,https://www.tiktok.com/@mobilelegends_id/video/7642630315936140551,mobilelegends_id,"Tantangan screenshot dimulai! Bisakah kamu mengambil screenshot karakter yang sama? Skin eksklusif ALLSTAR terbaru telah hadir dan bisa didapatkan melalui berbagai cara untuk waktu terbatas! Di antaranya, Yu Zhong ""Tidescale Sealord"" dan Painted Skin Yu Zhong ""Fathomless Sealord"" yang bisa didapatkan secara GRATIS di event ""Perburuan Harta Ombak""! Menyelam Bersama, Kumpulkan Harta! #MLBBAllstar #MobileLegendsBangBang #MLBBNewSkin",34,713400,12900,7161,472,20260522
950760,7635599010580942087,willdominateyougg,https://www.tiktok.com/@willdominateyougg/video/7635599010580942087,willdominateyougg,argus buff💀 #MLBBALLSTAR #MLBBDreadsea #MLBBSiren #MLBBTidalGoldRush #willdominateyougg,17,657900,35700,363,1456,20260503
947780,7599273624696229138,mlbb-esports,https://www.tiktok.com/@mlbbesports_official/video/7599273624696229138,mlbbesports_official,Alter Ego start the Grand Finals with ANOTHER early fight 😏  #MLBBEsports #MLBBM7 #MobileLegendsBangBang #M7 #LetTheWorldSeeUs,28,769800,19200,1219,722,20260125
946560,7625214250361031957,mlbb-official,https://www.tiktok.com/@mlbbttofficial/video/7625214250361031957,mlbbttofficial,Sneak Peek at Revamped Aulus Skills and In-game Visual Effects!! #MobileLegendsBangBang #MLBBAULUS #MLBBREVAMPEDHERO #MLBBS40,22,759500,22000,553,1830,20260405
943688,7606258962991697172,mlbb-official,https://www.tiktok.com/@mlbbttofficial/video/7606258962991697172,mlbbttofficial,Where do you think they will meet Fanny? Can Hanabi catch up with Fanny? #MLBBGoldenMonth #MLBBGoldenMonthEvent #MobileLegendsbangbang,21,903900,4561,165,158,20260220
938420,7554614294348893458,willdominateyougg,https://www.tiktok.com/@willdominateyougg/video/7554614294348893458,willdominateyougg,#MLBBOBSIDIA #MLBBNEXT2025 #READYFORNEXT #MLBB #fyp,11,442000,61400,261,5424,20250927
919168,7642948604147272980,mlbb-official,https://www.tiktok.com/@mlbbttofficial/video/7642948604147272980,mlbbttofficial,"When we recreate Pharsa ""Seasworn Oracle"" skin portrait with real-life cosplay... #MLBBAllstar #MobileLegendsBangBang #MLBBNewSkin",8,834800,9956,236,627,20260523
915840,7612518493950446869,mlbb-official,https://www.tiktok.com/@mlbbttofficial/video/7612518493950446869,mlbbttofficial,"""Half embraced by Spring, half holding Autumn."" The left hand holds the gentle weave of Spring, while the right holds the passionate clash of Autumn. Which season's colors do you prefer? #MobileLegendsBangBang #MLBBNewSkin #MLBBEternalSeasons",12,780600,16600,122,485,20260302
910264,7634530921294728468,mlbb-official,https://www.tiktok.com/@mlbbttofficial/video/7634530921294728468,mlbbttofficial,"The all-new ALLSTAR exclusive skin Yu Zhong ""Tidescale Sealord"" is available for FREE for a limited time! Participate in the ""Tidal Treasure Hunt"" event and start your treasure hunting journey with Yu Zhong! #MLBBAllstar #MobileLegendsBangBang #MLBBFreeSkin #MLBBNewSkin",16,867100,5023,149,544,20260504
878560,7611492130673921297,mlbb-official,https://www.tiktok.com/@mlbbttofficial/video/7611492130673921297,mlbbttofficial,That was close! Good thing I hit the pause button! #MLBBMARCEL #MLBBNEWHERO #MLBBS40 #MLBBGoldenMonth #MobileLegendsBangBang,21,687000,23500,178,541,20260227
870116,7627420662394604817,mlbb-official,https://www.tiktok.com/@mlbbttofficial/video/7627420662394604817,mlbbttofficial,"""You're all still as noisy as ever!"" #MLBBxNARUTO #MobileLegendsBangBang #MLBBNewSkin #NARUTO #MLBBFreeGaaraSkin #Valirfreeskin",17,817300,6177,170,398,20260411
855252,7644085283176369428,mobilelegends-id,https://www.tiktok.com/@mobilelegends_id/video/7644085283176369428,mobilelegends_id,"Aku kira Luo Yi menjebakku, tapi ternyata ... Apakah ini semua bagian dari rencana Luo Yi!? Ikuti event ""Perburuan Harta Ombak"" untuk mendapatkan skin eksklusif terbaru Yu Zhong ""Tidescale Sealord"" secara GRATIS! #MLBBAllstar #MobileLegendsBangBang #MLBBFreeSkin #MLBBNewSkin",18,824900,3619,70,88,20260526
849368,7634525482532261140,mlbb-official,https://www.tiktok.com/@mlbbttofficial/video/7634525482532261140,mlbbttofficial,"Got it? If not, run it back with the BGM. #MLBBTIDESIEGE #MLBBAllstar #MobileLegendsBangBang #MLBBNewMode",15,780700,8001,233,729,20260502
838440,7612616149271842068,mlbb-official,https://www.tiktok.com/@mlbbttofficial/video/7612616149271842068,mlbbttofficial,Promo Carnival #MLBBGoldenMonth #MLBBGoldenMonthEvent #MobileLegendsbangbang,16,770500,8150,137,315,20260302
833200,7612945620336233744,mlbb-official,https://www.tiktok.com/@mlbbttofficial/video/7612945620336233744,mlbbttofficial,"You read that right! We made a real-life Hanabi ""Neonscape Icon"" ninja tool! It's super cool! Hanabi ""Neonscape Icon"" available on 02/17! Get it for FREE! Remember to claim it! #MLBBGoldenMonth #MLBBGoldenMonthEvent #MobileLegendsbangbang",64,754800,9490,124,253,20260303
831760,7565442400500387080,willdominateyougg,https://www.tiktok.com/@willdominateyougg/video/7565442400500387080,willdominateyougg,#MLBB #MobileLegendsBangBang #argus #willdominateyougg #fyp,20,640300,23800,53,816,20251026
829760,7621123550883187969,mlbb-official,https://www.tiktok.com/@mlbbttofficial/video/7621123550883187969,mlbbttofficial,"Starting 03/27, the MLBB × NARUTO collab series events will be officially online! The bonuses are absolutely top-tier. We suggest saving this post first! 👇 Participate in the [MLBB × NARUTO Skin Draw] event for a chance to get these new exclusive skins: Gusion ""Minato Namikaze"", Julian ""Itachi Uchiha"", and other exclusive rewards! Participate in the [MLBB × NARUTO Resource Draw] event for a chance to get Sacred Statue - Itachi Uchiha, Sacred Statue - Minato Namikaze, Advanced Sacred Statue - Gamakichi (Common, usable by all heroes), and other limited resources! Participate in the [Path of the Ninja] event to get the new original skin Valir ""Ember Gaze"" & Vale ""Gaara"" (choose 1 of 2), Vale's exclusive Sacred Statue, Battle Emote, and other limited resources for FREE! 🎥Tap the video below to learn more about the events!! #MLBBxNARUTO #MLBBNewSkin #NARUTO #MLBBFreeGaaraSkin #Valirfreeskin",122,530200,35500,778,3265,20260325
812780,7627083174496980245,mlbb-official,https://www.tiktok.com/@mlbbttofficial/video/7627083174496980245,mlbbttofficial,"Once a hero protected the village, and his name became a legend. Now a young Leonin steps forward, carrying on the hero's legacy in the name of Aulus! #MobileLegendsBangBang #MLBBAULUS #MLBBREVAMPEDHERO #MLBBS40",120,612800,24300,279,1039,20260410
810708,7643659564918836500,mlbb-official,https://www.tiktok.com/@mlbbttofficial/video/7643659564918836500,mlbbttofficial,"Carrying the hopes of their people, Yu Zhong, Pharsa, and Ling rise against the Siren to reclaim their treasure and restore the Sigilborn's glory! Even the deepest seas hide treasure. Will you... join this game? #MLBBAllstar #MobileLegendsBangBang #MLBBDreadsea",42,767400,5006,163,237,20260525
805020,7629641599072341255,willdominateyougg,https://www.tiktok.com/@willdominateyougg/video/7629641599072341255,willdominateyougg,#mlbb #argus #hidan #willdominateyougg #mlbbxnaruto,26,547200,31400,331,994,20260417
802280,7599175672384326930,mlbb-esports,https://www.tiktok.com/@mlbbesports_official/video/7599175672384326930,mlbbesports_official,"Record Breaking. The M7 match between Alter Ego and Selangor Red Giants is now the most watched M Series Game of ALL TIME. 🗣 Let the world see us! Mark your calendars for the M7! 📅 January 3rd - 25th, 2026 📍 Tenis Indoor Senayan – Knockout Stage & Grand Finals (Jan 21st–25th, 2026) 📍Stadium Madya - M7 Carnival (Jan 23rd-25th, 2026) 🎟 Get your tickets at id-mpl.com/m7 #MLBBEsports #MLBB #M7 #LetTheWorldSeeUs #MobileLegendsBangBang",90,593400,25100,404,640,20260125
800120,7598958770085022983,mlbb-esports,https://www.tiktok.com/@mlbbesports_official/video/7598958770085022983,mlbbesports_official,"One day, Malaysia will get their spot in an M Series Final. But that day is not today. Selangor Red Giants' run in the M7 ends at 3rd place, the same place where their dreams ended in Axiata Arena last year. Come back stronger 👊 Let the world see us! Mark your calendars for the M7! 📅 January 3rd - 25th, 2026 📍 Tenis Indoor Senayan – Knockout Stage & Grand Finals (Jan 21st–25th, 2026) 📍Stadium Madya - M7 Carnival (Jan 23rd-25th, 2026) 🎟 Get your tickets at id-mpl.com/m7 #MLBBEsports #MLBB #M7 #LetTheWorldSeeUs #MobileLegendsBangBang",15,557000,28300,836,1017,20260124
796656,7613982930163010833,mlbb-official,https://www.tiktok.com/@mlbbttofficial/video/7613982930163010833,mlbbttofficial,"Live recording by Lyras Qiu from the MLBB Audio Team, featuring an excerpt from the soundtrack for the Fanny ""Galactic Starhawk"" Cinematic Trailer. Feel free to play along (sheet music is pinned in the comments)! #MobileLegendsBangBang #MLBBFannyLegend",20,767100,3527,67,95,20260306
786520,7631165646880984340,mlbb-esports,https://www.tiktok.com/@mlbbesports_official/video/7631165646880984340,mlbbesports_official,"From dominant kings to rising contenders, the global leaderboard is taking shape on the road to MSC at EWC 2026. Every region brings its finest, but only a few will stand at the top when it matters most. Who’s locking their spot… and who’s still chasing? #MLBBEsports #MLBB #MobileLegendsBangBang #MSCatEWC26",15,560300,27200,431,1107,20260421
782172,7641085462106410261,mobilelegends-id,https://www.tiktok.com/@mobilelegends_id/video/7641085462106410261,mobilelegends_id,Skin seri Rolling Tides baru telah hadir! #MLBBAllstar #MobileLegendsBangBang #MLBBNewSkin,29,743400,4494,141,275,20260518
776360,7598893632548130056,mlbb-esports,https://www.tiktok.com/@mlbbesports_official/video/7598893632548130056,mlbbesports_official,"The Golden Road. It's a coveted dream, not just in MLBB, but in any Esports title. To win every tournament in a calendar year is not an easy achievement. Many teams came close to winning it, and Team Liquid 🇵🇭 is no exception. They fought valiantly, but for now, the Golden Road, remains a dream, an aspiration, a fantasy. Let the world see us! Mark your calendars for the M7! 📅 January 3rd - 25th, 2026 📍 Tenis Indoor Senayan – Knockout Stage & Grand Finals (Jan 21st–25th, 2026) 📍Stadium Madya - M7 Carnival (Jan 23rd-25th, 2026) 🎟 Get your tickets at id-mpl.com/m7 #MLBBEsports #MLBB #M7 #LetTheWorldSeeUs #MobileLegendsBangBang",60,466000,36800,798,2009,20260124
774080,7628865082360892693,mlbb-official,https://www.tiktok.com/@mlbbttofficial/video/7628865082360892693,mlbbttofficial,"MLBB's new mode, Frozen Sea Showdown, brings the fun on 04/23! Tired of Ranked matches? Try this magical hook-fest brawl! Follow Franco as he hooks, hooks, hooks, and gets bigger, bigger, bigger! #MobileLegendsBangBang #MLBBNewMode #MLBBFrozenSeaShowdown #MLBBS40",58,636000,16300,384,2120,20260415
758308,7636005411795078420,mobilelegends-id,https://www.tiktok.com/@mobilelegends_id/video/7636005411795078420,mobilelegends_id,"Skin eksklusif ALLSTAR terbaru Yu Zhong ""Tidescale Sealord"" hadir secara GRATIS untuk waktu terbatas! Ikuti event ""Perburuan Harta Ombak"" dan mulai perjalanan berburu harta bersama Yu Zhong! #MLBBAllstar #MobileLegendsBangBang #MLBBFreeSkin #MLBBNewSkin",16,718700,4486,186,665,20260504
749440,7593267991056370951,willdominateyougg,https://www.tiktok.com/@willdominateyougg/video/7593267991056370951,willdominateyougg,Kyōka Suigetsu #MLBB #mobilelegendsbangbang #argus #aizen #willdominateyougg,24,466900,34900,167,1714,20260109
743064,7623735945963015441,mlbb-official,https://www.tiktok.com/@mlbbttofficial/video/7623735945963015441,mlbbttofficial,"""To be a parent is to have undying faith in one's child."" #MLBBxNARUTO #MobileLegendsBangBang #MLBBNewSkin #NARUTO #MLBBFreeGaaraSkin #Valirfreeskin",19,682800,6553,392,530,20260401
740160,7627418212073753857,mlbb-official,https://www.tiktok.com/@mlbbttofficial/video/7627418212073753857,mlbbttofficial,"Enemy: Airborne, Stun, Frost... Why is nothing working? Aulus: CC Immunity, got it? (¬‿¬) #MobileLegendsBangBang #MLBBAULUS #MLBBREVAMPEDHERO #MLBBS40",37,651300,10300,323,737,20260411
733000,7640027519164386567,willdominateyougg,https://www.tiktok.com/@willdominateyougg/video/7640027519164386567,willdominateyougg,#MLBB #mobilelegendsbangbang #MLBBALLSTAR #willdominateyougg #fyp,30,457800,33600,320,7181,20260515
730080,7633724220777794836,mlbb-official,https://www.tiktok.com/@mlbbttofficial/video/7633724220777794836,mlbbttofficial,"ALLSTAR events officially begin on 04/30. Get a sneak peek at the exciting events! From 04/30 to 06/28, participate in [Tidal Treasure Hunt] for a chance to win physical gold and tons of Diamonds for FREE! The all-new ALLSTAR exclusive skin Yu Zhong ""Tidescale Sealord"" and its painted skin Yu Zhong ""Fathomless Sealord"", Spawn Effect, Battle Emote, and more free rewards await you! (Physical gold is not available in some regions. In such cases, the equivalent value in Diamonds will be issued instead. Final results are subject to the actual reward distribution.) From 04/30 to 06/28, experience the new battlefield effect [Tidal Gold Rush] and earn Treasure Hunt Coins in matches. When your team defeats the Lord for the first time, all team members will receive 1 Tidal Bounty Chest, which can be opened in the Tidal Treasure Hunt main event for a random chance to get Treasure Hunt Coins or Diamonds! From 05/08 to 06/16, participate in the [Tide Clash 5vs5] event, spend different types of currency to participate, and win system-distributed rewards for your victories! (Availability of the Tide Clash 5vs5 event may vary by region.) From 05/15 to 06/28, participate in the [Tidal Fishing] event and complete tasks to get bait for fishing. Collect all Legendary Fish to get achievement and an exclusive Battle Emote. Tap the video to reveal the new ALLSTAR gameplay and luxurious rewards! #MLBBALLSTAR #MLBBrealgold #MLBBTidalGoldRush #MLBBNewSkin #MLBBFreeSkin",125,604400,14400,524,3179,20260428
729776,7642248084856130837,mlbb-official,https://www.tiktok.com/@mlbbttofficial/video/7642248084856130837,mlbbttofficial,Unlock the wondrous world of Tidal Ruins with Pharsa! #MLBBAllstar #MobileLegendsBangBang #MLBBNewSkin,16,667500,7257,211,436,20260521
718060,7638171806959963399,willdominateyougg,https://www.tiktok.com/@willdominateyougg/video/7638171806959963399,willdominateyougg,#MLBB #mobilelegendsbangbang #willdominateyougg #jjk #fyp,57,375200,42100,303,4274,20260510
715008,7634522253824265493,mlbb-official,https://www.tiktok.com/@mlbbttofficial/video/7634522253824265493,mlbbttofficial,"What happens when... we set a painting on fire? As flames sweep across the surface, what will this seemingly peaceful Tidal Treasure Hunt reveal? The ALLSTAR ""Tidal Treasure Hunt"" event and ""Tidal Gold Rush"" battlefield effect are available for a limited time. Come and join the fun! #MLBBAllstar #MobileLegendsBangBang #MLBBDreadsea #MLBBNewSkin",34,680400,4141,74,307,20260502
713480,7611494867809701141,mlbb-official,https://www.tiktok.com/@mlbbttofficial/video/7611494867809701141,mlbbttofficial,Focus! Capture! Battle moments worth capturing! #MLBBMARCEL #MLBBNEWHERO #MLBBS40 #MLBBGoldenMonth #MobileLegendsBangBang,28,607800,12900,124,235,20260227
707252,7637893653389741332,mobilelegends-id,https://www.tiktok.com/@mobilelegends_id/video/7637893653389741332,mobilelegends_id,"Belah Langit, Hancurkan Monster! #MobileLegendsBangBang  #MLBBAULUS #MLBBREVAMPEDHERO #MLBBS40",22,678300,3384,94,57,20260509
705920,7599267389519252744,mlbb-esports,https://www.tiktok.com/@mlbbesports_official/video/7599267389519252744,mlbbesports_official,"The M7 Grand Finals Opening Ceremony A ceremony worthy to celebrate the BIGGEST MLBB match of the year. Let the world see us! Mark your calendars for the M7! 📅 January 3rd - 25th, 2026 📍 Tenis Indoor Senayan – Knockout Stage & Grand Finals (Jan 21st–25th, 2026) 📍Stadium Madya - M7 Carnival (Jan 23rd-25th, 2026) 🎟 Get your tickets at id-mpl.com/m7 #MLBBEsports #MLBB #M7 #LetTheWorldSeeUs #MobileLegendsBangBang",395,530300,21500,181,460,20260125
705568,7635881694763027733,mobilelegends-id,https://www.tiktok.com/@mobilelegends_id/video/7635881694763027733,mobilelegends_id,"Mode baru Tide Siege akan hadir pada 07/05! Makhluk laut yang terkontaminasi telah berada di gerbang, mendekati Base dari tiga lane. Jangan takut. Bentuk tim bersama 2 player lainnya untuk menghalau musuh. Di mode baru ini, hero akan mendapatkan peningkatan menyeluruh. Lampaui batas level, tingkatkan kekuatan dengan berbagai kartu, buka peningkatan skill tambahan, dan musnahkan musuh dengan satu ketukan! Ketuk video untuk selengkapnya! #TideSiege #MobileLegendsBangBang #MLBBNewMode",95,684800,2386,84,175,20260504
704140,7612996027200638229,mlbb-esports,https://www.tiktok.com/@mlbbesports_official/video/7612996027200638229,mlbbesports_official,"15 Main Stage Teams, 1 Wild Card qualifier 👀 Get ready for an EPIC showdown in Riyadh, Saudi Arabia 🇸🇦🏆 #MLBBEsports #MSCatEWC26 #MLBB #MSC #MobileLegendsBangBang",59,570900,16000,262,406,20260303
703036,7611751666290838805,mlbb-official,https://www.tiktok.com/@mlbbttofficial/video/7611751666290838805,mlbbttofficial,"The Miya ""Arrow of Spring"" and Floryn ""Herald of Autumn"" Cosplay Showcase is here! The girls have arrived to create an exclusive Eternal Seasons: Spring & Fall scene for all players. They are inviting you! Tap the video to accept the invitation! #MobileLegendsBangBang #MLBBNewSkin #MLBBEternalSeasons",88,644900,6832,174,283,20260228
700800,7640060710575197460,mlbb-official,https://www.tiktok.com/@mlbbttofficial/video/7640060710575197460,mlbbttofficial,"Tidal Fishing is available for a limited time from 05/15 to 06/28!! Collect all the Heavy Catch Fish to get an exclusive achievement for free! Collect all the Legendary Fish to get an exclusive achievement and a limited Battle Emote! Join the fishing event for a chance to catch a ""Tidal Surprise Chest"". Open it to instantly get 1000 Diamonds! Quantities are limited server-wide, so don't miss out on the surprise! #MLBBAllstar #MobileLegendsBangBang",57,596700,11400,645,785,20260515
699428,7617790959232814352,mlbb-official,https://www.tiktok.com/@mlbbttofficial/video/7617790959232814352,mlbbttofficial,"New limited Hanabi skin? Grand prize (Phone or Diamonds)? Demonkite says: They're all here! 🎁 ""Dazzling Golden Spin"" is available for a limited time. Demonkite is waiting for you in MLBB. Come and take home your favorite rewards! #MLBBGoldenMonth #MLBBGoldenMonthEvent #MLBBFreeSkin #MLBBNewSkin #MobileLegendsBangBang",16,669400,3371,153,111,20260316
696720,7613308759397518610,willdominateyougg,https://www.tiktok.com/@willdominateyougg/video/7613308759397518610,willdominateyougg,#MLBB #willdominateyougg #adventuretime #fyp #finn,31,458600,29200,226,2562,20260304
694240,7553952869800480018,willdominateyougg,https://www.tiktok.com/@willdominateyougg/video/7553952869800480018,willdominateyougg,#MLBBOBSIDIA #MLBBNEXT2025 #READYFORNEXT #mlbb #argus,30,427600,32800,212,1640,20250925
687516,7631856904846773521,mlbb-official,https://www.tiktok.com/@mlbbttofficial/video/7631856904846773521,mlbbttofficial,"Screenshot challenge! Did you capture Yu Zhong's commanding presence? Share your best shot in the comments! The ""Tidal Treasure Hunt"" is available for a limited time from 04/30 to 06/28. Participate in the event to get the ALLSTAR-exclusive Yu Zhong skins for FREE! #MLBBAllstar #MobileLegendsBangBang #MLBBFreeSkin #MLBBNewSkin",15,582600,7852,2105,202,20260423
680540,7599302369469402386,mlbb-esports,https://www.tiktok.com/@mlbbesports_official/video/7599302369469402386,mlbbesports_official,Curse Broken. Aurora Gaming PH with a CLEAN SWEEP in the M7 Grand Finals #MLBBEsports #MLBBM7 #MobileLegendsBangBang #M7 #LetTheWorldSeeUs,60,405500,32400,792,4197,20260125
673220,7615841313245793556,mlbb-official,https://www.tiktok.com/@mlbbttofficial/video/7615841313245793556,mlbbttofficial,"Why choose? I want it all! Don't miss the GOLDEN MONTH event ""Dazzling Golden Spin""! Log in now and grab these bonuses! 😎🔒 #MLBBGoldenMonth #MLBBGoldenMonthEvent #MLBBFreeSkin #MobileLegendsBangBang",13,632600,4410,267,111,20260311
672500,7630123695918337297,mlbb-official,https://www.tiktok.com/@mlbbttofficial/video/7630123695918337297,mlbbttofficial,"I don't know, but my dancing is graceful anyway~≡^ˇ^≡ #MobileLegendsBangBang #MLBBAULUS #MLBBREVAMPEDHERO #MLBBS40",17,489700,22200,260,1914,20260418
669120,7639312761729879317,mlbb-esports,https://www.tiktok.com/@mlbbesports_official/video/7639312761729879317,mlbbesports_official,• Ignite Gaming enters the leaderboard in Singapore • Dewa United and Team Rey continue to pressure the top spots in ID & MY • Aurora Gaming stays dominant in Türkiye Every week reshapes the road to MSC at EWC 26. Who’s rising next? 👀 #MLBBEsports #MLBB #MobileLegendsBangBang #MSCatEWC26 #GlobalLeaderboard,18,469100,23900,441,1069,20260513
664520,7614099285839301905,mlbb-official,https://www.tiktok.com/@mlbbttofficial/video/7614099285839301905,mlbbttofficial,"It's her, it's her, and it's her! Because they are your exclusive Spring and Autumn! #MobileLegendsBangBang #MLBBNewSkin #MLBBEternalSeasons",12,619100,5475,81,176,20260307
662520,7642604615636110613,mlbb-esports,https://www.tiktok.com/@mlbbesports_official/video/7642604615636110613,mlbbesports_official,"The Philippines arrives at Asian Games 2026 with a coaching staff stacked with world champions, SEA Games medalists, and MPL legends. From Sn4P’s leadership, Arcadia’s championship pedigree, Ducky’s legendary experience, Yeb’s winning mentality, to Daikiqt’s analytical firepower, this squad isn’t just building a team. They’re building a machine built to win gold. 🇵🇭🏅 Can this mastermind lineup bring another historic run for the Philippines? #MLBBEsports #MLBB #MobileLegendsBangBang #ASIANGAMES2026",17,476200,22700,236,852,20260522
659100,7599196321244925192,mlbb-esports,https://www.tiktok.com/@mlbbesports_official/video/7599196321244925192,mlbbesports_official,Let their lights shine bright. Our first finalist. Aurora Gaming PH 🇵🇭 #MLBBEsports #MLBBM7 #MobileLegendsBangBang #M7 #LetTheWorldSeeUs,41,457600,24700,195,361,20260125
650140,7599115296703646984,mlbb-esports,https://www.tiktok.com/@mlbbesports_official/video/7599115296703646984,mlbbesports_official,"Let's hear what our guest star, DJ Viloid, thoughts about M7 Carnival and her wish for Indonesian' team! 🔥  Be sure to come to Stadium Madya GBK from 12 PM until the end because today is the LAST DAY! Get a special goodie bag from us if you’re among our Top 1,000 first registrants! 👀 Don’t forget to buy the tickets here: https://id-mpl.com/m7?q=carnival 🎫 #MLBBEsports #MLBBM7 #MobileLegendsBangBang #M7 #M7Carnival",71,461700,23200,142,250,20260125
643780,7645271605685685524,mlbb-esports,https://www.tiktok.com/@mlbbesports_official/video/7645271605685685524,mlbbesports_official,The goat is heading to Paris. 🐐🇫🇷 Team Liquid PH officially qualify to MSC at EWC 2026 Main Stage.  #MLBBEsports #MLBB #MobileLegendsBangBang #MSCatEWC2026,32,432500,25800,244,946,20260529
641320,7612930046264642834,willdominateyougg,https://www.tiktok.com/@willdominateyougg/video/7612930046264642834,willdominateyougg,#MLBB #willdominateyougg #argus #guts #fyp,28,492100,18300,141,544,20260303
638584,7626317399561620756,mlbb-official,https://www.tiktok.com/@mlbbttofficial/video/7626317399561620756,mlbbttofficial,"Control Immunity, charge, and massive AOE! Explosive damage from every axe sweep—no enemy horde can stop you!😎 #MobileLegendsBangBang #MLBBAULUS #MLBBREVAMPEDHERO #MLBBS40",46,561000,8898,320,439,20260408
633040,7599309732645473544,mlbb-esports,https://www.tiktok.com/@mlbbesports_official/video/7599309732645473544,mlbbesports_official,The Reign of Dominance is EXTENDED through the NORTHERN LIGHTS!  AURORA GAMING PH ARE YOUR M7 WORLD CHAMPIONS 🇵🇭 #MLBBEsports #MLBB #M7 #LetTheWorldSeeUs #MobileLegendsBangBang,46,356300,33400,477,2822,20260125
630820,7598964073870494983,mlbb-esports,https://www.tiktok.com/@mlbbesports_official/video/7598964073870494983,mlbbesports_official,"2267 Days since the M Series began. 2267 long days that Malaysia has never reached the Grand Finals.  Nice try, Selangor Red Giants, come back stronger 👊 Let the world see us! Mark your calendars for the M7! 📅 January 3rd - 25th, 2026 📍 Tenis Indoor Senayan – Knockout Stage & Grand Finals (Jan 21st–25th, 2026) 📍Stadium Madya - M7 Carnival (Jan 23rd-25th, 2026) 🎟 Get your tickets at id-mpl.com/m7 #MLBBEsports #MLBB #M7 #LetTheWorldSeeUs #MobileLegendsBangBang",60,382600,29600,571,806,20260124
618820,7553904817454779656,willdominateyougg,https://www.tiktok.com/@willdominateyougg/video/7553904817454779656,willdominateyougg,#mlbb #argus #aizensosuke #willdominateyougg #fyp,26,395000,27300,271,2023,20250925
614748,7642932603141491975,mobilelegends-id,https://www.tiktok.com/@mobilelegends_id/video/7642932603141491975,mobilelegends_id,"Siren datang merebut harta karun dan rumah para Sigilborn. Kini di atas ALLSTAR, keturunan Sigilborn yang selamat—Yu Zhong, Pharsa, dan Ling—telah berkumpul. Mengikuti jejak kekuatan gelap, mereka telah tiba di .... #MLBBAllstar  #MobileLegendsBangBang  #MLBBDreadsea",27,580300,4046,104,161,20260523
608256,7641855585897434384,mlbb-official,https://www.tiktok.com/@mlbbttofficial/video/7641855585897434384,mlbbttofficial,"Rolling Tides series skins are here! Follow in the footsteps of Yu Zhong, Pharsa, and Ling, and head to the mysterious ALLSTAR deep-sea world to find treasure together! #MLBBAllstar #MobileLegendsBangBang #MLBBDreadsea #MLBBNewSkin",20,529500,9352,197,379,20260520
598276,7640357733094427924,mlbb-official,https://www.tiktok.com/@mlbbttofficial/video/7640357733094427924,mlbbttofficial,An invitation from Tidal Ruins! Join Pharsa and find your deep-sea treasure in the ALLSTAR event! #MLBBAllstar #MobileLegendsBangBang #MLBBNewSkin,10,533000,7712,179,290,20260516
597660,7599298410851749138,mlbb-esports,https://www.tiktok.com/@mlbbesports_official/video/7599298410851749138,mlbbesports_official,Match point. #MLBBEsports #MLBBM7 #MobileLegendsBangBang #M7 #LetTheWorldSeeUs,63,457100,15700,748,478,20260125
586976,7637795474363206928,mlbb-official,https://www.tiktok.com/@mlbbttofficial/video/7637795474363206928,mlbbttofficial,"Yu Zhong ""Tidescale Sealord"" vs Yu Zhong ""Fathomless Sealord"". Which one do you prefer? I want them all! ALLSTAR ""Tidal Treasure Hunt"" begins on 04/30. Get Yu Zhong ""Tidescale Sealord"" and ""Fathomless Sealord"" (Painted skin) for FREE! #MLBBAllstar #MobileLegendsBangBang #MLBBNewSkin #MLBBFreeSkin",16,529300,6357,341,1073,20260509
576584,7640429760174329109,mobilelegends-id,https://www.tiktok.com/@mobilelegends_id/video/7640429760174329109,mobilelegends_id,Ada undangan dari Reruntuhan Ombak! Ayo bergabung bersama Pharsa dan temukan harta karun laut dalam di event ALLSTAR! #MLBBAllstar #MobileLegendsBangBang #MLBBNewSkin,10,537400,4583,126,106,20260516
575360,7620403395244952848,mlbb-official,https://www.tiktok.com/@mlbbttofficial/video/7620403395244952848,mlbbttofficial,What happens when two Marcels snap each other at the same time? #MLBBMARCEL #MLBBNEWHERO #MLBBS40 #MLBBGoldenMonth #MobileLegendsBangBang,11,541300,3760,199,115,20260323
562760,7599260543223942418,mlbb-esports,https://www.tiktok.com/@mlbbesports_official/video/7599260543223942418,mlbbesports_official,"Extending our most heartfelt gratitude to the Deputy Minister of Creative Economy of the Republic of Indonesia, Irene Umar for attending the M7 Grand Finals. 🙏 We appreciate your support in making such a grand event possible. Let the world see us! Mark your calendars for the M7! 📅 January 3rd - 25th, 2026 📍 Tenis Indoor Senayan – Knockout Stage & Grand Finals (Jan 21st–25th, 2026) 📍Stadium Madya - M7 Carnival (Jan 23rd-25th, 2026) 🎟 Get your tickets at id-mpl.com/m7 #MLBBEsports #MLBB #M7 #LetTheWorldSeeUs #MobileLegendsBangBang",97,432100,13600,1093,148,20260125
554880,7635920345043668245,mobilelegends-id,https://www.tiktok.com/@mobilelegends_id/video/7635920345043668245,mobilelegends_id,"Ini dia Kunci MVP untuk ke Playoffs, Pick Nanang, GILAK SANZ🥰🙈  #WeOwnThis #MPLIDS17 #WellPlayed #GameplayS17 #SANZ ONIC",22,417900,16500,249,832,20260504
547160,7636748052765723925,mlbb-esports,https://www.tiktok.com/@mlbbesports_official/video/7636748052765723925,mlbbesports_official,"Precision. Pressure. Pure outplay. ⚔️🔥 JamesPangks makes Suyou look like a weapon in motion, weaving aggression and discipline into every fight. One opening is all it takes to flip the game. Master the legends with a build forged for domination. #MLBBEsports #MLBB #MobileLegendsBangBang #MSCatEWC26 #MasterTheLegends",56,403400,17800,68,676,20260506
544180,7639592617096793365,mobilelegends-id,https://www.tiktok.com/@mobilelegends_id/video/7639592617096793365,mobilelegends_id,"Kalian semua sudah kukepung! ""Perburuan Harta Ombak"" ALLSTAR dimulai pada 30/04. Dapatkan skin baru Yu Zhong secara gratis dan ajak teman main bareng! #MLBBAllstar #MobileLegendsBangBang #MLBBNewSkin #MLBBFreeSkin",25,515800,3270,111,131,20260514
543056,7634061545852407061,mlbb-official,https://www.tiktok.com/@mlbbttofficial/video/7634061545852407061,mlbbttofficial,"That play left me speechless, but the new skins are absolutely amazing! 👇 ALLSTAR ""Tidal Treasure Hunt"" begins on 04/30. Get Yu Zhong ""Tidescale Sealord"" and Yu Zhong ""Fathomless Sealord"" skins for FREE! #MLBBAllstar #MobileLegendsBangBang #MLBBNewSkin #MLBBFreeSkin",29,474000,8112,208,366,20260429
534436,7635561399384755477,mobilelegends-id,https://www.tiktok.com/@mobilelegends_id/video/7635561399384755477,mobilelegends_id,"Arghhhpipiiii🥰, kali ini korban nya KennzyySkie dari Yazukee🫣 #WeOwnThis #MPLIDS17 #WellPlayed #GameplayS17 #AE YAZUKEE GEEK KENNZYYSKIE",22,463400,8452,171,244,20260503
519440,7599246557413707015,mlbb-esports,https://www.tiktok.com/@mlbbesports_official/video/7599246557413707015,mlbbesports_official,Nadeo = Defending his goal and defending his MLBB teammates 💪 🥅 🧤 #MLBBEsports #MLBBM7 #MobileLegendsBangBang #M7 #LetTheWorldSeeUs,87,407200,13800,92,329,20260125
516036,7600288352478334226,willdominateyougg,https://www.tiktok.com/@willdominateyougg/video/7600288352478334226,willdominateyougg,#MLBB #mobilelegendsbangbang #argus #aizen #willdominateyougg,23,478400,4632,29,152,20260128
514020,7613710982455528722,willdominateyougg,https://www.tiktok.com/@willdominateyougg/video/7613710982455528722,willdominateyougg,#MLBB #willdominateyougg #argus #toji #fyp,21,399100,13900,186,766,20260305
513508,7611856460670143745,mlbb-official,https://www.tiktok.com/@mlbbttofficial/video/7611856460670143745,mlbbttofficial,"""She's here, embodying the very soul of the character! ✨"" Let's do the finger dance with Miya ""Arrow of Spring""! #MobileLegendsBangBang #MLBBNewSkin #MLBBEternalSeasons",20,471900,4906,118,287,20260301
507716,7613301841614458132,mlbb-official,https://www.tiktok.com/@mlbbttofficial/video/7613301841614458132,mlbbttofficial,This synergy is a talent exclusive to the Eternal Seasons! Even two fingers can tap out a charming rhythm! #MobileLegendsBangBang #MLBBNewSkin #MLBBEternalSeasons,11,479400,3427,45,87,20260304
494948,7625529921808682261,mlbb-official,https://www.tiktok.com/@mlbbttofficial/video/7625529921808682261,mlbbttofficial,"Border Squad, I'll clear the way! #MobileLegendsBangBang #MLBBAULUS #MLBBREVAMPEDHERO #MLBBS40",24,431600,7361,223,165,20260406
493460,7599281996128374024,mlbb-esports,https://www.tiktok.com/@mlbbesports_official/video/7599281996128374024,mlbbesports_official,Edward X Light connection 🤝 #MLBBEsports #MLBBM7 #MobileLegendsBangBang #M7 #LetTheWorldSeeUs,18,403100,11000,118,218,20260125
491920,7599592293812768018,willdominateyougg,https://www.tiktok.com/@willdominateyougg/video/7599592293812768018,willdominateyougg,how did bro get there?💀 #MLBB #mobilelegendsbangbang #argus #toji #willdominateyougg,14,335000,19300,126,805,20260126
485724,7599209744930180359,mlbb-esports,https://www.tiktok.com/@mlbbesports_official/video/7599209744930180359,mlbbesports_official,"One of the M7's Rising Stars, Nino 🤩 Let the world see us! Mark your calendars for the M7! 📅 January 3rd - 25th, 2026 📍 Tenis Indoor Senayan – Knockout Stage & Grand Finals (Jan 21st–25th, 2026) 📍Stadium Madya - M7 Carnival (Jan 23rd-25th, 2026) 🎟 Get your tickets at id-mpl.com/m7 #MLBBEsports #MLBB #M7 #LetTheWorldSeeUs #MobileLegendsBangBang",421,409400,9238,121,100,20260125
478300,7628094549721648404,mlbb-official,https://www.tiktok.com/@mlbbttofficial/video/7628094549721648404,mlbbttofficial,"Red and Blue Intertwined! Under Your Name, Aulus, Fighting Spirit Burns! #MobileLegendsBangBang #MLBBAULUS #MLBBREVAMPEDHERO #MLBBS40",28,364500,13800,170,352,20260413
477088,7642945579655499028,mlbb-official,https://www.tiktok.com/@mlbbttofficial/video/7642945579655499028,mlbbttofficial,"The Siren's arrival stole the Sigilborn of their treasures and their home. Now aboard the ALLSTAR, the surviving Sigilborn scions—Yu Zhong, Pharsa, and Ling—have gathered. Following the trail of dark power, they have arrived at... #MLBBAllstar #MobileLegendsBangBang #MLBBDreadsea",27,448800,3211,130,158,20260523
468992,7641443146106211604,mlbb-official,https://www.tiktok.com/@mlbbttofficial/video/7641443146106211604,mlbbttofficial,"Will you use the all-new ALLSTAR skin, Pharsa ""Seasworn Oracle""? #MLBBAllstar #MobileLegendsBangBang #MLBBNewSkin",10,428800,4649,150,177,20260519
468944,7635489451858300180,mobilelegends-id,https://www.tiktok.com/@mobilelegends_id/video/7635489451858300180,mobilelegends_id,Glacial Hook dan momen kill yang keren!👍 Bertemu pro player di Frozen Sea Showdown .... #MobileLegendsBangBang #MLBBNewMode #MLBBFrozenSeaShowdown #MLBBS40,35,454100,1713,57,64,20260503
464980,7633751933374778644,mlbb-esports,https://www.tiktok.com/@mlbbesports_official/video/7633751933374778644,mlbbesports_official,"This week’s Global Leaderboard brings new shifts on the road to MSC at EWC 26: • Dewa United rises into #2 in Indonesia • Team Rey enters #2 in Malaysia • Aurora Gaming joins FUT Esports atop Türkiye • Alpha 7 North and Entity7 now share the lead in North and South MCT AMER The race keeps evolving, and every region is rewriting the story. Which change caught your eye the most? #MLBBEsports #MLBB #MobileLegendsBangBang",18,373900,11100,114,359,20260428
459400,7643041910092729620,mlbb-esports,https://www.tiktok.com/@mlbbesports_official/video/7643041910092729620,mlbbesports_official,"Nino, Hijumee, Arfy, Alex, Cyruz, and Yazuke will carry the red and white into the Asian Games 2026 Qualifier with one goal in mind: bringing glory back home. 🔥 Six names. One nation. One mission. 🏅 #MLBBEsports #MLBB #MobileLegendsBangBang #AsianGames2026",16,334800,13900,670,572,20260523
456860,7599281367859481863,mlbb-esports,https://www.tiktok.com/@mlbbesports_official/video/7599281367859481863,mlbbesports_official,Edward. Jay. Dapadap. Don't you EVER forget his name. #MLBBEsports #MLBBM7 #MobileLegendsBangBang #M7 #LetTheWorldSeeUs,120,354700,11700,428,504,20260125
443320,7634523575260613908,mlbb-official,https://www.tiktok.com/@mlbbttofficial/video/7634523575260613908,mlbbttofficial,Watch out! This axe-wielding Leonin is built differently! #MobileLegendsBangBang #MLBBAULUS #MLBBREVAMPEDHERO #MLBBS40,18,388100,6490,165,344,20260502
440020,7635588960600804629,mobilelegends-id,https://www.tiktok.com/@mobilelegends_id/video/7635588960600804629,mobilelegends_id,Outplay Jual Beli Item lagi dari YAZUKEEE! 🤯 #WeOwnThis #MPLIDS17 #WellPlayed #GameplayS17 #YAZUKEE AE,19,371100,8245,148,327,20260503
436800,7644892926790814996,mlbb-esports,https://www.tiktok.com/@mlbbesports_official/video/7644892926790814996,mlbbesports_official,"New faces are locking in their tickets. Guangzhou Gaming enter the Main Stage, while Geekay Esports continue their run toward MSC at EWC 2026. The road is getting tighter and every region is starting to shape its champions. Who’s next? 👀 #MSCatEWC2026 #MLBBEsports #MLBB #MobileLegendsBangBang #GlobalLeaderboard",17,344200,11300,110,390,20260528
435380,7573601329071869191,willdominateyougg,https://www.tiktok.com/@willdominateyougg/video/7573601329071869191,willdominateyougg,Alucard X Ichigo Bleach skin🔥🔥#MLBB #alucard #ichigo #willdominateyougg #fyp,33,346400,10900,89,373,20251117
428544,7638565028664282369,mlbb-official,https://www.tiktok.com/@mlbbttofficial/video/7638565028664282369,mlbbttofficial,"The ever-growing ""Snake"" on the screen 🐍 is actually a perfect representation of my daily routine lately: Joining various ALLSTAR events everywhere to save up Treasure Hunt Coins bit by bit. Then diving into the [Tidal Treasure Hunt] event for a chance to win real gold, tons of Diamonds, and limited rewards like ALLSTAR exclusive skins! Log in to the game now and start collecting those Treasure Hunt Coins! 🎮 (Real gold reward delivery is currently not available in certain regions. In such cases, an equivalent amount of in-game Diamonds will be issued instead. Final results are subject to the actual reward distribution.) #MLBBAllstar #MobileLegendsBangBang #MLBBrealgold #MLBBNewSkin #MLBBFreeSkin",12,410100,1968,135,139,20260511
427020,7634132402591681813,mlbb-official,https://www.tiktok.com/@mlbbttofficial/video/7634132402591681813,mlbbttofficial,Top-tier prediction. Total domination. ⚔ This is a true Frozen Sea Showdown master! 👍 #MobileLegendsBangBang #MLBBNewMode #MLBBFrozenSeaShowdown #MLBBS40,26,396400,3565,105,202,20260429
416252,7630121646879280405,mlbb-official,https://www.tiktok.com/@mlbbttofficial/video/7630121646879280405,mlbbttofficial,"Hook, get the takedown, reset, and hook again! It's too fun to stop! MLBB's new mode, Frozen Sea Showdown, brings the fun on 04/23! #MobileLegendsBangBang #MLBBNewMode #MLBBFrozenSeaShowdown #MLBBS40",83,382400,4019,85,167,20260418
413552,7632451843645377793,mlbb-official,https://www.tiktok.com/@mlbbttofficial/video/7632451843645377793,mlbbttofficial,Insane highlights ahead! You can't even imagine the joy of a hook player. #MobileLegendsBangBang #MLBBNewMode #MLBBFrozenSeaShowdown #MLBBS40,20,361700,6089,157,282,20260425
412912,7627416793191173392,mlbb-official,https://www.tiktok.com/@mlbbttofficial/video/7627416793191173392,mlbbttofficial,"Swinging his axe, he charges fearlessly, sweeping away enemies with his Fighting Spirit! Stepping up in dire situations, he proves the strength of a true warrior with his inherited axe! Tap to watch the Revamped Aulus Trailer and witness his awakened Fighting Spirit! #MobileLegendsBangBang #MLBBAULUS #MLBBREVAMPEDHERO #MLBBS40",75,341700,8484,167,327,20260411
408056,7641880800148983061,mobilelegends-id,https://www.tiktok.com/@mobilelegends_id/video/7641880800148983061,mobilelegends_id,"Skin seri Rolling Tides telah hadir! Ikuti jejak Yu Zhong, Pharsa, dan Ling, dan jelajahi dunia laut dalam ALLSTAR yang misterius untuk menemukan harta karun bersama! #MLBBAllstar #MobileLegendsBangBang #MLBBDreadsea #MLBBNewSkin",20,381600,3112,78,92,20260520
398040,7599331035867909383,mlbb-esports,https://www.tiktok.com/@mlbbesports_official/video/7599331035867909383,mlbbesports_official,"Türkiye and Thailand will be hosting the M8! HISTORY is made in the M8, the very first M Series hosted outside of Asia 🔥! See you in Türkiye 👋 #MLBBEsports #MLBB #M7 #LetTheWorldSeeUs #MobileLegendsBangBang",25,297900,12100,167,724,20260125
397340,7600290444714593544,willdominateyougg,https://www.tiktok.com/@willdominateyougg/video/7600290444714593544,willdominateyougg,what is blud doing🗿😹 #MLBB #mobilelegendsbangbang #argus #aizen #willdominateyougg,21,301600,11800,67,769,20260128
390604,7642640163553791233,mlbb-official,https://www.tiktok.com/@mlbbttofficial/video/7642640163553791233,mlbbttofficial,"The screenshot challenge is here! Can you successfully screenshot the same character? The all-new ALLSTAR exclusive skins are here and can be obtained via various ways for a limited time! Among them, Yu Zhong ""Tidescale Sealord"" and its Painted Skin Yu Zhong ""Fathomless Sealord"" can be obtained for FREE in the ""Tidal Treasure Hunt"" event! Team Up, Dive for Fortune! #MLBBAllstar #MobileLegendsBangBang #MLBBNewSkin",34,294700,5383,2642,248,20260522
390252,7632190825912438037,mlbb-esports,https://www.tiktok.com/@mlbbesports_official/video/7632190825912438037,mlbbesports_official,"Steel nerves. Regional pride. No room for hesitation. ⚔️🔥 From the streets of the Philippines to the rising battles across MY, TH, and MM, this week is stacked with clashes that shape the road to MSC at EWC 2026. Every region brings its own fire… but only the strongest will rise above the smoke. Which showdown are you watching? #MLBBEsports #MLBB #MobileLegendsBangBang #MSCatEWC26",60,311900,9689,42,148,20260424
384560,7627782121632828679,willdominateyougg,https://www.tiktok.com/@willdominateyougg/video/7627782121632828679,willdominateyougg,#mlbb #mlbbxnaruto #akatsuki #willdominateyougg #fyp,34,282000,12300,208,987,20260412
383896,7627435435555327233,mlbb-official,https://www.tiktok.com/@mlbbttofficial/video/7627435435555327233,mlbbttofficial,"Sweep the battlefield with massive AoE! Sprint and charge with Control Immunity, relentlessly pursuing enemies and growing stronger in battle! Revamped Aulus will be available on 04/22. Forge a legendary path on the battlefield with his fighting spirit and conviction! #MobileLegendsBangBang #MLBBAULUS #MLBBREVAMPEDHERO #MLBBS40",74,330000,6377,144,283,20260412
382120,7625194163234966792,willdominateyougg,https://www.tiktok.com/@willdominateyougg/video/7625194163234966792,willdominateyougg,#MLBB #argus #toji #willdominateyougg #fyp,14,247500,16500,131,2005,20260405
377400,7596988130574601479,willdominateyougg,https://www.tiktok.com/@willdominateyougg/video/7596988130574601479,willdominateyougg,mind=controlled #MLBB #argus #aizen #willdominateyougg #fyp,21,242100,16700,85,654,20260119
376084,7638909349284351252,mlbb-official,https://www.tiktok.com/@mlbbttofficial/video/7638909349284351252,mlbbttofficial,"Feel sorry for the enemy Balmond, but the Treasure Hunt Coins are ours! The ALLSTAR limited-time battlefield effect ""Tidal Gold Rush"" is available from 04/30 to 06/28! During the match, you can get Treasure Hunt Coins by killing the Turtle, destroying Turrets, getting kills or assists, or triggering Highlights Notifications! #MLBBAllstar #MobileLegendsBangBang #MLBBTidalGoldRush",50,353800,2453,133,237,20260512
373540,7601139244228201746,mlbb-esports,https://www.tiktok.com/@mlbbesports_official/video/7601139244228201746,mlbbesports_official,Still miss the M7? We'll roast our way through that 👍 #MLBBEsports #MLBBM7 #MobileLegendsBangBang #M7 #LetTheWorldSeeUs,57,315200,7185,43,111,20260130
373520,7637923250697243925,mlbb-official,https://www.tiktok.com/@mlbbttofficial/video/7637923250697243925,mlbbttofficial,"Cleave the Sky, Annihilate the Monsters! #MobileLegendsBangBang #MLBBAULUS #MLBBREVAMPEDHERO #MLBBS40",22,340500,3825,121,119,20260509
369740,7629201994439232788,mlbb-official,https://www.tiktok.com/@mlbbttofficial/video/7629201994439232788,mlbbttofficial,"Warrior of Ferocity - Aulus is getting a revamp on 04/22! The revamped Aulus now unleashes large-scale AOE damage, gaining Control Immunity and the ability to dash. His Ultimate, paired with the extra Movement Speed, allows him to move freely on the battlefield, easily pursuing and taking down enemies. Purchasing and using his own weapon, War Axe, will also trigger an easter egg interacting with the hero. It's waiting for you to discover! Want to know how to master Aulus quickly? Check out the revamped Aulus hero spotlight video! #MobileLegendsBangBang #MLBBAULUS #MLBBREVAMPEDHERO #MLBBS40",462,247800,14300,377,1059,20260416
369580,7599356495964146964,mlbb-esports,https://www.tiktok.com/@mlbbesports_official/video/7599356495964146964,mlbbesports_official,Celebrating @Aurora Gaming PH as M7 Champions with the crowds of M7 Carnival! 🔥  #MLBBEsports #MLBBM7 #MobileLegendsBangBang #M7 #M7Carnival,33,268400,12400,99,290,20260125
359380,7639306574095338772,mlbb-esports,https://www.tiktok.com/@mlbbesports_official/video/7639306574095338772,mlbbesports_official,The Champions of India 🇮🇳 True Rippers!  #MobileLegendsBangBang #MSCatEWC26 #MLBB #MLBBEsports #GoesToRiyadh,18,265100,11400,154,270,20260513
355724,7604857930994765074,mlbb-esports,https://www.tiktok.com/@mlbbesports_official/video/7604857930994765074,mlbbesports_official,"Rise As One | M7 Recap Video Art is a form of communication, it's a form of expression. It's an artists' legacy, left in print for the world to see and enjoy. From the street walls to the main stage. A lot of work went into M7 to let the world see us. #MLBBEsports #MLBB #M7 #LetTheWorldSeeUs #RiseAsOne",115,281200,9218,39,184,20260209
354468,7643024929432030484,mobilelegends-id,https://www.tiktok.com/@mobilelegends_id/video/7643024929432030484,mobilelegends_id,"Saat kami mereka ulang potret skin Pharsa ""Seasworn Oracle"" menjadi cosplay asli .... #MLBBAllstar #MobileLegendsBangBang #MLBBNewSkin",8,333400,2276,143,148,20260523
353460,7599920979111939335,mlbb-esports,https://www.tiktok.com/@mlbbesports_official/video/7599920979111939335,mlbbesports_official,"Our Realme Finals MVP Performance, by the numbers 📊 Light you BEAST #MLBBEsports #MLBBM7 #MobileLegendsBangBang #M7 #LetTheWorldSeeUs",46,255800,11900,123,653,20260127
349920,7636685410105707796,mlbb-esports,https://www.tiktok.com/@mlbbesports_official/video/7636685410105707796,mlbbesports_official,• Geekay Esports takes over the top spot in MENA • Aurora Gaming now stands alone at #1 in Türkiye • Dewa United and Team Rey continue their climb in ID & MY The road to MSC at EWC 26 is getting tighter every week. Who’s next to break through? 👀🔥 #MLBBEsports #MLBB #MobileLegendsBangBang #MSCatEWC26,20,261600,10600,176,390,20260506
348432,7241090553171987714,mlbb-top-creation,https://www.tiktok.com/@mlbbtopcreation/video/7241090553171987714,mlbbtopcreation,Luo Yi Montage @shonechristopher28 #mobilelegends #mgl #mlbbcreatorcamp,56,257700,9234,843,591,20230608
345900,7219187327950753025,mlbb-top-creation,https://www.tiktok.com/@mlbbtopcreation/video/7219187327950753025,mlbbtopcreation,paquito plays @suneogaming_ #mobilelegends #mgl #mlbbcreatorcamp,354,247900,12000,100,78,20230409
345440,7601060403904466183,willdominateyougg,https://www.tiktok.com/@willdominateyougg/video/7601060403904466183,willdominateyougg,#MLBB #mobilelegendsbangbang #argus #aizen #willdominateyougg,24,263000,10200,42,283,20260130
343760,7640403735331556616,willdominateyougg,https://www.tiktok.com/@willdominateyougg/video/7640403735331556616,willdominateyougg,Argus anti runner build #MLBB #mobilelegendsbangbang #MLBBALLSTAR #willdominateyougg #fyp,24,190900,18700,163,677,20260516
339608,7601120821980990738,mlbb-esports,https://www.tiktok.com/@mlbbesports_official/video/7601120821980990738,mlbbesports_official,Post event roasts 🤑 #MLBBEsports #MLBBM7 #MobileLegendsBangBang #M7 #LetTheWorldSeeUs,63,289000,6261,26,48,20260130
339540,7642286689037159687,mobilelegends-id,https://www.tiktok.com/@mobilelegends_id/video/7642286689037159687,mobilelegends_id,Buka dunia menakjubkan Reruntuhan Ombak bersama Pharsa! #MLBBAllstar  #MobileLegendsBangBang  #MLBBNewSkin,16,317700,2460,108,74,20260521
338692,7612874033515875600,mlbb-official,https://www.tiktok.com/@mlbbttofficial/video/7612874033515875600,mlbbttofficial,Invitation from the Girls #MLBBNewSkin #MLBBEternalSeasons,10,279100,7184,106,183,20260303
338192,7641448165878598933,mobilelegends-id,https://www.tiktok.com/@mobilelegends_id/video/7641448165878598933,mobilelegends_id,"Apakah kamu akan menggunakan skin ALLSTAR terbaru, Pharsa ""Seasworn Oracle""? #MLBBAllstar #MobileLegendsBangBang #MLBBNewSkin",10,322200,1809,76,55,20260519
335320,7616242658448526593,mlbb-official,https://www.tiktok.com/@mlbbttofficial/video/7616242658448526593,mlbbttofficial,"Mage players rejoice! That ""Long-range Turret"" Novaria everyone loves to hate is finally getting a buff! Check out the main changes here: 1️⃣ Skill 1: Previously, the 50% Slow Effect only applied on explosion. Now, stepping in triggers a Slow Effect that increases from 20% to 50%! Think enemies can dodge your Skill 2 now? They won't be able to move! 2️⃣ The damage of Skill 2 has been greatly increased: This is the highlight! With these buffs, Novaria is no longer just a vision tool—she's a true long-range powerhouse! Use her to rank up now! #MLBBS40 #DecisiveMoment #MLBBNewPatch #MobileLegendsBangBang",28,202700,16300,111,271,20260312
334920,7599264207460158728,mlbb-esports,https://www.tiktok.com/@mlbbesports_official/video/7599264207460158728,mlbbesports_official,"MLBB Esports 2026 Roadmap Ready for a HUGE Year Ahead... The MLBB Roadmap for the 2026 Season. Continuing our collab with the EWC for the Mid Season Cup, and the first ever M Series outside of Asia 🤩 Are you ready? Let the world see us! Mark your calendars for the M7! 📅 January 3rd - 25th, 2026 📍 Tenis Indoor Senayan – Knockout Stage & Grand Finals (Jan 21st–25th, 2026) 📍Stadium Madya - M7 Carnival (Jan 23rd-25th, 2026) 🎟 Get your tickets at id-mpl.com/m7 #MLBBEsports #MLBB #M7 #LetTheWorldSeeUs #MobileLegendsBangBang",298,272700,7465,125,95,20260125
319384,7639584470147861777,mlbb-official,https://www.tiktok.com/@mlbbttofficial/video/7639584470147861777,mlbbttofficial,"You are surrounded by me! ALLSTAR ""Tidal Treasure Hunt"" begins on 04/30. Get Yu Zhong's new skins for free and team up to try them out! #MLBBAllstar #MobileLegendsBangBang #MLBBNewSkin #MLBBFreeSkin",25,295900,2488,179,650,20260514
319252,7630765358848216321,mlbb-official,https://www.tiktok.com/@mlbbttofficial/video/7630765358848216321,mlbbttofficial,"You're right! But... How did you know I got 5 kills with Aulus? I'm not saying getting 5 kills is incredible or anything, it is just alright. I mean, getting 5 kills isn't really a big deal. But... I got 5 kills, did you know that?!😎🎉 #MobileLegendsBangBang #MLBBAULUS #MLBBREVAMPEDHERO #MLBBS40",30,245200,8484,309,483,20260420
318040,7641195694627474709,mlbb-esports,https://www.tiktok.com/@mlbbesports_official/video/7641195694627474709,mlbbesports_official,Two tickets are officially locked for MSC at EWC 2026 with True Rippers 🇮🇳 and Pro Esports 🇰🇭 securing their place in Riyadh. Changes from last week: • Invictus Gaming enters the Top 2 in MPL MY • Evil 🇸🇬 joins the leaderboard • Qualified teams are now officially marked 🏆 The race is getting tighter every week. Who’s next on the Road to Riyadh? #MSCatEWC2026 #MLBBEsports #MLBB #MobileLegendsBangBang #GlobalLeaderboard,20,247100,8440,171,237,20260518
317920,7643369818124586258,willdominateyougg,https://www.tiktok.com/@willdominateyougg/video/7643369818124586258,willdominateyougg,#MLBB #mobilelegendsbangbang #fyp #willdominateyougg #chicken,24,179500,16800,201,4090,20260524
316748,7634853323299998997,mlbb-esports,https://www.tiktok.com/@mlbbesports_official/video/7634853323299998997,mlbbesports_official,"From a Malaysian showdown between SRG and RRQ Tora, to a heavyweight MPL ID clash, plus crucial battles in Myanmar and MCC, this week’s Epic Showdowns are loaded with firepower. Different regions. Different styles. Same mission: conquer the road to MSC at EWC 26. Which matchup are you watching first? 👀 #MLBBEsports #MLBB #MobileLegendsBangBang #MSCatEWC26 #EPICShowdown",58,256300,7421,54,141,20260501
314756,7637737608671644948,mobilelegends-id,https://www.tiktok.com/@mobilelegends_id/video/7637737608671644948,mobilelegends_id,"Yu Zhong ""Tidescale Sealord"" vs Yu Zhong ""Fathomless Sealord"". Mana yang lebih kamu suka? Aku mau semuanya! ""Perburuan Harta Ombak"" ALLSTAR dimulai pada 30/04. Dapatkan Yu Zhong ""Tidescale Sealord"" dan ""Fathomless Sealord"" (Painted skin) secara GRATIS! #MLBBAllstar #MobileLegendsBangBang #MLBBNewSkin #MLBBFreeSkin",16,297100,1887,128,173,20260509
310732,7602196806071569672,mlbb-esports,https://www.tiktok.com/@mlbbesports_official/video/7602196806071569672,mlbbesports_official,"M7 Carnival - Stephanie Poetri - LIVE Performance We Love You 3000, Stephanie 🫶 Thanks for attending the M7 Carnival! #MLBBEsports #MLBB #M7 #LetTheWorldSeeUs #MobileLegendsBangBang",264,244000,8169,69,93,20260202
310520,7630779842086309140,mlbb-esports,https://www.tiktok.com/@mlbbesports_official/video/7630779842086309140,mlbbesports_official,"Team Vitality - Title Defender of MWI at EWC26! 🔥  After an unforgettable run in MWI at EWC 25, the Queen Bees return, ready to defend their throne! 🐝👑 They are here to make a statement — their reign is far from over! With new contenders on the rise, MWI at EWC26 is a must-watch for sure 👀  #MLBBEsports #MWIatEWC26 #MLBB #MLBBEsportsWoman #MobileLegendsBangBang",20,229200,10000,66,230,20260420
310280,7612870862827490580,mlbb-official,https://www.tiktok.com/@mlbbttofficial/video/7612870862827490580,mlbbttofficial,Can Marcel's Ultimate affect heroes in any state? Can he only freeze heroes? YES... or NO? 5 fun quizzes to reveal the mysterious photography of Marcel and Clemar! #MLBBMARCEL #MLBBNEWHERO #MLBBS40 #MLBBGoldenMonth #MobileLegendsBangBang,116,217500,11300,119,759,20260303
306456,7618527414020230416,mlbb-official,https://www.tiktok.com/@mlbbttofficial/video/7618527414020230416,mlbbttofficial,"Erlan brings good news! 🤫 ""Dazzling Shop"" is open for a limited time. Collect Dazzling Coins to exchange for up to a Special skin (Choose 1 of 48) for FREE! There are also massive amounts of heroes and items to exchange! #MLBBGoldenMonth #MLBBGoldenMonthEvent #MLBBFreeSkin #MobileLegendsBangBang",21,290900,1757,75,39,20260318
305900,7624832975062142229,mlbb-official,https://www.tiktok.com/@mlbbttofficial/video/7624832975062142229,mlbbttofficial,"The Paxley ""group photo"" #MLBBMARCEL #MLBBNEWHERO #MobileLegendsBangBang #GOSTARGO",60,165400,17100,185,682,20260404
304340,7599213358394477831,willdominateyougg,https://www.tiktok.com/@willdominateyougg/video/7599213358394477831,willdominateyougg,mind=controlled🗿 #MLBB #mobilelegendsbangbang #argus #aizen #willdominateyougg,23,187900,14100,182,1414,20260125
303660,7630763687481019665,mlbb-official,https://www.tiktok.com/@mlbbttofficial/video/7630763687481019665,mlbbttofficial,Learn 5 essential tips used by all Glacial Hook masters in just 1 minute! Frozen Sea Showdown will be available for a limited time starting 04/23. Come and check out this advanced guide! #MobileLegendsBangBang #MLBBNewMode #MLBBFrozenSeaShowdown #MLBBS40,67,258000,5460,99,349,20260420
300416,7642921540614409479,mobilelegends-id,https://www.tiktok.com/@mobilelegends_id/video/7642921540614409479,mobilelegends_id,HBD Emann🥳🎉 #WeOwnThis #MPLIDS17 #WellPlayed #GameplayS17 #MingguBerdarah DEWA BTR EMANN,14,265000,4167,104,119,20260523
296132,7631907350504295701,mlbb-esports,https://www.tiktok.com/@mlbbesports_official/video/7631907350504295701,mlbbesports_official,"Grace meets domination. 👑🔥 Yums turns Guinevere into a battlefield maestro, chaining control and burst with flawless timing. One combo, and the fight is already decided. Master the legends, or get swept by them. #MLBBEsports #MLBB #MobileLegendsBangBang #MSCatEWC26",15,226100,8634,48,343,20260423
295952,7636654567954074900,mobilelegends-id,https://www.tiktok.com/@mobilelegends_id/video/7636654567954074900,mobilelegends_id,"Ikuti event ""Perburuan Harta Ombak"" untuk mendapatkan aksesori emas eksklusif ALLSTAR secara GRATIS! 26Y Allstar Collection-Yu Zhong 999.9 Gold Coin yang berharga dan indah sudah siap. Siapakah yang akan menjadi pemenang beruntung berikutnya? Catatan: Pengiriman hadiah emas fisik saat ini tidak tersedia di beberapa wilayah. Dalam hal ini, Diamond dalam game dengan jumlah yang setara akan diberikan sebagai gantinya. Hasil akhir bergantung pada pengiriman hadiah yang sebenarnya. #MLBBAllstar #MLBBrealgold #MobileLegendsBangBang #MLBBXCTF",19,280900,1534,139,202,20260506
293832,7609171019496017159,willdominateyougg,https://www.tiktok.com/@willdominateyougg/video/7609171019496017159,willdominateyougg,#MLBB #mobilelegendsbangbang #onepiece #luffy #fyp,32,262600,3809,38,281,20260221
293160,7622302675119394069,mlbb-esports,https://www.tiktok.com/@mlbbesports_official/video/7622302675119394069,mlbbesports_official,"Galaxy Phoenix is Qualified to MWI at EWC26! 🔥  Queen Legends Season 3 officially wrapped with a deserving champion, Galaxy Phoenix! They will represent Cambodia for the upcoming MWI at EWC26, marking their name as the first qualified team this year! 👏  Congratulations, Galaxy Phoenix! 🌌  #MLBBEsports #MWIatEWC26 #MLBB #MLBBEsportsWoman #MobileLegendsBangBang",80,222300,8695,65,174,20260328
292680,7565069516535827730,willdominateyougg,https://www.tiktok.com/@willdominateyougg/video/7565069516535827730,willdominateyougg,2 vs 4 🥶 ichigo x aizen #MLBB #mobilelegendsbangbang #willdominateyougg #argus #fyp,22,160700,16200,119,731,20251025
291400,7642261534030302482,willdominateyougg,https://www.tiktok.com/@willdominateyougg/video/7642261534030302482,willdominateyougg,#MLBB #argus #toji #willdominateyougg #fyp,20,188400,12600,110,429,20260521
289100,7553562968001154311,willdominateyougg,https://www.tiktok.com/@willdominateyougg/video/7553562968001154311,willdominateyougg,#MLBB #fyp #alicemlbb,13,189400,12200,105,2168,20250924
289016,7638093764824780053,mobilelegends-id,https://www.tiktok.com/@mobilelegends_id/video/7638093764824780053,mobilelegends_id,"Caster terheran-heran, SuperKenn apalagi☠️ #WeOwnThis #MPLIDS17 #WellPlayed #GameplayS17 #SUPERKENN",13,244600,5257,118,93,20260510
288064,7598955562918841607,mlbb-esports,https://www.tiktok.com/@mlbbesports_official/video/7598955562918841607,mlbbesports_official,"Ladies and Gentlemen, our Two Grand Finalists. ⚔️ Let The World See Who Will Be The M7 World Champion Let the world see us! Mark your calendars for the M7! 📅 January 3rd - 25th, 2026 📍 Tenis Indoor Senayan – Knockout Stage & Grand Finals (Jan 21st–25th, 2026) 📍Stadium Madya - M7 Carnival (Jan 23rd-25th, 2026) 🎟 Get your tickets at id-mpl.com/m7 #MLBBEsports #MLBB #M7 #LetTheWorldSeeUs #MobileLegendsBangBang",136,202200,9853,352,940,20260124
287068,7599140906956049672,mlbb-esports,https://www.tiktok.com/@mlbbesports_official/video/7599140906956049672,mlbbesports_official,"It's a grand finals day for M7 here at Jakarta! 🔥  Last night, we closed AND entered the day with a bang from DJ Viloid! 💃  Be sure to come to Stadium Madya GBK from 12 PM until the end because today is the LAST DAY! Get a special goodie bag from us if you’re among our Top 1,000 first registrants! 👀 Don’t forget to buy the tickets here: https://id-mpl.com/m7?q=carnival 🎫 #MLBBEsports #MLBBM7 #MobileLegendsBangBang #M7 #M7Carnival",22,224400,7551,113,83,20260125
284236,7637053921998966033,mlbb-official,https://www.tiktok.com/@mlbbttofficial/video/7637053921998966033,mlbbttofficial,"🔥Watch closely, every hook makes an epic moment! #MobileLegendsBangBang #MLBBNewMode #MLBBFrozenSeaShowdown #MLBBS40",56,265100,2152,96,142,20260507
282340,7643742307182742802,willdominateyougg,https://www.tiktok.com/@willdominateyougg/video/7643742307182742802,willdominateyougg,#MLBB #toji #mobilelegends #willdominateyougg #fyp,32,154500,15700,112,855,20260525
282280,7637726512833219860,mobilelegends-id,https://www.tiktok.com/@mobilelegends_id/video/7637726512833219860,mobilelegends_id,Minggu Berdarah! TLID Menolak Tumbang! 🤯  #WeOwnThis #MPLIDS17 #WellPlayed #GameplayS17 #TLID BTR,39,253800,3415,58,173,20260509
281632,7582883492141321490,willdominateyougg,https://www.tiktok.com/@willdominateyougg/video/7582883492141321490,willdominateyougg,#MLBBxSpongeBob #MLBBFriendfest #MLBB #willdominateyougg #fyp,38,218200,7639,116,126,20251212
280036,7599314502441585927,mlbb-esports,https://www.tiktok.com/@mlbbesports_official/video/7599314502441585927,mlbbesports_official,Among a team of shining superstars. One Light shone the brightest. Our Realme Finals MVP. The Northern Light's Light 🔥 #MLBBEsports #MLBB #M7 #LetTheWorldSeeUs #MobileLegendsBangBang,60,217200,7417,175,151,20260125
278604,7644432715906944264,mobilelegends-id,https://www.tiktok.com/@mobilelegends_id/video/7644432715906944264,mobilelegends_id,BUILD JAHAT GORD ALA PRO PLAYER MPL! 🔥 Lagi cari referensi build Gord yang damage-nya nggak ngotak? Cobain nih Gord Viral Build Jahat yang lagi jadi andalan pro player di panggung MPL kayak Sanz dan Pheww! Rahasianya ada di racikan item-nya yang bikin efek laser Gord berasa panas banget buat nembus HP musuh yang tebal. Jangan lupa screenshot full build-nya di video ini ya! Udah siap bikin musuh kena mental di Midlane? 😜 MGL Creator: @RamzGG #mgl #mglid #mglmlbb #mglcontent,56,226700,6143,138,312,20260527
273540,7631534830576078101,mlbb-esports,https://www.tiktok.com/@mlbbesports_official/video/7631534830576078101,mlbbesports_official,"Two Champions, One Game. 🏆 MWI rebranded — a reflection of years of progress, growth, and a stage that’s only getting bigger ⭐️ MSC expanded — more regions, more competition, more history to be made🔥 Two parallel journeys, driven by the same pursuit of greatness. Be a part of this legacy. #MLBBEsports #TwoChampionsOneGame #MobileLegendsBangBang #MSCatEWC26 #MWIatEWC26",60,216400,7020,49,155,20260422
272052,7598936301081087250,mlbb-esports,https://www.tiktok.com/@mlbbesports_official/video/7598936301081087250,mlbbesports_official,Alter Ego has ZERO chill 🥶 #MLBBEsports #MLBBM7 #MobileLegendsBangBang #M7 #LetTheWorldSeeUs,27,228200,5329,61,110,20260124
270044,7599271157409369352,mlbb-esports,https://www.tiktok.com/@mlbbesports_official/video/7599271157409369352,mlbbesports_official,"The BIGGEST Match of the Year May the best team win ⚔️ Let the world see us! Mark your calendars for the M7! 📅 January 3rd - 25th, 2026 📍 Tenis Indoor Senayan – Knockout Stage & Grand Finals (Jan 21st–25th, 2026) 📍Stadium Madya - M7 Carnival (Jan 23rd-25th, 2026) 🎟 Get your tickets at id-mpl.com/m7 (http://id-mpl.com/m7) #MLBBEsports #MLBB #M7 #LetTheWorldSeeUs #MobileLegendsBangBang",60,208200,7208,209,211,20260125
269992,7566550112038669576,willdominateyougg,https://www.tiktok.com/@willdominateyougg/video/7566550112038669576,willdominateyougg,#MLBB #MobileLegendsBangBang #letuzawa #gusion #fyp,35,197700,8899,55,1055,20251029
267852,7598966592482954514,mlbb-esports,https://www.tiktok.com/@mlbbesports_official/video/7598966592482954514,mlbbesports_official,"ONIC, Team Spirit, Team Liquid, and now Selangor Red Giants. EVERY Champion from MLBB's strongest regions have been slain by Alter Ego 🇮🇩. Now they are Grand Finalists. Is this a miracle, a curse broken, or a cinderella story? Whatever you choose to believe... They are in the M Series Grand Finals.  Let the world see us! Mark your calendars for the M7! 📅 January 3rd - 25th, 2026 📍 Tenis Indoor Senayan – Knockout Stage & Grand Finals (Jan 21st–25th, 2026) 📍Stadium Madya - M7 Carnival (Jan 23rd-25th, 2026) 🎟 Get your tickets at id-mpl.com/m7 #MLBBEsports #MLBB #M7 #LetTheWorldSeeUs #MobileLegendsBangBang",62,189900,9349,158,174,20260124
259580,7598895290309004552,mlbb-esports,https://www.tiktok.com/@mlbbesports_official/video/7598895290309004552,mlbbesports_official,"The Golden Road? It's a fantasy. You know what's real though? Cinderella stories. We might have just witnessed one of them unfold. Let the world see us! Mark your calendars for the M7! 📅 January 3rd - 25th, 2026 📍 Tenis Indoor Senayan – Knockout Stage & Grand Finals (Jan 21st–25th, 2026) 📍Stadium Madya - M7 Carnival (Jan 23rd-25th, 2026) 🎟 Get your tickets at id-mpl.com/m7 #MLBBEsports #MLBB #M7 #LetTheWorldSeeUs #MobileLegendsBangBang",208,193600,7690,223,334,20260124
257588,7607743696720661768,willdominateyougg,https://www.tiktok.com/@willdominateyougg/video/7607743696720661768,willdominateyougg,#MLBB #mobilelegendsbangbang #argus #guts #willdominateyougg,29,219600,4576,69,217,20260217
256500,7605481426611604744,willdominateyougg,https://www.tiktok.com/@willdominateyougg/video/7605481426611604744,willdominateyougg,10/10 skin #MLBB #mobilelegendsbangbang #gusion #letuzawaofficial #fyp,25,222100,4215,34,107,20260211
254872,7599324934107663624,mlbb-esports,https://www.tiktok.com/@mlbbesports_official/video/7599324934107663624,mlbbesports_official,"From crossing borders to conquering the biggest MLBB stage, Light  rises as M7 World Championship FMVP. Standing with realme 15 Pro × MLBB, every clutch moment proves one thing — Real Passion Never Dies！ #realme15pro5g #realpassionneverdies",31,199900,6714,63,125,20260125
254040,7634125044335021332,mlbb-esports,https://www.tiktok.com/@mlbbesports_official/video/7634125044335021332,mlbbesports_official,"Different regions, same rising fire. ✨🔥 Repa is making waves in the jungle with fearless control, while Sivz is turning heads in the gold lane with sharp mechanics and star potential. Two young names, one shared trajectory: up. The next generation isn’t coming, it’s already here. Which rising star are you backing? #MLBBEsports #MLBB #MobileLegendsBangBang #MSCatEWC26 #RisingStars",15,180800,8895,104,242,20260429
250784,7583280823248424199,willdominateyougg,https://www.tiktok.com/@willdominateyougg/video/7583280823248424199,willdominateyougg,Aizen Vs Patrick🗿 #MLBBxSpongeBob #MLBBFriendfest #MLBB #argus #aizen,51,204200,5573,100,125,20251213
250592,7599538549783809288,mlbb-esports,https://www.tiktok.com/@mlbbesports_official/video/7599538549783809288,mlbbesports_official,"The stage lit up! Thanks for raising the ROOF here in Senayan 🫶 We're glad to have you here, No Na, and Stephanie Poetri #MLBBEsports #MLBBM7 #MobileLegendsBangBang #M7 #LetTheWorldSeeUs",46,176300,8974,125,184,20260126
246520,7640867817885027604,mlbb-esports,https://www.tiktok.com/@mlbbesports_official/video/7640867817885027604,mlbbesports_official,Pro Esports have officially secured their place at MSC at EWC 2026 Main Stage. Cambodia’s kings are ready for Riyadh. #MSCatEWC2026 #MLBBEsports #MLBB #MobileLegendsBangBang #GoesToRiyadh,60,152600,11400,136,239,20260517
245956,7613650522398035220,mlbb-official,https://www.tiktok.com/@mlbbttofficial/video/7613650522398035220,mlbbttofficial,"Dazzling Shop available for a limited time from 02/17 to 04/02! Participate in the event to get Dazzling Coins and exchange them for amazing rewards in the Dazzling Shop! Select from 48 skins (choose 1), massive heroes, and various items. You can even exchange for a Special skin! Log in to the game to collect Dazzling Coins! #MLBBGoldenMonth #MLBBGoldenMonthEvent #MobileLegendsbangbang #MLBBFreeSkin",95,224200,2572,59,45,20260305
240672,7634519126127430933,mlbb-official,https://www.tiktok.com/@mlbbttofficial/video/7634519126127430933,mlbbttofficial,"No cap, getting MVP is just that easy for me. #MobileLegendsBangBang #MLBBNewMode #MLBBFrozenSeaShowdown #MLBBS40",18,221100,2219,91,102,20260501
239756,7645301800043678997,mlbb-esports,https://www.tiktok.com/@mlbbesports_official/video/7645301800043678997,mlbbesports_official,"Indonesia enters the Asian Games 2026 Qualifier carrying history, pressure, and the hopes of a nation. One flag. One mission. Beyond legacy. #MLBBEsports #MLBB #MobileLegendsBangBang #AsianGames2026 #BeyondLegacy",35,198100,4997,84,114,20260529
239260,7612982498464632085,mlbb-esports,https://www.tiktok.com/@mlbbesports_official/video/7612982498464632085,mlbbesports_official,"Official Slot Allocation for MWI at EWC26   The competition expands, with the inclusion of a new region on the MWI stage  🌎 The journey starts here.  #MLBBEsports #MWIatEWC26 #MLBB #MLBBEsportsWomen #MobileLegendsBangBang MWI2026",133,200800,4655,61,61,20260303
238152,7640055333246749972,mlbb-esports,https://www.tiktok.com/@mlbbesports_official/video/7640055333246749972,mlbbesports_official,"The road to MSC at EWC 2026 is entering its danger zone. ⚔️🔥 Every region is cooking up a heavyweight clash this week 👀 Rivalries sharpened, playoff dreams on the line, and tickets to Riyadh getting closer. Which matchup are you watching first? 🌍🎮 #MLBBEsports #MLBB #MSC2026 #MSCatEWC26 #EPICShowdown",27,192200,5659,34,153,20260515
237220,7563584138549218568,willdominateyougg,https://www.tiktok.com/@willdominateyougg/video/7563584138549218568,willdominateyougg,#MLBB #argus #aizensosuke #kagura #emuotori,29,122400,14100,101,1121,20251021
237132,7627036040162774280,willdominateyougg,https://www.tiktok.com/@willdominateyougg/video/7627036040162774280,willdominateyougg,Itachi X Kisame🔥 #mlbb #itachi #kisame #willdominateyougg #fyp,29,171200,7949,117,739,20260410
232756,7599331943032917256,mlbb-esports,https://www.tiktok.com/@mlbbesports_official/video/7599331943032917256,mlbbesports_official,"5 Regions, 3 Franchise Leagues, and the year ahead. Our MLBB Esports Roadmap for 2026 👇 #MLBBEsports #MLBB #M7 #LetTheWorldSeeUs #MobileLegendsBangBang",60,208800,2872,49,99,20260125
230832,7618873527176809729,mlbb-official,https://www.tiktok.com/@mlbbttofficial/video/7618873527176809729,mlbbttofficial,🌙 Eid Mubarak! Hanabi wishes everyone a safe and joyous holiday! #MLBBGoldenMonth #MobileLegendsBangBang,8,156600,8639,256,162,20260319
227416,7614780739694923028,mlbb-esports,https://www.tiktok.com/@mlbbesports_official/video/7614780739694923028,mlbbesports_official,"Happy International Women’s Day 2026! On this International Women’s Day, we celebrate our women players who prove that skill has no gender and that the esports stage belongs to everyone! ✨  #MLBBEsports #MWIatEWC26 #MLBB #MLBBEsportsWomen #MobileLegendsBangBang",60,181300,5677,35,44,20260308
224320,7608098211378547976,willdominateyougg,https://www.tiktok.com/@willdominateyougg/video/7608098211378547976,willdominateyougg,NEW KHALEED EMOTE #MLBBGoldenMonth #MLBBFV #MLBB,22,185400,4770,38,179,20260218
223900,7645191436794711312,mlbb-official,https://www.tiktok.com/@mlbbttofficial/video/7645191436794711312,mlbbttofficial,The Siren's whispers echo through the seabed. 05/30 - 05/31 - The Final Showdown LIVE #ALLSTARShowdown #MLBBTideClash5v5 #MLBBALLSTAR,19,175200,5635,181,280,20260529
223396,7640807266022690069,mlbb-esports,https://www.tiktok.com/@mlbbesports_official/video/7640807266022690069,mlbbesports_official,Total Deffense by AURORA GAMING 🥶  #MSCatEWC2026 #MLBBEsports #MLBB #MobileLegendsBangBang #MPLHighlight,18,188400,4287,35,93,20260517
222176,7599364246828272903,mlbb-esports,https://www.tiktok.com/@mlbbesports_official/video/7599364246828272903,mlbbesports_official,It’s a passion for something we love that unites us ❤️  #MLBBEsports #MLBBM7 #MobileLegendsBangBang #M7 #M7Carnival,16,188600,3897,120,96,20260125
220492,7645224851354963207,mobilelegends-id,https://www.tiktok.com/@mobilelegends_id/video/7645224851354963207,mobilelegends_id,"Yuk dibeli, dibeli, skin Ling edisi Tides lagi PROMO! 🤪 #MobileLegendsBangBang #samasamamain #serubarengmlbb #mobilelegends_id #LingSkin",18,191700,2849,300,113,20260529
220000,7640396862301965586,mobilelegends-id,https://www.tiktok.com/@mobilelegends_id/video/7640396862301965586,mobilelegends_id,"Congratulations untuk ONIC, menjadi Tim Pertama yang mengamankan slot Upper Bracket setelah mendapatkan kemenangan hari ini melawan tim DEWA dengan total 11 Match Win🤩🔥 #WeOwnThis #MPLIDS17 #WellPlayed #GameplayS17 #MingguBerdarah ONIC UPPER BRACKET SECURED",30,197500,2575,95,88,20260516
217792,7630348941585845512,willdominateyougg,https://www.tiktok.com/@willdominateyougg/video/7630348941585845512,willdominateyougg,#mlbb #argus #hidan #willdominateyougg #mlbbxnaruto,28,183800,4104,58,121,20260419
216816,7594023236493495570,willdominateyougg,https://www.tiktok.com/@willdominateyougg/video/7594023236493495570,willdominateyougg,Kyōka Suigetsu #MLBB #mobilelegendsbangbang #argus #aizen #willdominateyougg,27,136800,9782,88,359,20260111
216800,7628861828835183888,mlbb-official,https://www.tiktok.com/@mlbbttofficial/video/7628861828835183888,mlbbttofficial,Challenge Me? Say Hi to My Axe First! ψ(｀∇´)ψ #MobileLegendsBangBang #MLBBAULUS #MLBBREVAMPEDHERO #MLBBS40,8,193600,2680,88,73,20260415
212960,7563592059458735378,willdominateyougg,https://www.tiktok.com/@willdominateyougg/video/7563592059458735378,willdominateyougg,#MLBB #alucard #ichigokurosaki #aizen #fyp,34,117600,11600,128,509,20251021
211368,7606317011014110484,mlbb-official,https://www.tiktok.com/@mlbbttofficial/video/7606317011014110484,mlbbttofficial,Step into Marcel's world of art and listen to the dialogue between two souls. #MobileLegendsBangBang #MLBBS40 #MLBBGoldenMonth #MLBBMARCEL #MLBBNEWHERO,33,177200,3956,126,172,20260225
210908,7644513280131747093,mlbb-official,https://www.tiktok.com/@mlbbttofficial/video/7644513280131747093,mlbbttofficial,"ALLSTAR Showdown: Siren's Bounty Gold Hunters, welcome to the real-life Dreadsea. 10 regions and 10 ALLSTARs will clash face-to-face here for the very first time. There is no turning back. The rules of the game are the only law of survival. Who will defend their region's ultimate honor? The Siren's Bounty is ready. Who will emerge as the final winner? @elizabethtsm @khinwintwahml @ortileshaira @Kazuki  @mrbrandonkent @paranoidosman @remixbacon @phankhanh0501 @woodskiyded 05/30 - 05/31 | Global Premiere Tune in to the official channel to witness this global battle for fortune. Join us to unlock exclusive ALLSTAR permanent rewards. #ALLSTARShowdown #MLBBTideClash5v5 #MLBBALLSTAR",46,161000,5721,207,588,20260527
210568,7643487755179134229,mlbb-esports,https://www.tiktok.com/@mlbbesports_official/video/7643487755179134229,mlbbesports_official,"Another contender joins the pursuit for greatness  in the MWI at EWC26 ✨ Emerging victorious in Lady MVP Season 10, Geltek Cyber Team have officially earned their ticket to MWI at EWC26 and will proudly represent the EECA region on the international stage! 🔥  A huge congratulations to Geltek Cyber Team on this milestone. Now, all eyes are on you as EECA’s finest prepare to take on the world! 🏆 #MLBBEsports #MWIatEWC26 #MLBB #MLBBEsportsWomen #MobileLegendsBangBang",72,160900,5916,117,313,20260524
208832,7631851913251654933,mlbb-official,https://www.tiktok.com/@mlbbttofficial/video/7631851913251654933,mlbbttofficial,"Is this a Tidal Gold Rush, or a trap set by the Abyss? Diving deeper following the glimmering Gold, unaware you have already become the prey. Hold your breath! #MLBBALLSTAR arrives on 04/30. 🎬 Watch the teaser now! #MLBBDreadsea",23,134800,8889,146,271,20260423
208616,7599159413798161671,mlbb-esports,https://www.tiktok.com/@mlbbesports_official/video/7599159413798161671,mlbbesports_official,The trash talk begins. One is crowned the favorite. The other is doubted to even belong here. But history says expectations mean nothing. 🗓 25 January ⏱️ 12:30 PM (GMT+7) 📍Live at Stadion Madya 📺 Livestreamed at MCGG / MLBB Official Watch live & win FREE prizes 📱💎 #MCGGGO1 #MCGGMRSS4 #MCGGRisingStars,176,173600,4302,30,11,20260125
207960,7634529502571318548,mlbb-official,https://www.tiktok.com/@mlbbttofficial/video/7634529502571318548,mlbbttofficial,"New mode Tide Siege is coming on 05/07! The corrupted sea creatures are at the gates, approaching the Base from three lanes. Don't be afraid. Team up with 2 other players to fend off the enemies. In this new mode, heroes will receive comprehensive enhancements. Break past the level cap, power up with different cards, unlock extra skill enhancements, and make one-tap wipeouts a reality! Tap the video to learn more! #TideSiege #MobileLegendsBangBang #MLBBNewMode",92,136600,8570,140,1099,20260504
207712,7634519662126009621,mlbb-official,https://www.tiktok.com/@mlbbttofficial/video/7634519662126009621,mlbbttofficial,"Treasure Awaits in the Deep Sea! Participate in the ALLSTAR ""Tidal Treasure Hunt"" event to get ALLSTAR-exclusive gold accessory, massive Diamonds, all-new exclusive skins, and exclusive items for FREE! Team Up, Dive for Fortune! Note: Physical gold reward delivery is currently not available in certain regions. In such cases, an equivalent amount of in-game Diamonds will be issued instead. Final results are subject to the actual reward distribution. #MLBBAllstar #MLBBrealgold #MobileLegendsBangBang #MLBBFreeSkin #MLBBNewSkin",13,196100,1209,97,270,20260501
207704,7643334522729139476,mobilelegends-id,https://www.tiktok.com/@mobilelegends_id/video/7643334522729139476,mobilelegends_id,Apes banget babang Nnael kena De Javu sama babang Kelra😅🤭 #WeOwnThis #MPLIDS17 #WellPlayed #Gameplay,24,177300,3488,125,80,20260524
204808,7604798285794020609,mlbb-esports,https://www.tiktok.com/@mlbbesports_official/video/7604798285794020609,mlbbesports_official,"We would like to thank EVERYONE who have made the M7 Carnival the MASSIVE event that it is today 😍 MLBB is grateful to have a community as AWESOME as you guys, we can't wait to see you on the next M Series Carnival 🤗 #MLBBEsports #MLBBM7 #M7Carnival #M7 #LetTheWorldSeeUs",91,166200,4711,46,61,20260209
201376,7640789087703682322,mobilelegends-id,https://www.tiktok.com/@mobilelegends_id/video/7640789087703682322,mobilelegends_id,POV: Fanny di team Musuh☠️😭 Kabel nya itu Loh Kai🥶  #WeOwnThis #MPLIDS17 #WellPlayed #GameplayS17 #MingguBerdarah,19,174500,3027,133,77,20260517
197600,7596610256298446098,willdominateyougg,https://www.tiktok.com/@willdominateyougg/video/7596610256298446098,willdominateyougg,#MLBB #argus #aizen #willdominateyougg #fyp,31,129500,8275,95,420,20260118
196712,7636689433730878741,mobilelegends-id,https://www.tiktok.com/@mobilelegends_id/video/7636689433730878741,mobilelegends_id,Jangan berkedip. Ketuk dua kali dan lihat satu layar penuh bersih seketika. #MLBBTIDESIEGE #MLBBAllstar #MobileLegendsBangBang  #MLBBNewMode,14,163700,3804,129,172,20260506
196296,7555449435598228754,willdominateyougg,https://www.tiktok.com/@willdominateyougg/video/7555449435598228754,willdominateyougg,#MLBBNEXT2025 #READYFORNEXT #MLBB #francotiktok #fyp,26,141200,6677,84,440,20250929
194816,7634520805195517204,mlbb-official,https://www.tiktok.com/@mlbbttofficial/video/7634520805195517204,mlbbttofficial,"That's right, it's real gold! We're doing something different this time! You can now pan for real gold in Tidal Ruins during ALLSTAR! Log in to the game now and complete matches to win exclusive gold accessory and tons of Diamonds! Note: Physical gold is not available in some regions. In such cases, the equivalent value in Diamonds will be issued instead. Final results are subject to the actual reward distribution. #MLBBALLSTAR #MLBBRealGold",51,177500,1952,85,211,20260502
193512,7601031332432547090,mlbb-esports,https://www.tiktok.com/@mlbbesports_official/video/7601031332432547090,mlbbesports_official,"At the highest level of esports, performance is no longer defined by players alone. Since 2020, Secretlab has supported every Mobile Legends: Bang Bang (MLBB) World Championship, helping provide a stable and consistent competitive environment across multiple M Series editions. That continuity matters at M7, where even small differences can compound over the course of a championship. This is how global mobile esports championships are built. #MLBBEsports #MLBBM7 #SecretLab #LetTheWorldSeeUs #MobileLegendsBangBang",46,144000,6069,48,114,20260130
193308,7635624700986674452,mobilelegends-id,https://www.tiktok.com/@mobilelegends_id/video/7635624700986674452,mobilelegends_id,Combo yang begitu cepat dari Kiboy x Kairi!🤯 #WeOwnThis #MPLIDS17 #WellPlayed #GameplayS17 #ONIC KIB,14,174400,2221,57,165,20260503
190676,7599269877177748744,mlbb-esports,https://www.tiktok.com/@mlbbesports_official/video/7599269877177748744,mlbbesports_official,"Let The World See This Ceremony 👀 Thank you to all the performers, to Miyu Mitamiyu for such an amazing performance! Let the world see us! Mark your calendars for the M7! 📅 January 3rd - 25th, 2026 📍 Tenis Indoor Senayan – Knockout Stage & Grand Finals (Jan 21st–25th, 2026) 📍Stadium Madya - M7 Carnival (Jan 23rd-25th, 2026) 🎟 Get your tickets at id-mpl.com/m7 #MLBBEsports #MLBB #M7 #LetTheWorldSeeUs #MobileLegendsBangBang",46,154300,4377,68,116,20260125
189812,7628185211733347585,mlbb-official,https://www.tiktok.com/@mlbbttofficial/video/7628185211733347585,mlbbttofficial,War Axe Cleaves Through Enemies Like Butter! #MobileLegendsBangBang #MLBBAULUS #MLBBREVAMPEDHERO #MLBBS40,12,171700,1784,192,59,20260413
188112,7598945838366231816,mlbb-esports,https://www.tiktok.com/@mlbbesports_official/video/7598945838366231816,mlbbesports_official,"Congratulations to the winners of the M7 Awards for Best Media! 🏆 The M7 World Championship proudly thanks our media partners for their powerful storytelling that truly #LetTheWorldSeeUs. Through thoughtful reporting, compelling narratives, and authentic coverage, you helped the world see not only the action on stage, but also the passion, discipline, and human stories that define M7. #MLBBEsports #MLBB #M7 #LetTheWorldSeeUs",56,171700,1949,41,28,20260124
185684,7645622743689415943,mobilelegends-id,https://www.tiktok.com/@mobilelegends_id/video/7645622743689415943,mobilelegends_id,Bayangan Menyerang! Siapa Dia? Apa Senjatanya? Pakai Skill Apa untuk Langsung Mengeliminasi Hanabi? #MobileLegendsBangBang  #MLBBNEWHERO  #MLBBHIRARA  #MLBBS41  #MLBBScarletEmbers,13,150300,3663,304,99,20260530
185564,7637381848200465684,mlbb-esports,https://www.tiktok.com/@mlbbesports_official/video/7637381848200465684,mlbbesports_official,"EPIC Showdown ⚔️🌊 EVOS and RRQ meet once again in an Indonesian showdown where pride weighs heavier than points. History remembers every clash… and this one is ready to add another page. Meanwhile, the heat rises across TH, MY, and KH with regional battles that could shift the road to MSC at EWC 26. Which matchup are you locked in for? 👀🔥 #MLBBEsports #MLBB #MobileLegendsBangBang #MSCatEWC26 #EPICShowodown",15,141000,5468,41,159,20260508
185160,7606272748658117909,mlbb-official,https://www.tiktok.com/@mlbbttofficial/video/7606272748658117909,mlbbttofficial,Marcel & Luo Yi: The ultimate Pause and Diversion tactic! What other combos can you think of with Marcel? Let us know in the comments! #MLBBMARCEL #MLBBNEWHERO  #MLBBS40 #MLBBGoldenMonth #MobileLegendsBangBang,39,116100,8435,79,371,20260225
180856,7634461713710042388,mlbb-official,https://www.tiktok.com/@mlbbttofficial/video/7634461713710042388,mlbbttofficial,"🎉 The Destination: Zer0 stood out from numerous incredible game soundtracks worldwide, winning the 2026 NYX Mobile Game ""Best Music"" & ""Best Audio Design"" awards! 🎵 Tap the video to hear the sounds behind this honor.",58,112700,8127,157,334,20260430
177664,7639704734793747733,mlbb-esports,https://www.tiktok.com/@mlbbesports_official/video/7639704734793747733,mlbbesports_official,"Marcel and Kaize are proving that the future of the EXP lane is already here. Different regions, different journeys, but the same hunger to make their names known on the global stage. Keep your eyes on these rising stars. 👀 #MLBBEsports #MLBB #MobileLegendsBangBang #MSCatEWC26 #RisingStars",23,136900,4923,69,153,20260514
176784,7644869463451503892,mobilelegends-id,https://www.tiktok.com/@mobilelegends_id/video/7644869463451503892,mobilelegends_id,KELAS!! @ade menunjukan kualitasnya sebagai analis papan atas dengan melakukan EPIC COMBACK di Final Match Tide Clash Livestream: Battle For Fortune.  #MLBB #MLBBAllStar #MLBBAllStarShowdown,55,162700,1578,73,96,20260528
176616,7616635943138741524,mlbb-official,https://www.tiktok.com/@mlbbttofficial/video/7616635943138741524,mlbbttofficial,"If you could turn back time, what would you choose to rewrite? I choose to rewrite the ending! #MLBBMARCEL #MLBBNEWHERO #MLBBS40 #MLBBGoldenMonth #MobileLegendsBangBang",29,105300,8712,81,116,20260313
176580,7598975350453832978,mlbb-esports,https://www.tiktok.com/@mlbbesports_official/video/7598975350453832978,mlbbesports_official,Freya best Marksman in the M7 🙏 #MLBBEsports #MLBBM7 #MobileLegendsBangBang #M7 #LetTheWorldSeeUs,22,153500,2745,56,48,20260124
175896,7598971456579554568,mlbb-esports,https://www.tiktok.com/@mlbbesports_official/video/7598971456579554568,mlbbesports_official,"The Last Play of the Day of the Knockout Stage! Arfy's Freya has been TERRIFYING, always in perfect position and never stopped hitting the most CRUCIAL targets throughout the fight Let the world see us! Mark your calendars for the M7! 📅 January 3rd - 25th, 2026 📍 Tenis Indoor Senayan – Knockout Stage & Grand Finals (Jan 21st–25th, 2026) 📍Stadium Madya - M7 Carnival (Jan 23rd-25th, 2026) 🎟 Get your tickets at id-mpl.com/m7 #MLBBEsports #MLBB #M7 #LetTheWorldSeeUs #MobileLegendsBangBang",15,143100,3992,43,36,20260124
175408,7644097568162532629,mlbb-esports,https://www.tiktok.com/@mlbbesports_official/video/7644097568162532629,mlbbesports_official,"FORGE THE NEW PATH | MCT EA · Ulaanbaatar Officially Announced On October 31, 2026, the MCT EA x ESN Grand Final will be held in Ulaanbaatar, opening a brand-new chapter for MCT EA. Here, the loudest crowd ignites the arena. Fearless competitors fight for glory. Every clash writes a new page in MLBB East Asia history. See you in Ulaanbaatar, where the path continues. #MCTEA #MLBBEsports #MobileLegendsBangBang",107,142000,4116,24,46,20260526
174648,7599494083333082386,mlbb-esports,https://www.tiktok.com/@mlbbesports_official/video/7599494083333082386,mlbbesports_official,Thank you for coming to M7 Carnival! 👋 ✨ 💖  #MLBBEsports #MLBBM7 #MobileLegendsBangBang #M7 #M7Carnival,46,123900,6181,65,86,20260126
173396,7644834501381672212,mobilelegends-id,https://www.tiktok.com/@mobilelegends_id/video/7644834501381672212,mobilelegends_id,Tim @IKHSAN LEMON harus rela melepaskan kekalahan yang sudah ada didepan mata.  #MLBB #MLBBAllStar #MLBBAllStarShowdown,58,157800,1687,105,159,20260528
172752,7598970499799977234,mlbb-esports,https://www.tiktok.com/@mlbbesports_official/video/7598970499799977234,mlbbesports_official,"When the stars shined the brightest, the biggest stars rise up. Yazukee is crowned our Star of the Day, the last one of the tournament. 🤩 Eight grueling games against Two major region's champions, and 6 Different heroes, Yazukee has shown us that even as a rookie, you can be World Class. Fanny, Leomord, Joy, Guinevere, Yi-Sun Shin, Uranus, this rookie is a class of his own Let the world see us! Mark your calendars for the M7! 📅 January 3rd - 25th, 2026 📍 Tenis Indoor Senayan – Knockout Stage & Grand Finals (Jan 21st–25th, 2026) 📍Stadium Madya - M7 Carnival (Jan 23rd-25th, 2026) 🎟 Get your tickets at id-mpl.com/m7 #MLBBEsports #MLBB #M7 #LetTheWorldSeeUs #MobileLegendsBangBang",105,141000,3764,82,54,20260124
170920,7599322740239371528,mlbb-esports,https://www.tiktok.com/@mlbbesports_official/video/7599322740239371528,mlbbesports_official,That Trophy Lift 🤩 🏆 #MLBBEsports #MLBBM7 #MobileLegendsBangBang #M7 #LetTheWorldSeeUs,38,118600,6325,86,322,20260125
170532,7639638931708939540,mobilelegends-id,https://www.tiktok.com/@mobilelegends_id/video/7639638931708939540,mobilelegends_id,"Para penguasa Land of Dawn siap turun ke laut! Harta karun melimpah sudah menanti, tapi pertanyaannya: Siapa yang sanggup menjinakkan badai? ⛈️ Catat jadwal ""pertarungan"" para penjelajah lautan di  Tide Clash Livestream: Battle for Fortune: ⚔️ MATCH 1: @IKHSAN LEMON vs @Rivaldi Fataah  📅 17 Mei 2026 | 🕛 12:00 WIB ⚔️ MATCH 2: @ade vs @Oura  📅 17 Mei 2026 | 🕚 15:00 WIB Nonton doang? Gak asik! Ikuti tantangannya dan jemput DIAMONDS GRATIS 💎 buat kamu yang beruntung! 📺 Live di Channel YouTube KOL favorit kalian! #MLBBAllStar #MLBBAllStarShowdown #MLBBTideClash #PertarunganOmbak",60,152000,2099,87,94,20260514
169244,7645180186836700437,mobilelegends-id,https://www.tiktok.com/@mobilelegends_id/video/7645180186836700437,mobilelegends_id,Bisikan Siren bergema di dasar laut. 30/05 - 31/05 - LIVE Pertandingan Puncak #ALLSTARShowdown  #MLBBTideClash5v5  #MLBBALLSTAR,19,139700,3263,172,142,20260529
168548,7599218174042656008,mlbb-esports,https://www.tiktok.com/@mlbbesports_official/video/7599218174042656008,mlbbesports_official,"At M7 Carnival, we honored to welcome all the beautiful ladies from talents to cosplayers! 🫰 Be sure to come to Stadium Madya GBK from 12 PM until the end because today is the LAST DAY! Get a special goodie bag from us if you’re among our Top 1,000 first registrants! 👀 Don’t forget to buy the tickets here: https://id-mpl.com/m7?q=carnival 🎫 #MLBBEsports #MLBBM7 #MobileLegendsBangBang #M7 #M7Carnival",46,123700,5516,36,80,20260125
165944,7639734827226385671,willdominateyougg,https://www.tiktok.com/@willdominateyougg/video/7639734827226385671,willdominateyougg,#MLBBALLSTAR #MLBBDreadsea #MLBBSiren #MLBBTidalGoldRush #MLBB,16,139300,3243,35,140,20260514
165600,7638909899543481607,willdominateyougg,https://www.tiktok.com/@willdominateyougg/video/7638909899543481607,willdominateyougg,#MLBBALLSTAR #MLBBDreadsea #MLBBSiren #MLBBTidalGoldRush #MLBB,24,131600,4060,76,170,20260512
165268,7622592680136117511,willdominateyougg,https://www.tiktok.com/@willdominateyougg/video/7622592680136117511,willdominateyougg,#MLBB #argus #darthvader #willdominateyougg #fyp,31,126100,4746,60,84,20260329
162912,7637362205939338512,mlbb-official,https://www.tiktok.com/@mlbbttofficial/video/7637362205939338512,mlbbttofficial,"You claimed the treasure. But you didn't stop, continuing to dive deeper. The closer you get to the wealth, the closer you are to danger. And you didn't choose to stop. #MLBBALLSTAR #MLBBDreadsea",20,121500,4669,203,668,20260508
162616,7645256246555053332,mlbb-esports,https://www.tiktok.com/@mlbbesports_official/video/7645256246555053332,mlbbesports_official,From Manila to Paris. 🏆 Team Liquid PH officially qualifies for MSC at EWC 2026 Main Stage. The reigning champions are back. #MLBBEsports #MLBB #MobileLegendsBangBang #MSCatEWC2026 #RoadToParis,60,111600,6102,110,222,20260529
161640,7638479000607657236,mobilelegends-id,https://www.tiktok.com/@mobilelegends_id/video/7638479000607657236,mobilelegends_id,Moskov Viral Land of Dawn 17 detik😟😱 #WeOwnThis #MPLIDS17 #WellPlayed #GameplayS17 #SUPERTOYY RRQ GE,17,134400,3165,96,210,20260511
161412,7640825744490319125,mlbb-esports,https://www.tiktok.com/@mlbbesports_official/video/7640825744490319125,mlbbesports_official,"The New Champion of Cambodia, PRO Esports 🥶  #MobileLegendsBangBang #MSCatEWC2026  #GoesToRiyadh",43,112200,5984,67,126,20260517
159772,7636716576456101141,mlbb-esports,https://www.tiktok.com/@mlbbesports_official/video/7636716576456101141,mlbbesports_official,1vs4? No Problem! 😎  #MPLHighlight #MSCatEWC26 #MSCatEWC26 #MobileLegendsBangBang,46,121500,4674,44,157,20260506
159552,7621864600094493968,mlbb-official,https://www.tiktok.com/@mlbbttofficial/video/7621864600094493968,mlbbttofficial,"The ""Sharingan"" filter is now available on TikTok. Follow the guide, and this time, you'll possess a Mangekyo Sharingan as powerful as Itachi's! #MLBBxNARUTO #MobileLegendsBangBang #MLBBNewSkin #NARUTO #MLBBFreeGaaraSkin #ValirFreeSkin",27,132300,2639,307,326,20260329
158224,7599160054603943176,mlbb-esports,https://www.tiktok.com/@mlbbesports_official/video/7599160054603943176,mlbbesports_official,"A rundown the M7 Grand Finals 📌 Let the World See the BIGGEST MLBB Match of the year. Let the world see us! Mark your calendars for the M7! 📅 January 3rd - 25th, 2026 📍 Tenis Indoor Senayan – Knockout Stage & Grand Finals (Jan 21st–25th, 2026) 📍Stadium Madya - M7 Carnival (Jan 23rd-25th, 2026) 🎟 Get your tickets at id-mpl.com/m7 #MLBBEsports #MLBB #M7 #LetTheWorldSeeUs #MobileLegendsBangBang",46,138300,2288,81,142,20260125
156660,7633384250338741524,mlbb-esports,https://www.tiktok.com/@mlbbesports_official/video/7633384250338741524,mlbbesports_official,"This week's biggest stories from across the MLBB world, all in one drop. 🇵🇭 New Godlaner, No Problem. TLPH's reign continues — TeddyQt steps in, the dynasty doesn't blink. 🇯🇵 The Champion of Japan. Sunset Ravens rise. Muiminet beats his old teammates 4–1 to claim the Japan throne. 🇲🇾 540 Days Unbeaten. Selangor Red Giants haven't tasted defeat in MPL Malaysia since November 2024. Can the streak survive another season? 🌎 MCT AMER Begins. A new era for the region. North vs South. One road to MSC at EWC 2026. Which story has you locked in? 👇 #MLBBMagazine #MLBBEsports #MLBB #MobileLegendsBangBang #MSCatEWC26",23,124400,3860,69,139,20260427
154804,7611093601136807188,mlbb-official,https://www.tiktok.com/@mlbbttofficial/video/7611093601136807188,mlbbttofficial,"""Walking together, a seasonal exclusive! ✨"" The Cosplay performance featuring Miya ""Arrow of Spring"" and Floryn ""Herald of Autumn"" is coming soon! Stay tuned! #MobileLegendsBangBang #MLBBNewSkin #MLBBEternalSeasons",17,100000,6423,171,266,20260226
150724,7638912121119722773,mlbb-official,https://www.tiktok.com/@mlbbttofficial/video/7638912121119722773,mlbbttofficial,"Dawnlight Celebration has arrived. Banners flutter across the Land of Dawn as all Commanders gather on the avenue, enjoying the parade floats, playing MCGG together, and celebrating at the Go Go Club. Go Go Club's 1st anniversary is here! All MCGG Commanders have assembled! We look forward to seeing you on 05/13! Tap the video to see how the Commanders are celebrating MCGG's 1st anniversary! Season 6: Dawnlight Celebration is coming on 05/13! Layla's limited-edition MLBB skin ""Blue Specter"" is redesigned and free in MCGG! Don't miss out on the free anniversary Chessboard! More surprises and bonuses await! #MagicChessGoGo #MCGG #MCGGSeason6 #S6DawnlightCelebration #MCGG1ST #513MCGG1year",85,93600,6653,195,214,20260512
150548,7598916751530675464,mlbb-esports,https://www.tiktok.com/@mlbbesports_official/video/7598916751530675464,mlbbesports_official,"Step to the otherworldly vibrance of M7 Carnival! ✨  Be sure to come to Stadium Madya GBK from 12 PM until the end. Get a special goodie bag from us if you’re among our Top 1,000 first registrants! 👀 Don’t forget to buy the tickets here: https://id-mpl.com/m7?q=carnival 🎫 #MLBBEsports #MLBBM7 #MobileLegendsBangBang #M7 #M7Carnival",56,117800,3906,75,184,20260124
149276,7641097373728394514,mobilelegends-id,https://www.tiktok.com/@mobilelegends_id/video/7641097373728394514,mobilelegends_id,"Hari kedua di EXP Lane, g-gugupnya masih berlanjut ya ges. Keep it up Kuroky! 😭🙏 #WeOwnThis #MPLIDS1 #WellPlayed #GameplayS17 #MingguBerdarah RRQ KUROKY",15,130900,2017,112,79,20260518
148776,7629380444055850241,mlbb-official,https://www.tiktok.com/@mlbbttofficial/video/7629380444055850241,mlbbttofficial,Wait! Give me one more chance! I promise I'll melt them all! 😭 #MobileLegendsBangBang #MLBBAULUS #MLBBREVAMPEDHERO #MLBBS40,28,113500,3882,211,129,20260416
146032,7640775422808018194,willdominateyougg,https://www.tiktok.com/@willdominateyougg/video/7640775422808018194,willdominateyougg,#MLBB #mobilelegendsbangbang #MLBBALLSTAR #willdominateyougg #fyp,34,88300,6879,135,1058,20260517
145940,7601014719528406290,willdominateyougg,https://www.tiktok.com/@willdominateyougg/video/7601014719528406290,willdominateyougg,what granger mains deserve #MLBB #mobilelegendsbangbang #letuzawaofficial #letuzawa #gusion,30,130100,1915,26,56,20260130
144840,7613299780172680455,willdominateyougg,https://www.tiktok.com/@willdominateyougg/video/7613299780172680455,willdominateyougg,#MLBB #willdominateyougg #adventuretime #alucard #fyp,20,103300,5095,39,406,20260304
143184,7599021215042358536,mlbb-esports,https://www.tiktok.com/@mlbbesports_official/video/7599021215042358536,mlbbesports_official,"We wrapped Day 2 of M7 Carnival with epic activities and surprises here and there! 🙌 Today’s crowd was amazing we’ll wait for you again tomorrow for the last day of M7 Carnival! 🫶 Be sure to come to Stadium Madya GBK from 12 PM tomorrow because tomorrow is the last DAY! Get a special goodie bag from us if you’re among our Top 1,000 first registrants! 👀 Don’t forget to buy the tickets here: https://id-mpl.com/m7?q=carnival 🎫 #MLBBEsports #MLBBM7 #MobileLegendsBangBang #M7 #M7Carnival",58,114400,3398,80,59,20260124
143012,7644415918516260116,mobilelegends-id,https://www.tiktok.com/@mobilelegends_id/video/7644415918516260116,mobilelegends_id,"Segenap keluarga besar MGL dan Mobile Legends: Bang Bang mengucapkan Selamat Hari Raya Idul Adha bagi seluruh teman-teman yang merayakan Sesuai dengan pesan di hari yang suci ini, ""Semoga semangat qurban menginspirasi kita untuk berbagi dan meningkatkan ketakwaan."" Mari jadikan momen penuh berkah ini sebagai pengingat untuk terus menebarkan keikhlasan, kebaikan, dan mempererat tali silaturahmi dengan sesama Selamat menikmati momen hangat, canda tawa, dan kebersamaan bersama keluarga dan orang-orang tersayang hari ini! 🤍 MGL Illustrator: @hikmah_anggoro | MGL Designer: @tsu.rizn | MGL Writer: @diegomndo #mgl #mglid #mglmlbb #mglillustration #mgldesign",89,89800,6004,259,415,20260527
142124,7598944093363866888,mlbb-esports,https://www.tiktok.com/@mlbbesports_official/video/7598944093363866888,mlbbesports_official,"Love on the weekend with spending your time with beloved ones at M7 Carnival! 💞  Be sure to come to Stadium Madya GBK from 12 PM until the end. Get a special goodie bag from us if you’re among our Top 1,000 first registrants! 👀 Don’t forget to buy the tickets here: https://id-mpl.com/m7?q=carnival 🎫 #MLBBEsports #MLBBM7 #MobileLegendsBangBang #M7 #M7Carnival",90,125200,2053,25,15,20260124
141004,7637100990755376405,mlbb-esports,https://www.tiktok.com/@mlbbesports_official/video/7637100990755376405,mlbbesports_official,"• RRQ Hoshi’s season hangs by a thread as the playoff nightmare continues • Ares Red Squad complete a flawless run to become the champions of South Korea • The M6 duo reunites under AC Esports, bringing world-stage chemistry into MPL MY • The Mongolz dominate Mongolia with a commanding 4-1 Grand Finals victory over Akatsuki Different regions. Different stories. One road leading to MSC at EWC 26. Which headline shocked you the most? 👀 #MLBBEsports #MLBB #MobileLegendsBangBang #MSCatEWC26",15,115200,3168,23,62,20260507
140664,7644914142612114708,mobilelegends-id,https://www.tiktok.com/@mobilelegends_id/video/7644914142612114708,mobilelegends_id,Test kekompakan yang bikin GEMESH!!! #AdaApaDenganWendy #WendyAllStarParty #MLBB #MLBBALLSTAR,64,123300,2033,55,50,20260528
139284,7630794940217314580,mlbb-esports,https://www.tiktok.com/@mlbbesports_official/video/7630794940217314580,mlbbesports_official,Teddyqt & Drichel Two rookies. Two regions. One insane performance. Team Liquid isn’t just building a roster they’re building the next era🥶 #MLBBEsports #RisingStar #MSC2026 #MPLID #MPLPH,36,111900,3358,26,97,20260420
139124,7642316304065744148,mlbb-esports,https://www.tiktok.com/@mlbbesports_official/video/7642316304065744148,mlbbesports_official,"The road to Riyadh keeps getting hotter. Upper brackets, playoff pressure, and rivalries ready to explode. One series changes everything. 🔥 Who takes the next step? 👀 #MSCatEWC2026 #MLBBEsports #MLBB #MobileLegendsBangBang #EPICShowdown",16,113400,3153,25,32,20260521
138808,7640767587000831239,mobilelegends-id,https://www.tiktok.com/@mobilelegends_id/video/7640767587000831239,mobilelegends_id,"Losssske pakdheeee~ 😂 Gapapa badan capek, yang penting dapet ws 😋 MGL Animator: @rubluene   #mgl #mglid #mglmlbb #mglillustration #mglanimation",14,110900,2961,211,82,20260517
138528,7599505516506664210,mlbb-esports,https://www.tiktok.com/@mlbbesports_official/video/7599505516506664210,mlbbesports_official,Even DJ Dipha Barus was amazed by the M7 Carnival's atmosphere! 💫 #MLBBEsports #MLBBM7 #MobileLegendsBangBang #M7 #M7Carnival,39,115900,2711,47,20,20260126
138512,7622216974491307272,willdominateyougg,https://www.tiktok.com/@willdominateyougg/video/7622216974491307272,willdominateyougg,#MLBB #argus #darthvader #willdominateyougg #fyp,27,111300,3324,31,105,20260328
138320,7644863513239817490,willdominateyougg,https://www.tiktok.com/@willdominateyougg/video/7644863513239817490,willdominateyougg,Argus 4X passive🤫 #MLBB #argus #hidan #willdominateyougg #fyp,21,91700,5620,83,231,20260528
137672,7586208811573054727,willdominateyougg,https://www.tiktok.com/@willdominateyougg/video/7586208811573054727,willdominateyougg,do ts this in ranked NOW #MLBBFriendFest #MLBBMeme #MLBB #letuzawa #fyp,32,118200,2349,34,139,20251221
136996,7627422617426808072,willdominateyougg,https://www.tiktok.com/@willdominateyougg/video/7627422617426808072,willdominateyougg,Toji and Lipas🗿 #mlbb #argus #toji #willdominateyougg #fyp,24,81600,6652,109,1045,20260411
134608,7611424829115223314,willdominateyougg,https://www.tiktok.com/@willdominateyougg/video/7611424829115223314,willdominateyougg,wyd in ts(this) situation?🥀 #MLBB #willdominateyougg #fyp #mlbbmeme,25,113500,2561,31,106,20260227
134452,7644781861666884880,mlbb-official,https://www.tiktok.com/@mlbbttofficial/video/7644781861666884880,mlbbttofficial,"Her silhouette remains hidden, yet her whispers already echo in your ears... Did you hear the soft chuckle of the new hero, Hirara? #MobileLegendsBangBang #MLBBNEWHERO #MLBBHIRARA #MLBBS41 #MLBBScarletEmbers",22,77500,6599,208,326,20260528
133272,7640759703445720340,mlbb-esports,https://www.tiktok.com/@mlbbesports_official/video/7640759703445720340,mlbbesports_official,4 enemies standing in the way. One Moskov refusing to fall. ⚡🔥 #MSCatEWC2026 #MLBBEsports #MLBB #MobileLegendsBangBang #MPLHighlight,16,109900,2869,21,96,20260517
131096,7635606857494711573,mlbb-esports,https://www.tiktok.com/@mlbbesports_official/video/7635606857494711573,mlbbesports_official,KyleTzy MANIAC. TLPH streak: STOPPED. 🔥 #MLBBEsports #MLBB #MobileLegendsBangBang #MSCatEWC26 #MPLHighlight,21,114600,2017,18,54,20260503
127028,7625209213333015828,mlbb-official,https://www.tiktok.com/@mlbbttofficial/video/7625209213333015828,mlbbttofficial,The last frame: snap! #MLBBMARCEL #MLBBNEWHERO #1hero2fun #MobileLegendsBangBang #GOSTARGO,59,70000,6931,79,328,20260405
126420,7642617478266227989,mlbb-esports,https://www.tiktok.com/@mlbbesports_official/video/7642617478266227989,mlbbesports_official,"The late-night practice, the endless scrims, the losses that still sting... All of it is for one moment: to stand on the biggest stage and prove, “I belong here.”   They're coming for the ACL × MCT EA. Wins and losses, highlights and quiet moments—they never stopped moving.   The tournament kicks off on May 22. Every day has led to this moment. Now watch them step onto the stage with nothing to fear.  #mlbbesports #mlbbeaesports #ACLxMCTEA #mlbb",31,105800,2445,53,110,20260522
126128,7241090405075356930,mlbb-top-creation,https://www.tiktok.com/@mlbbtopcreation/video/7241090405075356930,mlbbtopcreation,Luo Yi Gameplay @misspredat #mobilelegends #mgl #mlbbcreatorcamp,39,79500,5406,169,211,20230607
125648,7641955232699682069,mlbb-esports,https://www.tiktok.com/@mlbbesports_official/video/7641955232699682069,mlbbesports_official,"Fast hands, perfect timing, and teamfights that suddenly turn into highlight reels. One blink and the fight already belongs to him. #MSCatEWC2026 #MLBBEsports #MLBB #MobileLegendsBangBang #MasterTheLegends",20,90000,4396,24,91,20260520
124744,7607377452171660552,willdominateyougg,https://www.tiktok.com/@willdominateyougg/video/7607377452171660552,willdominateyougg,#MLBB #mobilelegendsbangbang #argus #aizen #willdominateyougg,32,100500,2958,29,70,20260216
124648,7599621860275375378,mlbb-esports,https://www.tiktok.com/@mlbbesports_official/video/7599621860275375378,mlbbesports_official,The magic of M7 Carnival still echoed. See you when we see you again? 🥰 #MLBBEsports #MLBBM7 #MobileLegendsBangBang #M7 #M7Carnival,63,108800,1841,56,19,20260126
123832,7645219445178141972,mlbb-official,https://www.tiktok.com/@mlbbttofficial/video/7645219445178141972,mlbbttofficial,A Shadow Strikes! Who Is She? What's Her Weapon? What Skill Did She Use to One-Shot Hanabi? #MobileLegendsBangBang #MLBBNEWHERO #MLBBHIRARA #MLBBS41 #MLBBScarletEmbers,13,76800,5439,176,180,20260530
123388,7644788274396974354,mobilelegends-id,https://www.tiktok.com/@mobilelegends_id/video/7644788274396974354,mobilelegends_id,"Siluetnya masih tersembunyi, namun bisikannya sudah menggema di telingamu .... Apakah kamu mendengar tawa kecil yang lembut dari hero baru, Hirara? #MobileLegendsBangBang  #MLBBNEWHERO  #MLBBHIRARA  #MLBBS41  #MLBBScarletEmbers",25,91100,3331,282,248,20260528
123248,7644617642216541461,mlbb-esports,https://www.tiktok.com/@mlbbesports_official/video/7644617642216541461,mlbbesports_official,"From M7 glory to watching MPL PH S17 playoffs from home, Aurora Gaming’s journey ends after falling to ONIC PH. #MLBBEsports #MLBB #MobileLegendsBangBang  #MSCatEWC2026",44,85400,4541,76,149,20260527
123172,7643423046379769109,mlbb-esports,https://www.tiktok.com/@mlbbesports_official/video/7643423046379769109,mlbbesports_official,Thailand sends another challenger into the arena. The road continues and KOG are ready to fight for their place on the biggest stage. 🔥👑 #MSCatEWC2026 #MLBBEsports #MLBB #MobileLegendsBangBang,14,104300,1719,256,232,20260524
123112,7611430088097156353,mlbb-official,https://www.tiktok.com/@mlbbttofficial/video/7611430088097156353,mlbbttofficial,Fanny's first Legend Skin is coming soon. Are you ready? #MobileLegendsBangBang #MLBBFannyLegendSkin,12,101100,2599,61,69,20260227
122356,7620386731010837768,willdominateyougg,https://www.tiktok.com/@willdominateyougg/video/7620386731010837768,willdominateyougg,#MLBB #nanami #jjk #mobilelegendsbangbang #fyp,29,77000,5542,51,331,20260323
117560,7645592381579873554,mobilelegends-id,https://www.tiktok.com/@mobilelegends_id/video/7645592381579873554,mobilelegends_id,"Ikuti arah kipas kembar dan bersiaplah memasuki season baru. S41 Daun Gugur Membara akan hadir pada 17/06, nantikan! #MLBBHirara  #MLBBS41  #MLBBScarletEmbers  #MLBBNewHero  #MobileLegendsBangBang",5,90100,2985,179,129,20260530
117548,7599274797134007570,mlbb-esports,https://www.tiktok.com/@mlbbesports_official/video/7599274797134007570,mlbbesports_official,"We met our amazing KOLs at M7 Carnival today and asked about their predictions for the Grand Finals match 👀  Be sure to come to Stadium Madya GBK from 12 PM until the end because today is the LAST DAY! Get a special goodie bag from us if you’re among our Top 1,000 first registrants! 👀 Don’t forget to buy the tickets here: https://id-mpl.com/m7?q=carnival 🎫 #MLBBEsports #MLBBM7 #MobileLegendsBangBang #M7 #M7Carnival",57,96900,2341,96,62,20260125
117008,7638556661392624917,mobilelegends-id,https://www.tiktok.com/@mobilelegends_id/video/7638556661392624917,mobilelegends_id,"✨ 11-17 Mei 2026 Kuis molemathics berhadiah 10 skin Epic & 20.000 Diamond! 💎  Hitung berapa nilai Yu Zhong dari soal di atas di kolom komentar 👇🏻 Jawab sebanyak-banyaknya + mention temen kamu biar kesempatan menang lebih besar yagesya 👀 📌 Selama bulan Mei, MLBB akan bagi-bagi lebih banyak DIAMOND & SKIN EPIC + LUCKYBOX PERMANEN! 🔥 Jangan sampai ketinggalan ‼️  📌 FOLLOW MLBB ID SEKARANG di setiap socmed & nyalakan lonceng notifikasi kuy 🔥 🔸 Instagram - @realmobilelegendsid 🔸 Facebook - Mobile Legends: Bang Bang (ID) 🔸 TikTok - @mobilelegends_id 🔸 YouTube - @mobilelegends_indonesia #HartaKarunAllstar #MLBBAllStar #MLBBAllStarShowdown #MLBBTideClash      giveaway skin gratis terbaru mobile legends diamond gratis event update allstar 2026",60,97000,961,616,82,20260511
115740,7645174820996484373,mlbb-esports,https://www.tiktok.com/@mlbbesports_official/video/7645174820996484373,mlbbesports_official,K1ngkong 🛞🛞🛞  #MLBBEsports #MobileLegendsBangBang #MSCatEWC2026 #MPLHighlight,13,89000,3250,37,129,20260529
115336,7619300900540124433,mlbb-official,https://www.tiktok.com/@mlbbttofficial/video/7619300900540124433,mlbbttofficial,Will you return with a full haul or seeing stars?💫 The brand-new mode is coming soon. Are you ready? #MLBBS40 #DecisiveMoment #MLBBNewPatch #MobileLegendsBangBang #MLBBNewMode,15,76300,4722,63,53,20260321
114952,7631113552564063495,willdominateyougg,https://www.tiktok.com/@willdominateyougg/video/7631113552564063495,willdominateyougg,#mlbb #argus #hidan #willdominateyougg #mlbbxnaruto,33,89600,3029,56,67,20260421
114172,7641185561209802005,mobilelegends-id,https://www.tiktok.com/@mobilelegends_id/video/7641185561209802005,mobilelegends_id,EPIC COMEBACK!!! Tim @IKHSAN LEMON berhasil membalikan keadaan moment seru ketika kemenangan yang sudah ada didepan mata @Rivaldi Fataah  berhasil direbut #MLBBAllStar #MLBBAllStarShowdown #MLBBTideClash #PertarunganOmbak,60,97500,1839,98,27,20260518
112744,7642976172900420884,mlbb-esports,https://www.tiktok.com/@mlbbesports_official/video/7642976172900420884,mlbbesports_official,🔥 Geekay Esports are heading to MSC at EWC 2026! The journey through MENA is complete and the Paris dream is now reality. One more team joins the battle on the biggest stage. ⚔️ Next stop: MSC at EWC 2026. 👀 #MSCatEWC2026 #MLBBEsports #MLBB #MobileLegendsBangBang #RoadToParis,28,95300,2108,29,13,20260523
112088,7642987996584725778,willdominateyougg,https://www.tiktok.com/@willdominateyougg/video/7642987996584725778,willdominateyougg,#MLBB #mobilelegendsbangbang #MLBBALLSTAR #willdominateyougg #fyp,26,70200,5031,82,521,20260523
111716,7617744501943110913,mlbb-official,https://www.tiktok.com/@mlbbttofficial/video/7617744501943110913,mlbbttofficial,"Marcel's amazing combos in action, easy to master! #MLBBMARCEL #MLBBNEWHERO #MLBBS40 #MLBBGoldenMonth #MobileLegendsBangBang",33,79200,3917,59,77,20260316
107660,7628999600422309141,mlbb-esports,https://www.tiktok.com/@mlbbesports_official/video/7628999600422309141,mlbbesports_official,"OPPO HYPER LEGEND CUP X MLBB CAMPUS SERIES 2026 – The ultimate stage is here!  Top campus teams from Malaysia, Singapore, Philippines and Indonesia will clash for glory!  Before the Grand Finals ignite, two KOL giants clash in a high-stakes BO3 showdown ⚔️ Cheer for your team, meet with your idol and win exciting rewards 🎉 Don’t miss it. 📍 Venue: 1 Utama Shopping Centre 📌 Address: City Centre, 1, Lebuh Bandar Utama, Bandar Utama, 47800 Petaling Jaya, Selangor 🏆 Overall Prize Pool: 💰 100,000 USD 💎 1,200,000 MLBB Diamonds #HyperLegendsCup #OPPOxMLBB #PlayWithOPPO #MakeYourGoldenMoment",80,95300,1505,16,92,20260415
106636,7641076782430522644,mlbb-esports,https://www.tiktok.com/@mlbbesports_official/video/7641076782430522644,mlbbesports_official,"Africa has found its champion! 👑 With a dominant performance throughout the MWI Africa Qualifiers, Team Falcons officially punched their ticket to MWI at EWC26 and will carry the region’s banner onto the global stage! 🌍 Congratulations to Team Falcons for this incredible milestone! Africa is ready to roar! 🔊  #MLBBEsports #MWIatEWC26 #MLBB #MLBBEsportsWomen #MobileLegendsBangBang",85,95300,1372,18,26,20260518
106392,7614106709216316673,mlbb-official,https://www.tiktok.com/@mlbbttofficial/video/7614106709216316673,mlbbttofficial,"I'm waiting for the launch of Fanny ""Galactic Starhawk"" Legend Skin in MLBB. Are you ready? #MobileLegendsBangBang #MLBBFannyLegendSkin",111,75100,3739,69,104,20260308
106264,7645608227429715218,mobilelegends-id,https://www.tiktok.com/@mobilelegends_id/video/7645608227429715218,mobilelegends_id,Dek Harley JJ dulu bos 🃏🔥 #MobileLegendsBangBang #samasamamain #serubarengmlbb #mlbbindonesia,18,87500,1903,177,16,20260530
106148,7616672861561834770,willdominateyougg,https://www.tiktok.com/@willdominateyougg/video/7616672861561834770,willdominateyougg,wait what?? #MLBB #argus #toji #willdominateyougg #fyp,17,68300,4556,70,235,20260313
104404,7241090353498049794,mlbb-top-creation,https://www.tiktok.com/@mlbbtopcreation/video/7241090353498049794,mlbbtopcreation,Luo Yi Combo Tutorial @elaineyy #mobilelegends #mgl #mlbbcreatorcamp,67,71600,3903,79,104,20230606
101908,7645549020840070421,mlbb-esports,https://www.tiktok.com/@mlbbesports_official/video/7645549020840070421,mlbbesports_official,"🇲🇲 Two step closer to the crown. YG and Seven Esports collide in the Myanmar Finals with everything on the line. 👑🔥 Meanwhile, two more battles are ready to shake the scene. Virtus.pro vs FORZE. MV vs JP Niners. Pure pressure, pure fire. ⚔️ #MLBBEsports #MobileLegendsBangBang #MSC2026 #MSCatEWC26 #EPICShowdown",21,80300,2646,22,46,20260530
100460,7599253690511297810,mlbb-esports,https://www.tiktok.com/@mlbbesports_official/video/7599253690511297810,mlbbesports_official,"The world is watching. MLBB x Esports Nations Cup is HERE! From November 23rd to 29th, 32 Nations will collide. 7 Days of non-stop action. But only ONE will rise as the Champion. 🏆 Who will bring the trophy home? Drop your flag below! 👇 #MLBBEsports #MLBB #ENC #EsportsNationCup #MobileLegendsBangBang",59,87200,1530,51,67,20260125
100088,7644820367005076754,mobilelegends-id,https://www.tiktok.com/@mobilelegends_id/video/7644820367005076754,mobilelegends_id,Selena yang dulu bukanlah Selena yang sekarang 😢 #mobilelegends_id #serubarengmlbb #samasamamain #MobileLegendsBangBang  #MLBBLore,71,85600,1591,88,71,20260528
99884,7643778144029183252,mlbb-esports,https://www.tiktok.com/@mlbbesports_official/video/7643778144029183252,mlbbesports_official,Guangzhou Gaming is going to Paris 🙌  #MobileLegendsBangBang #MLBBEsports #MSCatEWC2026 #RoadToParis,24,81200,2278,23,19,20260525
99704,7631490453405289749,mlbb-esports,https://www.tiktok.com/@mlbbesports_official/video/7631490453405289749,mlbbesports_official,"Where legends are forged, and new kings and queens rise. Two Champions, One Game. 🏆🔥 The road to MSC and MWI 2026 leads to Riyadh, where the world’s finest will clash for glory, pride, and legacy. Every play matters. Every moment defines history. Are you ready to witness greatness? #MLBBEsports #TwoChampionsOneGame #MobileLegendsBangBang #MSCatEWC26 #MWIatEWC26",27,75700,2918,33,63,20260422
99648,7644147282891279624,mobilelegends-id,https://www.tiktok.com/@mobilelegends_id/video/7644147282891279624,mobilelegends_id,"Kalo udah jadi, damage + attack speednya gak ada obat sih JUJUR! 🔥🔥  #MobileLegendsBangBang #samasamamain #serubarengmlbb #mobilelegends_id #Obsidia",60,76600,2571,124,83,20260526
99636,7635651086367444244,mlbb-esports,https://www.tiktok.com/@mlbbesports_official/video/7635651086367444244,mlbbesports_official,"Aurora Storm is Qualified to MWI at EWC26! 👏  ESN National Championship Season 1 - Women has officially concluded, with Aurora Storm emerging as the Champion and will represent Mongolia in MWI at EWC26! 🔥  Congratulations, Aurora Storm 🙌  #MLBBEsports #MWIatEWC26 #MLBB #MLBBEsportsWoman #MobileLegendsBangBang",22,86800,1572,13,43,20260503
99428,7615136061856992533,mlbb-official,https://www.tiktok.com/@mlbbttofficial/video/7615136061856992533,mlbbttofficial,"S40 New Patch ""Decisive Moment"" launches on 03/11! New Hero Marcel, the elegant and mysterious grotesque artist, is here to take control! A mysterious new mode is coming soon! Hooks everywhere will test your reflexes to the limit. What surprises await? The annual ALLSTAR event brings surprises! Tidal Ruins themed skins revealed, plus massive bonuses reimagined! #S40 #DecisiveMoment #MLBBNewPatch #MobileLegendsBangBang",89,68900,3621,78,200,20260309
98968,7599277465483201810,mlbb-esports,https://www.tiktok.com/@mlbbesports_official/video/7599277465483201810,mlbbesports_official,"We met our amazing KOLs at M7 Carnival today and asked about their predictions for the Grand Finals match 👀  Be sure to come to Stadium Madya GBK from 12 PM until the end because today is the LAST DAY! Get a special goodie bag from us if you’re among our Top 1,000 first registrants! 👀 Don’t forget to buy the tickets here: https://id-mpl.com/m7?q=carnival 🎫 #MLBBEsports #MLBBM7 #MobileLegendsBangBang #M7 #M7Carnival",46,88900,1171,35,17,20260125
98588,7598931394701626642,mlbb-esports,https://www.tiktok.com/@mlbbesports_official/video/7598931394701626642,mlbbesports_official,AE Newest Teammate 🔜 ? #MLBBEsports #MLBBM7 #MobileLegendsBangBang #M7 #LetTheWorldSeeUs,19,79700,2206,62,56,20260124
98412,7645601452127292693,mlbb-esports,https://www.tiktok.com/@mlbbesports_official/video/7645601452127292693,mlbbesports_official,Absolute GOAT 🐐🐐🐐 #MobileLegendsBangBang #MSCatEWC2026 #MLBBEsports #MPLHighlight,26,74400,2909,37,75,20260530
98288,7645200934443994389,mlbb-esports,https://www.tiktok.com/@mlbbesports_official/video/7645200934443994389,mlbbesports_official,"🌍 The road to Paris keeps narrowing. Some stories are about dynasties defending the throne, some are about survival, and some are one series away from rewriting history. ⚔️ SRG remain the kings of Malaysia and begin their chase for trophy number five. 🎟️ Wild Card is halfway filled with only five seats left to claim. 🔥 MCC Season 7 begins with one destination only: Paris. Every region is writing its own chapter. The question now is simple: who arrives at MSC at EWC 2026, and who gets left behind? #MLBBEsports #MLBB #MobileLegendsBangBang #MLBBMagazine #MSCatEWC2026",60,83200,1821,26,45,20260529
96856,7637400504858840341,mobilelegends-id,https://www.tiktok.com/@mobilelegends_id/video/7637400504858840341,mobilelegends_id,"Kamu berhasil mendapatkan harta karun. Tapi kamu tidak berhenti, terus menyelam lebih dalam. Semakin dekat dengan kekayaan, semakin dekat pula dengan bahaya. Dan kamu memilih untuk tidak berhenti. #MLBBALLSTAR #MLBBDreadsea",20,81500,1697,89,253,20260508
96236,7637466020826959125,mlbb-esports,https://www.tiktok.com/@mlbbesports_official/video/7637466020826959125,mlbbesports_official,"Not all taunts are “rude”, it’s simply how we say “i love you” to each other in a different way! 😜 MWI 2025 was filled with heat, we can’t wait to see more of this in MWI at EWC26! 👀 #MLBBEsports #MWIatEWC26 #MLBB #MLBBEsportsWoman #MobileLegendsBangBang",35,74800,2632,19,51,20260508
96012,7635298095567260949,mobilelegends-id,https://www.tiktok.com/@mobilelegends_id/video/7635298095567260949,mobilelegends_id,"Jangan pernah berhenti belajar, karena kehidupan tak pernah berhenti memberi pelajaran. Sesuai pesan hari ini, mari kita raih kemuliaan dengan ilmu yang bermanfaat! Tetap semangat dan pantang menyerah buat kalian yang sedang berjuang menuntut ilmu setiap hari! 📖 MGL Designer: @tsu.rizn @Nephyyy #mgl #mglid #mglmlbb @mgldesign",60,72600,2709,87,110,20260502
95108,7644571148906204437,mobilelegends-id,https://www.tiktok.com/@mobilelegends_id/video/7644571148906204437,mobilelegends_id,TERNYATA PASCOL SUKA NGEMIL CABE!!! #AdaApaDenganWendy #WendyAllStarParty #MLBB #MLBBALLSTAR,26,84800,1096,77,50,20260527
93600,7642593459441896724,mobilelegends-id,https://www.tiktok.com/@mobilelegends_id/video/7642593459441896724,mobilelegends_id,"Para KOL berkumpul kembali untuk menguak insiden pesta Wendy. Pantengin livestream-nya, bakal ada bagi-bagi hadiah SETIAP JAM! 🎁 Jangan lewatkan MLBB Clippers Contest berhadiah iPhone, iPad mini, & Sony Headphones! 📱🎧 Cara Ikutan: 📌 Buat klip terlucu dari livestream ""Ada Apa Dengan Wendy"". 📌 Post ke TikTok mention TikTok @mobilelegends_id. 📌 Sertakan MLBB User ID, hashtag #MLBBALLSTARLIVESTREAM Pantengin terus dan menangkan hadiahnya! ✨ #MLBB #MobileLegends #MLBBALLSTARLIVESTREAM #AdaApaDenganWendy",58,64100,2420,507,109,20260522
93576,7608139657284521237,mlbb-esports,https://www.tiktok.com/@mlbbesports_official/video/7608139657284521237,mlbbesports_official,"OPPO HYPER LEGEND CUP X MLBB CAMPUS SERIES 2026 Registration It’s your campus. It’s your moment. Registration for the OPPO Hyper Legend Cup X MLBB Campus Series is officially LIVE. ⚡ Unite your squad, carry your university’s banner, and step into the Land of Dawn to prove who truly rules the battlefield. Are you ready to make your mark? ⚔️ Register now:  ID: https://www.oppo.com/id/events/mlbb-and-oppo-hyper-legend-cup-2026/ PH: https://www.oppo.com/ph/events/mlbb-and-oppo-hyper-legend-cup-2026/ MY: https://www.oppo.com/my/events/mlbb-and-oppo-hyper-legend-cup-2026/ SG: https://www.oppo.com/sg/events/mlbb-and-oppo-hyper-legend-cup-2026/ #HyperLegendsCup#MLBBCampusSeries#MakeYourGoldenMoment",60,82300,1302,43,187,20260218
92808,7599214431364549895,mlbb-esports,https://www.tiktok.com/@mlbbesports_official/video/7599214431364549895,mlbbesports_official,"Day 2 of M7 Carnival was amazing and we can’t wait to spend more good times with you today! 🔥  Be sure to come to Stadium Madya GBK from 12 PM until the end because today is the LAST DAY! Get a special goodie bag from us if you’re among our Top 1,000 first registrants! 👀 Don’t forget to buy the tickets here: https://id-mpl.com/m7?q=carnival 🎫 #MLBBEsports #MLBBM7 #MobileLegendsBangBang #M7 #M7Carnival",61,78500,1671,47,19,20260125
92452,7632597434085985554,willdominateyougg,https://www.tiktok.com/@willdominateyougg/video/7632597434085985554,willdominateyougg,#MLBB #fyp #gusion,22,72400,2469,15,55,20260425
92268,7645624404025658645,mlbb-esports,https://www.tiktok.com/@mlbbesports_official/video/7645624404025658645,mlbbesports_official,"⚔️ Wild Card July 1st - 4th, 2026 🔥 Group Stage July 22nd - 26th, 2026 💥 Knockout Stage July 29th - 31st, 2026 👑 Grand Final August 1st, 2026 One journey. One trophy. One team will stand above the rest. #MLBBEsports #MLBB #MobileLegendsBangBang #MSCatEWC2026",30,78100,1691,32,48,20260530
90236,7645258292364872967,mobilelegends-id,https://www.tiktok.com/@mobilelegends_id/video/7645258292364872967,mobilelegends_id,Cha cha cha bareng Esmeralda memang selalu seru 💃♥️ #mobilelegends_id #serubarengmlbb #samasamamain #MobileLegendsBangBang,21,82600,717,95,22,20260529
90208,7643691337237220628,mobilelegends-id,https://www.tiktok.com/@mobilelegends_id/video/7643691337237220628,mobilelegends_id,Match Grand Final kecepetan kah ini guys? 🤯🔥 #WeOwnThis #MPLIDS17 #WellPlayed #GameplayS17 #MingguBerdarah ONIC EVOS,39,75000,1736,66,20,20260525
88876,7629373336824450320,mlbb-official,https://www.tiktok.com/@mlbbttofficial/video/7629373336824450320,mlbbttofficial,This hook is insanely fun! New mode Frozen Sea Showdown drops on 04/23. Let's have a blast! #MobileLegendsBangBang #MLBBNewMode #MLBBFrozenSeaShowdown #MLBBS40,35,65900,2667,82,277,20260416
83956,7619992234166865160,willdominateyougg,https://www.tiktok.com/@willdominateyougg/video/7619992234166865160,willdominateyougg,#MLBB #nanami #jjk #mobilelegendsbangbang #fyp,30,52600,3812,43,229,20260322
82912,7637361263735033105,mlbb-official,https://www.tiktok.com/@mlbbttofficial/video/7637361263735033105,mlbbttofficial,You claimed the treasure. You chose to leave before deeper dangers arrive. But there's always more than one treasure beneath the sea. The voyage continues. #MLBBALLSTAR #MLBBDreadsea,26,60900,2579,69,178,20260508
82204,7638526243729706261,mlbb-esports,https://www.tiktok.com/@mlbbesports_official/video/7638526243729706261,mlbbesports_official,"SAETA have secured their spot in MWI at EWC26! 🏆 After an incredible run in the MWI CN Qualifiers, SAETA emerged victorious as the Champions and will officially represent China on the international stage in MWI at EWC26! 🔥 Congratulations on the amazing achievement, SAETA! 🙌 #MLBBEsports #MWIatEWC26 #MLBB #MLBBEsportsWomen #MobileLegendsBangBang",72,66600,1853,39,42,20260511
81016,7638965522930863381,mlbb-esports,https://www.tiktok.com/@mlbbesports_official/video/7638965522930863381,mlbbesports_official,"First ticket to Riyadh: secured. 🎟️🔥 True Rippers become the first team officially qualified for the MSC at EWC 26 Main Stage, carrying India’s banner onto the global battlefield. The road to Riyadh has begun… and they’re leading the charge. 🌍⚔️ #MLBBEsports #MLBB #MobileLegendsBangBang #MSCatEWC26 #GoesToRiyadh",14,66000,1802,30,54,20260512
80184,7607010164285181191,willdominateyougg,https://www.tiktok.com/@willdominateyougg/video/7607010164285181191,willdominateyougg,#MLBB #mobilelegendsbangbang #argus #guts #willdominateyougg,30,69800,1233,26,44,20260215
80020,7645217441718537493,mlbb-official,https://www.tiktok.com/@mlbbttofficial/video/7645217441718537493,mlbbttofficial,"Follow the trajectory of the twin fans and step into a brand new season. S41 Scarlet Embers will be available on 06/17, stay tuned! #MLBBHirara #MLBBS41 #MLBBScarletEmbers #MLBBNewHero #MobileLegendsBangBang",5,46200,4025,81,132,20260530
79060,7634919780893412629,mlbb-esports,https://www.tiktok.com/@mlbbesports_official/video/7634919780893412629,mlbbesports_official,"Only THREE matches left to decide who will claim the crown and earn the honor of representing Mongolia in MWI at EWC26! 🔥 ⏰ Set your alarms and don’t miss a second: UPPER BRACKET FINALS AG GLOBAL 🆚 ONIC MN 🕔 5PM GMT+8 LOWER BRACKET FINALS Loser UB Finals 🆚 Aurora 🕢 7:30PM GMT+8 Don't forget to tune in for the Grand Finals on Sunday, May 3rd 5PM GMT+8! 💥   #MLBBEsports #MWIatEWC26 #MLBB #MLBBEsportsWoman #MobileLegendsBangBang",60,70900,970,20,23,20260501
78648,7643018145430572306,willdominateyougg,https://www.tiktok.com/@willdominateyougg/video/7643018145430572306,willdominateyougg,#MLBB #mobilelegendsbangbang #MLBBALLSTAR #willdominateyougg #jjk,30,39700,4746,49,416,20260523
78064,7643722644336037127,mobilelegends-id,https://www.tiktok.com/@mobilelegends_id/video/7643722644336037127,mobilelegends_id,"Skin cakep, damage tetep sakit 😭🔥 #mobilelegends_id #serubarengmlbb #samasamamain #MobileLegendsBangBang  #Obsidia",54,69300,908,75,18,20260525
77940,7644184992859426069,mobilelegends-id,https://www.tiktok.com/@mobilelegends_id/video/7644184992859426069,mobilelegends_id,RISPEK! Cuma pascol yang berani bilang burger Aldi Taher GAK ENAK! #AdaApaDenganWendy #WendyAllStarParty #MLBB #MLBBALLSTAR,26,69500,945,44,17,20260526
77412,7239350416880782594,mlbb-top-creation,https://www.tiktok.com/@mlbbtopcreation/video/7239350416880782594,mlbbtopcreation,Dance Novaria! @yumenesstrawberry #mobilelegends #mgl #mlbbcreatorcamp,30,51500,3099,56,97,20230531
77028,7622206702116408583,willdominateyougg,https://www.tiktok.com/@willdominateyougg/video/7622206702116408583,willdominateyougg,daily routine #MLBB #gusion #letuzawaofficial #fyp,28,57500,2376,26,46,20260328
75628,7638510057453358356,mobilelegends-id,https://www.tiktok.com/@mobilelegends_id/video/7638510057453358356,mobilelegends_id,"Alamakk, Lionel Nnael di Late Game malah cedera guys😭 #WeOwnThis #MPLIDS17 #WellPlayed #GameplayS17",29,64500,1271,48,59,20260511
75276,7643050017112083730,willdominateyougg,https://www.tiktok.com/@willdominateyougg/video/7643050017112083730,willdominateyougg,#MLBB #argus #toji #willdominateyougg #fyp,14,44700,3687,54,724,20260523
73408,7633356620130536722,willdominateyougg,https://www.tiktok.com/@willdominateyougg/video/7633356620130536722,willdominateyougg,#MLBB #mobilelegendsbangbang #fyp #kisame #mlbbxnaruto,26,56100,2071,37,40,20260427
69132,7638885766256512276,mlbb-esports,https://www.tiktok.com/@mlbbesports_official/video/7638885766256512276,mlbbesports_official,The Instinct 🥶 #MLBB #MSTatEWC2026 #MPLHighlight,24,56500,1529,20,22,20260512
68756,7638545402731449620,mobilelegends-id,https://www.tiktok.com/@mobilelegends_id/video/7638545402731449620,mobilelegends_id,"""Ular"" yang terus memanjang di layar 🐍 sebenarnya adalah gambaran sempurna dari rutinitas harianku belakangan ini: Mengikuti berbagai event ALLSTAR di mana-mana untuk mengumpulkan Koin Perburuan Harta sedikit demi sedikit. Lalu terjun ke event [Perburuan Harta Ombak] untuk berkesempatan memenangkan emas asli, Diamond berlimpah, dan hadiah terbatas seperti skin eksklusif ALLSTAR! Login sekarang juga dan mulailah mengumpulkan Koin Perburuan Harta! 🎮 (Pengiriman hadiah emas asli saat ini tidak tersedia di beberapa wilayah. Dalam hal ini, Diamond dalam game dengan jumlah setara akan diberikan sebagai gantinya. Hasil akhir bergantung pada pengiriman hadiah yang sebenarnya.) #MLBBAllstar #MobileLegendsBangBang #MLBBrealgold #MLBBNewSkin #MLBBFreeSkin",12,65200,367,31,16,20260511
68280,7640372533388135701,mobilelegends-id,https://www.tiktok.com/@mobilelegends_id/video/7640372533388135701,mobilelegends_id,"Langit mulai kelam, ombak mulai mengamuk, dan hanya mereka yang bernyali besar yang sanggup bertahan di Tide Clash Livestream: Battle for Fortine.  Persiapkan diri kalian untuk menyaksikan pertarungan hidup dan mati di tengah laut yang ganas! 🔱 📣 Tonton aksi epik dari para penjelajah yang terjun langsung ke palung terdalam Land of Dawn. Live di YouTube channel masing-masing! Dapatkan kesempatan menjala DIAMONDS GRATIS! Ikuti tantangan seru selama livestream dan pastikan kantongmu penuh dengan Diamonds 💎💎 @IKHSAN LEMON @Rivaldi Fataah @ade @Oura",37,62500,615,43,9,20260516
66708,7628123575936978184,willdominateyougg,https://www.tiktok.com/@willdominateyougg/video/7628123575936978184,willdominateyougg,#mlbb #argus #toji #willdominateyougg #fyp,45,48100,2241,34,50,20260413
65464,7239350228581747970,mlbb-top-creation,https://www.tiktok.com/@mlbbtopcreation/video/7239350228581747970,mlbbtopcreation,Odette Gameplay @myatminkhantws #mobilelegends #mgl #mlbbcreatorcamp,41,43500,2558,75,79,20230531
65340,7642610787403517192,willdominateyougg,https://www.tiktok.com/@willdominateyougg/video/7642610787403517192,willdominateyougg,#MLBB #mobilelegendsbangbang #argus #toji #fyp,19,38000,3255,65,346,20260522
64776,7644765505701612821,mlbb-esports,https://www.tiktok.com/@mlbbesports_official/video/7644765505701612821,mlbbesports_official,"A new region enters the arena, and they’re arriving with momentum! 🔥  Following their championship victory in SVC Season 1, Geekay Esports have officially secured their place in the MWI at EWC26 and will make history as the first team to represent Western Europe in the tournament! 👏  Congratulations to Geekay Esports on this remarkable achievement. Western Europe is ready to leave its mark on the world stage! 🏆 #MLBBEsports #MWIatEWC26 #MLBB #MLBBEsportsWomen #MobileLegendsBangBang",15,55500,1112,19,15,20260528
64588,7639309831085608199,willdominateyougg,https://www.tiktok.com/@willdominateyougg/video/7639309831085608199,willdominateyougg,#MLBBALLSTAR #MLBBDreadsea #MLBBSiren #MLBBTidalGoldRush #MLBB,25,52400,1466,23,37,20260513
64576,7645164219469466898,mobilelegends-id,https://www.tiktok.com/@mobilelegends_id/video/7645164219469466898,mobilelegends_id,Setuju gak nih sama list ini? 👀 #mobilelegends_id #serubarengmlbb #samasamamain #MobileLegendsBangBang  #MLBBLore,74,56600,837,64,25,20260529
64300,7644926809464704277,mobilelegends-id,https://www.tiktok.com/@mobilelegends_id/video/7644926809464704277,mobilelegends_id,Cuma Aldi Taher yang bisa - Aldi Core #AdaApaDenganWendy #WendyAllStarParty #MLBB #MLBBALLSTAR,17,57400,770,37,24,20260528
63804,7629964799455055125,mlbb-esports,https://www.tiktok.com/@mlbbesports_official/video/7629964799455055125,mlbbesports_official,MLBB East Asia Championship Tour 2026 Japan Qualifier Finals is today! It all comes down to today. One team from Japan will earn their ticket to MCT EA Shanghai and fight on the global stage. Don’t miss the action and witness the battle unfold 🔥💪 12:00(GMT+9) LLG Luminous vs chronicle-α 14:30 (GMT+9) INSOMNIA vs Sunset Ravens 17:00 (GMT+9) Grand Finals Will be Live on MLBB eSports & MLBB Japan #MLBBEsports #MLBB #FORGETHENEWPATH #MCTEA,22,59900,463,10,14,20260418
62976,7637400385786776852,mobilelegends-id,https://www.tiktok.com/@mobilelegends_id/video/7637400385786776852,mobilelegends_id,Kamu berhasil mendapatkan harta karun. Kamu memilih pergi sebelum bahaya yang lebih besar tiba. Tapi selalu ada harta karun yang masih terpendam di dasar laut. Pelayaran pun berlanjut. #MLBBALLSTAR #MLBBDreadsea,26,53100,1077,63,51,20260508
62368,7643003300224306452,mlbb-esports,https://www.tiktok.com/@mlbbesports_official/video/7643003300224306452,mlbbesports_official,"Team Falcons secure their place in the MSC at EWC 2026 Wild Card and keep the journey alive. The fight isn’t over yet, but the gate is now open. 🔥 Next stop: survive and advance. #MSCatEWC2026 #MLBBEsports #MLBB #MobileLegendsBangBang",9,55000,871,20,14,20260523
62236,7644495137707511058,willdominateyougg,https://www.tiktok.com/@willdominateyougg/video/7644495137707511058,willdominateyougg,#MLBB #hidan #argus #willdominateyougg #fyp,24,37900,2867,70,98,20260527
62088,7643395901989440788,mlbb-esports,https://www.tiktok.com/@mlbbesports_official/video/7643395901989440788,mlbbesports_official,"HUNS and MGLZ will clash in the Lower Bracket Final for the last ticket to the Grand Final, while GZG waits on the biggest stage of all — one step away from qualifying for MSC at EWC26 Main Stage. More than a battle for the East Asia crown, this is the continuation of a rivalry between the region’s top teams from China and Mongolia.  Who will stand at the top of East Asia? 👑 #MCTEA #MLBBEsports #MobileLegendsBangBang",21,56400,696,6,8,20260524
61872,7616678158305185040,mlbb-official,https://www.tiktok.com/@mlbbttofficial/video/7616678158305185040,mlbbttofficial,Don't blink! The screen is about to explode💥 Hooks flying everywhere!  #MLBBS40 #DecisiveMoment #MLBBNewPatch #MobileLegendsBangBang #MLBBNewMode,12,46500,1569,141,61,20260315
61560,7642677088549473556,mlbb-esports,https://www.tiktok.com/@mlbbesports_official/video/7642677088549473556,mlbbesports_official,"After showcasing dominance, skill, and resilience throughout Athena Cup Season 2, NAVI PH has officially earned their place in the MWI at EWC26 and will proudly represent the Philippines on the international battlefield! 👑🇵🇭 A huge congratulations to NAVI PH for reaching this remarkable achievement! The journey continues, and the world better be ready for what the Philippines brings next! ⚡ #MLBBEsports #MWIatEWC26 #MLBB #MLBBEsportsWomen #MobileLegendsBangBang",59,54900,800,13,11,20260522
61200,7643026731414179079,mlbb-official,https://www.tiktok.com/@mlbbttofficial/video/7643026731414179079,mlbbttofficial,"Treasure coordinates locked! The ALLSTAR has emerged! 10 gold hunters from around the globe are assembling to embark on a voyage like no other. @Elizabeth Tan  @Khin Wint Wah @SHRX • Shaira Ortile  @Kazuki  @Brandon Kent @paranoidosman  @Remix @Tốp Mỡ @Вудский Дед  The Siren's challenges await. Who will ultimately walk away with the treasure? 📅 05/30 - 05/31 Tune in to the official livestream to witness the grand finale! Watch the livestream for a chance to win exclusive ALLSTAR bonuses! Join the exclusive web event and complete tasks to get the limited ""Siren Mask"" Avatar Border (7-Day)! Starting 05/27, vote for your favorite team! Correctly predict the ultimate winner to win an exclusive Battle Emote! #ALLSTARShowdown #MLBBTideClash5v5 #MLBBALLSTAR #irl",192,48900,1135,161,139,20260523
60540,7643473600531582228,mlbb-esports,https://www.tiktok.com/@mlbbesports_official/video/7643473600531582228,mlbbesports_official,"China’s champion locks in their ticket and skips the Wild Card route. The stage is set, and Guangzhou Gaming are ready to face the world 🔥🏆 #MSCatEWC2026 #MLBBEsports #MLBB #MobileLegendsBangBang #RoadToParis",13,50300,1225,22,15,20260524
59972,7611439441877552402,willdominateyougg,https://www.tiktok.com/@willdominateyougg/video/7611439441877552402,willdominateyougg,#MLBB #mobilelegendsbangbang #mlbbxkof #fyp,35,54800,629,7,5,20260227
59372,7599132325749853447,mlbb-esports,https://www.tiktok.com/@mlbbesports_official/video/7599132325749853447,mlbbesports_official,"For our last day of KOL meet-and-greet, we have a very special line-up for you! ✨ From MLBB legends to international singer, you can come and meet them only at M7 Carnival! 🎡  Be sure to come to Stadium Madya GBK from 12 PM until the end because today is the LAST DAY! Get a special goodie bag from us if you’re among our Top 1,000 first registrants! 👀 Don’t forget to buy the tickets here: https://id-mpl.com/m7?q=carnival 🎫 #MLBBEsports #MLBBM7 #MobileLegendsBangBang #M7 #M7Carnival",46,54000,614,23,6,20260125
59188,7636289451529997588,mobilelegends-id,https://www.tiktok.com/@mobilelegends_id/video/7636289451529997588,mobilelegends_id,Tarik… tarik… TARIK! 🧊🔥 Siapa paling jago narik di tim lo? 👇 #mobilelegends_id #serubarengmlbb #samasamamain #MobileLegendsBangBang #MLBBNewMode,45,52100,726,64,21,20260505
58176,7641943611126418709,mobilelegends-id,https://www.tiktok.com/@mobilelegends_id/video/7641943611126418709,mobilelegends_id,Apa yang sebenarnya terjadi?  Kenapa @Oura bisa kena comeback dari @ade  Cek selengkapnya di Tide Clash Livestream: Battle For Fortune Round 1 Match 2 #MLBB #MLBBAllStar #MLBBAllStarShowdown,57,52600,512,74,22,20260520
57920,7611097714901683464,willdominateyougg,https://www.tiktok.com/@willdominateyougg/video/7611097714901683464,willdominateyougg,#MLBB #willdominateyougg #fyp #guts #berserk,34,48400,1130,24,34,20260226
57312,7641927264254512405,mobilelegends-id,https://www.tiktok.com/@mobilelegends_id/video/7641927264254512405,mobilelegends_id,Moment seru @ade ketika berhasil mengalahkan @Oura di Tide Clash Livestream: Battle For Fortune Round 1 Match 2 #MLBB #MLBBAllStar #MLBBAllStarShowdown,51,50900,669,53,29,20260520
56928,7640039344245361941,mlbb-esports,https://www.tiktok.com/@mlbbesports_official/video/7640039344245361941,mlbbesports_official,"A week where dynasties cracked, title dreams faded, and new kings rose. 👑⚡ 🇲🇾 SRG’s historic 554-day unbeaten streak finally comes to an end. 🇵🇭 Aurora PH’s title defense hangs by a thread with one playoff spot left. 🇰🇭 Pro Esports complete a terrifying 9-0 run through MPL Cambodia. 🇮🇳 True Rippers punch the first ticket to Riyadh after conquering India. The road to MSC at EWC 2026 keeps getting wilder. 🌍🔥 #MLBBEsports #MLBB #MSC2026 #MSCatEWC26 #MLBBMagazine",353,48400,1051,6,24,20260515
56780,7641555889006103828,mlbb-esports,https://www.tiktok.com/@mlbbesports_official/video/7641555889006103828,mlbbesports_official,"Two regions. Two stars. One question. ⭐🔥 Saiki dominates with massive damage output and near-perfect teamfight presence. Dolynn brings the farm, the pace, and the jungle control. Different paths. Same destination. Rising today, dangerous tomorrow. #MSCatEWC2026 #MLBBEsports #MLBB #MobileLegendsBangBang #RisingStars",85,49000,945,11,26,20260519
56428,7641118781141421330,mobilelegends-id,https://www.tiktok.com/@mobilelegends_id/video/7641118781141421330,mobilelegends_id,"Marcell kalau udah dapet momentum… susah diajak kompromi 😮‍💨🔥 Geraknya cepat, damage-nya nyicil terus 😭 #mobilelegends_id #serubarengmlbb #samasamamain #MobileLegendsBangBang #MLBBGameplay",47,48900,751,76,14,20260518
56044,7642761704136264981,mlbb-esports,https://www.tiktok.com/@mlbbesports_official/video/7642761704136264981,mlbbesports_official,"One step closer to international glory ✨ After conquering MWI Türkiye Qualifiers, FUT Esports have officially secured their spot at MWI at EWC26 and will represent Türkiye among the world’s strongest contenders! 🇹🇷⚔️ Congratulations on an incredible achievement — now it’s time to show the world what Türkiye is made of! 🔥 #MLBBEsports #MWIatEWC26 #MLBB #MLBBEsportsWomen #MobileLegendsBangBang",15,49700,768,10,28,20260522
55752,7599122815417093394,mlbb-esports,https://www.tiktok.com/@mlbbesports_official/video/7599122815417093394,mlbbesports_official,"Day 3 of M7 Carnival rundown is here! ⚡️ Make sure to mark your check list and attend all the activities today! ✨ Be sure to come to Stadium Madya GBK from 12 PM until the end because today is the LAST DAY! Get a special goodie bag from us if you’re among our Top 1,000 first registrants! 👀 Don’t forget to buy the tickets here: https://id-mpl.com/m7?q=carnival 🎫 #MLBBEsports #MLBBM7 #MobileLegendsBangBang #M7 #M7Carnival",46,50400,604,26,32,20260125
55648,7642592572380024071,mobilelegends-id,https://www.tiktok.com/@mobilelegends_id/video/7642592572380024071,mobilelegends_id,"Jujur… Tide Siege Endless Mode tuh seru sama pusing di waktu yang sama 😭🔥 Chaos-nya dapet banget, tapi justru itu yang bikin susah berhenti main 😈 #mobilelegends_id #serubarengmlbb #samasamamain #MobileLegendsBangBang",69,49400,656,50,17,20260522
54152,7606266538470968597,mlbb-official,https://www.tiktok.com/@mlbbttofficial/video/7606266538470968597,mlbbttofficial,"New Season 40 is coming soon. Press the shutter—every ""decisive moment"" is yours to create. #MLBBNEWHERO #MLBBS40 #MLBBDECISIVEMOMENT #MLBBGoldenMonth #MobileLegendsBangBang",3,42900,834,229,59,20260222
53352,7643828899113209108,mobilelegends-id,https://www.tiktok.com/@mobilelegends_id/video/7643828899113209108,mobilelegends_id,PASCOL CORE Moment di Ada Apa Dengan Wendy The Livestream #AdaApaDenganWendy #WendyAllStarParty #MLBB #MLBBALLSTAR,28,47200,589,72,27,20260525
53076,7644092251089423636,mobilelegends-id,https://www.tiktok.com/@mobilelegends_id/video/7644092251089423636,mobilelegends_id,"Moment @Rivaldi Fataah behasil mengamankan posisi ke-3, setelah mendapatkan perlawanan yang kuat dari tim @Oura  #MLBB #MLBBAllStar #MLBBAllStarShowdown",57,47200,622,45,10,20260526
53060,7644525359366442260,mobilelegends-id,https://www.tiktok.com/@mobilelegends_id/video/7644525359366442260,mobilelegends_id,"ALLSTAR Showdown: Hadiah Siren Para Pemburu Emas, selamat datang di Dreadsea dunia nyata. Sepuluh wilayah dan sepuluh ALLSTAR akan bertarung secara langsung di sini untuk pertama kalinya. Tidak ada jalan kembali. Aturan permainan menjadi satu-satunya hukum bertahan hidup. Siapa yang akan mempertahankan kehormatan tertinggi wilayah mereka? Hadiah Siren sudah siap. Siapa yang akan menjadi pemenang terakhir? @Elizabeth Tan @Khin Wint Wah @SHRX • Shaira Ortile @Kazuki  @Brandon Kent @paranoidosman @remixbacon @Tốp Mỡ @Вудский Дед   30/05 - 31/05 | Perilisan Perdana Global Pantau terus saluran resmi untuk menyaksikan pertarungan memperebutkan harta dari berbagai penjuru dunia. Yuk gabung dan dapatkan hadiah permanen eksklusif ALLSTAR. #ALLSTARShowdown #MLBBTideClash5v5 #MLBBALLSTAR",47,43900,945,80,37,20260527
52812,7645674636675435796,mlbb-esports,https://www.tiktok.com/@mlbbesports_official/video/7645674636675435796,mlbbesports_official,"Team Falcons PH officially qualify for MSC at EWC 2026 Main Stage, ready to chase glory once again in Paris 🦅💚 #MLBBEsports #MLBB #MobileLegendsBangBang #MSCatEWC2026 #RoadToParis",11,32600,2314,85,106,20260530
52528,7636739630930365713,mlbb-official,https://www.tiktok.com/@mlbbttofficial/video/7636739630930365713,mlbbttofficial,"Don't blink! From key animation to the final cut, let's witness the ""magic"" behind Aulus's trailer! #MobileLegendsBangBang #MLBBAULUS #MLBBREVAMPEDHERO #MLBBS40",26,36700,1686,117,44,20260506
50832,7644513483438034196,mlbb-esports,https://www.tiktok.com/@mlbbesports_official/video/7644513483438034196,mlbbesports_official,"A mix of experience and rising stars enters the battlefield. One mission, one flag, one goal… bring Malaysia to the top 🔥 #MLBBEsports #MLBB #MobileLegendsBangBang #AsianGames2026",21,42900,924,27,51,20260527
50708,7643110595381792021,mlbb-esports,https://www.tiktok.com/@mlbbesports_official/video/7643110595381792021,mlbbesports_official,Japan enters the battlefield and another contender joins the road to the biggest stage. Time to spread their wings and fight for the Main Stage ticket. 🔥 #MSCatEWC2026 #MLBBEsports #MLBB #MobileLegendsBangBang,59,44300,776,10,15,20260523
50292,7607745059194162440,willdominateyougg,https://www.tiktok.com/@willdominateyougg/video/7607745059194162440,willdominateyougg,#MLBB #mobilelegendsbangbang #argus #guts #willdominateyougg,29,40900,1119,22,27,20260217
50084,7235133158855937282,mlbb-top-creation,https://www.tiktok.com/@mlbbtopcreation/video/7235133158855937282,mlbbtopcreation,This is how to play Ling properly ✅ @nova_ml #mobilelegends #mgl #mlbbcreatorcamp,35,32800,2048,45,52,20230522
50040,7644923229500460309,mlbb-esports,https://www.tiktok.com/@mlbbesports_official/video/7644923229500460309,mlbbesports_official,It’s no longer about the club. It’s about the whole country. 🇮🇩 Nino knows the difference — and that’s what makes this more than just a game. #AsianGames2026 #MobileLegendsBangBang #MLBBEsports  #MPLIDS17,35,44300,700,7,18,20260528
49964,7239349669585898754,mlbb-top-creation,https://www.tiktok.com/@mlbbtopcreation/video/7239349669585898754,mlbbtopcreation,Odette Montage @arrslwly #mobilelegends #mgl #mlbbcreatorcamp,38,32200,2093,51,83,20230531
47660,7644168546112572693,mobilelegends-id,https://www.tiktok.com/@mobilelegends_id/video/7644168546112572693,mobilelegends_id,@Oura masih harus megakui keunggulan tim @Rivaldi Fataah dan harus kembali mengalami kekalahan.  #MLBB #MLBBAllStar #MLBBAllStarShowdown,55,44000,410,19,38,20260526
46328,7638897155930852629,mobilelegends-id,https://www.tiktok.com/@mobilelegends_id/video/7638897155930852629,mobilelegends_id,"Siapkan mental kalian! Tide Clash Livestream: Battle for Fortune akan segera hadir di ALLSTAR 2026.  Jangan sampai kelewatan aksi seru dan kesempatan buat dapetin ""harta karun"" di livestream nanti! #MLBBAllStar #MLBBAllStarShowdown #MLBBTideClash #PertarunganOmbak",60,38300,871,53,52,20260512
45952,7644200604319141140,mobilelegends-id,https://www.tiktok.com/@mobilelegends_id/video/7644200604319141140,mobilelegends_id,So Sweet! Perhatian Jess No Limit ke Sisca Kohl bikin iri #AdaApaDenganWendy #WendyAllStarParty #MLBB #MLBBALLSTAR,19,39200,654,76,15,20260526
45764,7645533950550527250,mobilelegends-id,https://www.tiktok.com/@mobilelegends_id/video/7645533950550527250,mobilelegends_id,"Perburuan harta karun laut dalam telah dimulai! Ikuti Yu Zhong, Pharsa, dan Ling untuk memasuki Reruntuhan Ombak, mengalahkan Siren Lord, dan menemukan harta karun laut dalam! Efek ""Perburuan Emas Ombak"" dan event ""Perburuan Harta Ombak"" hadir untuk waktu terbatas. Hadiah melimpah menantimu! #MLBBAllstar  #MobileLegendsBangBang  #MLBBTidalGoldRush  #MLBBNewSkin",45,39700,558,80,55,20260530
45484,7641139279573388565,mobilelegends-id,https://www.tiktok.com/@mobilelegends_id/video/7641139279573388565,mobilelegends_id,"APA YANG TERJADI?? Kemenangan sudah didepan mata, LENYAP dari genggaman tim @Rivaldi Fataah  #MLBBAllStar #MLBBAllStarShowdown #MLBBTideClash #PertarunganOmbak",59,39900,578,48,13,20260518
45484,7621850636815994119,willdominateyougg,https://www.tiktok.com/@willdominateyougg/video/7621850636815994119,willdominateyougg,#MLBB #argus #darthvader #willdominateyougg #fyp,27,34200,1348,25,14,20260327
44900,7622934484601539858,willdominateyougg,https://www.tiktok.com/@willdominateyougg/video/7622934484601539858,willdominateyougg,daily routine #MLBB #mobilelegendsbangbang #willdominateyougg #fyp,20,37900,845,12,16,20260330
44388,7644555890611227925,mobilelegends-id,https://www.tiktok.com/@mobilelegends_id/video/7644555890611227925,mobilelegends_id,"Emang ada aja gayanya Aldi Taher, Ditanya serius malah baca doa #AdaApaDenganWendy #WendyAllStarParty #MLBB #MLBBALLSTAR",28,38400,646,41,3,20260527
44036,7642318160766569746,mobilelegends-id,https://www.tiktok.com/@mobilelegends_id/video/7642318160766569746,mobilelegends_id,"Satu spam laser gak ada jeda, satu lagi maju sambil ngegas kapal 🤦‍♂️ Tide Siege emang chaos banget! #mobilelegends_id #serubarengmlbb #samasamamain #MobileLegendsBangBang",56,37600,527,111,24,20260521
43952,7644540361351662868,mobilelegends-id,https://www.tiktok.com/@mobilelegends_id/video/7644540361351662868,mobilelegends_id,"Evolusi Pascol yang sebenarnya, bikin ngakak!!! #AdaApaDenganWendy #WendyAllStarParty #MLBB #MLBBALLSTAR",40,39000,519,40,12,20260527
43732,7609950957526404360,willdominateyougg,https://www.tiktok.com/@willdominateyougg/video/7609950957526404360,willdominateyougg,2 troll vs 5 immortal player #MLBB #mobilelegendsbangbang #fyp #mlbbmeme #francotiktok,36,33700,1214,16,64,20260223
43520,7645215818774744340,mlbb-official,https://www.tiktok.com/@mlbbttofficial/video/7645215818774744340,mlbbttofficial,"The deep-sea treasure hunt has begun! Team up with Yu Zhong, Pharsa, and Ling to enter the Tidal Ruins, defeat the Siren Lord, and find the deep-sea treasure! The ""Tidal Gold Rush"" effect and ""Tidal Treasure Hunt"" event are available for a limited time. Rich rewards await you! #MLBBAllstar #MobileLegendsBangBang #MLBBTidalGoldRush #MLBBNewSkin",45,34700,970,53,66,20260530
43420,7611073466086771986,willdominateyougg,https://www.tiktok.com/@willdominateyougg/video/7611073466086771986,willdominateyougg,#MLBB #gusion #willdominateyougg #fyp #mlbbxkof,32,38600,580,9,13,20260226
43316,7621447381380353300,willdominateyougg,https://www.tiktok.com/@willdominateyougg/video/7621447381380353300,willdominateyougg,best duo skin ever #MLBB #mobilelegendsbangbang #adventuretime #finnthehuman #fyp,31,32000,1352,25,91,20260326
42364,7618504421332323591,willdominateyougg,https://www.tiktok.com/@willdominateyougg/video/7618504421332323591,willdominateyougg,#MLBBMARCEL #MLBBS40 #MLBBFV #MLBB,27,28500,1703,12,92,20260318
42196,7632979227905903880,willdominateyougg,https://www.tiktok.com/@willdominateyougg/video/7632979227905903880,willdominateyougg,#MLBB #willdominateyougg #fyp #argus #darthvader,32,28200,1697,21,17,20260426
42124,7636725925027106069,mobilelegends-id,https://www.tiktok.com/@mobilelegends_id/video/7636725925027106069,mobilelegends_id,Udah nemu pick andalan di patch ini? 👇 #mobilelegends_id #serubarengmlbb #samasamamain #MobileLegendsBangBang #MLBBPatch,100,32300,993,94,32,20260506
41244,7644538309066132757,mlbb-esports,https://www.tiktok.com/@mlbbesports_official/video/7644538309066132757,mlbbesports_official,"Wearing your country’s name on your chest is more than representing a team. It becomes a promise to every fan, every dream, and every moment that brought you here 🇲🇾🔥 Chibi’s goal is clear: give everything on the stage and make the nation proud. #MLBBEsports #MLBB #MobileLegendsBangBang #AsianGames2026",17,35100,713,22,0,20260527
41080,7641529222577523969,mlbb-official,https://www.tiktok.com/@mlbbttofficial/video/7641529222577523969,mlbbttofficial,"📢 Ding-dong! You've got a Crew Clash message to check out! 📅 Opening Time: 05/25 📔 Event Guide: Join a Crew — Play MRS matches — Complete tasks / Climb ranks — Claim rewards! Join the exclusive MRS S6 event, Crew Clash, in just 3 easy steps! Find your favorite influencer's Crew and apply to join once the event begins! https://magicchessgogo.com/s6mrscrewclash/?utm_source=socialmedia&utm_medium=fb #MCGG1year #MCGGMRSS6 #MCGGCrewclash #MCGGAnniversary",35,30300,1140,83,34,20260519
39872,7637438498533903624,willdominateyougg,https://www.tiktok.com/@willdominateyougg/video/7637438498533903624,willdominateyougg,#MLBB #mobilelegendsbangbang  #willdominateyougg #fyp #argus,32,24900,1749,49,35,20260508
39724,7644448823288302855,mobilelegends-id,https://www.tiktok.com/@mobilelegends_id/video/7644448823288302855,mobilelegends_id,Starlight bulan Mei sudah di penghujung hari! Beli member starlight untuk dapetin skin eksklusif Obsidia sebelum kelewatan 👀 #mobilelegends_id #Obsidia #serubarengmlbb #samasamamain #MobileLegendsBangBang,60,32500,768,54,3,20260527
39520,7602188229533551890,mlbb-esports,https://www.tiktok.com/@mlbbesports_official/video/7602188229533551890,mlbbesports_official,M7 Mid Game Show - no na LIVE Performance A SIZZLING Performance to the M7 Opening Ceremony. no na's queens absolutely SLAYED and lit up Tennis Indoor Stadium with this performance 🫶 #MLBBEsports #MLBB #M7 #LetTheWorldSeeUs #MobileLegendsBangBang,565,34400,595,18,25,20260202
38916,7642641327557053714,willdominateyougg,https://www.tiktok.com/@willdominateyougg/video/7642641327557053714,willdominateyougg,New hero🗿 #MLBB #mobilelegendsbangbang #willdominateyougg #fyp,23,29000,1172,27,265,20260522
38864,7642984144204614933,mlbb-esports,https://www.tiktok.com/@mlbbesports_official/video/7642984144204614933,mlbbesports_official,The journey through MENA is complete and the Paris dream is now reality. One more team joins the battle on the biggest stage. ⚔️ Next stop: MSC at EWC 2026. 👀 #MSCatEWC2026 #MLBBEsports #MLBB #MobileLegendsBangBang #RoadToParis,10,35500,398,9,1,20260523
38464,7644942547848105237,mobilelegends-id,https://www.tiktok.com/@mobilelegends_id/video/7644942547848105237,mobilelegends_id,Aldi x Pascol akrab banget ya.... #AdaApaDenganWendy #WendyAllStarParty #MLBB #MLBBALLSTAR,45,33400,413,88,21,20260528
38152,7637062822211390741,mobilelegends-id,https://www.tiktok.com/@mobilelegends_id/video/7637062822211390741,mobilelegends_id,Aurora kalau udah dapet momentum emang nyebelin sih ❄️😮‍💨 #mobilelegends_id #serubarengmlbb #samasamamain #MobileLegendsBangBang #MLBBGameplay,66,31400,574,108,18,20260507
37624,7643784823038938386,mobilelegends-id,https://www.tiktok.com/@mobilelegends_id/video/7643784823038938386,mobilelegends_id,"Skin Zodiac bulan ini jangan sampe kelewatan 😭 Kalau emang udah ngincer, mending gas sebelum keburu hilang 👀 #mobilelegends_id #serubarengmlbb #samasamamain #MobileLegendsBangBang  #MLBBZodiac",59,29200,828,90,6,20260525
37548,7622927775875337479,willdominateyougg,https://www.tiktok.com/@willdominateyougg/video/7622927775875337479,willdominateyougg,#MLBB #mobilelegendsbangbang #nanami #jjk,16,31000,781,15,29,20260330
36812,7611534162830445831,willdominateyougg,https://www.tiktok.com/@willdominateyougg/video/7611534162830445831,willdominateyougg,Golden turtle 🗿 #MLBBGoldenMonth #MLBBFV #MLBB,21,32300,529,14,72,20260227
36656,7641831004474330388,mobilelegends-id,https://www.tiktok.com/@mobilelegends_id/video/7641831004474330388,mobilelegends_id,"Selamat Hari Kebangkitan Nasional! Mari kita jadikan momentum hari ini untuk membangkitkan semangat persatuan, inovasi, dan kerja keras demi kemajuan bangsa! Ayo terus berjuang bersama demi masa depan yang lebih baik! 💪 MGL Illustrator: @fhrbi | MGL Designer: @tsu.rizn | MGL Writer: @diegomndo #mgl #mglid #mglmlbb #mglillustration #mgldesign",60,27300,1032,55,29,20260520
36328,7239349587167726849,mlbb-top-creation,https://www.tiktok.com/@mlbbtopcreation/video/7239349587167726849,mlbbtopcreation,Karina x Selena @misspredat #mobilelegends #mgl #mlbbcreatorcamp,46,22900,1596,33,32,20230531
36096,7645549488509095176,willdominateyougg,https://www.tiktok.com/@willdominateyougg/video/7645549488509095176,willdominateyougg,New Lord vs Lipas #MLBBALLSTAR #MLBBFV #MLBBDreadsea #MLBBSiren #MLBBTidalGoldRush,18,27500,1017,23,156,20260530
35300,7239349344908954882,mlbb-top-creation,https://www.tiktok.com/@mlbbtopcreation/video/7239349344908954882,mlbbtopcreation,For the GEMINI! @migosml #mobilelegends #mgl #mlbbcreatorcamp,49,22700,1515,24,45,20230531
34572,7643799898017533204,mobilelegends-id,https://www.tiktok.com/@mobilelegends_id/video/7643799898017533204,mobilelegends_id,Aldi Taher kena PRANK! mau kirim burger malah kena introgasi #AdaApaDenganWendy #WendyAllStarParty #MLBB #MLBBALLSTAR,33,28600,619,51,9,20260525
34380,7644481501479931144,mobilelegends-id,https://www.tiktok.com/@mobilelegends_id/video/7644481501479931144,mobilelegends_id,"Efek yang cantik, tapi tetap bawa kesan magis! Skin Collector Alice emang gak ada duanya, user Alice udah punya belum nih?  🫵 #MobileLegendsBangBang #samasamamain #serubarengmlbb #mobilelegends_id",60,29000,525,59,8,20260527
34180,7637093238305803541,mlbb-official,https://www.tiktok.com/@mlbbttofficial/video/7637093238305803541,mlbbttofficial,A special shoutout from Mobile Legends: Bang Bang. Reexperience the origins of NARUTO and get ready to bang into battle! #NARUTO #MLBB,24,26800,595,131,47,20260507
34004,7645236500900154645,mobilelegends-id,https://www.tiktok.com/@mobilelegends_id/video/7645236500900154645,mobilelegends_id,ITS A WRAP! 🌊 Raja lautan telah dinobatkan 🔱 Tide Clash Livestream: Battle For Fortune berakhir dengan kemenangan mutlak dari @ade setelah menaklukkan @Rivaldi Fataah @Oura @IKHSAN LEMON di Land of Dawn. #MLBB #MLBBAllStar #MLBBAllStarShowdown,157,31000,288,35,11,20260529
33156,7643480237174492437,mlbb-esports,https://www.tiktok.com/@mlbbesports_official/video/7643480237174492437,mlbbesports_official,"Mongolia’s champions are locked in and ready for the next battle. The journey continues, and The Mongolz now march toward the biggest stage 🔥⚔️ #MSCatEWC2026 #MLBBEsports #MLBB #MobileLegendsBangBang",13,29100,492,6,24,20260524
32660,7643449048053058836,mlbb-esports,https://www.tiktok.com/@mlbbesports_official/video/7643449048053058836,mlbbesports_official,Mongolia joins the battle as another contender enters the road to the Main Stage. The hunt begins now 🔥 #MSCatEWC2026 #MLBBEsports #MLBB #MobileLegendsBangBang,18,30100,310,4,12,20260524
32624,7637028155764624660,mobilelegends-id,https://www.tiktok.com/@mobilelegends_id/video/7637028155764624660,mobilelegends_id,"Satu bikin sustain tembak terus jalan, satu lagi sekali hit langsung bikin kaget 😈 Tinggal pilih: mau konsisten sakit… atau burst sekali hilang? Tim Endless atau tim Heptaseas? 👇 #mobilelegends_id #serubarengmlbb #samasamamain #MobileLegendsBangBang #MLBBGameplay",43,27700,528,35,18,20260507
32536,7642265919628037394,mobilelegends-id,https://www.tiktok.com/@mobilelegends_id/video/7642265919628037394,mobilelegends_id,"Damage masih dapet, tebel juga dapet 😮‍💨 Udah pernah coba build Alice kayak gini belum? 👇 #mobilelegends_id #serubarengmlbb #samasamamain #MobileLegendsBangBang #MLBBGameplay",67,27500,492,55,18,20260521
31988,7642240038436195591,willdominateyougg,https://www.tiktok.com/@willdominateyougg/video/7642240038436195591,willdominateyougg,#MLBB #mobilelegendsbangbang #willdominateyougg #argus #fyp,28,23100,1056,22,21,20260521
31648,7638892681636236552,willdominateyougg,https://www.tiktok.com/@willdominateyougg/video/7638892681636236552,willdominateyougg,#MLBBALLSTAR #MLBBDreadsea #MLBBSiren #MLBBTidalGoldRush,20,22000,1101,42,36,20260512
31196,7609924138525838600,willdominateyougg,https://www.tiktok.com/@willdominateyougg/video/7609924138525838600,willdominateyougg,bradar daily routine #MLBB #mobilelegendsbangbang #letuzawaofficial #letuzawa #gusion,37,22700,1027,14,43,20260223
30996,7644169765874961685,mobilelegends-id,https://www.tiktok.com/@mobilelegends_id/video/7644169765874961685,mobilelegends_id,Tingkah aneh pascol pas dituduh dorong Wendy #AdaApaDenganWendy #WendyAllStarParty #MLBB #MLBBALLSTAR,38,25500,582,42,9,20260526
30844,7622582682949668114,willdominateyougg,https://www.tiktok.com/@willdominateyougg/video/7622582682949668114,willdominateyougg,guts and jake combo🗿 #MLBB #argus #guts #berserk #willdominateyougg,32,25300,648,18,17,20260329
30832,7643753404321516818,mobilelegends-id,https://www.tiktok.com/@mobilelegends_id/video/7643753404321516818,mobilelegends_id,Pharsa skin ALLSTAR nih bos! udah ada yang punya belum? 🤔 #mobilelegends_id #serubarengmlbb #samasamamain #MobileLegendsBangBang  #MLBBAllStar,60,24600,599,72,17,20260525
30652,7643349792776588565,mobilelegends-id,https://www.tiktok.com/@mobilelegends_id/video/7643349792776588565,mobilelegends_id,Tide Clash Livestream: Battle for Fortine - Round 2 akan menjadi saksi siapakah penakluk ombak sesungguhnya! Persiapkan diri kalian. 📣 Tonton aksi epik dari para penjelajah yang terjun langsung ke palung terdalam Land of Dawn. Live di YouTube channel masing-masing! Dapatkan kesempatan menjala DIAMONDS GRATIS! Ikuti tantangan seru selama livestream dan pastikan kantongmu penuh dengan Diamonds 💎💎 #MLBB #MLBBAllStar #MLBBAllStarShowdown  @IKHSAN LEMON @Rivaldi Fataah @ade @Oura,16,27900,269,30,18,20260524
30504,7644895817337228565,mobilelegends-id,https://www.tiktok.com/@mobilelegends_id/video/7644895817337228565,mobilelegends_id,Selamat kepada pemenang yang beruntung untuk mendapatkan diamond dari Challenge Tide Clash Livestream: Battle For Fortune - Round 2 Hadiah akan dikirim langsung ke in-game email kalian dalam paling lambat 30 hari setelah pengumuman ini.  Nantikan event AllStar lainnya #MLBB #MLBBAllStar #MLBBAllStarShowdown,12,27200,333,32,16,20260528
29956,7642948786880417044,mobilelegends-id,https://www.tiktok.com/@mobilelegends_id/video/7642948786880417044,mobilelegends_id,"Tide Clash Livestream: Battle For Fortune - Round 2 akan segera dimulai!! Siapakah yang akan merajai Land of Dawn Dread Sea? ⛈️ Catat jadwal ""pertarungan"" para penjelajah lautan di  Tide Clash Livestream: Battle for Fortune - Round 2 ⚔️ 3rd Place Match: @ekooju1 vs @rrqr7tatsumaki 📅 25 Mei 2026 | 🕛 14:00 WIB ⚔️ FINAL MATCH: @set1awanade vs @_ikhsanlemon  📅 25 Mei 2026 | 🕚 19:00 WIB Nonton doang? Gak asik! Ikuti tantangannya dan jemput DIAMONDS GRATIS 💎 buat kamu yang beruntung! 📺 Live di Channel YouTube KOL favorit kalian! #MLBB #MLBBAllStar #MLBBAllStarShowdown",15,27100,257,40,15,20260523
29944,7608103006701292808,willdominateyougg,https://www.tiktok.com/@willdominateyougg/video/7608103006701292808,willdominateyougg,Moon Glider 😯 #MLBBGoldenMonth #MLBBFV #MLBB,16,26000,473,8,40,20260218
29588,7618868340186025223,willdominateyougg,https://www.tiktok.com/@willdominateyougg/video/7618868340186025223,willdominateyougg,#MLBBMARCEL #MLBBS40 #MLBBFV #MLBB,22,25100,511,20,10,20260319
29400,7643796660874661141,mlbb-esports,https://www.tiktok.com/@mlbbesports_official/video/7643796660874661141,mlbbesports_official,The Champions of Thailand🇹🇭 🥶 #MobileLegendsBangBang #MLBBEsports #MSCatEWC2026 #MPLHighlight,25,25200,485,16,7,20260525
29088,7609159852685806855,willdominateyougg,https://www.tiktok.com/@willdominateyougg/video/7609159852685806855,willdominateyougg,#MLBB #mobilelegendsbangbang #gusion #mlbbxkof #fyp,29,25400,426,14,13,20260221
28568,7610301963854515463,willdominateyougg,https://www.tiktok.com/@willdominateyougg/video/7610301963854515463,willdominateyougg,#MLBB #mobilelegendsbangbang #willdominateyougg #fyp,26,25100,406,11,5,20260224
28476,7641540916645203218,mobilelegends-id,https://www.tiktok.com/@mobilelegends_id/video/7641540916645203218,mobilelegends_id,"📢 Ding-dong! Ada pesan Pertarungan Kru nih buat kamu! 📅 Waktu Mulai: 25/05 📔 Panduan Event: Gabung Kru — Mainkan pertandingan MRS — Selesaikan quest / Push rank — Klaim hadiah! Ikuti event eksklusif MRS S6, Pertarungan Kru, cuma dengan 3 langkah mudah! Temukan Kru influencer favoritmu dan daftar untuk bergabung setelah event dimulai!   https://magicchessgogo.com/s6mrscrewclash/?utm_source=socialmedia&utm_medium=fb #MCGG1year  #MCGGMRSS6  #MCGGCrewclash  #MCGGAnniversary",43,22900,532,66,59,20260519
28444,7638931204829465874,willdominateyougg,https://www.tiktok.com/@willdominateyougg/video/7638931204829465874,willdominateyougg,#MLBBALLSTAR #MLBBDreadsea #MLBBSiren #MLBBTidalGoldRush #MLBB,30,20900,863,32,16,20260512
27220,7644470787637873927,mobilelegends-id,https://www.tiktok.com/@mobilelegends_id/video/7644470787637873927,mobilelegends_id,"Skin Seasworn Oracle Pharsa yang secantik ini masa belum punya? Kesempatan terbatas, yuk user Pharsa ngumpul sini! 🤩 #MobileLegendsBangBang #samasamamain #serubarengmlbb #mobilelegends_id #Pharsa",60,23000,430,39,13,20260527
26620,7641897561724374280,mobilelegends-id,https://www.tiktok.com/@mobilelegends_id/video/7641897561724374280,mobilelegends_id,"Sekali zoning kena, langsung buyar semua 😭 #mobilelegends_id #serubarengmlbb #samasamamain #MobileLegendsBangBang #MLBBGameplay",60,20900,570,58,9,20260520
26372,7235132909680643329,mlbb-top-creation,https://www.tiktok.com/@mlbbtopcreation/video/7235132909680643329,mlbbtopcreation,Lance x Chou Gameplay @misspredat #mobilelegends #mgl #mlbbcreatorcamp,42,16200,1214,23,109,20230520
26324,7235133105311436034,mlbb-top-creation,https://www.tiktok.com/@mlbbtopcreation/video/7235133105311436034,mlbbtopcreation,Sweet Revenge @shonechristopher28 #mobilelegends #mgl #mlbbcreatorcamp,66,17500,1068,14,21,20230521
26016,7631484219155418375,willdominateyougg,https://www.tiktok.com/@willdominateyougg/video/7631484219155418375,willdominateyougg,#mlbb #willdominateyougg #gusion #hayabusa #mlbbxnaruto,31,20500,612,31,44,20260422
25896,7638884868524395797,mobilelegends-id,https://www.tiktok.com/@mobilelegends_id/video/7638884868524395797,mobilelegends_id,"Festival Cahaya Harapan telah hadir. Banner berkibar di seluruh Land of Dawn saat semua Commander berkumpul di jalanan, menikmati kendaraan pawai, bermain MCGG bersama, dan merayakannya di Go Go Club. Anniversary ke-1 Go Go Club telah tiba! Semua Commander MCGG telah berkumpul! Kami menantikan kehadiranmu pada 13/05! Ketuk video untuk melihat bagaimana para Commander merayakan Anniversary ke-1 MCGG! Season 6: Festival Cahaya Harapan akan hadir pada 13/05! Skin MLBB edisi terbatas milik Layla, ""Blue Specter"", telah didesain ulang dan tersedia gratis di MCGG! Jangan lewatkan Chessboard anniversary gratis! Kejutan dan bonus lainnya telah menantimu! #MagicChessGoGo #MCGG #MCGGSeason6 #S6DawnlightCelebration #MCGG1ST",85,19100,742,43,14,20260512
25824,7643813969190210837,mobilelegends-id,https://www.tiktok.com/@mobilelegends_id/video/7643813969190210837,mobilelegends_id,"Ketika Aldi Taher dituduh mencelakai Wendy, malah salah tingkah!! #AdaApaDenganWendy #WendyAllStarParty #MLBB #MLBBALLSTAR",40,22000,403,30,10,20260525
25820,7637108751836646677,mobilelegends-id,https://www.tiktok.com/@mobilelegends_id/video/7637108751836646677,mobilelegends_id,Pesan khusus dari Mobile Legends: Bang Bang. Kembali ke awal kisah NARUTO dan bersiaplah untuk bertempur! #NARUTO #MLBB,24,22500,325,36,23,20260507
25808,7643736673733610772,mobilelegends-id,https://www.tiktok.com/@mobilelegends_id/video/7643736673733610772,mobilelegends_id,📍Tulis jumlah perbedaan + lokasinya di kolom komentar! Wajib lengkap & detail yagesya~ 📍WAJIB FOLLOW socmed MLBB ID di semua platform! 🔸 Instagram: @realmobilelegendsid 🔸 Facebook: Mobile Legends: Bang Bang (ID) 🔸 TikTok: @mobilelegends_id 🔸 YouTube: @mobilelegends_indonesia Selamat mencari guys! 😉 Semoga beruntung! 🫶🏻 #HartaKarunAllstar #MLBBAllStar #MLBBAllStarShowdown #MLBBGiveaway giveaway diamond luckybox gratis Mobile Legends update 2026 ML ling allstar,15,22100,251,85,23,20260525
25700,7629270305017564423,willdominateyougg,https://www.tiktok.com/@willdominateyougg/video/7629270305017564423,willdominateyougg,#mlbb #argus #darthvader #willdominateyougg #fyp,38,19100,765,24,15,20260416
25404,7642945651503828244,mlbb-esports,https://www.tiktok.com/@mlbbesports_official/video/7642945651503828244,mlbbesports_official,"For the first time, two Mongolian teams have qualified for MSC at EWC 26 together. Today, they face each other as rivals. Who will secure a spot in the Grand Finals? Let’s find out. ✨ #MLBBEsports #MLBB #MobileLegendsBangBang #MCTEA",18,23500,228,4,1,20260523
25376,7639287071252761863,willdominateyougg,https://www.tiktok.com/@willdominateyougg/video/7639287071252761863,willdominateyougg,#MLBBALLSTAR #MLBBDreadsea #MLBBSiren #MLBBTidalGoldRush #MLBB,25,18300,842,17,30,20260513
25304,7644563612920548628,mobilelegends-id,https://www.tiktok.com/@mobilelegends_id/video/7644563612920548628,mobilelegends_id,"🔥 MCGG MRS Crew Clash— Perang Seratus Resimen telah berkobar. Dua kubu besar saling berhadapan! Setiap pemain strategi berhak membuktikan kehormatannya. Bentuk atau temukan Crew-mu, bergabung dengan MRS, dan rebut hadiah serta takhta  Tonton film lengkapnya sekarang dan pilih pihakmu! *Please put the caption below on comment zone and pin:* Rp 880 juta menantimu! Klik https://magicchessgogo.com/s6mrscrewclash/?utm_source=kol&utm_medium=timcocvstimmcgg untuk berpartisipasi dalam acara, buat atau temukan Crew, Anda juga dapat mencari nama Crew berikut di halaman di atas untuk bergabung dengan tim para KOL (cepat, karena terbatas!) Ciduk: Clash-of-Chess Bangskot：TeamHama Chief Rian Gaming：BarbaRian MiceMaylou：TeamMicemaylou JayTV：TeamJayTV Bass Klemens：Checkmate-01 Kelvin Gaming：TeamKelvin Jeremy Archer: TeamJeremy Budiono Wong: BudionoWong-02 Fan Lee: X-FANLEE-01 Game Download: https://app.adjust.com/1hbnfn1z_1hsahd65?campaign=MCGG1YEAR&adgroup=PR&deeplink=mobilechess%3A%2F%2Fappinvites  #MCGGS6 #MRSTimCOC #MRSTimMCGG #MRSCrewClash #MCGG # Magic Chess: GO GO",112,21200,368,58,3,20260527
25008,7608108556910349575,willdominateyougg,https://www.tiktok.com/@willdominateyougg/video/7608108556910349575,willdominateyougg,Hanabi Twin Crescent Skin! #MLBBGoldenMonth #MLBBFV #MLBB,15,21000,486,6,25,20260218
23972,7618864225263439122,willdominateyougg,https://www.tiktok.com/@willdominateyougg/video/7618864225263439122,willdominateyougg,#MLBBMARCEL #MLBBS40 #MLBBFV #MLBB,24,21400,304,7,5,20260319
23824,7632239072123145479,willdominateyougg,https://www.tiktok.com/@willdominateyougg/video/7632239072123145479,willdominateyougg,#MLBB #gusion #kakashi #willdominateyougg #fyp,26,19400,528,10,27,20260424
23192,7644109328722513159,mobilelegends-id,https://www.tiktok.com/@mobilelegends_id/video/7644109328722513159,mobilelegends_id,Setelah sekian lama… akhirnya Ling dapet skin lagi 😭 User Ling udah siap comeback belum nih 👇 #mobilelegends_id #serubarengmlbb #samasamamain #MobileLegendsBangBang  #Ling,67,17800,449,90,11,20260526
22476,7633328417693371666,willdominateyougg,https://www.tiktok.com/@willdominateyougg/video/7633328417693371666,willdominateyougg,#MLBB #mobilelegendsbangbang #fyp #itachiuchiha,27,18000,532,11,6,20260427
22024,7610697294442188039,willdominateyougg,https://www.tiktok.com/@willdominateyougg/video/7610697294442188039,willdominateyougg,#MLBB #mobilelegendsbangbang #willdominateyougg #fyp,30,19600,288,6,14,20260225
21872,7610294907487390983,willdominateyougg,https://www.tiktok.com/@willdominateyougg/video/7610294907487390983,willdominateyougg,#MLBB #mobilelegendsbangbang #willdominateyougg #gusion #fyp,30,19600,269,6,8,20260224
21860,7618492250120555783,willdominateyougg,https://www.tiktok.com/@willdominateyougg/video/7618492250120555783,willdominateyougg,#MLBBMARCEL #MLBBS40 #MLBBFV #MLBB,24,17300,540,12,30,20260318
21692,7633673715393350920,willdominateyougg,https://www.tiktok.com/@willdominateyougg/video/7633673715393350920,willdominateyougg,#MLBB #mobilelegendsbangbang #fyp,23,17900,419,22,8,20260428
21020,7630683199483563271,willdominateyougg,https://www.tiktok.com/@willdominateyougg/video/7630683199483563271,willdominateyougg,#MLBBNewMode #MLBBFrozensea #MLBBFV #MLBB #MLBBS40,36,16200,545,23,31,20260420
20488,7641514628618734866,willdominateyougg,https://www.tiktok.com/@willdominateyougg/video/7641514628618734866,willdominateyougg,chillin in arcade #MLBBNewMode #MLBBALLSTAR #MLBBTIDESIEGE #MLBBFV,29,16600,446,16,51,20260519
20212,7608115807138106631,willdominateyougg,https://www.tiktok.com/@willdominateyougg/video/7608115807138106631,willdominateyougg,#MLBBGoldenMonth #MLBBFV #MLBB,16,18700,164,10,65,20260218
20008,7220605576370310401,mlbb-top-creation,https://www.tiktok.com/@mlbbtopcreation/video/7220605576370310401,mlbbtopcreation,poor atlas HAHAHA @arnold92700 #mobilelegends #mgl #mlbbcreatorcamp,21,11200,1031,28,23,20230414
19688,7641821078205058322,mobilelegends-id,https://www.tiktok.com/@mobilelegends_id/video/7641821078205058322,mobilelegends_id,"Sempat kehilangan segalanya, bahkan nyawanya sendiri… Tapi akhir ceritanya belum selesai 😈 Dia bangkit lagi, menyatu dengan kekuatan kegelapan dan berubah jadi sosok yang jauh lebih mengerikan. User Obsidia absen dulu sini! 👇 #mobilelegends_id  #serubarengmlbb #MobileLegendsBangBang #MLBBLore #Obsidia",69,16200,361,30,14,20260520
19552,7621141593436769543,willdominateyougg,https://www.tiktok.com/@willdominateyougg/video/7621141593436769543,willdominateyougg,#MLBB #mobilelegendsbangbang #adventuretime #finnthehuman #jakethedog,37,17000,299,8,20,20260325
19484,7608100870290525448,willdominateyougg,https://www.tiktok.com/@willdominateyougg/video/7608100870290525448,willdominateyougg,#MLBBGoldenMonth #MLBBFV #MLBB,23,16800,318,7,4,20260218
18732,7618487645844311304,willdominateyougg,https://www.tiktok.com/@willdominateyougg/video/7618487645844311304,willdominateyougg,#MLBBMARCEL #MLBBS40 #MLBBFV #MLBB,21,17000,199,7,11,20260318
18664,7641525105750789384,willdominateyougg,https://www.tiktok.com/@willdominateyougg/video/7641525105750789384,willdominateyougg,#MLBBNewMode #MLBBALLSTAR #MLBBTIDESIEGE #MLBBFV #MLBB,25,15500,363,13,12,20260519
18560,7235132668843724034,mlbb-top-creation,https://www.tiktok.com/@mlbbtopcreation/video/7235132668843724034,mlbbtopcreation,Tank-celot Tutorial @migosml  #mobilelegends #mgl #mlbbcreatorcamp,66,12300,755,11,24,20230520
18508,7641854380878122247,mobilelegends-id,https://www.tiktok.com/@mobilelegends_id/video/7641854380878122247,mobilelegends_id,Pharsa paling enak combo sama siapa nih? 👀🔥 #mobilelegends_id #serubarengmlbb #samasamamain #MobileLegendsBangBang  #MLBBGameplay,52,15800,251,35,7,20260520
17524,7642236711577193748,mobilelegends-id,https://www.tiktok.com/@mobilelegends_id/video/7642236711577193748,mobilelegends_id,Selamat kepada pemenang yang beruntung untuk mendapatkan diamond dari Challenge Tide Clash Livestream: Battle For Fortune - Round 1 Hadiah akan dikirim langsung ke in-game email kalian dalam paling lambat 30 hari setelah pengumuman ini.  Masih ada kesempatan untuk mendapatkan harta karun di Tide Clash Livestream: Battle For Fortune - Round 2 JANGAN SAMPAI KETINGGALAN!!! #MLBB #MLBBAllStar #MLBBAllStarShowdown,59,14600,203,65,9,20260521
17340,7642608075287022868,mobilelegends-id,https://www.tiktok.com/@mobilelegends_id/video/7642608075287022868,mobilelegends_id,"Menangkan total hadiah iPhone 17, iPad Mini, dan Sony Headphones hanya dengan membuat konten! 🏆 Mekanisme:  🎬 Clip: Ambil momen terlucu di Livestream ""Ada Apa Dengan Wendy"".  📱 Post: Upload ke TikTok, mention @mobilelegends_id.  📝 Caption: Alasan wajib nonton + MLBB User ID + #MLBBALLSTARLIVESTREAM Save the Date!  📅 22 Mei 2026  🕒 15.00 WIB - Selesai  📣 Pengumuman 10 pemenang selama live berlangsung. Jangan sampai kelewatan momen seru (dan hadiahnya)! 🙌🏻✨ #MLBB #MobileLegends #MLBBALLSTARLIVESTREAM #AdaApaDenganWendy",38,14700,185,58,19,20260522
17252,7641157019424099605,mobilelegends-id,https://www.tiktok.com/@mobilelegends_id/video/7641157019424099605,mobilelegends_id,"✨Komen sebanyak-banyaknya tentang video “ADA APA DENGAN WENDY?” + ID (Server) kamu dan raih kesempatan menangin 20 Skin Epic Permanen & 20.000 Diamond! (📌Video udah Mimin pinned, cek & tonton sekarang!) 📌 WAJIB FOLLOW MLBB ID di semua socmed! 🔸 Instagram: @realmobilelegendsid 🔸 Facebook: Mobile Legends: Bang Bang (ID) 🔸 TikTok: @mobilelegends_id 🔸 YouTube: @mobilelegends_indonesia Semoga beruntung yagesya 🥳 #HartaKarunAllstar #MLBBAllStarShowdown  #MLBBTideClash #PertarunganOmbak #SiapaMencelakaiWendy event terbaru Mobile Legends giveaway skin epic diamond gratis 2026",60,14200,184,79,23,20260518
16236,7233669896675069186,mlbb-top-creation,https://www.tiktok.com/@mlbbtopcreation/video/7233669896675069186,mlbbtopcreation,Yummy Ice Cream! @myatminkhantws #mobilelegends #mgl #mlbbcreatorcamp,43,10900,647,8,9,20230517
16076,7645586648402562311,willdominateyougg,https://www.tiktok.com/@willdominateyougg/video/7645586648402562311,willdominateyougg,#MLBBALLSTAR #MLBBFV #MLBBDreadsea #MLBBSiren #MLBBTidalGoldRush,22,12700,362,24,3,20260530
16036,7639641223770164487,willdominateyougg,https://www.tiktok.com/@willdominateyougg/video/7639641223770164487,willdominateyougg,#MLBBALLSTAR #MLBBDreadsea #MLBBSiren #MLBBTidalGoldRush #MLBB,23,12600,382,19,6,20260514
15548,7639633627248119058,willdominateyougg,https://www.tiktok.com/@willdominateyougg/video/7639633627248119058,willdominateyougg,#MLBBALLSTAR #MLBBDreadsea #MLBBSiren #MLBBTidalGoldRush #MLBB,23,11600,456,15,7,20260514
15348,7645567366864145672,willdominateyougg,https://www.tiktok.com/@willdominateyougg/video/7645567366864145672,willdominateyougg,#MLBBALLSTAR #MLBBFV #MLBBDreadsea #MLBBSiren #MLBBTidalGoldRush,17,10500,541,26,26,20260530
15228,7642994643914837268,mobilelegends-id,https://www.tiktok.com/@mobilelegends_id/video/7642994643914837268,mobilelegends_id,"10 pemburu emas dari seluruh dunia berkumpul untuk memulai pelayaran yang luar biasa. @Elizabeth Tan @Khin Wint Wah @SHRX • Shaira Ortile @Kazuki  @Brandon Kent @paranoidosman @remixbacon @Tốp Mỡ @Вудский Дед  Tantangan Siren menanti. Siapa yang pada akhirnya akan berhasil membawa pulang harta karun? 📅 30/05 - 31/05 Saksikan siaran langsung resmi untuk melihat grand final! Tonton siaran langsung untuk berkesempatan memenangkan bonus eksklusif ALLSTAR! Ikuti event web eksklusif dan selesaikan quest untuk mendapatkan Border Avatar ""Siren Mask"" (7 Hari) edisi terbatas! Mulai 27/05, berikan vote untuk tim favoritmu! Tebak pemenang akhir dengan benar untuk memenangkan Battle Emote eksklusif! #ALLSTARShowdown #MLBBTideClash5v5 #MLBBALLSTAR #irl",60,13300,171,28,33,20260523
14556,7227726458758712578,mlbb-top-creation,https://www.tiktok.com/@mlbbtopcreation/video/7227726458758712578,mlbbtopcreation,Fighter Bane @myatminkhantws  #mobilelegends #mgl #mlbbcreatorcamp,39,9696,575,13,16,20230506
14368,7639266996428901650,willdominateyougg,https://www.tiktok.com/@willdominateyougg/video/7639266996428901650,willdominateyougg,#MLBBALLSTAR #MLBBDreadsea #MLBBSiren #MLBBTidalGoldRush #MLBB,18,10800,396,20,9,20260513
14344,7618863247617281287,willdominateyougg,https://www.tiktok.com/@willdominateyougg/video/7618863247617281287,willdominateyougg,#MLBBMARCEL #MLBBS40 #MLBBFV #MLBB,24,12500,223,3,7,20260319
14120,7227725231417232641,mlbb-top-creation,https://www.tiktok.com/@mlbbtopcreation/video/7227725231417232641,mlbbtopcreation,Moonlit Ninja Build and Guide #mobilelegends #mgl #mlbbcreatorcamp,51,9884,507,9,11,20230502
13809,7205857568902630657,mlbb-top-creation,https://www.tiktok.com/@mlbbtopcreation/video/7205857568902630657,mlbbtopcreation,mission passed @rinkshii #mobilelegends #mgl #mlbbcreatorcamp,59,9597,499,11,9,20230303
13761,7233669602331364609,mlbb-top-creation,https://www.tiktok.com/@mlbbtopcreation/video/7233669602331364609,mlbbtopcreation,The Jellyman is on RAMPAGE @shonechristopher28 #mobilelegends #mgl #mlbbcreatorcamp,66,9189,549,9,6,20230516
13537,7217642236530494721,mlbb-top-creation,https://www.tiktok.com/@mlbbtopcreation/video/7217642236530494721,mlbbtopcreation,beautiful guinevere  @mydiory #mobilelegends #mgl #mllbbcreatorcamp,22,8273,618,16,39,20230404
13212,7632592923426589959,willdominateyougg,https://www.tiktok.com/@willdominateyougg/video/7632592923426589959,willdominateyougg,#mlbb #gusion #kakashi #willdominateyougg #mlbbxnaruto,28,11100,254,4,7,20260425
12576,7233669250836204801,mlbb-top-creation,https://www.tiktok.com/@mlbbtopcreation/video/7233669250836204801,mlbbtopcreation,Gloo Tips @elanie #mobilelegends #mgl #mlbbcreatorcamp,67,8488,496,6,0,20230516
12361,7221357616088288514,mlbb-top-creation,https://www.tiktok.com/@mlbbtopcreation/video/7221357616088288514,mlbbtopcreation,starlight new squad?  @yunixqt #mobilelegends #mgl #mlbbcreatorcamp,37,7549,589,5,10,20230415
11768,7630673366319451410,willdominateyougg,https://www.tiktok.com/@willdominateyougg/video/7630673366319451410,willdominateyougg,#MLBBNewMode #MLBBFrozensea #MLBBFV #MLBB #MLBBS40,35,10300,161,9,5,20260420
11411,7630678246958353682,willdominateyougg,https://www.tiktok.com/@willdominateyougg/video/7630678246958353682,willdominateyougg,Top Galaxy Franco Ultra Pro Max #MLBBNewMode #MLBBFrozensea #MLBBFV #MLBB #MLBBS40,14,8927,283,11,6,20260420
10985,7227726219008134401,mlbb-top-creation,https://www.tiktok.com/@mlbbtopcreation/video/7227726219008134401,mlbbtopcreation,Moonlit Ninja Gameplay @silvioctaviaputri #mobilelegends #mgl #mlbbcreatorcamp,65,6821,508,5,29,20230505
10955,7220598644490161409,mlbb-top-creation,https://www.tiktok.com/@mlbbtopcreation/video/7220598644490161409,mlbbtopcreation,"Sorry Aldous, better luck nextime @.beruchan #mobilelegends #mgl #mlbbcreatorcamp",32,7307,441,6,8,20230413
10379,7233667618056539393,mlbb-top-creation,https://www.tiktok.com/@mlbbtopcreation/video/7233667618056539393,mlbbtopcreation,Moskov Montage @elanie #mobilelegends #mgl #mlbbcreatorcamp,55,6551,466,5,14,20230516
10019,7233667399021513985,mlbb-top-creation,https://www.tiktok.com/@mlbbtopcreation/video/7233667399021513985,mlbbtopcreation,Moskov Gameplay @atomix_knight #mobilelegends #mgl #mlbbcreatorcamp,58,6207,464,5,9,20230516
9820,7221358402478378242,mlbb-top-creation,https://www.tiktok.com/@mlbbtopcreation/video/7221358402478378242,mlbbtopcreation,lancelot  plays @haisekyut #mobilelegends #mgl #mlbbcreatorcamp,44,6856,358,5,20,20230416
9417,7227725898588376322,mlbb-top-creation,https://www.tiktok.com/@mlbbtopcreation/video/7227725898588376322,mlbbtopcreation,Soul Defiler montage @shonechristopher28 #mobilelegends #mgl #mlbbcreatorcamp,67,6053,408,5,8,20230504
9139,7222801620885638402,mlbb-top-creation,https://www.tiktok.com/@mlbbtopcreation/video/7222801620885638402,mlbbtopcreation,An Impostor Vale @migosml #mobilelegends #mgl #mlbbcreatorcamp,48,5923,382,8,14,20230417
9123,7222808419760196866,mlbb-top-creation,https://www.tiktok.com/@mlbbtopcreation/video/7222808419760196866,mlbbtopcreation,Savage Miya @silvioctaviaputri #mobilelegends #mgl #mlbbcreatorcamp,64,6107,337,16,32,20230423
9016,7221357637927980289,mlbb-top-creation,https://www.tiktok.com/@mlbbtopcreation/video/7221357637927980289,mlbbtopcreation,dyrroth plays @malik.dyrroth  #mobilelegends #mgl #mlbbcreatorcamp,51,6224,324,10,10,20230415
8618,7212836325987257602,mlbb-top-creation,https://www.tiktok.com/@mlbbtopcreation/video/7212836325987257602,mlbbtopcreation,"paquito is lagging , lmao @xihporyz_ #mobilelegends #mgl #mlbbcreatorcamp",27,5678,360,3,9,20230321
8422,7205040406889778434,mlbb-top-creation,https://www.tiktok.com/@mlbbtopcreation/video/7205040406889778434,mlbbtopcreation,my partner @_yuenaaa #mobilelegends #mgl #mlbbcreatorcamp,18,5882,295,9,9,20230301
8328,7227362476122230018,mlbb-top-creation,https://www.tiktok.com/@mlbbtopcreation/video/7227362476122230018,mlbbtopcreation,Dance with Eudora @myatminkhantws #mobilelegends #mgl #mlbbcreatorcamp,41,5344,348,10,12,20230430
8317,7227724327070862593,mlbb-top-creation,https://www.tiktok.com/@mlbbtopcreation/video/7227724327070862593,mlbbtopcreation,Hanabi Gameplay @atomix_knight #mobilelegends #mgl #mlbbcreatorcamp,64,5253,358,10,7,20230501
8287,7227725550603848962,mlbb-top-creation,https://www.tiktok.com/@mlbbtopcreation/video/7227725550603848962,mlbbtopcreation,Bane Gameplay @misspredat #mobilelegends #mgl #mlbbcreatorcamp,43,5095,384,6,7,20230503
8156,7213233632843009281,mlbb-top-creation,https://www.tiktok.com/@mlbbtopcreation/video/7213233632843009281,mlbbtopcreation,nana highlights @variuuz #mobilelegends #mgl #mlbbcreatorcamp,39,5896,260,9,30,20230327
8098,7208094389099416833,mlbb-top-creation,https://www.tiktok.com/@mlbbtopcreation/video/7208094389099416833,mlbbtopcreation,"your tank, tigreal @_yuenaaa #mobilelegends #mgl #mlbbcreatorcamp",17,5526,294,11,8,20230309
7975,7210391823485816065,mlbb-top-creation,https://www.tiktok.com/@mlbbtopcreation/video/7210391823485816065,mlbbtopcreation,jawhead x karina @queenmiharu #mobilelegends #mgl #mlbbcreatorcamp,21,5527,291,6,18,20230315
7940,7213231034211618050,mlbb-top-creation,https://www.tiktok.com/@mlbbtopcreation/video/7213231034211618050,mlbbtopcreation,what you think??? @yt.luciotvofficial #mobilelegends #mgl #mlbbcreatorcamp,21,6056,228,3,4,20230324
7843,7222807959187787010,mlbb-top-creation,https://www.tiktok.com/@mlbbtopcreation/video/7222807959187787010,mlbbtopcreation,Miya Gameplay #mobilelegends #mgl #mlbbcreatorcamp,66,5111,309,13,12,20230422
7817,7220598890238643458,mlbb-top-creation,https://www.tiktok.com/@mlbbtopcreation/video/7220598890238643458,mlbbtopcreation,poor moscov @jsa.mlbb #mobilelegends #mgl #mlbbcreatorcamp,37,5137,320,6,4,20230413
7763,7222807258445516033,mlbb-top-creation,https://www.tiktok.com/@mlbbtopcreation/video/7222807258445516033,mlbbtopcreation,You Can't Run From My Arrow @migosml #mobilelegends #mgl #mlbbcreatorcamp,52,5119,318,5,6,20230421
7611,7227362356710395138,mlbb-top-creation,https://www.tiktok.com/@mlbbtopcreation/video/7227362356710395138,mlbbtopcreation,Atomic Pop Eudora Gameplay @silvioctaviaputri #mobilelegends #mgl #mlbbcreatorcamp,68,4859,314,12,8,20230429
7608,7219185939338251522,mlbb-top-creation,https://www.tiktok.com/@mlbbtopcreation/video/7219185939338251522,mlbbtopcreation,annoying nana hahaha @variuuz #mobilelegends #mgl #mlbbcreatorcamp,84,4988,315,5,5,20230408
7423,7217641490271587585,mlbb-top-creation,https://www.tiktok.com/@mlbbtopcreation/video/7217641490271587585,mlbbtopcreation,outplayed! @variuuz #mobilelegends #mgl #mllbbcreatorcamp,42,4783,320,4,6,20230403
7358,7219188426053094658,mlbb-top-creation,https://www.tiktok.com/@mlbbtopcreation/video/7219188426053094658,mlbbtopcreation,BADANG VS  BADANG @nd_mlbb #mobilelegends #mgl #mlbbcreatorcamp,24,5202,262,3,9,20230410
7291,7222806078294166785,mlbb-top-creation,https://www.tiktok.com/@mlbbtopcreation/video/7222806078294166785,mlbbtopcreation,Cutie Edith @myatminkhantws #mobilelegends #mgl #mlbbcreatorcamp,45,4843,296,4,9,20230420
7253,7221358183426559233,mlbb-top-creation,https://www.tiktok.com/@mlbbtopcreation/video/7221358183426559233,mlbbtopcreation,16 best mage @ilybudangnikkay #mobilelegends #mgl #mlbbcreatorcamp,58,4609,313,7,3,20230416
7252,7219186757542137089,mlbb-top-creation,https://www.tiktok.com/@mlbbtopcreation/video/7219186757542137089,mlbbtopcreation,pretty harmonia @jazzentcabico #mobilelegends #mgl #mlbbcreatorcamp,17,4848,293,3,4,20230409
7133,7208094812535262465,mlbb-top-creation,https://www.tiktok.com/@mlbbtopcreation/video/7208094812535262465,mlbbtopcreation,dyrroth maniac moments @malik.dyrroth  #mobilelegends #mgl #mlbbcreatorcamp,56,5333,210,6,8,20230310
6863,7213232313897880833,mlbb-top-creation,https://www.tiktok.com/@mlbbtopcreation/video/7213232313897880833,mlbbtopcreation,poor harley @novarianttiktok #mobilelegends #mgl #mlbbcreatorcamp,14,4923,235,3,13,20230325
6669,7205857076818562306,mlbb-top-creation,https://www.tiktok.com/@mlbbtopcreation/video/7205857076818562306,mlbbtopcreation,another lato-lato game mlbb version  @saitamaml2 #mobilelegends #mgl #mlbbcreatorcamp,63,4685,233,6,20,20230302
6428,7207270206970858754,mlbb-top-creation,https://www.tiktok.com/@mlbbtopcreation/video/7207270206970858754,mlbbtopcreation,Fredrinn - 1 Hit?! #mobilelegends #mgl #mlbbcreatorcamp,35,4708,205,4,7,20230308
6405,7226724208489876738,mlbb-top-creation,https://www.tiktok.com/@mlbbtopcreation/video/7226724208489876738,mlbbtopcreation,Music is Magic! @atomix_knight #mobilelegends #mgl #mlbbcreatorcamp,64,4241,268,1,6,20230427
6234,7205858038199143682,mlbb-top-creation,https://www.tiktok.com/@mlbbtopcreation/video/7205858038199143682,mlbbtopcreation,the battle of swords @jazzentcabico #mobilelegends #mgl #mlbbcreatorcamp,22,4210,243,4,19,20230305
6188,7207270362348801281,mlbb-top-creation,https://www.tiktok.com/@mlbbtopcreation/video/7207270362348801281,mlbbtopcreation,"Fear Me, If You DARE! @migosml #mobilelegends #mgl #mlbbcreatorcamp",43,4900,156,2,12,20230307
6170,7226728774262459650,mlbb-top-creation,https://www.tiktok.com/@mlbbtopcreation/video/7226728774262459650,mlbbtopcreation,Eudora Montage @misspredat #mobilelegends #mgl #mlbbcreatorcamp,43,3934,272,3,3,20230428
6127,7220598194923703554,mlbb-top-creation,https://www.tiktok.com/@mlbbtopcreation/video/7220598194923703554,mlbbtopcreation,All stars as ITZY @saikyuun_ #mobilelegends #mgl #mlbbcreatorcamp,24,4227,220,7,3,20230412
5976,7220597413822729473,mlbb-top-creation,https://www.tiktok.com/@mlbbtopcreation/video/7220597413822729473,mlbbtopcreation,miya and eudora build @yt.luciotvofficial #mobilelegends #mgl #mlbbcreatorcamp,51,4200,212,4,4,20230411
5822,7222805070793018625,mlbb-top-creation,https://www.tiktok.com/@mlbbtopcreation/video/7222805070793018625,mlbbtopcreation,Edith Gameplay @misspredat  #mobilelegends #mgl #mlbbcreatorcamp,43,3786,247,3,11,20230418
5709,7210390816206949634,mlbb-top-creation,https://www.tiktok.com/@mlbbtopcreation/video/7210390816206949634,mlbbtopcreation,new hero novaria plays @halls3y #mobilelegends #mgl #mlbbcreatorcamp,25,4013,202,4,0,20230314
5685,7219185739907501314,mlbb-top-creation,https://www.tiktok.com/@mlbbtopcreation/video/7219185739907501314,mlbbtopcreation,dyrroth plays @malik.dyrroth #mobilelegends #mgl #mlbbcreatorcamp,53,3957,206,4,2,20230407
5593,7222806189652937986,mlbb-top-creation,https://www.tiktok.com/@mlbbtopcreation/video/7222806189652937986,mlbbtopcreation,Edith Montage @shonechristopher28 #mobilelegends #mgl #mlbbcreatorcamp,65,3637,232,5,2,20230419
5573,7207676643928804609,mlbb-top-creation,https://www.tiktok.com/@mlbbtopcreation/video/7207676643928804609,mlbbtopcreation,Arlott and the kids ahaha @saikyuun_ #mobilelegends #mgl #mlbbcreatorcamp,28,3885,206,2,23,20230307
5503,7615355347905154311,mlbb-update-central,https://www.tiktok.com/@mlbb_update_central/video/7615355347905154311,mlbb_update_central,"New chaos just dropped in Mobile Legends: Bang Bang 👀 Tide Siege Arcade Mode is not your usual match… towers fall faster, battles get crazier, and one push can end the game! 🌊⚔️ Will your team dominate the siege… or get wiped in seconds? 😳 Watch until the end and tell me what you think about this new mode! Follow for more MLBB updates, events, and hidden features 🔔 Tag your squad and share this with your duo! 🎮 #MLBB #mobilelegends #MLBBtiktok #gamingontiktok @Mobile Legends Philippines @mlbbttofficial",448,4767,57,14,2,20260309
5496,7204654585342905601,mlbb-top-creation,https://www.tiktok.com/@mlbbtopcreation/video/7204654585342905601,mlbbtopcreation,One Shot 😱 @sleepyhairman69 #mobilelegends #mgl #mlbbcreatorcamp,61,3540,232,5,13,20230305
5393,7205857872142421249,mlbb-top-creation,https://www.tiktok.com/@mlbbtopcreation/video/7205857872142421249,mlbbtopcreation,hayabusa plays @saint_peana #mobilelegends #mgl #mlbbcreatorcamp,23,3977,167,4,3,20230304
5280,7220597170448174337,mlbb-top-creation,https://www.tiktok.com/@mlbbtopcreation/video/7220597170448174337,mlbbtopcreation,would you try this build for eudora? @horikyouko25 #mobilelegends #mgl #mlbbcreatorcamp,39,3648,194,4,2,20230411
5072,7212906511167655169,mlbb-top-creation,https://www.tiktok.com/@mlbbtopcreation/video/7212906511167655169,mlbbtopcreation,"still,, multirole 🤭❤️ @mlbb_n3ska #mobilelegends #mgl #mlbbcreatorcamp",29,3508,183,5,3,20230322
5052,7208436162493566210,mlbb-top-creation,https://www.tiktok.com/@mlbbtopcreation/video/7208436162493566210,mlbbtopcreation,yu zhong vs yin @lorinzooo.ml #mobilelegends #mgl #mllbcreatorcamp,74,3304,211,3,7,20230312
4951,7208094078083271938,mlbb-top-creation,https://www.tiktok.com/@mlbbtopcreation/video/7208094078083271938,mlbbtopcreation,TIGREAL VS ZILONG @wwwmoba #mobilelegends #mgl #mlbbcreatorcamp,111,3599,164,2,1,20230308
4903,7211365054015442178,mlbb-top-creation,https://www.tiktok.com/@mlbbtopcreation/video/7211365054015442178,mlbbtopcreation,dyrroth savage moment @malik.dyrroth #mobilelegends #mgl #mlbbcreatorcamp,49,3563,160,3,8,20230319
4864,7205040526259768578,mlbb-top-creation,https://www.tiktok.com/@mlbbtopcreation/video/7205040526259768578,mlbbtopcreation,flexing @kopinokopi #mobilelegends #mgl #mlbbcreatorcamp,19,3424,155,10,3,20230301
4852,7212905909398342914,mlbb-top-creation,https://www.tiktok.com/@mlbbtopcreation/video/7212905909398342914,mlbbtopcreation,chou vs chou @xihporyz_ #mobilelegends #mgl #mlbbcreatorcamp,34,3024,221,3,3,20230322
4848,7205857236894207234,mlbb-top-creation,https://www.tiktok.com/@mlbbtopcreation/video/7205857236894207234,mlbbtopcreation,the promise @grooose #mobilelegends #mgl #mlbbcreatorcamp,20,3416,174,2,2,20230303
4808,7212905737410923778,mlbb-top-creation,https://www.tiktok.com/@mlbbtopcreation/video/7212905737410923778,mlbbtopcreation,funny chou @yunan_tiktok #mobilelegends #mgl #mlbbcreatorcamp,33,3356,174,3,2,20230321
4808,7215500146031742209,mlbb-top-creation,https://www.tiktok.com/@mlbbtopcreation/video/7215500146031742209,mlbbtopcreation,damage floryn @variuuz #mobilelegends #mgl #mlbbcreatorcamp,56,3044,203,7,8,20230328
4793,7217645068411227394,mlbb-top-creation,https://www.tiktok.com/@mlbbtopcreation/video/7217645068411227394,mlbbtopcreation,sun plays @sunwukong_mlbb #mobilelegends #mgl #mllbbcreatorcamp,234,3021,209,5,2,20230405
4761,7208435524925803778,mlbb-top-creation,https://www.tiktok.com/@mlbbtopcreation/video/7208435524925803778,mlbbtopcreation,melissa plays @yt.luciotvofficial #mobilelegends #mgl #mlbbcreatorcamp,46,3613,141,1,8,20230311
4726,7219185102058769665,mlbb-top-creation,https://www.tiktok.com/@mlbbtopcreation/video/7219185102058769665,mlbbtopcreation,YES I'M SAD @peachaiofficial #mobilelegends #mgl #mlbbcreatorcamp,17,3150,192,2,0,20230407
4543,7219186560917343489,mlbb-top-creation,https://www.tiktok.com/@mlbbtopcreation/video/7219186560917343489,mlbbtopcreation,miya plays @suneogaming_ #mobilelegends #mgl #mlbbcreatorcamp,194,3147,152,9,2,20230408
4431,7211363509827915010,mlbb-top-creation,https://www.tiktok.com/@mlbbtopcreation/video/7211363509827915010,mlbbtopcreation,LT Franco hahaaha @saikyuun_ #mobilelegends #mgl #mlbbcreatorcamp,38,3155,142,7,7,20230318
4379,7218884854379826434,mlbb-top-creation,https://www.tiktok.com/@mlbbtopcreation/video/7218884854379826434,mlbbtopcreation,kagura plays  @aster_ml #mobilelegends #mgl #mlbbcreatorcamp,49,2843,182,4,1,20230406
4316,7210393486690962690,mlbb-top-creation,https://www.tiktok.com/@mlbbtopcreation/video/7210393486690962690,mlbbtopcreation,non-stop immobilize @variuuz #mobilelegends #mgl #mlbbcreatorcamp,73,2832,173,5,2,20230315
4282,7217635892024855810,mlbb-top-creation,https://www.tiktok.com/@mlbbtopcreation/video/7217635892024855810,mlbbtopcreation,Untouchable Roger @arrslwly #mobilelegends #mgl #mllbbcreatorcamp,47,2970,154,4,2,20230411
4222,7211054506287648002,mlbb-top-creation,https://www.tiktok.com/@mlbbtopcreation/video/7211054506287648002,mlbbtopcreation,tutorial how to use arlott @tokuchiigaming #mobilelegends #mgl #mlbbcreatorcamp,267,3338,108,1,2,20230317
4156,7213231242936880385,mlbb-top-creation,https://www.tiktok.com/@mlbbtopcreation/video/7213231242936880385,mlbbtopcreation,selena plays @mochii.ml #mobilelegends #mgl #mlbbcreatorcamp,74,2940,137,6,4,20230324
4156,7215502025847475457,mlbb-top-creation,https://www.tiktok.com/@mlbbtopcreation/video/7215502025847475457,mlbbtopcreation,Luo yi plays @dayseagamingtv #mobilelegends #mgl #mlbbcreatorcamp,42,2924,139,6,5,20230401
4138,7217643667488558337,mlbb-top-creation,https://www.tiktok.com/@mlbbtopcreation/video/7217643667488558337,mlbbtopcreation,atlas plays @benchincogaming #mobilelegends #mgl #mllbbcreatorcamp,36,3134,113,5,2,20230404
4063,7210388548707552514,mlbb-top-creation,https://www.tiktok.com/@mlbbtopcreation/video/7210388548707552514,mlbbtopcreation,wanna see magic trick? @nd_mlbb #mobilelegends #mgl #mlbbcreatorcamp,13,2875,131,7,3,20230314
4044,7205858327908158722,mlbb-top-creation,https://www.tiktok.com/@mlbbtopcreation/video/7205858327908158722,mlbbtopcreation,RIP maniac @muwanaaaaa #mobilelegends #mgl #mlbbcreatorcamp,62,3048,112,5,0,20230305
4044,7217635889994910977,mlbb-top-creation,https://www.tiktok.com/@mlbbtopcreation/video/7217635889994910977,mlbbtopcreation,Elegant Aries Hilda @myatminkhantws #mobilelegends #mgl #mllbbcreatorcampbase,41,2900,138,2,2,20230412
4029,7213231912314326273,mlbb-top-creation,https://www.tiktok.com/@mlbbtopcreation/video/7213231912314326273,mlbbtopcreation,dyrroth vs arlott @malik.dyrroth #mobilelegends #mgl #mlbbcreatorcamp,54,2977,124,3,5,20230325
4022,7215501801775254786,mlbb-top-creation,https://www.tiktok.com/@mlbbtopcreation/video/7215501801775254786,mlbbtopcreation,IÁM A MULTIROLE @jsa.mlbb #mobilelegends #mgl #mlbbcreatorcamp,50,2742,155,2,17,20230401
4011,7207676459169729793,mlbb-top-creation,https://www.tiktok.com/@mlbbtopcreation/video/7207676459169729793,mlbbtopcreation,slayed mages! @variuuz #mobilelegends #mgl #mlbbcreatorcamp,78,2631,160,5,21,20230307
4001,7213230714685345025,mlbb-top-creation,https://www.tiktok.com/@mlbbtopcreation/video/7213230714685345025,mlbbtopcreation,nana plays @kimgwapaaa #mobilelegends #mgl #mlbbcreatorcamp,52,2705,152,4,2,20230323
3979,7217644238778027265,mlbb-top-creation,https://www.tiktok.com/@mlbbtopcreation/video/7217644238778027265,mlbbtopcreation,gusion and lesley as team rocket @nanamateluk #mobilelegends #mgl #mllbbcreatorcamp,29,2747,144,4,8,20230405
3938,7212413421654904065,mlbb-top-creation,https://www.tiktok.com/@mlbbtopcreation/video/7212413421654904065,mlbbtopcreation,Can You Escape This? @migosml  #mobilelegends #mgl #mlbbcreatorcamp,38,2918,125,1,5,20230324
3926,7210390199572958466,mlbb-top-creation,https://www.tiktok.com/@mlbbtopcreation/video/7210390199572958466,mlbbtopcreation,gloo combo tutorial @yt.luciotvofficial #mobilelegends #mgl #mlbbcreatorcamp,55,2978,111,3,0,20230314
3920,7216374682650463489,mlbb-top-creation,https://www.tiktok.com/@mlbbtopcreation/video/7216374682650463489,mlbbtopcreation,gord plays @suneogaming_ #mobilelegends #mgl #mlbbcreatorcamp,202,2804,132,3,2,20230402
3865,7207270122946333954,mlbb-top-creation,https://www.tiktok.com/@mlbbtopcreation/video/7207270122946333954,mlbbtopcreation,Arlott Montage @jleomlbb #mobilelegends #mgl #mlbbcreatorcamp,40,2913,114,2,6,20230306
3859,7219188090126994689,mlbb-top-creation,https://www.tiktok.com/@mlbbtopcreation/video/7219188090126994689,mlbbtopcreation,you can't catch me XD @aireen3_mlbb #mobilelegends #mgl #mlbbcreatorcamp,34,2675,143,2,0,20230410
3797,7217631778226326785,mlbb-top-creation,https://www.tiktok.com/@mlbbtopcreation/video/7217631778226326785,mlbbtopcreation,"What a save! Oh, wait 🤣@Elanieee #mobilelegends #mgl #mlbbcreatorcamp",38,2437,160,4,5,20230406
3706,7213233022387145985,mlbb-top-creation,https://www.tiktok.com/@mlbbtopcreation/video/7213233022387145985,mlbbtopcreation,karrie plays @yt.luciotvofficial #mobilelegends #mgl #mlbbcreatorcamp,45,2510,142,3,6,20230326
3699,7211051068271201537,mlbb-top-creation,https://www.tiktok.com/@mlbbtopcreation/video/7211051068271201537,mlbbtopcreation,aurora plays @suneogaming_ #mobilelegends #mgl #mlbbcreatorcamp,208,2611,126,4,0,20230316
3680,7205856810341895425,mlbb-top-creation,https://www.tiktok.com/@mlbbtopcreation/video/7205856810341895425,mlbbtopcreation,this hurts @grooose #mobilelegends #mgl #mlbbcreatorcamp,21,2500,145,1,0,20230302
3614,7215500415238933761,mlbb-top-creation,https://www.tiktok.com/@mlbbtopcreation/video/7215500415238933761,mlbbtopcreation,miya maniac moment @eiysssss #mobilelegends #mgl #mlbbcreatorcamp,33,2390,143,4,18,20230329
3540,7215501200156806401,mlbb-top-creation,https://www.tiktok.com/@mlbbtopcreation/video/7215501200156806401,mlbbtopcreation,follow me HAHAHA @yt.luciotvofficial #mobilelegends #mgl #mlbbcreatorcamp,55,2364,142,2,3,20230331
3539,7207270898615733506,mlbb-top-creation,https://www.tiktok.com/@mlbbtopcreation/video/7207270898615733506,mlbbtopcreation,I Will Not Have MERCY! #mobilelegends #mgl #mlbbcreatorcamp,38,2695,103,1,0,20230310
3440,7205857731817868546,mlbb-top-creation,https://www.tiktok.com/@mlbbtopcreation/video/7205857731817868546,mlbbtopcreation,"eyyy, the dodge @12_blades #mobilelegends #mgl #mlbbcreatorcamp",27,2488,114,2,4,20230304
3410,7217634063362886914,mlbb-top-creation,https://www.tiktok.com/@mlbbtopcreation/video/7217634063362886914,mlbbtopcreation,Hilda Gameplay @misspredat #mobilelegends #mgl #mllbbcreatorcamp,38,2434,117,2,1,20230410
3410,7215500778272853249,mlbb-top-creation,https://www.tiktok.com/@mlbbtopcreation/video/7215500778272853249,mlbbtopcreation,chang'e plays @amarisqt #mobilelegends #mgl #mlbbcreatorcamp,48,2350,130,1,32,20230330
3407,7211363897113087234,mlbb-top-creation,https://www.tiktok.com/@mlbbtopcreation/video/7211363897113087234,mlbbtopcreation,yin vs julian @pnx.ladymikuro #mobilelegends #mgl #mlbbcreatorcamp,44,2595,94,3,16,20230318
3354,7214999931025673474,mlbb-top-creation,https://www.tiktok.com/@mlbbtopcreation/video/7214999931025673474,mlbbtopcreation,Floryn As A Mage @myatminkhant_0 #mobilelegends #mgl #mlbbcreatorcamp,42,2402,114,2,2,20230402
3340,7213232344478534913,mlbb-top-creation,https://www.tiktok.com/@mlbbtopcreation/video/7213232344478534913,mlbbtopcreation,claude plays @haisekyut #mobilelegends #mgl #mlbbcreatorcamp,53,2420,110,2,2,20230326
3327,7217645504409193729,mlbb-top-creation,https://www.tiktok.com/@mlbbtopcreation/video/7217645504409193729,mlbbtopcreation,granger plays @yt.luciotvofficial #mobilelegends #mgl #mllbbcreatorcamp,40,2411,102,5,2,20230406
3285,7217635056439807233,mlbb-top-creation,https://www.tiktok.com/@mlbbtopcreation/video/7217635056439807233,mlbbtopcreation,Annoying Enemy with Hilda @migosml  #mobilelegends #mgl #mllbbcreatorcamp,57,2457,101,1,2,20230408
3230,7204654123243883778,mlbb-top-creation,https://www.tiktok.com/@mlbbtopcreation/video/7204654123243883778,mlbbtopcreation,Layla 😳 @yumenesstrawberry #mobilelegends #mgl #mlbbcreatorcamp,23,2458,84,5,0,20230304
3230,7217630620871068930,mlbb-top-creation,https://www.tiktok.com/@mlbbtopcreation/video/7217630620871068930,mlbbtopcreation,Hilarious! 🤣 @misspredat #mobilelegends #mgl #mlbbcreatorcamp,45,2246,118,2,2,20230404
3190,7211365823229807873,mlbb-top-creation,https://www.tiktok.com/@mlbbtopcreation/video/7211365823229807873,mlbbtopcreation,meet the forsaken light members @msdreah_ #mobilelegends #mgl #mlbbcreatorcamp,79,2162,106,9,33,20230320
3166,7215500990299098370,mlbb-top-creation,https://www.tiktok.com/@mlbbtopcreation/video/7215500990299098370,mlbbtopcreation,vexana only @msdreah_ #mobilelegends #mgl #mlbbcreatorcamp,49,2210,107,5,14,20230330
3137,7214999974705171714,mlbb-top-creation,https://www.tiktok.com/@mlbbtopcreation/video/7214999974705171714,mlbbtopcreation,Mage Floryn? @elaniieeee #mobilelegends #mgl #mlbbcreatorcamp,44,2257,105,2,5,20230401
3130,7217634630432787713,mlbb-top-creation,https://www.tiktok.com/@mlbbtopcreation/video/7217634630432787713,mlbbtopcreation,tables have turned 😂 @shonechristopher28 #mobilelegends #mgl #mllbbcreatorcamp,53,2198,109,3,1,20230407
3107,7213233597497543938,mlbb-top-creation,https://www.tiktok.com/@mlbbtopcreation/video/7213233597497543938,mlbbtopcreation,chou as your savior @mlbb_n3ska #mobilelegends #mgl #mlbbcreatorcamp,51,2155,119,0,2,20230327
3035,7207270753908067585,mlbb-top-creation,https://www.tiktok.com/@mlbbtopcreation/video/7207270753908067585,mlbbtopcreation,Arlott 🥵 @yumenesstrawberry #mobilelegends #mgl #mlbbcreatorcamp,27,2431,73,1,0,20230309
3019,7204653242037423361,mlbb-top-creation,https://www.tiktok.com/@mlbbtopcreation/video/7204653242037423361,mlbbtopcreation,Claude x Fanny Montage @migosml #mobilelegends #mgl #mlbbcreatorcamp,44,2159,105,1,0,20230302
2941,7217631403414949122,mlbb-top-creation,https://www.tiktok.com/@mlbbtopcreation/video/7217631403414949122,mlbbtopcreation,Failed to win @leviatthn #mobilelegends #mgl #mlbbcreatorcamp,67,2005,107,4,7,20230405
2922,7217635521680493825,mlbb-top-creation,https://www.tiktok.com/@mlbbtopcreation/video/7217635521680493825,mlbbtopcreation,Hilda Aries Gameplay @silvioctaviaputri #mobilelegends #mgl #mllbbcreatorcamp,66,2066,102,2,0,20230409
2917,7217630575891336449,mlbb-top-creation,https://www.tiktok.com/@mlbbtopcreation/video/7217630575891336449,mlbbtopcreation,Oopsie! 🤣 @pande.best #mobilelegends #mgl #mlbbcreatorcamp,40,2053,103,2,1,20230403
2855,7214999497284259074,mlbb-top-creation,https://www.tiktok.com/@mlbbtopcreation/video/7214999497284259074,mlbbtopcreation,Benedetta - Moonblade plays @arrslwly #mobilelegends #mgl #mlbbcreatorcamp,44,2063,94,2,2,20230331
2813,7215500571233602818,mlbb-top-creation,https://www.tiktok.com/@mlbbtopcreation/video/7215500571233602818,mlbbtopcreation,lesley plays @pnx.ladymikuro #mobilelegends #mgl #mlbbcreatorcamp,46,1901,104,4,7,20230329
2781,7212413439610801409,mlbb-top-creation,https://www.tiktok.com/@mlbbtopcreation/video/7212413439610801409,mlbbtopcreation,Valentina on MANIAC @__elanie  #mobilelegends #mgl #mlbbcreatorcamp,48,1917,108,0,0,20230323
2761,7212413137922886913,mlbb-top-creation,https://www.tiktok.com/@mlbbtopcreation/video/7212413137922886913,mlbbtopcreation,Benedetta Montage @rathana570  #mobilelegends #mgl #mlbbcreatorcamp,32,2057,83,2,1,20230329
2612,7212766317860916482,mlbb-top-creation,https://www.tiktok.com/@mlbbtopcreation/video/7212766317860916482,mlbbtopcreation,Floryn's here! @veltfx #mobilelegends #mgl #mlbbcreatorcamp,45,1952,80,1,1,20230330
2575,7204654080310971649,mlbb-top-creation,https://www.tiktok.com/@mlbbtopcreation/video/7204654080310971649,mlbbtopcreation,Claude Gameplay @silvioctaviaputri #mobilelegends #mgl #mlbbcreatorcamp,66,2103,54,2,8,20230303
2548,7212413439610866945,mlbb-top-creation,https://www.tiktok.com/@mlbbtopcreation/video/7212413439610866945,mlbbtopcreation,Cyber Agent Montage @misspredat  #mobilelegends #mgl #mlbbcreatorcamp,45,1828,85,2,0,20230325
2524,7215499930566249729,mlbb-top-creation,https://www.tiktok.com/@mlbbtopcreation/video/7215499930566249729,mlbbtopcreation,kadita plays @lovlymusixx #mobilelegends #mgl #mlbbcreatorcamp,39,1880,78,1,4,20230328
2440,7212414509367987457,mlbb-top-creation,https://www.tiktok.com/@mlbbtopcreation/video/7212414509367987457,mlbbtopcreation,Moonblade Gameplay @misspredat  #mobilelegends #mgl #mlbbcreatorcamp,49,1696,93,0,3,20230328
2401,7212203454117317889,mlbb-top-creation,https://www.tiktok.com/@mlbbtopcreation/video/7212203454117317889,mlbbtopcreation,I die to be ALIVE! @migosml #mobilelegends #mgl #mlbbcreatorcamp,47,1661,85,3,3,20230319
2338,7212412533381106946,mlbb-top-creation,https://www.tiktok.com/@mlbbtopcreation/video/7212412533381106946,mlbbtopcreation,Benedetta Gameplay  #mobilelegends #mgl #mlbbcreatorcamp,46,1742,72,1,0,20230327
2146,7215501540671474945,mlbb-top-creation,https://www.tiktok.com/@mlbbtopcreation/video/7215501540671474945,mlbbtopcreation,luo yi's power @swiftmage #mobilelegends #mgl #mlbbcreatorcamp,89,1490,72,4,14,20230331
2122,7212202435677261057,mlbb-top-creation,https://www.tiktok.com/@mlbbtopcreation/video/7212202435677261057,mlbbtopcreation,Brody Montage @atomix_knight #mobilelegends #mgl #mlbbcreatorcamp,66,1658,53,2,0,20230321
2112,7212200303880326401,mlbb-top-creation,https://www.tiktok.com/@mlbbtopcreation/video/7212200303880326401,mlbbtopcreation,Brody Gameplay @silvioctaviaputri #mobilelegends #mgl #mlbbcreatorcamp,65,1620,59,1,4,20230320
2095,7212411333705305346,mlbb-top-creation,https://www.tiktok.com/@mlbbtopcreation/video/7212411333705305346,mlbbtopcreation,Valentina Gameplay  @atomix_knight #mobilelegends #mgl #mlbbcreatorcamp,67,1611,58,1,1,20230322
1726,7217640614249401602,mlbb-top-creation,https://www.tiktok.com/@mlbbtopcreation/video/7217640614249401602,mlbbtopcreation,poor lesley @_seleneqt #mobilelegends #mgl #mllbbcreatorcamp,87,1170,67,1,0,20230403
1426,7212905213538209025,mlbb-top-creation,https://www.tiktok.com/@mlbbtopcreation/video/7212905213538209025,mlbbtopcreation,"sun, insane damage @sunwukong_mlbb #mobilelegends #mgl #mlbbcreatorcamp",139,942,58,1,1,20230321
1369,7211365394093739266,mlbb-top-creation,https://www.tiktok.com/@mlbbtopcreation/video/7211365394093739266,mlbbtopcreation,the forsaken light @jssmrkm #mobilelegends #mgl #mlbbcreatorcamp,68,1017,39,2,3,20230319
1293,7211054107744800002,mlbb-top-creation,https://www.tiktok.com/@mlbbtopcreation/video/7211054107744800002,mlbbtopcreation,new hero arlott @holyblade.official #mobilelegends #mgl #mlbbcreatorcamp,151,949,38,2,0,20230317
1234,7211050499213118721,mlbb-top-creation,https://www.tiktok.com/@mlbbtopcreation/video/7211050499213118721,mlbbtopcreation,gusion vs gusion @official.kichiro #mobilelegends #mgl #mlbbcreatorcamp,183,854,45,1,0,20230316
981,7212412189012020482,mlbb-top-creation,https://www.tiktok.com/@mlbbtopcreation/video/7212412189012020482,mlbbtopcreation,Valentina Montage  #mobilelegends #mgl #mlbbcreatorcamp,74,665,37,1,0,20230326
724,7615436847052770578,mlbb-update-central,https://www.tiktok.com/@mlbb_update_central/video/7615436847052770578,mlbb_update_central,Pudge Wars ❌ Franco Hook Wars ✅ #mlbb #mobilelegends #mobilelegendsbangbang,53,652,9,0,0,20260310
251,6816648690900520193,mobile-legends-game,https://www.tiktok.com/@mobilelegendsgame/video/6816648690900520193,mobilelegendsgame,FINALLY REACHED ACE #@urstrulybaba,18,115,12,2,0,20200417
183,6814841303831039233,mobile-legends-game,https://www.tiktok.com/@mobilelegendsgame/video/6814841303831039233,mobilelegendsgame,TikTok video #6814841303831039233,13,107,7,1,0,20200412
117,6987211989630094619,mlbbphilippines,https://www.tiktok.com/@mlbbphilippines/video/6987211989630094619,mlbbphilippines,Try ko lng😀... Phingi ka duo😬🥺#ml#tiktoktrend#fypシ#fypシ #fypシ #foryoupage #ml #fypシ゚viral #tiktoktrend #fypシ #fypシ #fypシ #fypシ #foryoupage #fypシ,93,93,3,0,0,20210721
63,6987307509115555098,mlbbphilippines,https://www.tiktok.com/@mlbbphilippines/video/6987307509115555098,mlbbphilippines,Not forcing🙁#fypシ#browthisup,17,39,3,0,0,20210721
