path,is_gameplay,gameplay_score,sampled_frames,hud_frame_ratio,minimap_score,skill_button_score,top_hud_score,edge_density,source_label,video_id,webpage_url,description,view_count,like_count,comment_count
datasets/tiktok/mlbb/mobilelegends_id/7643813969190210837.mp4,True,0.9781249761581421,4,1.0,1.0,0.8958333333333334,1.0,0.18539496527777777,mobilelegends-id,7643813969190210837,https://www.tiktok.com/@mobilelegends_id/video/7643813969190210837,"Ketika Aldi Taher dituduh mencelakai Wendy, malah salah tingkah!! #AdaApaDenganWendy #WendyAllStarParty #MLBB #MLBBALLSTAR",22000,403,30
datasets/tiktok/mlbb/shrxking_fear/7616560821715488018.mp4,True,0.9737499952316284,4,1.0,1.0,0.875,1.0,0.1942133246527778,shrxking-fear,7616560821715488018,https://www.tiktok.com/@shrxking_fear/video/7616560821715488018,😁,18,2,0
datasets/tiktok/mlbb/mobilelegends_id/7637108751836646677.mp4,True,0.9546915292739868,4,1.0,0.8731313131313131,1.0,1.0,0.11866427951388889,mobilelegends-id,7637108751836646677,https://www.tiktok.com/@mobilelegends_id/video/7637108751836646677,Pesan khusus dari Mobile Legends: Bang Bang. Kembali ke awal kisah NARUTO dan bersiaplah untuk bertempur! #NARUTO #MLBB,22500,325,36
datasets/tiktok/mlbb/mlbbesports_official/7598905507545419016.mp4,True,0.954250156879425,4,1.0,1.0,0.8250000000000001,1.0,0.13361979166666665,mlbb-esports,7598905507545419016,https://www.tiktok.com/@mlbbesports_official/video/7598905507545419016,"POV: You’re watching one of the sickest match in MLBB esports history with us at M7 Carnival! 🤯  Be sure to come to Stadium Madya GBK from 12 PM until the end. Get a special goodie bag from us if you’re among our Top 1,000 first registrants! 👀 Don’t forget to buy the tickets here: https://id-mpl.com/m7?q=carnival 🎫 #MLBBEsports #MLBBM7 #MobileLegendsBangBang #M7 #M7Carnival",4900000,152300,2682
datasets/tiktok/mlbb/nilunaa/7612936789912751368.mp4,True,0.9538142681121826,4,1.0,1.0,0.8125,1.0,0.13455186631944444,nilunaa,7612936789912751368,https://www.tiktok.com/@nilunaa/video/7612936789912751368,House of odette 🔥 #MLBBGoldenMonth #MLBBGoldenTurtle #MLBB #mobilelegends #nilunaa,5268,106,1
datasets/tiktok/mlbb/bonitoflakesmlbb/7472562424101539079.mp4,True,0.9495628476142883,4,1.0,1.0,0.8083333333333333,1.0,0.12641710069444445,bonitoflakesmlbb,7472562424101539079,https://www.tiktok.com/@bonitoflakesmlbb/video/7472562424101539079,Palo daw ang Selena natin 😉 #selenamlbb #MLBB #mlbbhighlights #fypシ゚viralシ  #MobileLegendsBangBang,1825,25,0
datasets/tiktok/mlbb/nilunaa/7612205182218259719.mp4,True,0.9479821920394897,4,1.0,1.0,0.7761054421768708,1.0,0.13977647569444446,nilunaa,7612205182218259719,https://www.tiktok.com/@nilunaa/video/7612205182218259719,Solo pria natan build fighter 🔥 #MLBBGoldenMonth #MLBBGoldenTurtle #MLBBNEWSKIN #MLBB #mobilelegends,13800,327,11
datasets/tiktok/mlbb/mlbbesports_official/7599364246828272903.mp4,True,0.9474999904632568,4,1.0,1.0,0.75,1.0,0.20279622395833333,mlbb-esports,7599364246828272903,https://www.tiktok.com/@mlbbesports_official/video/7599364246828272903,It’s a passion for something we love that unites us ❤️  #MLBBEsports #MLBBM7 #MobileLegendsBangBang #M7 #M7Carnival,188600,3897,120
datasets/tiktok/mlbb/mlbbttofficial/7611856460670143745.mp4,True,0.9474999904632568,4,1.0,1.0,0.75,1.0,0.16331705729166668,mlbb-official,7611856460670143745,https://www.tiktok.com/@mlbbttofficial/video/7611856460670143745,"""She's here, embodying the very soul of the character! ✨"" Let's do the finger dance with Miya ""Arrow of Spring""! #MobileLegendsBangBang #MLBBNewSkin #MLBBEternalSeasons",471900,4906,118
datasets/tiktok/mlbb/mlbbttofficial/7613301841614458132.mp4,True,0.9474999904632568,4,1.0,1.0,0.75,1.0,0.234384765625,mlbb-official,7613301841614458132,https://www.tiktok.com/@mlbbttofficial/video/7613301841614458132,This synergy is a talent exclusive to the Eternal Seasons! Even two fingers can tap out a charming rhythm! #MobileLegendsBangBang #MLBBNewSkin #MLBBEternalSeasons,479400,3427,45
datasets/tiktok/mlbb/nilunaa/7616323378210802951.mp4,True,0.9474999904632568,4,1.0,1.0,0.75,1.0,0.16529188368055556,nilunaa,7616323378210802951,https://www.tiktok.com/@nilunaa/video/7616323378210802951,Full Combo Hero Marcel #MLBBMarcel #MLBBS40 #MLBBNEWHERO #MLBBGoldenMonth #MLBB,111800,1826,11
datasets/tiktok/mlbb/nilunaa/7622171062360345863.mp4,True,0.9474999904632568,4,1.0,1.0,0.75,1.0,0.16400282118055554,nilunaa,7622171062360345863,https://www.tiktok.com/@nilunaa/video/7622171062360345863,Itachi > Megumi > Kurapika  #MLBBxNaruto #MLBB #mobilelegends #nilunaa,17400,319,2
datasets/tiktok/mlbb/saikyuun_/7129742559894572314.mp4,True,0.9474999904632568,4,1.0,1.0,0.75,1.0,0.21483832465277777,saikyuun-,7129742559894572314,https://www.tiktok.com/@saikyuun_/video/7129742559894572314,Napadaan lang ang Tito niyong Franco✨ 862765885 (10649) @mlbbtopcreation #mobilelegends #mlbbcreatorcamp #mccaugust #mcc_0805ph #franco #fyp,845200,70800,1166
datasets/tiktok/mlbb/nilunaa/7609271580736130312.mp4,True,0.9470446109771729,4,1.0,1.0,0.8745626822157434,0.9835087719298246,0.10790147569444444,nilunaa,7609271580736130312,https://www.tiktok.com/@nilunaa/video/7609271580736130312,Eternal Seasons Skin Effect  #MLBBEternalSeasons #MLBBNEWSKIN #MLBBGoldenMonth #MLBB #mobilelegends,22900,346,27
datasets/tiktok/mlbb/nilunaa/7613646023180799239.mp4,True,0.9456103444099426,4,1.0,1.0,0.75,1.0,0.1429611545138889,nilunaa,7613646023180799239,https://www.tiktok.com/@nilunaa/video/7613646023180799239,Hanabi  #MLBBGoldenMonth #MLBBGoldenTurtle #MLBB #mobilelegends #nilunaa,5051,62,6
datasets/tiktok/mlbb/nilunaa/7609213434651102472.mp4,True,0.9446895122528076,4,1.0,0.9917171717171717,0.8250000000000001,1.0,0.11780381944444444,nilunaa,7609213434651102472,https://www.tiktok.com/@nilunaa/video/7609213434651102472,Miya Eternal  > Legend   #MLBBEternalSeasons #MLBBNEWSKIN #MLBBGoldenMonth #MLBB #mobilelegends,21100,304,11
datasets/tiktok/mlbb/mlbbdailyclips/7073756659348245761.mp4,True,0.9424039721488953,4,1.0,1.0,0.9166666666666667,1.0,0.08653862847222223,mlbbdailyclips,7073756659348245761,https://www.tiktok.com/@mlbbdailyclips/video/7073756659348245761,AE Coach Brought a DEATHNOTE noteboo#mlbb#mlbbtiktok#ml#rrq#evosesports#nxpevos#onicesport#blacklistinternational#aurafire#echophilippines#brenesports,917,3,0
datasets/tiktok/mlbb/mlbbdailyclips/7170695000647339265.mp4,True,0.9390397667884827,4,1.0,1.0,0.7708333333333334,1.0,0.12288628472222222,mlbbdailyclips,7170695000647339265,https://www.tiktok.com/@mlbbdailyclips/video/7170695000647339265,Yawi laughs after KarlTzy dares to do a Savage again to his former NXP teammates #yawi #karltzy #nxp #yawiesports #karltzylangmalakas #echoph,1500000,32100,74
datasets/tiktok/mlbb/nilunaa/7619625838362791188.mp4,True,0.9372231364250183,4,1.0,1.0,0.7543974732750243,1.0,0.12580078125,nilunaa,7619625838362791188,https://www.tiktok.com/@nilunaa/video/7619625838362791188,Real 1vs5 ☺️ #MLBB #mobilelegends #MLBBS40 #MLBBGoldenMonth #nilunaa,7671,171,2
datasets/tiktok/mlbb/cedxvi/7444154321341566216.mp4,True,0.9360947608947754,4,1.0,1.0,0.75,0.9905263157894737,0.13721788194444445,cedxvi,7444154321341566216,https://www.tiktok.com/@cedxvi/video/7444154321341566216,5 man tank #fyp #cedxvi #MLBB,55600,2883,23
datasets/tiktok/mlbb/cedxvi/7469000314780192007.mp4,True,0.9344713687896729,4,1.0,1.0,0.7302842565597668,1.0,0.13099934895833334,cedxvi,7469000314780192007,https://www.tiktok.com/@cedxvi/video/7469000314780192007,Maniac🫣 #MLBB #cedxvi #Johnsontiktok #fyp,117300,10800,77
datasets/tiktok/mlbb/willdominateyougg/7622216974491307272.mp4,True,0.9337459206581116,4,1.0,1.0,0.75,1.0,0.12166124131944445,willdominateyougg,7622216974491307272,https://www.tiktok.com/@willdominateyougg/video/7622216974491307272,#MLBB #argus #darthvader #willdominateyougg #fyp,111300,3324,31
datasets/tiktok/mlbb/bonitoflakesmlbb/7488499953275292935.mp4,True,0.9324497580528259,4,1.0,1.0,0.7424562682215743,0.9329824561403508,0.18747829861111112,bonitoflakesmlbb,7488499953275292935,https://www.tiktok.com/@bonitoflakesmlbb/video/7488499953275292935,Bangis dong. #MobileLegendsBangBang #mlbb #bonitoflakesmlbb #fyp,39,3,0
datasets/tiktok/mlbb/nilunaa/7627392620385520904.mp4,True,0.9323027729988098,4,1.0,0.971111111111111,0.75,0.9928070175438597,0.13011176215277778,nilunaa,7627392620385520904,https://www.tiktok.com/@nilunaa/video/7627392620385520904,10 Perfect score Genjutsu Training 🔥 #MLBB #mobilelegends #MLBBNewSkin #MLBBMPL #nilunaa,41300,967,11
datasets/tiktok/mlbb/nilunaa/7624156362951429394.mp4,True,0.9319865107536316,4,1.0,1.0,0.75,1.0,0.11931532118055554,nilunaa,7624156362951429394,https://www.tiktok.com/@nilunaa/video/7624156362951429394,Untung HERO starlight bulan Mei sudah ada 3 skin starlight 💀 #MLBB #mobilelegends #MLBBStarlight #nilunaa,32100,324,14
datasets/tiktok/mlbb/nilunaa/7625911199237983495.mp4,True,0.9308478236198425,4,1.0,1.0,0.7439868804664723,0.9968421052631579,0.12053602430555556,nilunaa,7625911199237983495,https://www.tiktok.com/@nilunaa/video/7625911199237983495,Zero effort video ☺️ #MLBBxNaruto #MLBB #mobilelegends #nilunaa,16800,191,13
datasets/tiktok/mlbb/willdominateyougg/7600288352478334226.mp4,True,0.9303776025772095,4,1.0,1.0,0.7708333333333334,1.0,0.11133680555555556,willdominateyougg,7600288352478334226,https://www.tiktok.com/@willdominateyougg/video/7600288352478334226,#MLBB #mobilelegendsbangbang #argus #aizen #willdominateyougg,478400,4632,29
datasets/tiktok/mlbb/nilunaa/7619246098531601685.mp4,True,0.9299314618110657,4,1.0,1.0,0.75,0.952280701754386,0.12637369791666667,nilunaa,7619246098531601685,https://www.tiktok.com/@nilunaa/video/7619246098531601685,100💎 for effect macam collector should be 10/10🔥 #MLBB #MLBBS40 #mobilelegends #MLBBGoldenMonth #nilunaa,9680,186,7
datasets/tiktok/mlbb/cedxvi/7485020378411175176.mp4,True,0.928835391998291,4,1.0,1.0,0.75,0.9787719298245614,0.11958441840277778,cedxvi,7485020378411175176,https://www.tiktok.com/@cedxvi/video/7485020378411175176,5man Inpinit aura🫵#MLBBGetItFree #MLBBGoldenMonth #MLBB,199000,9780,97
datasets/tiktok/mlbb/cedxvi/7454443678048734472.mp4,True,0.9284582138061523,4,1.0,0.982929292929293,0.75,1.0,0.11986870659722222,cedxvi,7454443678048734472,https://www.tiktok.com/@cedxvi/video/7454443678048734472,Happy new year! Hapart🫶#GreaterThanEver #MLBBM6TorchRelay #MLBBM6 #urada #cedxvi,68900,2343,34
datasets/tiktok/mlbb/nilunaa/7607062075139050760.mp4,True,0.9283656477928162,4,1.0,1.0,0.7731413994169096,0.8926315789473683,0.1321462673611111,nilunaa,7607062075139050760,https://www.tiktok.com/@nilunaa/video/7607062075139050760,GO GO MOBA versi MLBB #MCGG #MagicChessGoGo #MCGGS5 #MCGGNeonGuardians #MLBB,168700,2379,59
datasets/tiktok/mlbb/saikyuun_/7610362290252156178.mp4,True,0.9283618927001953,4,1.0,1.0,0.8351439950980393,0.9496491228070175,0.10098090277777778,saikyuun-,7610362290252156178,https://www.tiktok.com/@saikyuun_/video/7610362290252156178,❌ KS ✅ Tax #mlbbgoldenmonth #mlbbcreator #MLBB #mobilelegends #fyp,7513,402,8
datasets/tiktok/mlbb/nilunaa/7610681900528717063.mp4,True,0.9283588528633118,4,1.0,1.0,0.75,0.9280701754385965,0.13191189236111112,nilunaa,7610681900528717063,https://www.tiktok.com/@nilunaa/video/7610681900528717063,Atlas unlimited buid  #MLBBGoldenMonth #MLBB #Mobilelegendsbangbang #MakeYourGoldenMoment #nilunaa,13500,194,13
datasets/tiktok/mlbb/nilunaa/7608073543452085512.mp4,True,0.9272111058235168,4,1.0,0.9151515151515152,0.807312925170068,1.0,0.12303385416666666,nilunaa,7608073543452085512,https://www.tiktok.com/@nilunaa/video/7608073543452085512,Emote khaleed shhh  #MLBBGoldenMonth #MLBB #Mobilelegendsbangbang #MakeYourGoldenMoment #mobilelegends,543300,10600,84
datasets/tiktok/mlbb/mobilelegends_id/7644184992859426069.mp4,True,0.9270703196525574,4,1.0,1.0,0.7235787172011662,1.0,0.13510850694444443,mobilelegends-id,7644184992859426069,https://www.tiktok.com/@mobilelegends_id/video/7644184992859426069,RISPEK! Cuma pascol yang berani bilang burger Aldi Taher GAK ENAK! #AdaApaDenganWendy #WendyAllStarParty #MLBB #MLBBALLSTAR,69500,945,44
datasets/tiktok/mlbb/cedxvi/7454494028537597202.mp4,True,0.9264354705810547,4,1.0,1.0,0.75,0.9364912280701754,0.12793836805555553,cedxvi,7454494028537597202,https://www.tiktok.com/@cedxvi/video/7454494028537597202,🗿#GreaterThanEver #MLBBM6TorchRelay #MLBBM6 #Johnson #cedxvi,310900,24700,139
datasets/tiktok/mlbb/bonitoflakesmlbb/7480000352083774738.mp4,True,0.9263167977333069,4,1.0,1.0,0.7184402332361516,1.0,0.12136284722222224,bonitoflakesmlbb,7480000352083774738,https://www.tiktok.com/@bonitoflakesmlbb/video/7480000352083774738,Tore lang yan. Selena ako 😉 #selena #selenamlbb #mobilelegends #mlbb  #selenahighlights  #mlbbhighlights #MLBB #fypシ゚viralシ,8859,46,0
datasets/tiktok/mlbb/willdominateyougg/7607010164285181191.mp4,True,0.9262263774871826,4,1.0,1.0,0.75,1.0,0.11163519965277777,willdominateyougg,7607010164285181191,https://www.tiktok.com/@willdominateyougg/video/7607010164285181191,#MLBB #mobilelegendsbangbang #argus #guts #willdominateyougg,69800,1233,26
datasets/tiktok/mlbb/nilunaa/7605151347406621970.mp4,True,0.925646185874939,4,1.0,1.0,0.7374271137026239,0.9863157894736843,0.11719184027777776,nilunaa,7605151347406621970,https://www.tiktok.com/@nilunaa/video/7605151347406621970,Chou terkuat dibumi 🔥  #MLBBxKOF #MLBBKOFSkinFreeTrial #MLBBxOPPO #MLBB #mobilelegends,8557,135,13
datasets/tiktok/mlbb/nilunaa/7609896968755612935.mp4,True,0.9255640506744385,4,1.0,1.0,0.7239431486880468,1.0,0.11804796006944443,nilunaa,7609896968755612935,https://www.tiktok.com/@nilunaa/video/7609896968755612935,Lancelot fasthand ❌ On point ✅ #MLBBGoldenMonth #MLBB #Mobilelegendsbangbang #MakeYourGoldenMoment #mobilelegends,8176,124,3
datasets/tiktok/mlbb/nilunaa/7611867752718011666.mp4,True,0.9251901507377625,4,1.0,1.0,0.7178571428571429,1.0,0.11925347222222221,nilunaa,7611867752718011666,https://www.tiktok.com/@nilunaa/video/7611867752718011666,Tolongla kutip gold golden turtle ni 😭 #MLBBGoldenMonth #MLBBGoldenTurtle #MLBB #MLBBCreator #nilunaa,11200,226,6
datasets/tiktok/mlbb/willdominateyougg/7573601329071869191.mp4,True,0.9245160222053528,4,1.0,0.9931313131313131,0.75,1.0,0.11147026909722223,willdominateyougg,7573601329071869191,https://www.tiktok.com/@willdominateyougg/video/7573601329071869191,Alucard X Ichigo Bleach skin🔥🔥#MLBB #alucard #ichigo #willdominateyougg #fyp,346400,10900,89
datasets/tiktok/mlbb/willdominateyougg/7618868340186025223.mp4,True,0.9240224957466125,4,1.0,0.9802020202020202,0.7408527696793004,1.0,0.11800889756944445,willdominateyougg,7618868340186025223,https://www.tiktok.com/@willdominateyougg/video/7618868340186025223,#MLBBMARCEL #MLBBS40 #MLBBFV #MLBB,25100,511,20
datasets/tiktok/mlbb/mlbbclips/7116936964426812678.mp4,True,0.9239957332611084,4,1.0,1.0,0.6892128279883383,1.0,0.12591145833333334,mlbbclips,7116936964426812678,https://www.tiktok.com/@mlbbclips/video/7116936964426812678,Selena + Pharmis trick (Credit to Peacefulorenz) #mlbb #mobilelegends  #lol,566,5,4
datasets/tiktok/mlbb/mlbbttofficial/7637093238305803541.mp4,True,0.9234755635261536,4,1.0,0.8876767676767677,0.8333333333333334,1.0,0.11922960069444444,mlbb-official,7637093238305803541,https://www.tiktok.com/@mlbbttofficial/video/7637093238305803541,A special shoutout from Mobile Legends: Bang Bang. Reexperience the origins of NARUTO and get ready to bang into battle! #NARUTO #MLBB,26800,595,131
datasets/tiktok/mlbb/willdominateyougg/7631113552564063495.mp4,True,0.9226136207580566,4,1.0,1.0,0.7391399416909621,1.0,0.10985894097222222,willdominateyougg,7631113552564063495,https://www.tiktok.com/@willdominateyougg/video/7631113552564063495,#mlbb #argus #hidan #willdominateyougg #mlbbxnaruto,89600,3029,56
datasets/tiktok/mlbb/willdominateyougg/7607377452171660552.mp4,True,0.9225848317146301,4,1.0,0.9913131313131314,0.75,1.0,0.10945529513888888,willdominateyougg,7607377452171660552,https://www.tiktok.com/@willdominateyougg/video/7607377452171660552,#MLBB #mobilelegendsbangbang #argus #aizen #willdominateyougg,100500,2958,29
datasets/tiktok/mlbb/mobilelegendsmy/7642966788791160072.mp4,True,0.9223241209983826,4,1.0,0.9860606060606061,0.8250000000000001,1.0,0.08972547743055555,mobilelegendsmy,7642966788791160072,,,,,
datasets/tiktok/mlbb/willdominateyougg/7630348941585845512.mp4,True,0.9218899011611938,4,1.0,0.9678787878787879,0.7708333333333334,1.0,0.10991319444444445,willdominateyougg,7630348941585845512,https://www.tiktok.com/@willdominateyougg/video/7630348941585845512,#mlbb #argus #hidan #willdominateyougg #mlbbxnaruto,183800,4104,58
datasets/tiktok/mlbb/willdominateyougg/7611439441877552402.mp4,True,0.9211583137512207,4,1.0,0.9995959595959596,0.75,1.0,0.10500217013888888,willdominateyougg,7611439441877552402,https://www.tiktok.com/@willdominateyougg/video/7611439441877552402,#MLBB #mobilelegendsbangbang #mlbbxkof #fyp,54800,629,7
datasets/tiktok/mlbb/cedxvi/7410397347986853127.mp4,True,0.9210058450698853,4,1.0,0.9496969696969697,0.7625,1.0,0.11666775173611113,cedxvi,7410397347986853127,https://www.tiktok.com/@cedxvi/video/7410397347986853127,Boss??,170800,14400,124
datasets/tiktok/mlbb/nilunaa/7637815342462536978.mp4,True,0.9208945035934448,4,1.0,0.8952525252525252,0.75,1.0,0.14572048611111113,nilunaa,7637815342462536978,https://www.tiktok.com/@nilunaa/video/7637815342462536978,Wave 41 - Tide Siege Endless Mode ✅ #MLBBALLSTAR #MLBBNewMode #MLBBCreator #MLBB #mobilelegends,13200,182,8
datasets/tiktok/mlbb/willdominateyougg/7610697294442188039.mp4,True,0.9205487966537476,4,1.0,0.9940404040404041,0.75,1.0,0.1059006076388889,willdominateyougg,7610697294442188039,https://www.tiktok.com/@willdominateyougg/video/7610697294442188039,#MLBB #mobilelegendsbangbang #willdominateyougg #fyp,19600,288,6
datasets/tiktok/mlbb/bonitoflakesmlbb/7462197450745384210.mp4,True,0.9204761385917664,4,1.0,1.0,0.7055393586005831,1.0,0.11641710069444444,bonitoflakesmlbb,7462197450745384210,https://www.tiktok.com/@bonitoflakesmlbb/video/7462197450745384210,Harith Savage! #mlbbhighlights #MLBB #MobileLegendsBangBang #fypシ゚viralシ #harith,595,12,0
datasets/tiktok/mlbb/cedxvi/7398177228875435272.mp4,True,0.919477105140686,4,1.0,1.0,0.7420553935860058,0.9582456140350877,0.11343424479166667,cedxvi,7398177228875435272,https://www.tiktok.com/@cedxvi/video/7398177228875435272,Top 1 Global Johnson feed prank! 😂 #MLBB #cedxvi,160200,5967,198
datasets/tiktok/mlbb/saikyuun_/7606964986140970258.mp4,True,0.9193092584609985,4,1.0,0.9146464646464647,0.7708333333333334,0.9824561403508771,0.12647026909722223,saikyuun-,7606964986140970258,https://www.tiktok.com/@saikyuun_/video/7606964986140970258,Grabe revamp kay Eudora #mlbbgoldenmonth #mlbbcreator #MLBB #mobilelegends #fyp,54800,1721,23
datasets/tiktok/mlbb/nilunaa/7633023788870847752.mp4,True,0.9191675186157227,4,1.0,0.9392929292929293,0.75,1.0,0.12092122395833332,nilunaa,7633023788870847752,https://www.tiktok.com/@nilunaa/video/7633023788870847752,KS - KerjaSama ☺️ #MLBBFrozensea #MLBB #mobilelegends #nilunaa,10500,107,12
datasets/tiktok/mlbb/saikyuun_/7617036352697208084.mp4,True,0.9190141558647156,4,1.0,0.9274747474747476,0.7708333333333334,0.9885964912280701,0.12086480034722223,saikyuun-,7617036352697208084,https://www.tiktok.com/@saikyuun_/video/7617036352697208084,Marcel + Aspirant Chang'uhg #mlbbgoldenmonth #mlbbcreator #mlbb #mobilelegends #fypp,338300,4227,28
datasets/tiktok/mlbb/willdominateyougg/7607745059194162440.mp4,True,0.9187912344932556,4,1.0,0.9557575757575758,0.75,1.0,0.11534830729166667,willdominateyougg,7607745059194162440,https://www.tiktok.com/@willdominateyougg/video/7607745059194162440,#MLBB #mobilelegendsbangbang #argus #guts #willdominateyougg,40900,1119,22
datasets/tiktok/mlbb/cedxvi/7455259285979680007.mp4,True,0.918513298034668,4,1.0,1.0,0.75,0.9798245614035088,0.10549370659722222,cedxvi,7455259285979680007,https://www.tiktok.com/@cedxvi/video/7455259285979680007,#MLBBSkinGifts #MobileLegendsBangBang #MLBB #Cedxvi #Topglobaljohnson,622200,14300,123
datasets/tiktok/mlbb/willdominateyougg/7631484219155418375.mp4,True,0.9184404611587524,4,1.0,1.0,0.7447886297376094,0.9889473684210526,0.1049826388888889,willdominateyougg,7631484219155418375,https://www.tiktok.com/@willdominateyougg/video/7631484219155418375,#mlbb #willdominateyougg #gusion #hayabusa #mlbbxnaruto,20500,612,31
datasets/tiktok/mlbb/cedxvi/7049691038365060378.mp4,True,0.9184386730194092,4,1.0,1.0,0.7417638483965014,0.9619298245614035,0.11137478298611111,cedxvi,7049691038365060378,https://www.tiktok.com/@cedxvi/video/7049691038365060378,Bat nmn CEDtv boss l3b 😔#cedxvi #draft,181400,18600,293
datasets/tiktok/mlbb/bonitoflakesmlbb/7451451573567261959.mp4,True,0.9180991649627686,4,1.0,1.0,0.7708333333333334,0.9112280701754386,0.113193359375,bonitoflakesmlbb,7451451573567261959,https://www.tiktok.com/@bonitoflakesmlbb/video/7451451573567261959,Joy's revenge ⚡ #mlbbhighlights #mlbbtiktok #MobileLegendsBangBang #mlbb #joymlbb #fypシ゚viralシ,1066,33,2
datasets/tiktok/mlbb/cedxvi/7512066496336596232.mp4,True,0.9178054332733154,4,1.0,0.9832323232323232,0.7234693877551021,1.0,0.11300021701388888,cedxvi,7512066496336596232,https://www.tiktok.com/@cedxvi/video/7512066496336596232,Johnson Kamikaze build💀#MLBB #cedxvi #fyppppppppppppppppppppppp,725900,23300,328
datasets/tiktok/mlbb/saikyuun_/7608126634796895495.mp4,True,0.9174922108650208,4,1.0,0.9607070707070707,0.7543367346938776,0.9689473684210526,0.11725368923611111,saikyuun-,7608126634796895495,https://www.tiktok.com/@saikyuun_/video/7608126634796895495,May bubulong lang ako #mlbbgoldenmonth #mlbbcreator #MLBB #mobilelegends #fyp,35300,1228,30
datasets/tiktok/mlbb/nilunaa/7634888007014714642.mp4,True,0.9174528121948242,4,1.0,1.0,0.7127551020408163,1.0,0.11036566840277778,nilunaa,7634888007014714642,https://www.tiktok.com/@nilunaa/video/7634888007014714642,Kenapa eh 😒 #MLBBNewSkin #MLBBALLSTAR #MLBB #mobilelegends #nilunaa,15300,236,17
datasets/tiktok/mlbb/nilunaa/7617401711623245074.mp4,True,0.9172806143760681,4,1.0,1.0,0.7587706511175899,0.9657894736842105,0.10427625868055555,nilunaa,7617401711623245074,https://www.tiktok.com/@nilunaa/video/7617401711623245074,Tutorial for Hero Marcel   #MLBBMarcel #MLBBS40 #MLBBNEWHERO #MLBBGoldenMonth #MLBB,27100,456,2
datasets/tiktok/mlbb/willdominateyougg/7629270305017564423.mp4,True,0.9168351292610168,4,1.0,0.9504040404040404,0.75,1.0,0.11438910590277779,willdominateyougg,7629270305017564423,https://www.tiktok.com/@willdominateyougg/video/7629270305017564423,#mlbb #argus #darthvader #willdominateyougg #fyp,19100,765,24
datasets/tiktok/mlbb/willdominateyougg/7611073466086771986.mp4,True,0.9163476824760437,4,1.0,1.0,0.75,1.0,0.09846354166666667,willdominateyougg,7611073466086771986,https://www.tiktok.com/@willdominateyougg/video/7611073466086771986,#MLBB #gusion #willdominateyougg #fyp #mlbbxkof,38600,580,9
datasets/tiktok/mlbb/saikyuun_/7573508888054566162.mp4,True,0.9162800312042236,4,1.0,1.0,0.678024781341108,1.0,0.11852647569444444,saikyuun-,7573508888054566162,https://www.tiktok.com/@saikyuun_/video/7573508888054566162,Live ulii mamaya ehe #MCGG #MLBB #mobilelegends #phmcbacesleague #mcggphcreators,14500,553,14
datasets/tiktok/mlbb/bonitoflakesmlbb/7475158270714432786.mp4,True,0.9161511063575745,4,1.0,1.0,0.6527332361516036,1.0,0.1254361979166667,bonitoflakesmlbb,7475158270714432786,https://www.tiktok.com/@bonitoflakesmlbb/video/7475158270714432786,Aggressive Selena Gameplay. #mobilelegends #fypシ゚viralシ  #selenamlbb #mlbbhighlights #mobilelegendsbangbang #mlbb,591,27,0
datasets/tiktok/mlbb/mlbbdailyclips/7435910670131940629.mp4,True,0.9160110354423523,4,1.0,0.9976767676767677,0.7447521865889213,1.0,0.10019965277777779,mlbbdailyclips,7435910670131940629,https://www.tiktok.com/@mlbbdailyclips/video/7435910670131940629,FAVIAN PAYS TRIBUTE TO KAIRI'S FAMOUS CHECK BUSH  #mlbb #aeronshikii #tlid #mpl #mplindonesia#mplid #teamliquid#kelra#mplph#mplpihilippines#rrq#rrqhoshi#rrqkingdom#mobazane#ohmyveenus#balacklistinternational#yawi#kairi #rrqalberttt #srg #sekys #mplmalaysia#mplcambodia,64700,563,31
datasets/tiktok/mlbb/mlbbtopcreation/7212905213538209025.mp4,True,0.9159397482872009,4,1.0,0.976969696969697,0.7708333333333334,0.8291228070175438,0.142529296875,mlbb-top-creation,7212905213538209025,https://www.tiktok.com/@mlbbtopcreation/video/7212905213538209025,"sun, insane damage @sunwukong_mlbb #mobilelegends #mgl #mlbbcreatorcamp",942,58,1
datasets/tiktok/mlbb/willdominateyougg/7622592680136117511.mp4,True,0.9158808588981628,4,1.0,0.9766666666666667,0.746902332361516,1.0,0.10589518229166667,willdominateyougg,7622592680136117511,https://www.tiktok.com/@willdominateyougg/video/7622592680136117511,#MLBB #argus #darthvader #willdominateyougg #fyp,126100,4746,60
datasets/tiktok/mlbb/willdominateyougg/7600290444714593544.mp4,True,0.9156002998352051,4,1.0,1.0,0.6984693877551021,1.0,0.11189561631944445,willdominateyougg,7600290444714593544,https://www.tiktok.com/@willdominateyougg/video/7600290444714593544,what is blud doing🗿😹 #MLBB #mobilelegendsbangbang #argus #aizen #willdominateyougg,301600,11800,67
datasets/tiktok/mlbb/nilunaa/7629662277087530247.mp4,True,0.915510356426239,4,1.0,0.8991919191919192,0.7629616132167153,1.0,0.12586805555555555,nilunaa,7629662277087530247,https://www.tiktok.com/@nilunaa/video/7629662277087530247,1 Malaysia buta map kan? 😂  #MPLMYS17 #MYTIMEMYERA #MLBB #mobilelegends #nilunaa,166200,6089,70
datasets/tiktok/mlbb/saikyuun_/7301273890209189125.mp4,True,0.9153375029563904,4,1.0,0.9677777777777778,0.8958333333333334,0.8150877192982455,0.10417643229166668,saikyuun-,7301273890209189125,https://www.tiktok.com/@saikyuun_/video/7301273890209189125,"Bagay sila, parehong animal lover 🐶🐰 Bango na ni Popol sa collector niya 😂 #mlbb #mobilelegends #phmcbacesleague #phpopolandkupaspiritofthebrush #fyp #fypシ #mlbb1111ph #wanwan1111relay",156900,11100,143
datasets/tiktok/mlbb/bonitoflakesmlbb/7462546172473920776.mp4,True,0.9150955080986023,4,1.0,1.0,0.7166666666666667,1.0,0.10612738715277778,bonitoflakesmlbb,7462546172473920776,https://www.tiktok.com/@bonitoflakesmlbb/video/7462546172473920776,Selena Maniac 💘 #MobileLegendsBangBang #MLBB #mlbbhighlights #selenamlbb,555,7,1
datasets/tiktok/mlbb/bonitoflakesmlbb/7448915682575518984.mp4,True,0.9144492149353027,4,1.0,1.0,0.7167274052478134,0.9833333333333334,0.10867078993055555,bonitoflakesmlbb,7448915682575518984,https://www.tiktok.com/@bonitoflakesmlbb/video/7448915682575518984,Best build for Joy ⚡ #mlbbtiktok #mlbbhighlights #mlbb #joymlbb #fypシ゚viralシ #MobileLegendsBangBang,1035,34,1
datasets/tiktok/mlbb/nilunaa/7643033463142075666.mp4,True,0.9143233299255371,4,1.0,0.8634343434343433,0.75,1.0,0.15244900173611112,nilunaa,7643033463142075666,https://www.tiktok.com/@nilunaa/video/7643033463142075666,Sizkaaa savage lawan SRG 🔥 #MPLMYS17 #MYTIMEMYERA #MLBB #mobilelegends #nilunaa,40700,1346,28
datasets/tiktok/mlbb/willdominateyougg/7618864225263439122.mp4,True,0.9140642285346985,4,1.0,0.9587878787878787,0.7349489795918367,0.9657894736842105,0.1193511284722222,willdominateyougg,7618864225263439122,https://www.tiktok.com/@willdominateyougg/video/7618864225263439122,#MLBBMARCEL #MLBBS40 #MLBBFV #MLBB,21400,304,7
datasets/tiktok/mlbb/willdominateyougg/7621850636815994119.mp4,True,0.9136639833450317,4,1.0,0.9506060606060606,0.7456632653061225,1.0,0.11131293402777778,willdominateyougg,7621850636815994119,https://www.tiktok.com/@willdominateyougg/video/7621850636815994119,#MLBB #argus #darthvader #willdominateyougg #fyp,34200,1348,25
datasets/tiktok/mlbb/bonitoflakesmlbb/7475526858881240328.mp4,True,0.9132677316665649,4,1.0,1.0,0.6125,1.0,0.13285698784722222,bonitoflakesmlbb,7475526858881240328,https://www.tiktok.com/@bonitoflakesmlbb/video/7475526858881240328,Selena Diving Towers ❤️ #mlbb #mlbbhighlights  #mobilelegendsbangbang #selenamlbb #fypシ゚viralシ,1048,36,0
datasets/tiktok/mlbb/cedxvi/7568460726843477255.mp4,True,0.912944495677948,4,1.0,0.9295959595959595,0.7854591836734693,0.9536842105263158,0.12228949652777779,cedxvi,7568460726843477255,https://www.tiktok.com/@cedxvi/video/7568460726843477255,Global 1 Layla🫣#MLBB #MLBB9TH #CEDXVI,2100000,155100,546
datasets/tiktok/mlbb/saikyuun_/7605576176555363602.mp4,True,0.9127001762390137,4,1.0,1.0,0.7083333333333333,1.0,0.10526692708333334,saikyuun-,7605576176555363602,https://www.tiktok.com/@saikyuun_/video/7605576176555363602,Lakas (mang KS) #mlbbgoldenmonth #mlbbcreator #MLBB #mobilelegends #fyp @Yunan,12800,625,13
datasets/tiktok/mlbb/bonitoflakesmlbb/7464768209351183624.mp4,True,0.9123042225837708,4,1.0,1.0,0.7107871720116619,0.9719298245614035,0.10981553819444445,bonitoflakesmlbb,7464768209351183624,https://www.tiktok.com/@bonitoflakesmlbb/video/7464768209351183624,Joy core part 1 ⚡ MVP Best build #mlbb #mobilelegends #joyml #MOBILELEGENDSBANGBANG #mlbbhighlights #fypシ゚viralシ,7371,58,5
datasets/tiktok/mlbb/bonitoflakesmlbb/7479625679072431368.mp4,True,0.9121700525283813,4,1.0,1.0,0.6247813411078718,1.0,0.12860026041666667,bonitoflakesmlbb,7479625679072431368,https://www.tiktok.com/@bonitoflakesmlbb/video/7479625679072431368,Stop chasing me 😭 #selena #selenamlbb #mobilelegends #mlbb #mobilelegendsbangbang,326,15,0
datasets/tiktok/mlbb/nilunaa/7612513125509664018.mp4,True,0.9120814800262451,4,1.0,0.9664646464646465,0.69375,1.0,0.11885416666666668,nilunaa,7612513125509664018,https://www.tiktok.com/@nilunaa/video/7612513125509664018,Vexana new skin  #MLBBGoldenMonth #MLBBGoldenTurtle #MLBB #mobilelegends #nilunaa,3641,58,3
datasets/tiktok/mlbb/cedxvi/7492357660906392840.mp4,True,0.9120529890060425,4,1.0,1.0,0.75,0.7698245614035087,0.15419596354166665,cedxvi,7492357660906392840,https://www.tiktok.com/@cedxvi/video/7492357660906392840,Old johnson vs. New Johnson #MLBBGoldenMonth #MobileLegendsBangBang #MLBB,60300,6801,37
datasets/tiktok/mlbb/bonitoflakesmlbb/7495574921045658898.mp4,True,0.911823570728302,4,1.0,1.0,0.7039358600583091,0.923859649122807,0.12098198784722222,bonitoflakesmlbb,7495574921045658898,https://www.tiktok.com/@bonitoflakesmlbb/video/7495574921045658898,Not a safe place to recall. #MobileLegendsBangBang #selenahighlights #selenamlbb #selenazenith #mlbbhighlights #mobilelegends #mlbb #fyp,729,9,1
datasets/tiktok/mlbb/willdominateyougg/7611097714901683464.mp4,True,0.9116237163543701,4,1.0,1.0,0.7303571428571429,1.0,0.09766493055555554,willdominateyougg,7611097714901683464,https://www.tiktok.com/@willdominateyougg/video/7611097714901683464,#MLBB #willdominateyougg #fyp #guts #berserk,48400,1130,24
datasets/tiktok/mlbb/cedxvi/7597029065077394706.mp4,True,0.9115865230560303,4,1.0,0.9950505050505051,0.7218294460641399,0.9663157894736842,0.11181315104166667,cedxvi,7597029065077394706,https://www.tiktok.com/@cedxvi/video/7597029065077394706,😂#MLBBM7 #MLBB,1600000,82200,150
datasets/tiktok/mlbb/willdominateyougg/7633673715393350920.mp4,True,0.9115769267082214,4,1.0,0.944040404040404,0.7481049562682216,1.0,0.10986870659722221,willdominateyougg,7633673715393350920,https://www.tiktok.com/@willdominateyougg/video/7633673715393350920,#MLBB #mobilelegendsbangbang #fyp,17900,419,22
datasets/tiktok/mlbb/willdominateyougg/7621141593436769543.mp4,True,0.9115563035011292,4,1.0,0.9447474747474747,0.75,1.0,0.10909288194444444,willdominateyougg,7621141593436769543,https://www.tiktok.com/@willdominateyougg/video/7621141593436769543,#MLBB #mobilelegendsbangbang #adventuretime #finnthehuman #jakethedog,17000,299,8
datasets/tiktok/mlbb/shrxking_fear/7639339792446098696.mp4,True,0.9109449982643127,4,1.0,0.9597979797979798,0.6875,0.9935087719298246,0.17975694444444443,shrxking-fear,7639339792446098696,https://www.tiktok.com/@shrxking_fear/video/7639339792446098696,#goviral #myedit #viral #thatoneguy,3422,37,5
datasets/tiktok/mlbb/mobilelegends_id/7641943611126418709.mp4,True,0.9098621606826782,4,1.0,0.7250505050505051,0.9583333333333334,0.995438596491228,0.11710394965277778,mobilelegends-id,7641943611126418709,https://www.tiktok.com/@mobilelegends_id/video/7641943611126418709,Apa yang sebenarnya terjadi?  Kenapa @Oura bisa kena comeback dari @ade  Cek selengkapnya di Tide Clash Livestream: Battle For Fortune Round 1 Match 2 #MLBB #MLBBAllStar #MLBBAllStarShowdown,52600,512,74
datasets/tiktok/mlbb/willdominateyougg/7622206702116408583.mp4,True,0.9098067879676819,4,1.0,0.9480808080808081,0.75,1.0,0.10573350694444444,willdominateyougg,7622206702116408583,https://www.tiktok.com/@willdominateyougg/video/7622206702116408583,daily routine #MLBB #gusion #letuzawaofficial #fyp,57500,2376,26
datasets/tiktok/mlbb/willdominateyougg/7622582682949668114.mp4,True,0.9095451831817627,4,1.0,0.9247474747474748,0.7487973760932944,1.0,0.11290798611111111,willdominateyougg,7622582682949668114,https://www.tiktok.com/@willdominateyougg/video/7622582682949668114,guts and jake combo🗿 #MLBB #argus #guts #berserk #willdominateyougg,25300,648,18
datasets/tiktok/mlbb/willdominateyougg/7609159852685806855.mp4,True,0.909324049949646,4,1.0,0.9561616161616162,0.75,1.0,0.10260091145833333,willdominateyougg,7609159852685806855,https://www.tiktok.com/@willdominateyougg/video/7609159852685806855,#MLBB #mobilelegendsbangbang #gusion #mlbbxkof #fyp,25400,426,14
datasets/tiktok/mlbb/willdominateyougg/7628123575936978184.mp4,True,0.9088917970657349,4,1.0,0.9851515151515151,0.6947157434402332,1.0,0.10857530381944444,willdominateyougg,7628123575936978184,https://www.tiktok.com/@willdominateyougg/video/7628123575936978184,#mlbb #argus #toji #willdominateyougg #fyp,48100,2241,34
datasets/tiktok/mlbb/cedxvi/7430772493259951368.mp4,True,0.9086878895759583,4,1.0,1.0,0.6891176470588235,0.9421052631578947,0.1171853298611111,cedxvi,7430772493259951368,https://www.tiktok.com/@cedxvi/video/7430772493259951368,"Target lock naka couple affinity, Nag away!?😅 #fypage #cedxvi #johnsontiktok #MLBB #mlbbcelebr8th",157700,9420,124
datasets/tiktok/mlbb/willdominateyougg/7633356620130536722.mp4,True,0.9080843329429626,4,1.0,1.0,0.7175291545189504,0.9507017543859649,0.10666015625,willdominateyougg,7633356620130536722,https://www.tiktok.com/@willdominateyougg/video/7633356620130536722,#MLBB #mobilelegendsbangbang #fyp #kisame #mlbbxnaruto,56100,2071,37
datasets/tiktok/mlbb/willdominateyougg/7566550112038669576.mp4,True,0.9079666137695312,4,1.0,0.9592929292929293,0.7267492711370263,1.0,0.10633680555555555,willdominateyougg,7566550112038669576,https://www.tiktok.com/@willdominateyougg/video/7566550112038669576,#MLBB #MobileLegendsBangBang #letuzawa #gusion #fyp,197700,8899,55
datasets/tiktok/mlbb/willdominateyougg/7613308759397518610.mp4,True,0.9076409339904785,4,1.0,1.0,0.6916909620991254,0.9310526315789474,0.11733832465277778,willdominateyougg,7613308759397518610,https://www.tiktok.com/@willdominateyougg/video/7613308759397518610,#MLBB #willdominateyougg #adventuretime #fyp #finn,458600,29200,226
datasets/tiktok/mlbb/nilunaa/7615160846624296210.mp4,True,0.9076381325721741,4,1.0,1.0,0.6895043731778425,0.9378947368421052,0.11654188368055556,nilunaa,7615160846624296210,https://www.tiktok.com/@nilunaa/video/7615160846624296210,Fanny legend - Skill effect 10/10🔥 #MLBBNEWSKIN #MLBB #MLBBFanny #mobilelegends #nilunaa,5996,104,6
datasets/tiktok/mlbb/nilunaa/7615548313399479559.mp4,True,0.9075861573219299,4,1.0,0.9803030303030302,0.7021865889212828,0.9815789473684211,0.11001844618055555,nilunaa,7615548313399479559,https://www.tiktok.com/@nilunaa/video/7615548313399479559,Lylia covenant skin #MLBBGoldenMonth #MLBBGoldenTurtle #MLBB #mobilelegends #nilunaa,6170,104,7
datasets/tiktok/mlbb/mlbbdailyclips/7170207675706363137.mp4,True,0.9070683717727661,4,1.0,0.8673737373737375,0.75,1.0,0.12694010416666665,mlbbdailyclips,7170207675706363137,https://www.tiktok.com/@mlbbdailyclips/video/7170207675706363137,Dogie Frustrated after he wasted both his Ultimted and Ficker #dogie #nxp #nxpevos #dogielangmalakas,31600,219,5
datasets/tiktok/mlbb/willdominateyougg/7622934484601539858.mp4,True,0.9068121910095215,4,1.0,0.9342424242424242,0.7356413994169096,0.9950877192982456,0.11103190104166667,willdominateyougg,7622934484601539858,https://www.tiktok.com/@willdominateyougg/video/7622934484601539858,daily routine #MLBB #mobilelegendsbangbang #willdominateyougg #fyp,37900,845,12
datasets/tiktok/mlbb/willdominateyougg/7642240038436195591.mp4,True,0.9067516922950745,4,1.0,0.9626262626262626,0.7246720116618076,1.0,0.1080740017361111,willdominateyougg,7642240038436195591,https://www.tiktok.com/@willdominateyougg/video/7642240038436195591,#MLBB #mobilelegendsbangbang #willdominateyougg #argus #fyp,23100,1056,22
datasets/tiktok/mlbb/bonitoflakesmlbb/7445543630007258375.mp4,True,0.9065651297569275,4,1.0,0.9382828282828283,0.7158892128279883,1.0,0.1139800347222222,bonitoflakesmlbb,7445543630007258375,https://www.tiktok.com/@bonitoflakesmlbb/video/7445543630007258375,Gusion Double Savage? 🗡️ #gusion #mlbbtiktok #mlbb #MobileLegendsBangBang #fypシ゚viralシ #mlbbhighlights,818,8,1
datasets/tiktok/mlbb/mlbbdailyclips/7168777083701775618.mp4,True,0.9061498045921326,4,1.0,0.8152525252525253,0.9166666666666667,1.0,0.09510199652777779,mlbbdailyclips,7168777083701775618,https://www.tiktok.com/@mlbbdailyclips/video/7168777083701775618,Mobazane shows his team jersey jacket for M4 #blacklistinternational #mobazane #btk #ohmyv33nus #btkmobazane #veewise,552,3,0
datasets/tiktok/mlbb/willdominateyougg/7618863247617281287.mp4,True,0.906085729598999,4,1.0,0.9397979797979797,0.7486151603498542,1.0,0.1037109375,willdominateyougg,7618863247617281287,https://www.tiktok.com/@willdominateyougg/video/7618863247617281287,#MLBBMARCEL #MLBBS40 #MLBBFV #MLBB,12500,223,3
datasets/tiktok/mlbb/nilunaa/7635572233628355848.mp4,True,0.9060057997703552,4,1.0,0.8346464646464646,0.75,1.0,0.14701931423611111,nilunaa,7635572233628355848,https://www.tiktok.com/@nilunaa/video/7635572233628355848,Gameplay apa ni ☺️ boleh end dah tu 😒 #MPLMYS17 #MYTIMEMYERA #MLBB #mobilelegends #nilunaa,51900,966,18
datasets/tiktok/mlbb/willdominateyougg/7607743696720661768.mp4,True,0.9059379696846008,4,1.0,0.9796969696969697,0.7137755102040817,0.9659649122807017,0.10796875,willdominateyougg,7607743696720661768,https://www.tiktok.com/@willdominateyougg/video/7607743696720661768,#MLBB #mobilelegendsbangbang #argus #guts #willdominateyougg,219600,4576,69
datasets/tiktok/mlbb/willdominateyougg/7611534162830445831.mp4,True,0.9055636525154114,4,1.0,1.0,0.7380466472303207,0.9199999999999999,0.10385850694444444,willdominateyougg,7611534162830445831,https://www.tiktok.com/@willdominateyougg/video/7611534162830445831,Golden turtle 🗿 #MLBBGoldenMonth #MLBBFV #MLBB,32300,529,14
datasets/tiktok/mlbb/gosu.general/7108903194813533467.mp4,True,0.9054893851280212,4,1.0,1.0,0.5812499999999999,1.0,0.14336263020833334,gosu-general,7108903194813533467,https://www.tiktok.com/@gosu.general/video/7108903194813533467,TikTok video #7108903194813533467,152,1,0
datasets/tiktok/mlbb/willdominateyougg/7632239072123145479.mp4,True,0.9052914977073669,4,1.0,0.9826262626262626,0.7358236151603499,0.9752631578947368,0.09812174479166666,willdominateyougg,7632239072123145479,https://www.tiktok.com/@willdominateyougg/video/7632239072123145479,#MLBB #gusion #kakashi #willdominateyougg #fyp,19400,528,10
datasets/tiktok/mlbb/cedxvi/7602974149320936711.mp4,True,0.9051299095153809,4,1.0,1.0,0.6927842565597668,1.0,0.09952690972222222,cedxvi,7602974149320936711,https://www.tiktok.com/@cedxvi/video/7602974149320936711,1vs9 🤧#MLBBM7 #MLBB,1100000,63600,202
datasets/tiktok/mlbb/nilunaa/7630418576595275015.mp4,True,0.9043769240379333,4,1.0,0.898989898989899,0.7201773566569486,1.0,0.12196397569444445,nilunaa,7630418576595275015,https://www.tiktok.com/@nilunaa/video/7630418576595275015,Vamos mana recall V 😞 #MPLMYS17 #MYTIMEMYERA #MLBB #mobilelegends #nilunaa,103400,5981,24
datasets/tiktok/mlbb/nilunaa/7607841545626193160.mp4,True,0.90432208776474,4,1.0,1.0,0.7077866861030127,1.0,0.09424913194444445,nilunaa,7607841545626193160,https://www.tiktok.com/@nilunaa/video/7607841545626193160,Chou mid X Shhhhh  #MLBBGoldenMonth #MLBB #Mobilelegendsbangbang #MakeYourGoldenMoment #mobilelegends,7957,121,17
datasets/tiktok/mlbb/willdominateyougg/7609171019496017159.mp4,True,0.9041458964347839,4,1.0,1.0,0.6916909620991254,1.0,0.09852105034722222,willdominateyougg,7609171019496017159,https://www.tiktok.com/@willdominateyougg/video/7609171019496017159,#MLBB #mobilelegendsbangbang #onepiece #luffy #fyp,262600,3809,38
datasets/tiktok/mlbb/bonitoflakesmlbb/7435546825643265288.mp4,True,0.9034677743911743,4,1.0,1.0,0.7217930029154519,1.0,0.08918836805555556,bonitoflakesmlbb,7435546825643265288,https://www.tiktok.com/@bonitoflakesmlbb/video/7435546825643265288,1 vs 4 Nearly Savage!!! Best build for YZ 🐉 #MLBB #MLBBCr8torParty #mlbbhighlights #mobilelegends,1109,27,2
datasets/tiktok/mlbb/willdominateyougg/7641525105750789384.mp4,True,0.9032679200172424,4,1.0,0.9842424242424243,0.6860058309037901,1.0,0.10379557291666666,willdominateyougg,7641525105750789384,https://www.tiktok.com/@willdominateyougg/video/7641525105750789384,#MLBBNewMode #MLBBALLSTAR #MLBBTIDESIEGE #MLBBFV #MLBB,15500,363,13
datasets/tiktok/mlbb/mlbbdailyclips/7170998137304206594.mp4,True,0.9028595089912415,4,1.0,0.9219191919191918,0.7216107871720117,1.0,0.11247721354166666,mlbbdailyclips,7170998137304206594,https://www.tiktok.com/@mlbbdailyclips/video/7170998137304206594,Yawi panick-attack seeing their inhibitor falls to 1hp in just two seconds #yawi #echoph #yawiesports #brunoneymarjr,44400,225,1
datasets/tiktok/mlbb/cedxvi/7487964711284133138.mp4,True,0.9019832611083984,4,1.0,0.9866666666666667,0.6842201166180757,0.9701754385964912,0.10946723090277777,cedxvi,7487964711284133138,https://www.tiktok.com/@cedxvi/video/7487964711284133138,"I don't get it, why some people do this shii 🤦‍♂️ #mlbb #cedxvi #johnson",158300,7381,177
datasets/tiktok/mlbb/willdominateyougg/7632979227905903880.mp4,True,0.901837170124054,4,1.0,0.9285858585858586,0.7161443148688047,1.0,0.11059136284722222,willdominateyougg,7632979227905903880,https://www.tiktok.com/@willdominateyougg/video/7632979227905903880,#MLBB #willdominateyougg #fyp #argus #darthvader,28200,1697,21
datasets/tiktok/mlbb/saikyuun_/7615516137417215250.mp4,True,0.9009033441543579,4,1.0,0.8484848484848485,0.8488216715257532,0.9421052631578948,0.10875542534722221,saikyuun-,7615516137417215250,https://www.tiktok.com/@saikyuun_/video/7615516137417215250,May damage yun?! #mlbbgoldenmonth #mlbbcreator #mobilelegends #mlbb #fypp,9178,452,10
datasets/tiktok/mlbb/nilunaa/7634419356960705799.mp4,True,0.9008446335792542,4,1.0,0.9296969696969697,0.6903425655976676,1.0,0.11615017361111112,nilunaa,7634419356960705799,https://www.tiktok.com/@nilunaa/video/7634419356960705799,Jom wei try mode frozen sea  #MLBB #mobilelegends #MLBBFrozensea #MLBBNewMode #nilunaa,7736,108,5
datasets/tiktok/mlbb/saikyuun_/7402935353876679954.mp4,True,0.9007576704025269,4,1.0,0.9086868686868687,0.7184766763848396,1.0,0.11462782118055555,saikyuun-,7402935353876679954,https://www.tiktok.com/@saikyuun_/video/7402935353876679954,Chamba gods Kagura 🥰 #MLBB #MobileLegends #fyp #mlbbcreatorbase #phmcbacesleague,35800,1869,52
datasets/tiktok/mlbb/cedxvi/7581111294141435144.mp4,True,0.900632917881012,4,1.0,1.0,0.6875,0.9301754385964912,0.1093478732638889,cedxvi,7581111294141435144,https://www.tiktok.com/@cedxvi/video/7581111294141435144,No one dares to get close🥶🥶#MLBB #MLBBFriendFest #MLBBxSpongeBob,1800000,175600,384
datasets/tiktok/mlbb/bonitoflakesmlbb/7472929914845416712.mp4,True,0.9004716873168945,4,1.0,1.0,0.6247813411078718,1.0,0.11235677083333334,bonitoflakesmlbb,7472929914845416712,https://www.tiktok.com/@bonitoflakesmlbb/video/7472929914845416712,Napabilib natin si Floryn 😉 #selenamlbb #mlbb #mobilelegendsbangbang #fypシ゚viralシ #mlbbhighlights,655,33,0
datasets/tiktok/mlbb/nilunaa/7610322070659960072.mp4,True,0.8998125195503235,4,1.0,0.88989898989899,0.7491132167152575,1.0,0.11318901909722222,nilunaa,7610322070659960072,https://www.tiktok.com/@nilunaa/video/7610322070659960072,Flying moon  #MLBBGoldenMonth #MLBB #Mobilelegendsbangbang #MakeYourGoldenMoment #mobilelegends,8429,124,4
datasets/tiktok/mlbb/nilunaa/7630346893775752466.mp4,True,0.8992694616317749,4,1.0,0.8178787878787879,0.75,1.0,0.13178602430555558,nilunaa,7630346893775752466,https://www.tiktok.com/@nilunaa/video/7630346893775752466,Garyy & Uni tukar item & selamat 🔥 #MPLMYS17 #MYTIMEMYERA #MLBB #mobilelegends #nilunaa,62600,1582,9
datasets/tiktok/mlbb/willdominateyougg/7645549488509095176.mp4,True,0.8990154266357422,4,1.0,0.9331313131313131,0.75,1.0,0.09594943576388888,willdominateyougg,7645549488509095176,https://www.tiktok.com/@willdominateyougg/video/7645549488509095176,New Lord vs Lipas #MLBBALLSTAR #MLBBFV #MLBBDreadsea #MLBBSiren #MLBBTidalGoldRush,27500,1017,23
datasets/tiktok/mlbb/mlbbdailyclips/7443011912104774930.mp4,True,0.8989733457565308,4,1.0,0.804949494949495,1.0,0.8203508771929825,0.10226128472222222,mlbbdailyclips,7443011912104774930,https://www.tiktok.com/@mlbbdailyclips/video/7443011912104774930,VeeWise WENT CRAZY TO FALCON ESPORTS COMEBACK VS SRG #ohmyv33nus #ohmyveenus #mobazane #teamliquid #mplph #rrq #mplpihilippines #kelra #rrqhoshi #rrqkingdom #balacklistinternational #yawi #kairi #rrqalberttt #srg #sekys #mplmalaysia #mplcambodia #mlbb #aeronshikii,11900,80,6
datasets/tiktok/mlbb/nilunaa/7619949946761973012.mp4,True,0.8981843590736389,4,1.0,0.936060606060606,0.7347546161321672,0.8910526315789473,0.1205783420138889,nilunaa,7619949946761973012,https://www.tiktok.com/@nilunaa/video/7619949946761973012,Fanny Legend transformation skil effect #MLBB #mobilelegends #MLBBGoldenMonth #MLBBS40 #nilunaa,4626,62,2
datasets/tiktok/mlbb/bonitoflakesmlbb/7477405021991095560.mp4,True,0.8981056213378906,4,1.0,1.0,0.5960990422954897,1.0,0.12236436631944445,bonitoflakesmlbb,7477405021991095560,https://www.tiktok.com/@bonitoflakesmlbb/video/7477405021991095560,Suyou best build and emblem.  #creatorsearchinsights #mlbb  #mobilelegends #suyou  #MobileLegendsBangBang  #fypシ゚viralシ,1416,31,1
datasets/tiktok/mlbb/willdominateyougg/7639734827226385671.mp4,True,0.8980770111083984,4,1.0,0.9716161616161616,0.7349854227405248,0.9333333333333333,0.10073784722222222,willdominateyougg,7639734827226385671,https://www.tiktok.com/@willdominateyougg/video/7639734827226385671,#MLBBALLSTAR #MLBBDreadsea #MLBBSiren #MLBBTidalGoldRush #MLBB,139300,3243,35
datasets/tiktok/mlbb/bonitoflakesmlbb/7481099338416983303.mp4,True,0.897887647151947,4,1.0,1.0,0.5857992973975304,1.0,0.11982638888888889,bonitoflakesmlbb,7481099338416983303,https://www.tiktok.com/@bonitoflakesmlbb/video/7481099338416983303,Selena highlights 🎯 #selenahighlights #mlbb #mobilelegendsbangbang #selena #bonitoflakesmlbb,371,13,1
datasets/tiktok/mlbb/nilunaa/7624507991617817864.mp4,True,0.897777259349823,4,1.0,0.8829292929292929,0.7453791337963757,1.0,0.11115668402777779,nilunaa,7624507991617817864,https://www.tiktok.com/@nilunaa/video/7624507991617817864,Genjutsu Training 2026 Completed ✅ #MLBB #mobilelegends #MLBBxNARUTO #nilunaa #mobilelegendsbangbang,56400,1146,11
datasets/tiktok/mlbb/saikyuun_/7265153341536128262.mp4,True,0.8977741003036499,4,1.0,0.943131313131313,0.6870626822157435,1.0,0.10883680555555555,saikyuun-,7265153341536128262,https://www.tiktok.com/@saikyuun_/video/7265153341536128262,Kadita x YSS? 👀😍 #MLBB #mobilelegends #phmcbacesleague #mlbbphmplkaditaskin #fyp #fypシ,121300,9002,103
datasets/tiktok/mlbb/mlbbdailyclips/7173170668035493122.mp4,True,0.8973254561424255,4,1.0,0.9473737373737373,0.7,1.0,0.10330946180555556,mlbbdailyclips,7173170668035493122,https://www.tiktok.com/@mlbbdailyclips/video/7173170668035493122,Indonesia read OhMyV33NUS like a book on this one #evoslegends #ohmyv33nus #iesf2022 #indopride #blacklistinternational #evosroar #evos,1705,10,1
datasets/tiktok/mlbb/willdominateyougg/7618487645844311304.mp4,True,0.8969786763191223,4,1.0,1.0,0.659365889212828,0.973859649122807,0.10338324652777778,willdominateyougg,7618487645844311304,https://www.tiktok.com/@willdominateyougg/video/7618487645844311304,#MLBBMARCEL #MLBBS40 #MLBBFV #MLBB,17000,199,7
datasets/tiktok/mlbb/willdominateyougg/7638931204829465874.mp4,True,0.8967547416687012,4,1.0,0.902020202020202,0.75,1.0,0.10251736111111111,willdominateyougg,7638931204829465874,https://www.tiktok.com/@willdominateyougg/video/7638931204829465874,#MLBBALLSTAR #MLBBDreadsea #MLBBSiren #MLBBTidalGoldRush #MLBB,20900,863,32
datasets/tiktok/mlbb/nilunaa/7632702719538613522.mp4,True,0.8959182500839233,4,1.0,0.8930303030303031,0.75,1.0,0.10417100694444445,nilunaa,7632702719538613522,https://www.tiktok.com/@nilunaa/video/7632702719538613522,Franco Double Hook ✅ #MLBBFrozensea #MPLMYS17 #MYTIMEMYERA #MLBB #nilunaa,7614,75,9
datasets/tiktok/mlbb/mlbbclips/7117229261332827397.mp4,True,0.8958014845848083,4,1.0,0.9047474747474747,0.6280672983479106,1.0,0.13534830729166666,mlbbclips,7117229261332827397,https://www.tiktok.com/@mlbbclips/video/7117229261332827397,Poor chou must have thrown his phone (Credit to S_Dustrak) #mlbb  #mobilelegends  #lol,628,15,1
datasets/tiktok/mlbb/cedxvi/7603338386773953799.mp4,True,0.8954761028289795,4,1.0,1.0,0.7612973760932944,0.8394736842105263,0.10043294270833333,cedxvi,7603338386773953799,https://www.tiktok.com/@cedxvi/video/7603338386773953799,🙈#MLBBM7 #MLBB,958600,52700,104
datasets/tiktok/mlbb/nilunaa/7627093127265815815.mp4,True,0.8948832154273987,4,1.0,0.9141414141414141,0.7471938775510204,0.9064912280701753,0.11627495659722221,nilunaa,7627093127265815815,https://www.tiktok.com/@nilunaa/video/7627093127265815815,Silvana collector 🥹 #MLBB #mobilelegends #MLBBMPL #nilunaa,10400,125,17
datasets/tiktok/mlbb/cedxvi/7571380182322285831.mp4,True,0.8946257829666138,4,1.0,0.9510101010101011,0.7708333333333334,0.8917543859649122,0.10098307291666667,cedxvi,7571380182322285831,https://www.tiktok.com/@cedxvi/video/7571380182322285831,Did you know??🤓#MLBB #MLBB9TH #Cedxvi #Johnson,317300,13100,92
datasets/tiktok/mlbb/nilunaa/7618918803245927701.mp4,True,0.8943629264831543,4,1.0,0.8524242424242423,0.75,1.0,0.11460394965277779,nilunaa,7618918803245927701,https://www.tiktok.com/@nilunaa/video/7618918803245927701,Harap membantu user fanny #MLBBGoldenMonth #MLBB #Mobilelegendsbangbang #MakeYourGoldenMoment #mobilelegends,6934,118,4
datasets/tiktok/mlbb/cedxvi/7421881503266639122.mp4,True,0.8936688899993896,4,1.0,1.0,0.6143828960155491,1.0,0.10619791666666667,cedxvi,7421881503266639122,https://www.tiktok.com/@cedxvi/video/7421881503266639122,Top 1 Global Johnson handcam. #mlbb #cedxvi,569600,34500,336
datasets/tiktok/mlbb/mlbbttofficial/7616678158305185040.mp4,True,0.8935170769691467,4,1.0,0.9027272727272727,0.7049198250728863,0.9214035087719299,0.13563042534722222,mlbb-official,7616678158305185040,https://www.tiktok.com/@mlbbttofficial/video/7616678158305185040,Don't blink! The screen is about to explode💥 Hooks flying everywhere!  #MLBBS40 #DecisiveMoment #MLBBNewPatch #MobileLegendsBangBang #MLBBNewMode,46500,1569,141
datasets/tiktok/mlbb/nilunaa/7612623534774390024.mp4,True,0.8934938907623291,4,1.0,0.9327272727272727,0.732069970845481,0.9001754385964912,0.11422960069444445,nilunaa,7612623534774390024,https://www.tiktok.com/@nilunaa/video/7612623534774390024,Skin starlight worth it for money ☺️  #MLBBGoldenMonth #MLBBGoldenTurtle #MLBBStarlight #MLBB #mobilelegends,130900,1920,71
datasets/tiktok/mlbb/bonitoflakesmlbb/7447042019366653191.mp4,True,0.8933586478233337,4,1.0,0.9583838383838383,0.75,0.8026315789473684,0.12115559895833333,bonitoflakesmlbb,7447042019366653191,https://www.tiktok.com/@bonitoflakesmlbb/video/7447042019366653191,Best build for Joy. 20 kills gameplay #joymlbb #mlbb #fypシ゚viralシ  #MobileLegendsBangBang #mlbbhighlights #mlbbtiktok,152,5,1
datasets/tiktok/mlbb/mobilelegends_id/7644555890611227925.mp4,True,0.8932512402534485,4,1.0,0.8993939393939394,0.6552478134110787,1.0,0.14452582465277777,mobilelegends-id,7644555890611227925,https://www.tiktok.com/@mobilelegends_id/video/7644555890611227925,"Emang ada aja gayanya Aldi Taher, Ditanya serius malah baca doa #AdaApaDenganWendy #WendyAllStarParty #MLBB #MLBBALLSTAR",38400,646,41
datasets/tiktok/mlbb/cedxvi/7413319130276695303.mp4,True,0.893170177936554,4,1.0,0.9638383838383838,0.6241982507288629,1.0,0.11611436631944444,cedxvi,7413319130276695303,https://www.tiktok.com/@cedxvi/video/7413319130276695303,Good old days...🙌,46400,2140,30
datasets/tiktok/mlbb/cedxvi/7266436078968540421.mp4,True,0.8929279446601868,4,1.0,0.9565656565656566,0.69375,1.0,0.09636501736111111,cedxvi,7266436078968540421,https://www.tiktok.com/@cedxvi/video/7266436078968540421,Surprise @Mizaki haha #cedxvi,113000,3223,5
datasets/tiktok/mlbb/willdominateyougg/7633328417693371666.mp4,True,0.892579197883606,4,1.0,0.9703030303030303,0.6967930029154519,0.9531578947368421,0.10043511284722223,willdominateyougg,7633328417693371666,https://www.tiktok.com/@willdominateyougg/video/7633328417693371666,#MLBB #mobilelegendsbangbang #fyp #itachiuchiha,18000,532,11
datasets/tiktok/mlbb/mobilelegends_id/7644926809464704277.mp4,True,0.8921105861663818,4,1.0,0.8203030303030303,0.8352648202137999,0.9221052631578948,0.12234700520833333,mobilelegends-id,7644926809464704277,https://www.tiktok.com/@mobilelegends_id/video/7644926809464704277,Cuma Aldi Taher yang bisa - Aldi Core #AdaApaDenganWendy #WendyAllStarParty #MLBB #MLBBALLSTAR,57400,770,37
datasets/tiktok/mlbb/nilunaa/7620760202589130004.mp4,True,0.891840398311615,4,1.0,0.9582828282828283,0.6351919339164237,1.0,0.11078233506944443,nilunaa,7620760202589130004,https://www.tiktok.com/@nilunaa/video/7620760202589130004,Marcel + Beatrix = Perfect Combo 10/10 🔥 #MLBBS40 #MLBBMarcel #MLBBGoldenMonth #MLBB #mobilelegends,10200,307,10
datasets/tiktok/mlbb/nilunaa/7622589607468698888.mp4,True,0.8917722105979919,4,1.0,0.9204040404040404,0.8911321671525754,0.761578947368421,0.09965060763888889,nilunaa,7622589607468698888,https://www.tiktok.com/@nilunaa/video/7622589607468698888,Ninjutsu Training Trick ✅ #MLBBxNaruto #MLBB #mobilelegends #nilunaa,9234,212,11
datasets/tiktok/mlbb/bonitoflakesmlbb/7497044815368965383.mp4,True,0.8915464878082275,4,1.0,0.974949494949495,0.6821793002915453,1.0,0.09210069444444445,bonitoflakesmlbb,7497044815368965383,https://www.tiktok.com/@bonitoflakesmlbb/video/7497044815368965383,Savage with Tigreal's perfect set 😍 #selenamlbb #selenamontage #selenatiktok #selenazenith #mlbbhighlights #mlbb #fyp,386,11,0
datasets/tiktok/mlbb/willdominateyougg/7610294907487390983.mp4,True,0.8914991617202759,4,1.0,0.9474747474747474,0.7340014577259475,1.0,0.08598958333333334,willdominateyougg,7610294907487390983,https://www.tiktok.com/@willdominateyougg/video/7610294907487390983,#MLBB #mobilelegendsbangbang #willdominateyougg #gusion #fyp,19600,269,6
datasets/tiktok/mlbb/nilunaa/7629726981021519111.mp4,True,0.891045093536377,4,1.0,0.7667676767676768,0.7708333333333334,0.9998245614035087,0.1337554253472222,nilunaa,7629726981021519111,https://www.tiktok.com/@nilunaa/video/7629726981021519111,"NT RRQ Tora, congrats Vamos  #MPLMYS17 #MYTIMEMYERA #MLBB #mobilelegends #nilunaa",12900,372,12
datasets/tiktok/mlbb/bonitoflakesmlbb/7482595238796594450.mp4,True,0.8910300731658936,4,1.0,1.0,0.5412584944692163,1.0,0.1240505642361111,bonitoflakesmlbb,7482595238796594450,https://www.tiktok.com/@bonitoflakesmlbb/video/7482595238796594450,Joy MVP gameplay Pt. 6 #joymlbb #mlbb #fypシ゚viralシ  #MobileLegendsBangBang #mlbbtiktok #mlbbhighlights,239,15,0
datasets/tiktok/mlbb/nilunaa/7637883718018911495.mp4,True,0.8905012607574463,4,1.0,1.0,0.5310677842565596,1.0,0.125302734375,nilunaa,7637883718018911495,https://www.tiktok.com/@nilunaa/video/7637883718018911495,NT Sekysss 😂 #MPLMYS17 #MYTIMEMYERA #MLBB #mobilelegends #nilunaa,8716,130,7
datasets/tiktok/mlbb/nilunaa/7617041303590751496.mp4,True,0.8904604315757751,4,1.0,1.0,0.5301795361001544,1.0,0.12549696180555556,nilunaa,7617041303590751496,https://www.tiktok.com/@nilunaa/video/7617041303590751496,Combo auto win 🔥 Hero Marcel   #MLBBMarcel #MLBBS40 #MLBBNEWHERO #MLBBGoldenMonth #MLBB,18700,287,10
datasets/tiktok/mlbb/willdominateyougg/7639641223770164487.mp4,True,0.8898343443870544,4,1.0,0.9666666666666667,0.75,0.8768421052631579,0.09866753472222223,willdominateyougg,7639641223770164487,https://www.tiktok.com/@willdominateyougg/video/7639641223770164487,#MLBBALLSTAR #MLBBDreadsea #MLBBSiren #MLBBTidalGoldRush #MLBB,12600,382,19
datasets/tiktok/mlbb/hororo_chan/6855096679503351045.mp4,True,0.8895787000656128,4,1.0,1.0,0.7145772594752187,0.8996491228070176,0.09329535590277778,hororo-chan,6855096679503351045,https://www.tiktok.com/@hororo_chan/video/6855096679503351045,trying to flashback the old days,754,32,13
datasets/tiktok/mlbb/bonitoflakesmlbb/7478553956621307154.mp4,True,0.8895376324653625,4,1.0,1.0,0.6348396501457726,0.9319298245614035,0.10893880208333334,bonitoflakesmlbb,7478553956621307154,https://www.tiktok.com/@bonitoflakesmlbb/video/7478553956621307154,An arrow like a Magnet 🧲 #selenamvp #selenamlbb #mlbb #mobilelegends #mobilelegendsbangbang #fypシ゚viralシ #mlbbtiktok,601,13,0
datasets/tiktok/mlbb/mlbbesports_official/7599283439627488520.mp4,True,0.8888255953788757,4,1.0,0.9775757575757575,0.7003517701723546,0.8587719298245614,0.11340928819444446,mlbb-esports,7599283439627488520,https://www.tiktok.com/@mlbbesports_official/video/7599283439627488520,Light's Tectonic Charge Splits Alter Ego APART⛓️‍💥 #MLBBEsports #MLBBM7 #MobileLegendsBangBang #M7 #LetTheWorldSeeUs,860200,33900,301
datasets/tiktok/mlbb/willdominateyougg/7605481426611604744.mp4,True,0.8887923359870911,4,1.0,0.9332323232323232,0.6944241982507289,0.984561403508772,0.10101888020833334,willdominateyougg,7605481426611604744,https://www.tiktok.com/@willdominateyougg/video/7605481426611604744,10/10 skin #MLBB #mobilelegendsbangbang #gusion #letuzawaofficial #fyp,222100,4215,34
datasets/tiktok/mlbb/cedxvi/7509886283922033927.mp4,True,0.8886062502861023,4,1.0,0.9678787878787879,0.6635568513119534,0.9343859649122807,0.10904513888888889,cedxvi,7509886283922033927,https://www.tiktok.com/@cedxvi/video/7509886283922033927,NagaIit sa core johnson😅#MLBBCreator #Topglobaljohnson #cedxvi #fyp,199800,11500,116
datasets/tiktok/mlbb/nilunaa/7643024837505486098.mp4,True,0.8877897262573242,4,1.0,0.8382828282828282,0.6958090379008747,0.9680701754385965,0.13192491319444444,nilunaa,7643024837505486098,https://www.tiktok.com/@nilunaa/video/7643024837505486098,Rank penuh hanabi 🗿 #MPLMYS17 #MYTIMEMYERA #MLBB #mobilelegends #nilunaa,34600,2456,23
datasets/tiktok/mlbb/cedxvi/7510554355087445256.mp4,True,0.8875972032546997,4,1.0,0.9395959595959595,0.6791666666666667,0.9873684210526316,0.10116102430555556,cedxvi,7510554355087445256,https://www.tiktok.com/@cedxvi/video/7510554355087445256,W Clutch🥵 #MLBBCreator #Cedxvi #fyppppppppppppppppppppppp,46600,2428,23
datasets/tiktok/mlbb/mlbbdailyclips/7172751342648315138.mp4,True,0.8873778581619263,4,1.0,1.0,0.6491618075801749,1.0,0.08807183159722222,mlbbdailyclips,7172751342648315138,https://www.tiktok.com/@mlbbdailyclips/video/7172751342648315138,Kelra responds to High's trending Tiktok #kelra #smartomegaesports #aurahigh #aurafire,69400,1823,36
datasets/tiktok/mlbb/nilunaa/7638633991096093970.mp4,True,0.887259840965271,4,1.0,0.8353535353535353,0.7180758017492712,0.9587719298245614,0.12901692708333334,nilunaa,7638633991096093970,https://www.tiktok.com/@nilunaa/video/7638633991096093970,Macam mana nak counter aurora Waves 49 😭  #MLBBALLSTAR #MLBBNewMode #MLBB #mobilelegends #nilunaa,7272,97,5
datasets/tiktok/mlbb/bonitoflakesmlbb/7463287555539127559.mp4,True,0.8871243596076965,4,1.0,1.0,0.5912172011661807,1.0,0.10395833333333333,bonitoflakesmlbb,7463287555539127559,https://www.tiktok.com/@bonitoflakesmlbb/video/7463287555539127559,Harith Gold Lane Savage! #MOBILELEGENDSBANGBANG #MLBB #mlbbhighlights #fypシ゚viralシ #harithmlbb,257,3,0
datasets/tiktok/mlbb/saikyuun_/7149496018890018053.mp4,True,0.886508584022522,4,1.0,1.0,0.5944241982507289,0.9636842105263158,0.11403754340277777,saikyuun-,7149496018890018053,https://www.tiktok.com/@saikyuun_/video/7149496018890018053,Mga yabmat sa ebat sawa sa eabab. 862765885 (10649) @MLBB TOP CREATION #mobilelegends #mlbbcreatorcamp #mccSeptember #mcc_0930ph #fyp,6900000,429100,7744
datasets/tiktok/mlbb/mlbbdailyclips/7174418124282891521.mp4,True,0.8862912654876709,4,1.0,1.0,0.5869169096209912,1.0,0.10405164930555555,mlbbdailyclips,7174418124282891521,https://www.tiktok.com/@mlbbdailyclips/video/7174418124282891521,Wise can't stop laughing after Psychoo said his famous phrase in front of him in Discord #blacklistinternational #rrqhoshi #ohmyv33nus #rrqpsychoo,506400,22900,52
datasets/tiktok/mlbb/nilunaa/7600732118326578440.mp4,True,0.885981559753418,4,1.0,0.9651515151515151,0.7208454810495627,0.8187719298245615,0.1149240451388889,nilunaa,7600732118326578440,https://www.tiktok.com/@nilunaa/video/7600732118326578440,Try new Alucard Legend Revamp 🔥 #MLBB #mobilelegends #MLBBAlucard #nilunaa,36200,435,23
datasets/tiktok/mlbb/cedxvi/7577028470413266184.mp4,True,0.8856743574142456,4,1.0,0.9690909090909091,0.7252551020408164,0.8631578947368421,0.10537868923611111,cedxvi,7577028470413266184,https://www.tiktok.com/@cedxvi/video/7577028470413266184,Bro is not humaaan!🤯#MLBB #WinWithMLBB,1700000,135900,451
datasets/tiktok/mlbb/saikyuun_/7443022534586436882.mp4,True,0.8854628205299377,4,1.0,0.7141414141414142,1.0,0.8929824561403508,0.09730251736111112,saikyuun-,7443022534586436882,https://www.tiktok.com/@saikyuun_/video/7443022534586436882,"Pass kay Wanwan, minor pa 😭 #MLBB #mobilelegends #mlbbm6torchrelay #m6laysiaboleh #phm6claude #mlbbcreatorbase",378200,17100,221
datasets/tiktok/mlbb/cedxvi/7459732315208486162.mp4,True,0.8854119181632996,4,1.0,1.0,0.6368545275252958,0.8882456140350877,0.11464518229166665,cedxvi,7459732315208486162,https://www.tiktok.com/@cedxvi/video/7459732315208486162,Driving tips 101 #MLBBSkinGifts #MobileLegendsBangBang #MLBB #Topglobaljohnson #cedxvi,1300000,86400,490
datasets/tiktok/mlbb/cedxvi/7382970461157641478.mp4,True,0.8853000998497009,4,1.0,0.958989898989899,0.743731778425656,0.847719298245614,0.10272135416666667,cedxvi,7382970461157641478,https://www.tiktok.com/@cedxvi/video/7382970461157641478,Gusto ko lang maglaro nasermonan pa haha. #mlbb,788300,49500,286
datasets/tiktok/mlbb/nilunaa/7609956837508615431.mp4,True,0.8846546411514282,4,1.0,0.999090909090909,0.7001579203109815,0.9350877192982456,0.08377061631944445,nilunaa,7609956837508615431,https://www.tiktok.com/@nilunaa/video/7609956837508615431,Leomord x menerima luka #MLBBGoldenMonth #MLBB #Mobilelegendsbangbang #MakeYourGoldenMoment #mobilelegends,5488,97,6
datasets/tiktok/mlbb/cedxvi/7509091345789783304.mp4,True,0.8838833570480347,4,1.0,1.0,0.6791666666666667,0.858421052631579,0.10408203125,cedxvi,7509091345789783304,https://www.tiktok.com/@cedxvi/video/7509091345789783304,Nagalit kampi ayaw sa JS🥲 #MLBBCreator #cedxvi #mlbb,158300,7986,89
datasets/tiktok/mlbb/cedxvi/7580603453760654610.mp4,True,0.8837970495223999,4,1.0,1.0,0.5899631281083862,1.0,0.099873046875,cedxvi,7580603453760654610,https://www.tiktok.com/@cedxvi/video/7580603453760654610,Bro has escape plan😂 #MLBB #MLBBFriendFest #MLBBxSpongeBob,892500,52600,139
datasets/tiktok/mlbb/mlbbdailyclips/7169926760950172929.mp4,True,0.8829176425933838,4,1.0,0.8914141414141414,0.7,1.0,0.10133463541666668,mlbbdailyclips,7169926760950172929,https://www.tiktok.com/@mlbbdailyclips/video/7169926760950172929,Hadji may have just Leaked the 2 New PH Imports to a MDL Indonesian team #blacklistinternational #hadji #mplph #blckedward#ohmyv33nus #oheb #,90600,1385,12
datasets/tiktok/mlbb/mlbbtopcreation/7219186560917343489.mp4,True,0.8825973272323608,4,1.0,1.0,0.6695213799805637,0.8898245614035087,0.09861979166666665,mlbb-top-creation,7219186560917343489,https://www.tiktok.com/@mlbbtopcreation/video/7219186560917343489,miya plays @suneogaming_ #mobilelegends #mgl #mlbbcreatorcamp,3147,152,9
datasets/tiktok/mlbb/willdominateyougg/7611424829115223314.mp4,True,0.8819952011108398,4,1.0,0.955050505050505,0.7135932944606415,0.9192982456140351,0.0932693142361111,willdominateyougg,7611424829115223314,https://www.tiktok.com/@willdominateyougg/video/7611424829115223314,wyd in ts(this) situation?🥀 #MLBB #willdominateyougg #fyp #mlbbmeme,113500,2561,31
datasets/tiktok/mlbb/mlbbdailyclips/7169531429041229057.mp4,True,0.8819687366485596,4,1.0,0.851919191919192,0.7268586005830904,1.0,0.10471354166666666,mlbbdailyclips,7169531429041229057,https://www.tiktok.com/@mlbbdailyclips/video/7169531429041229057,KarlTz to ONIC Indonesia PH Import? #karltzy #karltzylangmalakas #brenesports #onicesport #kairi #KarlTzy,409400,6129,17
datasets/tiktok/mlbb/bonitoflakesmlbb/7486658989120294152.mp4,True,0.8819094896316528,4,1.0,0.8786868686868687,0.7071064139941691,1.0,0.10192057291666667,bonitoflakesmlbb,7486658989120294152,https://www.tiktok.com/@bonitoflakesmlbb/video/7486658989120294152,Getting the Selena Zenith skin and using it for the first time 😍 #selenamlbb #selenamontage #mlbb #selenahighlights #selenazenith #mlbbhighlights #MobileLegendsBangBang,708,34,3
datasets/tiktok/mlbb/nilunaa/7641514516718554376.mp4,True,0.8818726539611816,4,1.0,0.8513131313131314,0.8754251700680273,0.8049122807017544,0.10652126736111112,nilunaa,7641514516718554376,https://www.tiktok.com/@nilunaa/video/7641514516718554376,Tips guna ultimate hero martis 🔥 #MLBB #MLBBNewSkin #mobilelegends #MLBBMartis #nilunaa,98900,2506,30
datasets/tiktok/mlbb/mlbbttofficial/7606251957287701780.mp4,True,0.8817675113677979,4,1.0,0.8914141414141414,0.7454446064139941,0.8721052631578947,0.11333767361111109,mlbb-official,7606251957287701780,https://www.tiktok.com/@mlbbttofficial/video/7606251957287701780,"The joy of autumn lies not in the harvest, but in sharing. #MobileLegendsBangBang #MLBBNewSkin #MLBBEternalSeasons",1100000,22400,314
datasets/tiktok/mlbb/saikyuun_/7615519769306991880.mp4,True,0.8811507225036621,4,1.0,0.9838383838383838,0.7916666666666666,0.7740350877192982,0.09124348958333334,saikyuun-,7615519769306991880,https://www.tiktok.com/@saikyuun_/video/7615519769306991880,Wag mag panic nga nii #mlbbgoldenmonth #mlbbcreator #mlbb #mobilelegends #fypp,6937,236,5
datasets/tiktok/mlbb/cedxvi/7578400861399846151.mp4,True,0.8810662031173706,4,1.0,0.9106060606060606,0.7101311953352769,1.0,0.09011827256944444,cedxvi,7578400861399846151,https://www.tiktok.com/@cedxvi/video/7578400861399846151,Cinema Abosolute ending🤚🤯✋#MLBB #MLBBFriendFest #MLBBxSpongeBob,167700,6045,112
datasets/tiktok/mlbb/nilunaa/7644166835213962504.mp4,True,0.8803530931472778,4,1.0,0.8203030303030303,0.75,0.889298245614035,0.12854817708333333,nilunaa,7644166835213962504,https://www.tiktok.com/@nilunaa/video/7644166835213962504,Kena pancing ke? #MLBBALLSTAR #MLBBKenaPancingKe #MLBB #mobilelegends #nilunaa,12100,169,10
datasets/tiktok/mlbb/saikyuun_/7608823625935867143.mp4,True,0.8803004622459412,4,1.0,0.8978787878787878,0.6737852283770651,0.9485964912280701,0.11374891493055556,saikyuun-,7608823625935867143,https://www.tiktok.com/@saikyuun_/video/7608823625935867143,@Yunan tatambay lang sa live para mang gulo 😭 #mlbbgoldenmonth #mlbbcreator #MLBB #mobilelegends #fyp,10400,754,14
datasets/tiktok/mlbb/mlbbdailyclips/7172832120069426434.mp4,True,0.880125880241394,4,1.0,1.0,0.6059402332361516,1.0,0.09050455729166666,mlbbdailyclips,7172832120069426434,https://www.tiktok.com/@mlbbdailyclips/video/7172832120069426434,BLCK International can't do proper practice and scrims because of the internet #ohmyv33nus #blacklistinternational #iesfbali #iesf2022 #mlbbsibol,39900,1497,40
datasets/tiktok/mlbb/nilunaa/7617363048365346056.mp4,True,0.879934549331665,4,1.0,1.0,0.551457725947522,1.0,0.10550455729166666,nilunaa,7617363048365346056,https://www.tiktok.com/@nilunaa/video/7617363048365346056,Minimal baca patch 😭  #MLBBMarcel #MLBBS40 #MLBBNEWHERO #MLBBGoldenMonth #MLBB,33800,324,8
datasets/tiktok/mlbb/nilunaa/7608547905066044679.mp4,True,0.8797430992126465,4,1.0,0.8078787878787879,0.7499514091350826,1.0,0.10884440104166668,nilunaa,7608547905066044679,https://www.tiktok.com/@nilunaa/video/7608547905066044679,New Emote Shh🔥  #MLBBGoldenMonth #MLBB #Mobilelegendsbangbang #MakeYourGoldenMoment #mobilelegends,30600,384,15
datasets/tiktok/mlbb/mlbbesports_official/7598938873124752647.mp4,True,0.8795671463012695,4,1.0,0.9551515151515151,0.6288265306122449,0.9075438596491228,0.11770833333333335,mlbb-esports,7598938873124752647,https://www.tiktok.com/@mlbbesports_official/video/7598938873124752647,Nino's Stolen Shifting Skies Secures Match Point!💨 #MLBBEsports #MLBBM7 #MobileLegendsBangBang #M7 #LetTheWorldSeeUs,2500000,26400,156
datasets/tiktok/mlbb/mlbbdailyclips/7168002567560105218.mp4,True,0.8795102834701538,4,1.0,0.8341414141414143,0.8333333333333334,0.856140350877193,0.10663736979166667,mlbbdailyclips,7168002567560105218,https://www.tiktok.com/@mlbbdailyclips/video/7168002567560105218,Malaysian Casters take on who's gonna win M4 #blacklistinternational #mplmy #mplmalaysia #ohmyv33nus #karltzy #kairi #rrqalberttt #rrqhoshi,362400,8385,437
datasets/tiktok/mlbb/saikyuun_/7618003655790300437.mp4,True,0.8794219493865967,4,1.0,0.8947474747474747,0.7700558794946551,0.9335087719298245,0.08968424479166667,saikyuun-,7618003655790300437,https://www.tiktok.com/@saikyuun_/video/7618003655790300437,Shoutout sa mga Fredrinn main #mlbbgoldenmonth #mlbbcreator #mlbb #mobilelegends #fypp,223300,6464,885
datasets/tiktok/mlbb/bonitoflakesmlbb/7493697554899668232.mp4,True,0.8792628049850464,4,1.0,0.8523232323232323,0.7259718172983479,1.0,0.10122938368055555,bonitoflakesmlbb,7493697554899668232,https://www.tiktok.com/@bonitoflakesmlbb/video/7493697554899668232,Dodge level 9999 #MobileLegendsBangBang #mlbb #selenahighlights #fyp  #selenazenith #mobilelegends,1214,19,2
datasets/tiktok/mlbb/saikyuun_/7420040286962715912.mp4,True,0.8788038492202759,4,1.0,1.0,0.5726676384839651,0.9985964912280701,0.09834635416666666,saikyuun-,7420040286962715912,https://www.tiktok.com/@saikyuun_/video/7420040286962715912,What is bro doing 🗿 #mlbb8th #mlbbcelebr8 #mlbbcr8torparty #MLBB #phjoinMLBBparty #mobilelegends_id #mlbb_indonesia,2500000,58100,224
datasets/tiktok/mlbb/mlbbesports_official/7640825744490319125.mp4,True,0.8784933686256409,4,1.0,0.7844444444444445,0.9166666666666667,0.8552631578947368,0.09743489583333334,mlbb-esports,7640825744490319125,https://www.tiktok.com/@mlbbesports_official/video/7640825744490319125,"The New Champion of Cambodia, PRO Esports 🥶  #MobileLegendsBangBang #MSCatEWC2026  #GoesToRiyadh",112200,5984,67
datasets/tiktok/mlbb/saikyuun_/7202551873801342234.mp4,True,0.8780235052108765,4,1.0,0.8931313131313131,0.7012269193391643,0.9515789473684211,0.10665690104166667,saikyuun-,7202551873801342234,https://www.tiktok.com/@saikyuun_/video/7202551873801342234,instant tatay si Arlott for todays video #ArlottDebut #ArlottGuide #arlottsfunnyclips #mcc_0217ph #fypシ,1100000,64600,698
datasets/tiktok/mlbb/mlbbdailyclips/7179879706441846018.mp4,True,0.8780105113983154,4,1.0,1.0,0.5798469387755103,1.0,0.09499023437500001,mlbbdailyclips,7179879706441846018,https://www.tiktok.com/@mlbbdailyclips/video/7179879706441846018,OhMyV33NUS reveals something what EVOS Analyst told him after the IESF Finals#ohmyv33nus #evosesports #rrqhoshi #evoslegends #blacklistinternational,1523,17,2
datasets/tiktok/mlbb/willdominateyougg/7609950957526404360.mp4,True,0.8778967261314392,4,1.0,0.8481818181818181,0.7264212827988339,1.0,0.10055772569444445,willdominateyougg,7609950957526404360,https://www.tiktok.com/@willdominateyougg/video/7609950957526404360,2 troll vs 5 immortal player #MLBB #mobilelegendsbangbang #fyp #mlbbmeme #francotiktok,33700,1214,16
datasets/tiktok/mlbb/willdominateyougg/7621447381380353300.mp4,True,0.8777394890785217,4,1.0,0.8803030303030304,0.6791666666666667,0.993859649122807,0.10494683159722223,willdominateyougg,7621447381380353300,https://www.tiktok.com/@willdominateyougg/video/7621447381380353300,best duo skin ever #MLBB #mobilelegendsbangbang #adventuretime #finnthehuman #fyp,32000,1352,25
datasets/tiktok/mlbb/saikyuun_/7431111458391379218.mp4,True,0.8776184916496277,4,1.0,0.8624242424242424,0.7534135082604471,0.9559649122807018,0.09728407118055557,saikyuun-,7431111458391379218,https://www.tiktok.com/@saikyuun_/video/7431111458391379218,I'm on a losestreak after reaching Mythical Glory 🙃 #MLBB #mlbb8th #mlbbcelebr8 #mlbbcr8torparty #mlbb_indonesia,12800,504,26
datasets/tiktok/mlbb/mobilelegends_id/7641139279573388565.mp4,True,0.8776142597198486,4,1.0,0.9033333333333333,0.7185860058309038,0.8764912280701754,0.11074869791666667,mobilelegends-id,7641139279573388565,https://www.tiktok.com/@mobilelegends_id/video/7641139279573388565,"APA YANG TERJADI?? Kemenangan sudah didepan mata, LENYAP dari genggaman tim @Rivaldi Fataah  #MLBBAllStar #MLBBAllStarShowdown #MLBBTideClash #PertarunganOmbak",39900,578,48
datasets/tiktok/mlbb/nilunaa/7637873442032864519.mp4,True,0.8773759603500366,4,1.0,0.8206060606060607,0.75,1.0,0.10175455729166666,nilunaa,7637873442032864519,https://www.tiktok.com/@nilunaa/video/7637873442032864519,Tide Siege Endless Mode - Thamuz 🔥 #MLBBALLSTAR #MLBBNewMode #MLBB #mobilelegends #nilunaa,49300,595,32
datasets/tiktok/mlbb/nilunaa/7635626161195879698.mp4,True,0.8772785067558289,4,1.0,1.0,0.5469387755102042,0.9545614035087719,0.11273003472222222,nilunaa,7635626161195879698,https://www.tiktok.com/@nilunaa/video/7635626161195879698,Valenz - Trust me 😂 #MPLMYS17 #MYTIMEMYERA #MLBB #mobilelegends #nilunaa,181900,6452,92
datasets/tiktok/mlbb/saikyuun_/7409284075803938056.mp4,True,0.8770568370819092,4,1.0,0.8769696969696971,0.7235058309037902,0.843859649122807,0.12344835069444446,saikyuun-,7409284075803938056,https://www.tiktok.com/@saikyuun_/video/7409284075803938056,Livestream core #MLBB #mobilelegends #phmcbacesleague #fyp #mlbbcreatorbase,129800,4939,93
datasets/tiktok/mlbb/cedxvi/7450460882607361298.mp4,True,0.8769240379333496,4,1.0,0.9242424242424242,0.6591775638826959,0.9601754385964912,0.1028396267361111,cedxvi,7450460882607361298,https://www.tiktok.com/@cedxvi/video/7450460882607361298,Not your ordinary Johnson😎 #MLBB #3Dview #CEDXVI #fyp #Johnson,665700,50900,388
datasets/tiktok/mlbb/bonitoflakesmlbb/7455140324982197512.mp4,True,0.8768096566200256,4,1.0,0.8561616161616161,0.7227283770651118,1.0,0.09768446180555555,bonitoflakesmlbb,7455140324982197512,https://www.tiktok.com/@bonitoflakesmlbb/video/7455140324982197512,Yuzhong best build. #fypシ゚viralシ #mlbb #mlbbhighlights #mlbbtiktok #MobileLegendsBangBang #yuzhong,1410,28,2
datasets/tiktok/mlbb/nilunaa/7632312101435985160.mp4,True,0.8766565322875977,4,1.0,0.7228282828282828,0.75,0.9810526315789473,0.13589518229166667,nilunaa,7632312101435985160,https://www.tiktok.com/@nilunaa/video/7632312101435985160,One and onleh  Sky Prince ☺️ #MPLMYS17 #MYTIMEMYERA #MLBB #mobilelegends #nilunaa,33500,2363,25
datasets/tiktok/mlbb/nilunaa/7644835405816139016.mp4,True,0.8765989542007446,4,1.0,0.7954545454545454,0.75,0.9635087719298245,0.11595811631944444,nilunaa,7644835405816139016,https://www.tiktok.com/@nilunaa/video/7644835405816139016,Kena pancing ke? #MLBBALLSTAR #MLBBRollingTides #MLBBKenaPancingKe #MLBB #mobilelegends,7400,105,7
datasets/tiktok/mlbb/mlbbdailyclips/7175346291063409922.mp4,True,0.8760156631469727,4,1.0,0.9724242424242424,0.5885204081632653,1.0,0.09839518229166666,mlbbdailyclips,7175346291063409922,https://www.tiktok.com/@mlbbdailyclips/video/7175346291063409922,Kelra drops the teams that he would like to join if he goes to Indonesia #kelra #smartomega #rrqhoshi #onicesports #evos #evoslegends #aurafire #mplid,288800,4207,56
datasets/tiktok/mlbb/mobilelegends_id/7644540361351662868.mp4,True,0.8758420944213867,4,1.0,0.9040404040404041,0.6700061274509804,0.8629824561403509,0.14760199652777778,mobilelegends-id,7644540361351662868,https://www.tiktok.com/@mobilelegends_id/video/7644540361351662868,"Evolusi Pascol yang sebenarnya, bikin ngakak!!! #AdaApaDenganWendy #WendyAllStarParty #MLBB #MLBBALLSTAR",39000,519,40
datasets/tiktok/mlbb/willdominateyougg/7639309831085608199.mp4,True,0.8756622076034546,4,1.0,0.8788888888888888,0.7484693877551021,0.9466666666666667,0.09289822048611111,willdominateyougg,7639309831085608199,https://www.tiktok.com/@willdominateyougg/video/7639309831085608199,#MLBBALLSTAR #MLBBDreadsea #MLBBSiren #MLBBTidalGoldRush #MLBB,52400,1466,23
datasets/tiktok/mlbb/mlbbdailyclips/7175106456037887233.mp4,True,0.8746072053909302,4,1.0,0.9259595959595959,0.719569970845481,0.9068421052631579,0.09326280381944445,mlbbdailyclips,7175106456037887233,https://www.tiktok.com/@mlbbdailyclips/video/7175106456037887233,KarlTzy trying to kiss Yawi #yawi #karltzy #yawiesports #echophilippines #echoph #echobackdoor,77800,880,0
datasets/tiktok/mlbb/cedxvi/7498312701714697490.mp4,True,0.8740590214729309,4,1.0,1.0,0.4980650161850455,1.0,0.11314887152777778,cedxvi,7498312701714697490,https://www.tiktok.com/@cedxvi/video/7498312701714697490,Absolute cinema! ✋😳🤚 #narutoshippuden #mlbb #cedxvi #fyp,1100000,46300,1167
datasets/tiktok/mlbb/mobilelegends_id/7644834501381672212.mp4,True,0.8739250898361206,4,1.0,0.7607070707070707,0.7708333333333334,0.9666666666666667,0.11661349826388889,mobilelegends-id,7644834501381672212,https://www.tiktok.com/@mobilelegends_id/video/7644834501381672212,Tim @IKHSAN LEMON harus rela melepaskan kekalahan yang sudah ada didepan mata.  #MLBB #MLBBAllStar #MLBBAllStarShowdown,157800,1687,105
datasets/tiktok/mlbb/mlbbttofficial/7638912121119722773.mp4,True,0.8738813400268555,4,1.0,0.824949494949495,0.7363945578231292,0.8712280701754387,0.1405023871527778,mlbb-official,7638912121119722773,https://www.tiktok.com/@mlbbttofficial/video/7638912121119722773,"Dawnlight Celebration has arrived. Banners flutter across the Land of Dawn as all Commanders gather on the avenue, enjoying the parade floats, playing MCGG together, and celebrating at the Go Go Club. Go Go Club's 1st anniversary is here! All MCGG Commanders have assembled! We look forward to seeing you on 05/13! Tap the video to see how the Commanders are celebrating MCGG's 1st anniversary! Season 6: Dawnlight Celebration is coming on 05/13! Layla's limited-edition MLBB skin ""Blue Specter"" is redesigned and free in MCGG! Don't miss out on the free anniversary Chessboard! More surprises and bonuses await! #MagicChessGoGo #MCGG #MCGGSeason6 #S6DawnlightCelebration #MCGG1ST #513MCGG1year",93600,6653,195
datasets/tiktok/mlbb/mobilelegends_id/7644869463451503892.mp4,True,0.8735541105270386,4,1.0,0.8664646464646465,0.75,0.8578947368421053,0.11171332465277778,mobilelegends-id,7644869463451503892,https://www.tiktok.com/@mobilelegends_id/video/7644869463451503892,KELAS!! @ade menunjukan kualitasnya sebagai analis papan atas dengan melakukan EPIC COMBACK di Final Match Tide Clash Livestream: Battle For Fortune.  #MLBB #MLBBAllStar #MLBBAllStarShowdown,162700,1578,73
datasets/tiktok/mlbb/nilunaa/7603000242677599496.mp4,True,0.872621476650238,4,1.0,1.0,0.6664723032069971,0.8303508771929824,0.09838433159722224,nilunaa,7603000242677599496,https://www.tiktok.com/@nilunaa/video/7603000242677599496,Skin bucin 2026 😂 #MLBBValentines #MLBB #mobilelegends #nilunaa,9219,159,5
datasets/tiktok/mlbb/nilunaa/7643357991114263815.mp4,True,0.8719423413276672,4,1.0,0.7824242424242425,0.7493075801749272,0.9056140350877193,0.12584418402777778,nilunaa,7643357991114263815,https://www.tiktok.com/@nilunaa/video/7643357991114263815,Emote Elizabeth tan - kena pancing ke? #MLBBALLSTAR #MLBB #MLBBTidalFishing #nilunaa,9631,154,6
datasets/tiktok/mlbb/bonitoflakesmlbb/7445191413823769863.mp4,True,0.8715294003486633,4,1.0,0.866969696969697,0.6370262390670554,1.0,0.11131184895833333,bonitoflakesmlbb,7445191413823769863,https://www.tiktok.com/@bonitoflakesmlbb/video/7445191413823769863,Map hack?  #mlbbtiktok #mlbb  #MobileLegendsBangBang #fypシ゚viralシ #mlbbhighlights,461,18,0
datasets/tiktok/mlbb/mlbbdailyclips/7435903726440811796.mp4,True,0.8711917996406555,4,1.0,0.756161616161616,0.8076044703595724,1.0,0.0972287326388889,mlbbdailyclips,7435903726440811796,https://www.tiktok.com/@mlbbdailyclips/video/7435903726440811796,AeronShikii going from 100 to Zero #mlbb #aeronshikii #tlid #mpl #mplindonesia#mplid #teamliquid#kelra#mplph#mplpihilippines#rrq#rrqhoshi#rrqkingdom#mobazane#ohmyveenus#balacklistinternational#yawi#kairi#rrqalberttt#srg#sekys#mplmalaysia#mplcambodia,3875,54,0
datasets/tiktok/mlbb/willdominateyougg/7627036040162774280.mp4,True,0.8709940910339355,4,1.0,0.8368686868686868,0.6557261029411765,1.0,0.11463324652777779,willdominateyougg,7627036040162774280,https://www.tiktok.com/@willdominateyougg/video/7627036040162774280,Itachi X Kisame🔥 #mlbb #itachi #kisame #willdominateyougg #fyp,171200,7949,117
datasets/tiktok/mlbb/nilunaa/7637139039644175634.mp4,True,0.8703962564468384,4,1.0,0.8948484848484849,0.6325072886297376,0.999298245614035,0.10262369791666666,nilunaa,7637139039644175634,https://www.tiktok.com/@nilunaa/video/7637139039644175634,Ez betul mode tide siege 😏 #MLBBALLSTAR #MLBBNewMode #MLBBCreator #MLBB #mobilelegends,1400000,54500,630
datasets/tiktok/mlbb/mobilelegendsmy/7642965254128798994.mp4,True,0.8701285123825073,4,1.0,0.8161616161616161,0.75,0.8845614035087719,0.12174696180555555,mobilelegendsmy,7642965254128798994,,,,,
datasets/tiktok/mlbb/mlbbdailyclips/7174354114069957890.mp4,True,0.8692730069160461,4,1.0,1.0,0.5717565597667639,1.0,0.08560546875,mlbbdailyclips,7174354114069957890,https://www.tiktok.com/@mlbbdailyclips/video/7174354114069957890,OhMyV33NUS thoughts on Indonesia's 1-0 advantage in the Grandfinals #ohmyv33nus #blacklistinternational #indopride #evosesports #evosroar #evosfams,85100,3073,88
datasets/tiktok/mlbb/bonitoflakesmlbb/7491477624586325266.mp4,True,0.8684496879577637,4,1.0,0.997070707070707,0.4595355642256903,0.9905263157894737,0.11877712673611111,bonitoflakesmlbb,7491477624586325266,https://www.tiktok.com/@bonitoflakesmlbb/video/7491477624586325266,Joy best build ⚡ #joymlbb #mlbbhighlights #mobilelegends #mlbb #fyp #mobilelegendsbangbang,744,11,0
datasets/tiktok/mlbb/mlbbtopcreation/7219187327950753025.mp4,True,0.8680435419082642,4,1.0,1.0,0.5607750242954325,0.9136842105263158,0.10563042534722222,mlbb-top-creation,7219187327950753025,https://www.tiktok.com/@mlbbtopcreation/video/7219187327950753025,paquito plays @suneogaming_ #mobilelegends #mgl #mlbbcreatorcamp,247900,12000,100
datasets/tiktok/mlbb/saikyuun_/7574340918212431111.mp4,True,0.8678263425827026,4,1.0,0.974949494949495,0.6884110787172013,0.8101754385964912,0.09770616319444445,saikyuun-,7574340918212431111,https://www.tiktok.com/@saikyuun_/video/7574340918212431111,wag nalang mag mm #MLBB #mobilelegends #phmcbacesleague #Yunan,134300,5064,58
datasets/tiktok/mlbb/bonitoflakesmlbb/7478888503393127698.mp4,True,0.8677646517753601,4,1.0,1.0,0.46384839650145776,1.0,0.11380859375,bonitoflakesmlbb,7478888503393127698,https://www.tiktok.com/@bonitoflakesmlbb/video/7478888503393127698,Killua Harith Savage ⚡ #harithtiktok #harithmlbb #mlbb #mobilelegends #mobilelegendsbangbang #fypシ゚viralシ #mlbbhighlights,187,8,0
datasets/tiktok/mlbb/nilunaa/7603343136940641554.mp4,True,0.8676548004150391,4,1.0,0.7448484848484849,0.7450437317784256,0.9803508771929824,0.117548828125,nilunaa,7603343136940641554,https://www.tiktok.com/@nilunaa/video/7603343136940641554,Bila enemy tak bagi review skin lancelot 😭  #MLBBValentines #MLBB #mobilelegends #MLBBLancelot #nilunaa,11000,160,17
datasets/tiktok/mlbb/bonitoflakesmlbb/7471079299726986514.mp4,True,0.8672655820846558,4,1.0,1.0,0.5311288131323958,0.9966666666666666,0.09498914930555556,bonitoflakesmlbb,7471079299726986514,https://www.tiktok.com/@bonitoflakesmlbb/video/7471079299726986514,Joy Fastest game Pt. 4 #MOBILELEGENDSBANGBANG #joymlbb #mlbbhighlights #mlbb #mobilelegends #fypシ゚viralシ,860,44,0
datasets/tiktok/mlbb/willdominateyougg/7622927775875337479.mp4,True,0.8669172525405884,4,1.0,0.8493939393939394,0.728935860058309,0.9492982456140351,0.09525173611111112,willdominateyougg,7622927775875337479,https://www.tiktok.com/@willdominateyougg/video/7622927775875337479,#MLBB #mobilelegendsbangbang #nanami #jjk,31000,781,15
datasets/tiktok/mlbb/nilunaa/7601818730020015378.mp4,True,0.8667814135551453,4,1.0,0.8627272727272727,0.6459183673469389,0.9835087719298246,0.10912109375,nilunaa,7601818730020015378,https://www.tiktok.com/@nilunaa/video/7601818730020015378,New Collection Skin Odette & Lancelot ✅ #MLBB #mobilelegends #mlbbnewskin #MLBBValentines #nilunaa,22300,445,51
datasets/tiktok/mlbb/mobilelegends_id/7641854380878122247.mp4,True,0.8665425181388855,4,1.0,0.9624242424242424,0.6735604956268221,0.8163157894736842,0.10331271701388889,mobilelegends-id,7641854380878122247,https://www.tiktok.com/@mobilelegends_id/video/7641854380878122247,Pharsa paling enak combo sama siapa nih? 👀🔥 #mobilelegends_id #serubarengmlbb #samasamamain #MobileLegendsBangBang  #MLBBGameplay,15800,251,35
datasets/tiktok/mlbb/saikyuun_/7605889390413483272.mp4,True,0.8664276003837585,4,1.0,0.9823232323232324,0.5177943454167381,1.0,0.10236545138888888,saikyuun-,7605889390413483272,https://www.tiktok.com/@saikyuun_/video/7605889390413483272,Pikit nalang po 😭 #mlbbgoldenmonth #mlbbcreator #MLBB #mobilelegends #fyp,175800,4962,52
datasets/tiktok/mlbb/willdominateyougg/7630673366319451410.mp4,True,0.8659855127334595,4,1.0,0.7853535353535354,0.7462099125364432,0.987719298245614,0.10100802951388888,willdominateyougg,7630673366319451410,https://www.tiktok.com/@willdominateyougg/video/7630673366319451410,#MLBBNewMode #MLBBFrozensea #MLBBFV #MLBB #MLBBS40,10300,161,9
datasets/tiktok/mlbb/cedxvi/7591866582486371592.mp4,True,0.8657687306404114,4,1.0,1.0,0.6267492711370262,0.7957894736842105,0.10746636284722222,cedxvi,7591866582486371592,https://www.tiktok.com/@cedxvi/video/7591866582486371592,Insane 14k Matches Edith!😳#MLBB #MLBBM7,729300,47500,171
datasets/tiktok/mlbb/saikyuun_/7615518968287071495.mp4,True,0.8655714988708496,4,1.0,1.0,0.5898994061910479,0.9321052631578948,0.08953125,saikyuun-,7615518968287071495,https://www.tiktok.com/@saikyuun_/video/7615518968287071495,Daming reasons #mlbbgoldenmonth #mlbbcreator #mobilelegends #mlbb #fypp,7460,397,9
datasets/tiktok/mlbb/nilunaa/7621503402781986055.mp4,True,0.8652361035346985,4,1.0,0.7886868686868687,0.8029336734693877,0.8929824561403509,0.10255208333333334,nilunaa,7621503402781986055,https://www.tiktok.com/@nilunaa/video/7621503402781986055,Buat profile ML guna Ai #MLBBS40 #MLBBMarcel #MLBBGoldenMonth #MLBB #mobilelegends,26000,636,33
datasets/tiktok/mlbb/nilunaa/7632590870155496712.mp4,True,0.864686906337738,4,1.0,0.8105050505050505,0.6807858455882353,0.9282456140350878,0.12513237847222222,nilunaa,7632590870155496712,https://www.tiktok.com/@nilunaa/video/7632590870155496712,Kekalahan SRG ke 2  #MPLMYS17 #MYTIMEMYERA #MLBB #mobilelegends #nilunaa,60300,1247,10
datasets/tiktok/mlbb/willdominateyougg/7632592923426589959.mp4,True,0.8646050691604614,4,1.0,0.9034343434343435,0.7159256559766765,0.8457894736842105,0.10042100694444445,willdominateyougg,7632592923426589959,https://www.tiktok.com/@willdominateyougg/video/7632592923426589959,#mlbb #gusion #kakashi #willdominateyougg #mlbbxnaruto,11100,254,4
datasets/tiktok/mlbb/mlbbdailyclips/7168731331466235137.mp4,True,0.864504337310791,4,1.0,0.7917171717171718,0.6927842565597668,1.0,0.10951063368055555,mlbbdailyclips,7168731331466235137,https://www.tiktok.com/@mlbbdailyclips/video/7168731331466235137,The KDA Machine turns the clock back in front of Oheb & Edward #hadji #hadjizy #blacklistinternational #oheb #blckedward #kdamachine,122300,4233,43
datasets/tiktok/mlbb/bonitoflakesmlbb/7456619736768449810.mp4,True,0.8644801378250122,4,1.0,0.7134343434343434,0.8125,0.9864912280701754,0.10284288194444445,bonitoflakesmlbb,7456619736768449810,https://www.tiktok.com/@bonitoflakesmlbb/video/7456619736768449810,Another Joy gameplay ⚡ #MobileLegendsBangBang #mlbbtiktok #mlbbhighlights #mlbb #fypシ゚viralシ #joymlbb,363,17,0
datasets/tiktok/mlbb/nilunaa/7601013696424381714.mp4,True,0.8642827272415161,4,1.0,0.7997979797979798,0.7354166666666667,0.9328070175438596,0.1085861545138889,nilunaa,7601013696424381714,https://www.tiktok.com/@nilunaa/video/7601013696424381714,Eudora Build & Skill 2026  #MLBB #mobilelegends #MLBBEudora #nilunaa,174900,4102,61
datasets/tiktok/mlbb/mlbbttofficial/7619299932364639505.mp4,True,0.8640426993370056,4,1.0,0.9887878787878788,0.6106535471331389,0.8998245614035087,0.0917632378472222,mlbb-official,7619299932364639505,https://www.tiktok.com/@mlbbttofficial/video/7619299932364639505,"The ultimate guide to the Flying Vehicle ""Flying Moon"" is here! 🌙 👇Compatible with all heroes! It looks absolutely stunning!! Invite your friends to log in and try it out! 🔥 #MLBBGoldenMonth #MLBBGoldenMonthEvent #MobileLegendsBangBang",2400000,15000,136
datasets/tiktok/mlbb/nilunaa/7638224044910742791.mp4,True,0.8638628125190735,4,1.0,0.8270707070707071,0.6876457725947522,0.9457894736842105,0.11137261284722222,nilunaa,7638224044910742791,https://www.tiktok.com/@nilunaa/video/7638224044910742791,Congrats SRG & W for uni 🔥 #MPLMYS17 #MYTIMEMYERA #MLBB #mobilelegends #nilunaa,20600,761,7
datasets/tiktok/mlbb/cedxvi/7063821357464751386.mp4,True,0.8637561202049255,4,1.0,0.9751515151515151,0.7035349854227405,0.7057894736842105,0.10941623263888889,cedxvi,7063821357464751386,https://www.tiktok.com/@cedxvi/video/7063821357464751386,☠️ #cedxvi,64300,5672,139
datasets/tiktok/mlbb/mlbbdailyclips/7180179959791488257.mp4,True,0.8633566498756409,4,1.0,0.7754545454545455,0.7308309037900875,1.0,0.10233615451388889,mlbbdailyclips,7180179959791488257,https://www.tiktok.com/@mlbbdailyclips/video/7180179959791488257,Yawi almost had his First LJ Khufra highlight in Indonesia Server #yawi #karltzy #indopride #khufra #echophilippines #hadji #blacklistinternational,74100,631,3
datasets/tiktok/mlbb/mobilelegends_id/7643799898017533204.mp4,True,0.8631764650344849,4,1.0,0.9045454545454545,0.671865889212828,0.868421052631579,0.12403537326388889,mobilelegends-id,7643799898017533204,https://www.tiktok.com/@mobilelegends_id/video/7643799898017533204,Aldi Taher kena PRANK! mau kirim burger malah kena introgasi #AdaApaDenganWendy #WendyAllStarParty #MLBB #MLBBALLSTAR,28600,619,51
datasets/tiktok/mlbb/mobilelegends_id/7637121997792611604.mp4,True,0.863050103187561,4,1.0,0.9673737373737374,0.75625,0.743859649122807,0.08829318576388889,mobilelegends-id,7637121997792611604,https://www.tiktok.com/@mobilelegends_id/video/7637121997792611604,"Obsidia tuh gak bisa asal maju 😵‍💫🔥 Timing skill sama positioning-nya harus dapet, soalnya sekali combo masuk… damage-nya nyicil terus 😈 Udah nyobain hero satu ini belum? 👇 #mobilelegends_id #serubarengmlbb #samasamamain #MobileLegendsBangBang #MLBBTips",1500000,2802,149
datasets/tiktok/mlbb/mobilelegends_id/7641927264254512405.mp4,True,0.8628204464912415,4,1.0,0.7745454545454545,0.7444241982507289,0.9140350877192982,0.11574652777777779,mobilelegends-id,7641927264254512405,https://www.tiktok.com/@mobilelegends_id/video/7641927264254512405,Moment seru @ade ketika berhasil mengalahkan @Oura di Tide Clash Livestream: Battle For Fortune Round 1 Match 2 #MLBB #MLBBAllStar #MLBBAllStarShowdown,50900,669,53
datasets/tiktok/mlbb/saikyuun_/7615514277369203976.mp4,True,0.8624763488769531,4,1.0,0.8742424242424243,0.9166666666666666,0.5952631578947367,0.10180772569444443,saikyuun-,7615514277369203976,https://www.tiktok.com/@saikyuun_/video/7615514277369203976,"Dalawang darksystem, nag tapat sa midlane#mlbbgoldenmonth #mlbbcreator #mlbb #mobilelegends #fypp",25600,722,11
datasets/tiktok/mlbb/saikyuun_/7417777452161797384.mp4,True,0.8622169494628906,4,1.0,0.8113131313131313,0.6024052478134111,1.0,0.12573133680555554,saikyuun-,7417777452161797384,https://www.tiktok.com/@saikyuun_/video/7417777452161797384,Ginawa ba namang roam si Suyou 😭 #MLBB #phmcbacesleague #mlbb8th #mlbbcelebr8 #mlbbcr8torparty #mlbbsuyou #mobilelegendsbangbang #phsuyou,30600,2132,38
datasets/tiktok/mlbb/bonitoflakesmlbb/7488877535665655058.mp4,True,0.8621249794960022,4,1.0,1.0,0.5466531746627222,0.8761403508771929,0.10853624131944445,bonitoflakesmlbb,7488877535665655058,https://www.tiktok.com/@bonitoflakesmlbb/video/7488877535665655058,Fast heeends?! 🤣 #lunoxmlbb #lunoxsavage #mlbb #mlbbhighlights #fyp  #mobilelegendsbangbang,786,79,0
datasets/tiktok/mlbb/bonitoflakesmlbb/7449977945122147591.mp4,True,0.8619194626808167,4,1.0,0.8508080808080808,0.7126214771622934,0.9573684210526315,0.09106336805555555,bonitoflakesmlbb,7449977945122147591,https://www.tiktok.com/@bonitoflakesmlbb/video/7449977945122147591,Let's try Lesly 🔫 #mlbbhighlights #mlbbtiktok #mlbb #fypシ゚viralシ #MobileLegendsBangBang,880,14,1
datasets/tiktok/mlbb/nilunaa/7630099078285659400.mp4,True,0.8616492748260498,4,1.0,0.6952525252525252,0.75,0.8996491228070176,0.1500835503472222,nilunaa,7630099078285659400,https://www.tiktok.com/@nilunaa/video/7630099078285659400,Draft SRG WEI  #MPLMYS17 #MYTIMEMYERA #MLBB #mobilelegends #nilunaa,542700,23800,97
datasets/tiktok/mlbb/willdominateyougg/7609924138525838600.mp4,True,0.8611282706260681,4,1.0,0.9172727272727272,0.6679300291545189,0.9222807017543859,0.08925564236111111,willdominateyougg,7609924138525838600,https://www.tiktok.com/@willdominateyougg/video/7609924138525838600,bradar daily routine #MLBB #mobilelegendsbangbang #letuzawaofficial #letuzawa #gusion,22700,1027,14
datasets/tiktok/mlbb/nilunaa/7628150800795176199.mp4,True,0.8609664440155029,4,1.0,0.9317171717171717,0.75,0.7047368421052631,0.10628038194444443,nilunaa,7628150800795176199,https://www.tiktok.com/@nilunaa/video/7628150800795176199,AllStar 2026 Map - Deep Sea  #MLBBALLSTAR #MLBB #mobilelegends #nilunaa,19600,374,28
datasets/tiktok/mlbb/mlbbdailyclips/7174728385774505217.mp4,True,0.8608483076095581,4,1.0,0.8234343434343434,0.6758746355685131,1.0,0.09960177951388889,mlbbdailyclips,7174728385774505217,https://www.tiktok.com/@mlbbdailyclips/video/7174728385774505217,M4 Group Draw Result | Falcon Esports same group with BLCK #blacklistinternational #rrqhoshi #onicesport #echophilippines #btkmobazane #todak #m4,17800,268,9
datasets/tiktok/mlbb/bonitoflakesmlbb/7443367813936467208.mp4,True,0.8602412343025208,4,1.0,0.9204040404040404,0.6641946064139942,0.9417543859649122,0.08415581597222223,bonitoflakesmlbb,7443367813936467208,https://www.tiktok.com/@bonitoflakesmlbb/video/7443367813936467208,Selena Mid Lane 🎯 #mlbbhighlights #MobileLegendsBangBang #fypシ゚viralシ  #MLBB,1009,29,1
datasets/tiktok/mlbb/saikyuun_/7428909107861605640.mp4,True,0.8600698709487915,4,1.0,1.0,0.5850036443148687,0.8519298245614035,0.10002929687499999,saikyuun-,7428909107861605640,https://www.tiktok.com/@saikyuun_/video/7428909107861605640,Apat te Apat te @Yunan #MLBB #mlbb8th #mlbbcelebr8 #mlbbcr8torparty #fyp #phjadeblossomkagura,21000,1568,51
datasets/tiktok/mlbb/mlbbtopcreation/7208094078083271938.mp4,True,0.8596972823143005,4,1.0,1.0,0.7385204081632653,0.7307017543859649,0.08143988715277778,mlbb-top-creation,7208094078083271938,https://www.tiktok.com/@mlbbtopcreation/video/7208094078083271938,TIGREAL VS ZILONG @wwwmoba #mobilelegends #mgl #mlbbcreatorcamp,3599,164,2
datasets/tiktok/mlbb/willdominateyougg/7630683199483563271.mp4,True,0.8595390319824219,4,1.0,0.7949494949494949,0.75,0.9424561403508772,0.09768988715277777,willdominateyougg,7630683199483563271,https://www.tiktok.com/@willdominateyougg/video/7630683199483563271,#MLBBNewMode #MLBBFrozensea #MLBBFV #MLBB #MLBBS40,16200,545,23
datasets/tiktok/mlbb/bonitoflakesmlbb/7471465707276897554.mp4,True,0.8594767451286316,4,1.0,0.9948484848484849,0.5416959864302864,0.9222807017543859,0.098505859375,bonitoflakesmlbb,7471465707276897554,https://www.tiktok.com/@bonitoflakesmlbb/video/7471465707276897554,Buffed Selena? Best build and emblem set. #selenamlbb #mobilelegends #mlbbhighlights #fypシ゚viralシ #mobilelegendsbangbang,439,17,0
datasets/tiktok/mlbb/nilunaa/7637773307219168530.mp4,True,0.8594284653663635,4,1.0,0.7412121212121212,0.739103498542274,0.998421052631579,0.10565321180555556,nilunaa,7637773307219168530,https://www.tiktok.com/@nilunaa/video/7637773307219168530,Counter next bos? #MLBBALLSTAR #MLBBNewMode #MLBBCreator #MLBB #mobilelegends,24600,367,15
datasets/tiktok/mlbb/nilunaa/7614797266683038984.mp4,True,0.8593188524246216,4,1.0,0.8479797979797981,0.6371001838235294,1.0,0.10085937499999999,nilunaa,7614797266683038984,https://www.tiktok.com/@nilunaa/video/7614797266683038984,"Anak moonton SKIN FANNY ""GALACTICSTARHAWK""  #MLBBNEWSKIN #MLBB #MLBBFanny #mobilelegends #MLBBGoldenMonth",16700,481,24
datasets/tiktok/mlbb/cedxvi/7466425778062806290.mp4,True,0.8592411279678345,4,1.0,0.9827272727272727,0.6118986880466473,0.8054385964912281,0.10625976562499999,cedxvi,7466425778062806290,https://www.tiktok.com/@cedxvi/video/7466425778062806290,We're 7 Levels behind.💀#MLBBShiningPH #MLBBSkinGifts #MobileLegendsBangBang #MLBB,25800,1073,16
datasets/tiktok/mlbb/saikyuun_/7606264818634378503.mp4,True,0.8586735725402832,4,1.0,0.9107070707070707,0.5976554907677356,0.9421052631578948,0.10361111111111111,saikyuun-,7606264818634378503,https://www.tiktok.com/@saikyuun_/video/7606264818634378503,Yunan kaseee 😡 #mlbbgoldenmonth #mlbbcreator #MLBB #mobilelegends #fyp @Yunan,302200,6810,66
datasets/tiktok/mlbb/bonitoflakesmlbb/7459952872533380360.mp4,True,0.8581482768058777,4,1.0,0.9521212121212121,0.5410020794031898,0.9168421052631579,0.11120551215277777,bonitoflakesmlbb,7459952872533380360,https://www.tiktok.com/@bonitoflakesmlbb/video/7459952872533380360,Quick game using Luo Yi ☯️ #MobileLegendsBangBang #mlbbhighlights #fypシ゚viralシ #mlbb #luoyi,231,6,0
datasets/tiktok/mlbb/nilunaa/7635214644126305543.mp4,True,0.8581435084342957,4,1.0,0.9195959595959595,0.6761783284742469,0.8415789473684211,0.09882161458333333,nilunaa,7635214644126305543,https://www.tiktok.com/@nilunaa/video/7635214644126305543,Starlight Jun apa ye?  #MLBBAllStar #MLBBStarlight #MLBB #mobilelegends #nilunaa,291300,6206,223
datasets/tiktok/mlbb/nilunaa/7643335696576417042.mp4,True,0.8580959439277649,4,1.0,0.8636363636363636,0.6482385811467444,0.9971929824561403,0.09186414930555555,nilunaa,7643335696576417042,https://www.tiktok.com/@nilunaa/video/7643335696576417042,Emote Kena pancing ke? #MLBBALLSTAR #MLBB #MLBBRollingTides #mlbbnewskin #nilunaa,8419,167,9
datasets/tiktok/mlbb/cedxvi/6918231009393741057.mp4,True,0.8579975366592407,4,1.0,0.791010101010101,0.7682701652089408,0.9191228070175439,0.09652343749999999,cedxvi,6918231009393741057,https://www.tiktok.com/@cedxvi/video/6918231009393741057,Boom!!💥#johnsontiktok #johnson #johnsonmlbb #cedxvi #johnsonntiktok #johnsonml,176600,21200,96
datasets/tiktok/mlbb/mobilelegends_id/7644092251089423636.mp4,True,0.8578401207923889,4,1.0,0.7925252525252525,0.7543610301263363,0.9478947368421052,0.09383355034722221,mobilelegends-id,7644092251089423636,https://www.tiktok.com/@mobilelegends_id/video/7644092251089423636,"Moment @Rivaldi Fataah behasil mengamankan posisi ke-3, setelah mendapatkan perlawanan yang kuat dari tim @Oura  #MLBB #MLBBAllStar #MLBBAllStarShowdown",47200,622,45
datasets/tiktok/mlbb/saikyuun_/7610754375144852744.mp4,True,0.8576303124427795,4,1.0,0.9227272727272727,0.7964650145772595,0.6538596491228069,0.10203776041666665,saikyuun-,7610754375144852744,https://www.tiktok.com/@saikyuun_/video/7610754375144852744,Nahahawaan ko na si @Yunan guys 😈 #mlbbgoldenmonth #mlbbcreator #MLBB #mobilelegends #fyp,142400,3950,38
datasets/tiktok/mlbb/bonitoflakesmlbb/7500005888682495239.mp4,True,0.8571364879608154,4,1.0,0.9076767676767676,0.5938250300120048,0.9710526315789474,0.09762369791666667,bonitoflakesmlbb,7500005888682495239,https://www.tiktok.com/@bonitoflakesmlbb/video/7500005888682495239,Intant Karma. #guineveretiktok #guinevere #mlbbhighlights #mlbb #fyp #mobilelegendsbangbang,703,34,2
datasets/tiktok/mlbb/mobilelegends_id/7637028155764624660.mp4,True,0.8565381765365601,4,1.0,0.9757575757575757,0.6271683673469388,0.8289473684210527,0.09569986979166667,mobilelegends-id,7637028155764624660,https://www.tiktok.com/@mobilelegends_id/video/7637028155764624660,"Satu bikin sustain tembak terus jalan, satu lagi sekali hit langsung bikin kaget 😈 Tinggal pilih: mau konsisten sakit… atau burst sekali hilang? Tim Endless atau tim Heptaseas? 👇 #mobilelegends_id #serubarengmlbb #samasamamain #MobileLegendsBangBang #MLBBGameplay",27700,528,35
datasets/tiktok/mlbb/mobilelegendsmy/7642309899074014485.mp4,True,0.8560938239097595,4,1.0,0.6997979797979799,0.800072886297376,0.8264912280701754,0.1359884982638889,mobilelegendsmy,7642309899074014485,,,,,
datasets/tiktok/mlbb/mlbbdailyclips/7442605722166218004.mp4,True,0.8560330271720886,4,1.0,0.9405050505050505,0.5148080660835763,1.0,0.10222222222222221,mlbbdailyclips,7442605722166218004,https://www.tiktok.com/@mlbbdailyclips/video/7442605722166218004,VeeWise cheering for MOBAZANE FREDRINN!  #ohmyv33nus#ohmyveenus#mobazane#teamliquid #mplph #rrq #mplpihilippines #kelra #rrqhoshi #rrqkingdom #mobazane #ohmyveenus #balacklistinternational #yawi #kairi #rrqalberttt #srg #sekys #mplmalaysia #mplcambodia #mlbb #aeronshikii #tlid,7140,84,2
datasets/tiktok/mlbb/cedxvi/7408142595836103943.mp4,True,0.8559157848358154,4,1.0,0.9328282828282828,0.6351068999028182,0.8891228070175439,0.09351345486111112,cedxvi,7408142595836103943,https://www.tiktok.com/@cedxvi/video/7408142595836103943,Bro got cooked💀 #mlbb,46200,2433,52
datasets/tiktok/mlbb/willdominateyougg/7632597434085985554.mp4,True,0.8555305600166321,4,1.0,0.9858585858585859,0.6470116618075802,0.7594736842105263,0.09995442708333334,willdominateyougg,7632597434085985554,https://www.tiktok.com/@willdominateyougg/video/7632597434085985554,#MLBB #fyp #gusion,72400,2469,15
datasets/tiktok/mlbb/saikyuun_/7609968434847272199.mp4,True,0.8553006649017334,4,1.0,0.8775757575757576,0.6701300207583033,0.9191228070175439,0.09374457465277777,saikyuun-,7609968434847272199,https://www.tiktok.com/@saikyuun_/video/7609968434847272199,"Imbes na paganun, naging ganun #mlbbgoldenmonth #mlbbcreator #MLBB #mobilelegends #fyp",10600,436,12
datasets/tiktok/mlbb/mobilelegendsmy/7644016737305873680.mp4,True,0.8552099466323853,4,1.0,0.7457575757575758,0.7090014577259475,1.0,0.10673285590277778,mobilelegendsmy,7644016737305873680,,,,,
datasets/tiktok/mlbb/nilunaa/7621887536012561672.mp4,True,0.8551888465881348,4,1.0,0.8057575757575758,0.7170675413022352,0.9792982456140351,0.09021701388888889,nilunaa,7621887536012561672,https://www.tiktok.com/@nilunaa/video/7621887536012561672,Minato atau itachi?  #MLBBxNaruto #MLBB #mobilelegends #nilunaa,223400,6965,235
datasets/tiktok/mlbb/mobilelegends_id/7642921540614409479.mp4,True,0.8551485538482666,4,1.0,1.0,0.505772264262848,1.0,0.08524848090277778,mobilelegends-id,7642921540614409479,https://www.tiktok.com/@mobilelegends_id/video/7642921540614409479,HBD Emann🥳🎉 #WeOwnThis #MPLIDS17 #WellPlayed #GameplayS17 #MingguBerdarah DEWA BTR EMANN,265000,4167,104
datasets/tiktok/mlbb/nilunaa/7622240743343672594.mp4,True,0.8550462126731873,4,1.0,0.8790909090909091,0.6161807580174927,0.8880701754385965,0.11442057291666666,nilunaa,7622240743343672594,https://www.tiktok.com/@nilunaa/video/7622240743343672594,Genjutsu Training completed ✅ #MLBBxNaruto #MLBB #mobilelegends #nilunaa,489000,16500,161
datasets/tiktok/mlbb/mobilelegends_id/7636289451529997588.mp4,True,0.8546010851860046,4,1.0,0.9204040404040404,0.75,0.7254385964912281,0.09702690972222222,mobilelegends-id,7636289451529997588,https://www.tiktok.com/@mobilelegends_id/video/7636289451529997588,Tarik… tarik… TARIK! 🧊🔥 Siapa paling jago narik di tim lo? 👇 #mobilelegends_id #serubarengmlbb #samasamamain #MobileLegendsBangBang #MLBBNewMode,52100,726,64
datasets/tiktok/mlbb/nilunaa/7605121963710811410.mp4,True,0.8543701767921448,4,1.0,1.0,0.6407798833819243,0.7649122807017543,0.09467990451388889,nilunaa,7605121963710811410,https://www.tiktok.com/@nilunaa/video/7605121963710811410,Lunar Fest 10/10 🔥  #MLBBxKOF #MLBBKOFSkinFreeTrial #MLBBxOPPO #MLBBNewSkin #MLBB,8025,139,5
datasets/tiktok/mlbb/nilunaa/7618954212663201045.mp4,True,0.8542339205741882,4,1.0,0.8217171717171717,0.7415087463556851,0.8061403508771929,0.11273980034722222,nilunaa,7618954212663201045,https://www.tiktok.com/@nilunaa/video/7618954212663201045,Sayang its ok 😝 #MLBBGoldenMonth #MLBB #Mobilelegendsbangbang #MakeYourGoldenMoment #mobilelegends,7448,97,9
datasets/tiktok/mlbb/willdominateyougg/7601014719528406290.mp4,True,0.8540740013122559,4,1.0,0.8641414141414141,0.6403228702195165,0.9735087719298245,0.0934255642361111,willdominateyougg,7601014719528406290,https://www.tiktok.com/@willdominateyougg/video/7601014719528406290,what granger mains deserve #MLBB #mobilelegendsbangbang #letuzawaofficial #letuzawa #gusion,130100,1915,26
datasets/tiktok/mlbb/bonitoflakesmlbb/7464426559563107592.mp4,True,0.8529318571090698,4,1.0,1.0,0.5116819852941176,0.9949122807017544,0.08168294270833333,bonitoflakesmlbb,7464426559563107592,https://www.tiktok.com/@bonitoflakesmlbb/video/7464426559563107592,Luo Yi countering Freya ☯️ #MOBILELEGENDSBANGBANG #mobilelegends #fypシ゚viralシ #mlbb #luoyi,327,8,2
datasets/tiktok/mlbb/shrxking_fear/7638991798668463378.mp4,True,0.852931022644043,4,1.0,0.7638383838383838,0.6875,0.9240350877192982,0.1968337673611111,shrxking-fear,7638991798668463378,https://www.tiktok.com/@shrxking_fear/video/7638991798668463378,the vid is from Mr zofy but I edited the text #myedit #goviral,6857,265,43
datasets/tiktok/mlbb/willdominateyougg/7610301963854515463.mp4,True,0.8528972268104553,4,1.0,0.8,0.7324344023323615,0.9475438596491228,0.09115234375,willdominateyougg,7610301963854515463,https://www.tiktok.com/@willdominateyougg/video/7610301963854515463,#MLBB #mobilelegendsbangbang #willdominateyougg #fyp,25100,406,11
datasets/tiktok/mlbb/cedxvi/7516511114662857992.mp4,True,0.8527774810791016,4,1.0,0.8018181818181819,0.6348760932944606,0.9656140350877193,0.11403862847222222,cedxvi,7516511114662857992,https://www.tiktok.com/@cedxvi/video/7516511114662857992,If only he knew..🤷 #cedxvi #topglobaljohnson #mlbb,141100,8984,125
datasets/tiktok/mlbb/saikyuun_/7453372722576379144.mp4,True,0.8527497053146362,4,1.0,0.9108080808080808,0.6318513119533528,0.8768421052631579,0.09950737847222223,saikyuun-,7453372722576379144,https://www.tiktok.com/@saikyuun_/video/7453372722576379144,"Same vibes, different country 🇲🇾🇵🇭 #MLBBM6 #GreaterThanEver #pinaspinakamalakas #mobilelegends #MLBB #mlbbmalaysia",33800,1729,35
datasets/tiktok/mlbb/mobilelegends_id/7642630315936140551.mp4,True,0.851925790309906,4,1.0,0.7045454545454546,0.7632531584062197,0.83,0.13872721354166667,mobilelegends-id,7642630315936140551,https://www.tiktok.com/@mobilelegends_id/video/7642630315936140551,"Tantangan screenshot dimulai! Bisakah kamu mengambil screenshot karakter yang sama? Skin eksklusif ALLSTAR terbaru telah hadir dan bisa didapatkan melalui berbagai cara untuk waktu terbatas! Di antaranya, Yu Zhong ""Tidescale Sealord"" dan Painted Skin Yu Zhong ""Fathomless Sealord"" yang bisa didapatkan secara GRATIS di event ""Perburuan Harta Ombak""! Menyelam Bersama, Kumpulkan Harta! #MLBBAllstar #MobileLegendsBangBang #MLBBNewSkin",713400,12900,7161
datasets/tiktok/mlbb/mobilelegends_id/7640071785513241876.mp4,True,0.8506186008453369,4,1.0,0.7941414141414141,0.875,0.7301754385964913,0.09463324652777777,mobilelegends-id,7640071785513241876,https://www.tiktok.com/@mobilelegends_id/video/7640071785513241876,"Yang kemarin nanya CARA DAPAT BORDER ALLSTAR MERAPAT! 🌊 Tonton sampe habis biar kamu tau gimana cara ikutan eventnya biar dapetin Border ALLSTAR 2025 & Battle Emote Eksklusif Jess & Sisca Kohl! 🤩✨Cus kerjain misinya, kumpulin poinnya, dan tukerin hadiahnya 🥳 Jangan sampe ketinggalan ya! 💙 #SiapaMencelakaiWendy #AdaApaDenganWendy #WendyAllStarParty #MLBB #MLBBALLSTAR event terbaru Mobile Legends border emote gratis 2026 allstar",4800000,10100,545
datasets/tiktok/mlbb/cedxvi/7450405345949650183.mp4,True,0.8502566814422607,4,1.0,0.7528282828282828,0.75,0.9240350877192982,0.10206922743055556,cedxvi,7450405345949650183,https://www.tiktok.com/@cedxvi/video/7450405345949650183,This is skin is 100x smoother compared to all johnson skin!🫣 #MLBB #johnsonlegendskin #fyp,7500000,347800,6503
datasets/tiktok/mlbb/willdominateyougg/7563584138549218568.mp4,True,0.8491024374961853,4,1.0,0.7458585858585859,0.69375,1.0,0.10282877604166667,willdominateyougg,7563584138549218568,https://www.tiktok.com/@willdominateyougg/video/7563584138549218568,#MLBB #argus #aizensosuke #kagura #emuotori,122400,14100,101
datasets/tiktok/mlbb/mobilelegends_id/7638181014904524053.mp4,True,0.8490215539932251,4,1.0,0.892020202020202,0.7764212827988338,0.6785964912280702,0.10055013020833334,mobilelegends-id,7638181014904524053,https://www.tiktok.com/@mobilelegends_id/video/7638181014904524053,"Masih bawa kapak yang sama, tapi sekarang masuk backline makin gampang. Udah coba revamp Aulus belum? 👇 #mobilelegends_id #serubarengmlbb #samasamamain #MobileLegendsBangBang #MLBBAulus",1100000,2287,114
datasets/tiktok/mlbb/nilunaa/7643047957155253512.mp4,True,0.8490163087844849,4,1.0,0.8374747474747475,0.6579810495626822,0.9514035087719298,0.09449001736111111,nilunaa,7643047957155253512,https://www.tiktok.com/@nilunaa/video/7643047957155253512,Emote baru Lizzy - Kena pancing ke? #MLBBALLSTAR #MLBB #MLBBTidalFishing #MLBBNewSkin #nilunaa,42200,717,23
datasets/tiktok/mlbb/mobilelegends_id/7641519373542346002.mp4,True,0.8489547371864319,4,1.0,0.6983838383838383,0.708527696793003,1.0,0.11311631944444445,mobilelegends-id,7641519373542346002,https://www.tiktok.com/@mobilelegends_id/video/7641519373542346002,"RAHASIA GORD OVERPOWER DI TIDE SIEGE! 🏄‍♂️✨ Selamat tinggal Mana habis! Main Gord di mode Tide Siege ini berasa beda banget kalau kalian pakai combo Unlimited Mana plus Critical. Nggak perlu pusing mikirin cooldown atau timing, tinggal arahin lasernya, monster rata deh~  *tapi tetep kalo lawan final boss ga mempan sih 😂 MGL Creator: @_ramzgg  #mgl #mglid #mglmlbb #mglcontent",2100000,14100,136
datasets/tiktok/mlbb/bonitoflakesmlbb/7487035690799140104.mp4,True,0.8488065600395203,4,1.0,0.8781818181818182,0.6875,0.8396491228070175,0.09635416666666667,bonitoflakesmlbb,7487035690799140104,https://www.tiktok.com/@bonitoflakesmlbb/video/7487035690799140104,Damot mo naman Hilda! #selenaMLBB #selenamontage #selenahighlights #mlbb #fyp  #mobilelegendsbangbang,3659,472,14
datasets/tiktok/mlbb/mlbbdailyclips/7173277303227665666.mp4,True,0.8485984206199646,4,1.0,0.761010101010101,0.7,0.9515789473684211,0.10568250868055556,mlbbdailyclips,7173277303227665666,https://www.tiktok.com/@mlbbdailyclips/video/7173277303227665666,Saykots sneaky Yu Zhong flank to Oheb & Hadji #blacklistinternational #evoslegends #iesf2022 #oheb #hadji #ohmyv33nus #evosroar #evos,6083,40,2
datasets/tiktok/mlbb/mlbbttofficial/7624832975062142229.mp4,True,0.8485172986984253,4,1.0,0.792020202020202,0.7662050534499515,0.7392982456140351,0.12291341145833334,mlbb-official,7624832975062142229,https://www.tiktok.com/@mlbbttofficial/video/7624832975062142229,"The Paxley ""group photo"" #MLBBMARCEL #MLBBNEWHERO #MobileLegendsBangBang #GOSTARGO",165400,17100,185
datasets/tiktok/mlbb/cedxvi/7013194371243740442.mp4,True,0.8478602766990662,4,1.0,0.83,0.7795553935860058,0.7559649122807017,0.10508246527777779,cedxvi,7013194371243740442,https://www.tiktok.com/@cedxvi/video/7013194371243740442,wut da dog doin. #cedxvi,127900,17400,181
datasets/tiktok/mlbb/willdominateyougg/7639633627248119058.mp4,True,0.8475992679595947,4,1.0,0.8641414141414142,0.7691569484936832,0.7,0.10608289930555556,willdominateyougg,7639633627248119058,https://www.tiktok.com/@willdominateyougg/video/7639633627248119058,#MLBBALLSTAR #MLBBDreadsea #MLBBSiren #MLBBTidalGoldRush #MLBB,11600,456,15
datasets/tiktok/mlbb/cedxvi/7387418531958148370.mp4,True,0.8472653031349182,4,1.0,0.8745454545454545,0.59533527696793,0.9824561403508771,0.09190212673611112,cedxvi,7387418531958148370,https://www.tiktok.com/@cedxvi/video/7387418531958148370,Don't celebrate too early... 🗿#mlbb,1100000,103200,669
datasets/tiktok/mlbb/bonitoflakesmlbb/7447773745894247698.mp4,True,0.8470972180366516,4,1.0,0.8405050505050505,0.6125,0.9328070175438596,0.10755099826388889,bonitoflakesmlbb,7447773745894247698,https://www.tiktok.com/@bonitoflakesmlbb/video/7447773745894247698,Joy 3 vs 1 tower dive! #mlbbtiktok #mlbbhighlights #MobileLegendsBangBang #fypシ゚viralシ #mlbb #joymlbb,1057,43,2
datasets/tiktok/mlbb/nilunaa/7632925748415827218.mp4,True,0.8467958569526672,4,1.0,0.9866666666666667,0.4989088939147087,1.0,0.08013997395833333,nilunaa,7632925748415827218,https://www.tiktok.com/@nilunaa/video/7632925748415827218,Moment terindah untuk rakyat Malaysia ❤️ #MPLMYS17 #MYTIMEMYERA #MLBB #mobilelegends #nilunaa,839900,26500,95
datasets/tiktok/mlbb/mlbbdailyclips/7175700835614149890.mp4,True,0.8459371328353882,4,1.0,1.0,0.4849854227405248,1.0,0.07878689236111111,mlbbdailyclips,7175700835614149890,https://www.tiktok.com/@mlbbdailyclips/video/7175700835614149890,BLCK Coach Bon Chan giving his huge respect to Cambodia for coming to IESF #blacklistinternational #iesf2022 #cambodia #ohmyv33nus,32600,1030,1
datasets/tiktok/mlbb/cedxvi/7485388732946861319.mp4,True,0.8458020687103271,4,1.0,0.9480808080808081,0.49408368258017493,0.9398245614035088,0.10440646701388889,cedxvi,7485388732946861319,https://www.tiktok.com/@cedxvi/video/7485388732946861319,5 man S-Tier skin😱#mlbbkalea #MLBB #MLBBGetItFree #MLBBGoldenMonth #Cedxvi,665600,57200,359
datasets/tiktok/mlbb/mobilelegendsmy/7641915577560288530.mp4,True,0.8446649312973022,4,1.0,0.8590909090909091,0.7791666666666667,0.6866666666666666,0.10245768229166666,mobilelegendsmy,7641915577560288530,,,,,
datasets/tiktok/mlbb/nilunaa/7632984978988518664.mp4,True,0.8444617986679077,4,1.0,0.8909090909090909,0.49607628765792033,1.0,0.107314453125,nilunaa,7632984978988518664,https://www.tiktok.com/@nilunaa/video/7632984978988518664,Sikit lagi 😭 #MPLMYS17 #MYTIMEMYERA #MLBB #mobilelegends #nilunaa,1100000,50200,361
datasets/tiktok/mlbb/nilunaa/7643448324619521298.mp4,True,0.8443193435668945,4,1.0,0.8341414141414141,0.7501056985294118,0.7971929824561403,0.09512369791666667,nilunaa,7643448324619521298,https://www.tiktok.com/@nilunaa/video/7643448324619521298,Dejavu Recall V 🔥 #MPLMYS17 #MLBB #MYTIMEMYERA #mobilelegends #nilunaa,18000,499,4
datasets/tiktok/mlbb/saikyuun_/7445210864967306504.mp4,True,0.8442883491516113,4,1.0,0.8819191919191918,0.6717201166180758,0.8194736842105264,0.09773980034722221,saikyuun-,7445210864967306504,https://www.tiktok.com/@saikyuun_/video/7445210864967306504,Argus on top? 🤔 #MLBB #mobilelegends #mlbbm6torchrelay #m6laysiaboleh #mcggsoftlaunch #mcggmalaysia #mlbbcreatorbase #pinaspinakamalakas @Yunan,762400,13900,159
datasets/tiktok/mlbb/bonitoflakesmlbb/7467740970340158738.mp4,True,0.8442121148109436,4,1.0,0.9984848484848485,0.49969422590464757,0.9003508771929825,0.09329644097222221,bonitoflakesmlbb,7467740970340158738,https://www.tiktok.com/@bonitoflakesmlbb/video/7467740970340158738,"Granger Gold Lane.  MVP Gameplay, Build, and Emblet set 🏆 #granger #mlbbhighlights #MOBILELEGENDSBANGBANG #mlbb #mobilelegends #fypシ゚viralシ",943,33,3
datasets/tiktok/mlbb/mlbbclips/7117350325601750278.mp4,True,0.844000518321991,4,1.0,0.9393939393939394,0.515427599611273,1.0,0.08634765624999999,mlbbclips,7117350325601750278,https://www.tiktok.com/@mlbbclips/video/7117350325601750278,Angela got tired of playing support (Credit to sojukirin) #mlbb #mobilelegends #lol,572,18,0
datasets/tiktok/mlbb/nilunaa/7624105135991557383.mp4,True,0.8437168598175049,4,1.0,0.853939393939394,0.5966472303206997,0.9924561403508771,0.09109700520833333,nilunaa,7624105135991557383,https://www.tiktok.com/@nilunaa/video/7624105135991557383,Flying Raijin Jutsu by minato  #MLBB #mobilelegends #MLBBxNaruto #nilunaa,9011,162,4
datasets/tiktok/mlbb/cedxvi/7384425298214948101.mp4,True,0.8432416319847107,4,1.0,0.9068686868686868,0.6669096209912537,0.8371929824561403,0.08636827256944445,cedxvi,7384425298214948101,https://www.tiktok.com/@cedxvi/video/7384425298214948101,Good boy daw ako sabi ni moonton. #mlbb,56400,2533,69
datasets/tiktok/mlbb/mlbbesports_official/7640807266022690069.mp4,True,0.8425920009613037,4,1.0,0.8783838383838384,0.4560049064268564,1.0,0.11989908854166667,mlbb-esports,7640807266022690069,https://www.tiktok.com/@mlbbesports_official/video/7640807266022690069,Total Deffense by AURORA GAMING 🥶  #MSCatEWC2026 #MLBBEsports #MLBB #MobileLegendsBangBang #MPLHighlight,188400,4287,35
datasets/tiktok/mlbb/willdominateyougg/7627782121632828679.mp4,True,0.8424742221832275,4,1.0,0.7179797979797979,0.6604956268221575,1.0,0.11188910590277779,willdominateyougg,7627782121632828679,https://www.tiktok.com/@willdominateyougg/video/7627782121632828679,#mlbb #mlbbxnaruto #akatsuki #willdominateyougg #fyp,282000,12300,208
datasets/tiktok/mlbb/mlbbttofficial/7616242658448526593.mp4,True,0.842433750629425,4,1.0,1.0,0.5131257235036872,0.9352631578947368,0.07952907986111112,mlbb-official,7616242658448526593,https://www.tiktok.com/@mlbbttofficial/video/7616242658448526593,"Mage players rejoice! That ""Long-range Turret"" Novaria everyone loves to hate is finally getting a buff! Check out the main changes here: 1️⃣ Skill 1: Previously, the 50% Slow Effect only applied on explosion. Now, stepping in triggers a Slow Effect that increases from 20% to 50%! Think enemies can dodge your Skill 2 now? They won't be able to move! 2️⃣ The damage of Skill 2 has been greatly increased: This is the highlight! With these buffs, Novaria is no longer just a vision tool—she's a true long-range powerhouse! Use her to rank up now! #MLBBS40 #DecisiveMoment #MLBBNewPatch #MobileLegendsBangBang",202700,16300,111
datasets/tiktok/mlbb/mlbbdailyclips/7179416419585510658.mp4,True,0.8423746824264526,4,1.0,0.8916161616161616,0.5292274052478134,1.0,0.0950314670138889,mlbbdailyclips,7179416419585510658,https://www.tiktok.com/@mlbbdailyclips/video/7179416419585510658,Yawi & KarlTzy can't stop laughing after they tricked Rubyy DD to say this #yawi #karltzy #rubydd #echo #echophilippines #falconesports #myanmar,30600,701,7
datasets/tiktok/mlbb/nilunaa/7637442735057964306.mp4,True,0.8421818614006042,4,1.0,0.7217171717171718,0.6841107871720117,1.0,0.10373589409722223,nilunaa,7637442735057964306,https://www.tiktok.com/@nilunaa/video/7637442735057964306,Pharsa bot 💀 #MLBBALLSTAR #MLBBNewMode #MLBB #MLBBCreator,23700,414,19
datasets/tiktok/mlbb/willdominateyougg/7630678246958353682.mp4,True,0.8420710563659668,4,1.0,0.8165656565656565,0.6249271137026239,0.9842105263157894,0.09418836805555555,willdominateyougg,7630678246958353682,https://www.tiktok.com/@willdominateyougg/video/7630678246958353682,Top Galaxy Franco Ultra Pro Max #MLBBNewMode #MLBBFrozensea #MLBBFV #MLBB #MLBBS40,8927,283,11
datasets/tiktok/mlbb/nilunaa/7618134729283341588.mp4,True,0.8419919013977051,4,1.0,0.6973737373737373,0.7013848396501458,1.0,0.10614366319444446,nilunaa,7618134729283341588,https://www.tiktok.com/@nilunaa/video/7618134729283341588,Emote Mira Filzah - Sayang Its Ok #MLBBGoldenMonth #MLBelanjaBaik #SayangItsOk #MLBBMarcel #MLBBS40,179000,1938,121
datasets/tiktok/mlbb/nilunaa/7631531503868054791.mp4,True,0.8415949940681458,4,1.0,1.0,0.741362973760933,0.4878947368421052,0.10636393229166667,nilunaa,7631531503868054791,https://www.tiktok.com/@nilunaa/video/7631531503868054791,Why do these two skins feel kinda the same? #MLBB #mobilelegends #MLBBNewSkin #nilunaa,12400,176,13
datasets/tiktok/mlbb/cedxvi/7464189601737919762.mp4,True,0.8415601849555969,4,1.0,0.9176767676767676,0.6001363670468188,0.8659649122807018,0.0935861545138889,cedxvi,7464189601737919762,https://www.tiktok.com/@cedxvi/video/7464189601737919762,Johnson x Argus Aura♾️ #Cedxvi #MLBBShiningPH #MLBBSkinGifts #MobileLegendsBangBang #MLBB #Johnsontiktok #Argus,5000000,349800,1843
datasets/tiktok/mlbb/nilunaa/7606638634116123922.mp4,True,0.8410756587982178,4,1.0,0.6577777777777778,0.7057580174927114,0.9885964912280701,0.11823459201388889,nilunaa,7606638634116123922,https://www.tiktok.com/@nilunaa/video/7606638634116123922,Yang maret jangan skip   #MLBBxKOF #MLBBKOFSkinFreeTrial #MLBBxOPPO #MLBBNewSkin #MLBB,14700,204,3
datasets/tiktok/mlbb/mlbbesports_official/7640759703445720340.mp4,True,0.8410469889640808,4,1.0,0.9503030303030303,0.5916077859715314,0.8335087719298245,0.09190538194444445,mlbb-esports,7640759703445720340,https://www.tiktok.com/@mlbbesports_official/video/7640759703445720340,4 enemies standing in the way. One Moskov refusing to fall. ⚡🔥 #MSCatEWC2026 #MLBBEsports #MLBB #MobileLegendsBangBang #MPLHighlight,109900,2869,21
datasets/tiktok/mlbb/mlbbttofficial/7642640163553791233.mp4,True,0.8408849239349365,4,1.0,0.6815151515151514,0.7426384839650146,0.8289473684210527,0.13707248263888888,mlbb-official,7642640163553791233,https://www.tiktok.com/@mlbbttofficial/video/7642640163553791233,"The screenshot challenge is here! Can you successfully screenshot the same character? The all-new ALLSTAR exclusive skins are here and can be obtained via various ways for a limited time! Among them, Yu Zhong ""Tidescale Sealord"" and its Painted Skin Yu Zhong ""Fathomless Sealord"" can be obtained for FREE in the ""Tidal Treasure Hunt"" event! Team Up, Dive for Fortune! #MLBBAllstar #MobileLegendsBangBang #MLBBNewSkin",294700,5383,2642
datasets/tiktok/mlbb/cedxvi/7403687435164503304.mp4,True,0.840843915939331,4,1.0,0.9571717171717171,0.5904883381924199,0.9159649122807018,0.07290147569444444,cedxvi,7403687435164503304,https://www.tiktok.com/@cedxvi/video/7403687435164503304,Tingin guys HAHaHAHa #mlbb,57600,1924,36
datasets/tiktok/mlbb/cedxvi/6997665568572624155.mp4,True,0.8407599329948425,4,1.0,0.7308080808080808,0.75,0.8914035087719299,0.10288953993055555,cedxvi,6997665568572624155,https://www.tiktok.com/@cedxvi/video/6997665568572624155,Bug ata ung recall ng kalaban guys. Pinauwi ko nlng sabay sabay. 😬 #mlbb #cedxvi,212900,27300,308
datasets/tiktok/mlbb/shrxking_fear/7629697442069384466.mp4,True,0.8406118154525757,4,1.0,0.8469696969696969,0.6364795918367347,0.9678947368421053,0.08299370659722222,shrxking-fear,7629697442069384466,https://www.tiktok.com/@shrxking_fear/video/7629697442069384466,can someone relate,238,8,5
datasets/tiktok/mlbb/nilunaa/7628536175682391304.mp4,True,0.8401542901992798,4,1.0,0.8123232323232323,0.6182306985294117,0.9110526315789473,0.1098361545138889,nilunaa,7628536175682391304,https://www.tiktok.com/@nilunaa/video/7628536175682391304,Yeay 😏  #MLBB #mobilelegends #MLBBNewSkin #MLBBFanny #nilunaa,5704,121,6
datasets/tiktok/mlbb/mlbbesports_official/7599322740239371528.mp4,True,0.8401027917861938,4,1.0,0.7627272727272727,0.789067055393586,0.777719298245614,0.10458658854166666,mlbb-esports,7599322740239371528,https://www.tiktok.com/@mlbbesports_official/video/7599322740239371528,That Trophy Lift 🤩 🏆 #MLBBEsports #MLBBM7 #MobileLegendsBangBang #M7 #LetTheWorldSeeUs,118600,6325,86
datasets/tiktok/mlbb/saikyuun_/7419185176942611719.mp4,True,0.8392438888549805,4,1.0,0.7765656565656566,0.5710155490767737,1.0,0.11459201388888889,saikyuun-,7419185176942611719,https://www.tiktok.com/@saikyuun_/video/7419185176942611719,"Kung kilala mo sila, baka malakas ka din (mang trip) #mlbb8th #mlbbcelebr8 #mlbbcr8torparty #MLBB #fyp",73200,8858,87
datasets/tiktok/mlbb/mlbbdailyclips/7175526493928295681.mp4,True,0.8391573429107666,4,1.0,0.7909090909090909,0.7,1.0,0.07394314236111112,mlbbdailyclips,7175526493928295681,https://www.tiktok.com/@mlbbdailyclips/video/7175526493928295681,Edward brief interview after his godly joy performance against Cambodia #blacklistinternational #blckedward #benedetta #joy,5679,112,0
datasets/tiktok/mlbb/saikyuun_/7267465032135445765.mp4,True,0.8377484679222107,4,1.0,0.5948484848484848,0.718768221574344,1.0,0.12719618055555557,saikyuun-,7267465032135445765,https://www.tiktok.com/@saikyuun_/video/7267465032135445765,Kagura slaying the trend what that xavier doin tho 👀😂 #beyondthecloudsph #itsmorefuninmlbb #kagura #mobilelegends #fyp,110900,7219,64
datasets/tiktok/mlbb/mlbbesports_official/7599311922860756232.mp4,True,0.8374649286270142,4,1.0,0.7435353535353535,0.75,0.6943859649122808,0.13914171006944442,mlbb-esports,7599311922860756232,https://www.tiktok.com/@mlbbesports_official/video/7599311922860756232,"Even Bro Cahyo’s shocked 😭 Congratulations, Light! 🏅 #MLBBEsports #MLBBM7 #MobileLegendsBangBang #M7 #LetTheWorldSeeUs",1000000,63200,487
datasets/tiktok/mlbb/mlbbcreator/7272696300204838149.mp4,True,0.8370969295501709,4,1.0,0.8840404040404041,0.6857871720116617,0.75,0.09782443576388888,mlbbcreator,7272696300204838149,https://www.tiktok.com/@mlbbcreator/video/7272696300204838149,MC vs Villains #weownthis #mplids12 #kisahheroalice #fiksi #mlbbwiki #kisahheromobilegend #idedmuhammad #fypidedmuhammad,10700,281,46
datasets/tiktok/mlbb/cedxvi/7415893996507106578.mp4,True,0.8367252945899963,4,1.0,1.0,0.7194241982507289,0.5217543859649122,0.09906141493055556,cedxvi,7415893996507106578,https://www.tiktok.com/@cedxvi/video/7415893996507106578,Which Johnson skin is the smoothest? 🧐 #mlbb #cedxvi,144700,5257,93
datasets/tiktok/mlbb/mlbbcreator/7321306973708799238.mp4,True,0.8365746736526489,4,1.0,0.8312121212121213,0.520954810495627,0.9819298245614034,0.11192925347222221,mlbbcreator,7321306973708799238,https://www.tiktok.com/@mlbbcreator/video/7321306973708799238,"Sun terlepas dari segelnya setelah Grock terbunuh, seolah-olah ada campur tangan dewa dari peristiwa ini di Land of Dawn  #CapCut",809400,45400,1352
datasets/tiktok/mlbb/saikyuun_/7603320497010412818.mp4,True,0.8364151120185852,4,1.0,1.0,0.4299562682215744,0.9740350877192983,0.08683051215277779,saikyuun-,7603320497010412818,https://www.tiktok.com/@saikyuun_/video/7603320497010412818,Instant karma 🥲 #MLBBM7 #MLBB #mobilelegends #fyp,27400,706,18
datasets/tiktok/mlbb/mlbbtopcreation/7217645068411227394.mp4,True,0.8362799882888794,4,1.0,0.9253535353535354,0.5580841622363232,0.8845614035087719,0.09213758680555555,mlbb-top-creation,7217645068411227394,https://www.tiktok.com/@mlbbtopcreation/video/7217645068411227394,sun plays @sunwukong_mlbb #mobilelegends #mgl #mllbbcreatorcamp,3021,209,5
datasets/tiktok/mlbb/nilunaa/7619681053891988757.mp4,True,0.8361541628837585,4,1.0,0.7112121212121212,0.6666180758017493,1.0,0.10383246527777777,nilunaa,7619681053891988757,https://www.tiktok.com/@nilunaa/video/7619681053891988757,Duit raya ❌ Skin Raya ✅ #MLBB #mobilelegends #MLBBS40 #MLBBGoldenMonth #nilunaa,62400,1546,383
datasets/tiktok/mlbb/mlbbdailyclips/7171362421490093314.mp4,True,0.8357130289077759,4,1.0,0.7490909090909091,0.75,0.7924561403508772,0.11084635416666666,mlbbdailyclips,7171362421490093314,https://www.tiktok.com/@mlbbdailyclips/video/7171362421490093314,Kairi vs BTR Kenn Lance and Fanny 1vs1 #kairi #onicesports #btr #btrkenn #lancelot #fanny #fannyvideo #lancelotfreestyle #fannymontage,994,19,0
datasets/tiktok/mlbb/saikyuun_/7442304043210312967.mp4,True,0.8355527520179749,4,1.0,0.8228282828282828,0.7127551020408163,0.7743859649122806,0.10206054687499999,saikyuun-,7442304043210312967,https://www.tiktok.com/@saikyuun_/video/7442304043210312967,Ah lambing 🤔 #MLBB #mobilelegends #mlbbm6torchrelay #m6laysiaboleh #phm6claude #mlbbcreatorbase @Yunan,14800,636,27
datasets/tiktok/mlbb/bonitoflakesmlbb/7465149298401905927.mp4,True,0.835293173789978,4,1.0,1.0,0.4782716970716858,0.9121052631578948,0.08452256944444445,bonitoflakesmlbb,7465149298401905927,https://www.tiktok.com/@bonitoflakesmlbb/video/7465149298401905927,Joy vs Annoying counters ⚡ Pt 2 #mlbbhighlights #joyml #mobilelegends #mlbb #MOBILELEGENDSBANGBANG #fypシ゚viralシ,689,15,1
datasets/tiktok/mlbb/bonitoflakesmlbb/7473681765287152914.mp4,True,0.8349732756614685,4,1.0,0.9980808080808081,0.4757197387883725,0.8796491228070176,0.09206597222222222,bonitoflakesmlbb,7473681765287152914,https://www.tiktok.com/@bonitoflakesmlbb/video/7473681765287152914,Joy diving towers Pt. 5 #mobilelegendsbangbang #joymlbb #mlbbhighlights #fypシ゚viralシ #mlbb #mobilelegends,741,33,0
datasets/tiktok/mlbb/willdominateyougg/7561364666090278162.mp4,True,0.8347921371459961,4,1.0,1.0,0.46151603498542276,0.852280701754386,0.100830078125,willdominateyougg,7561364666090278162,https://www.tiktok.com/@willdominateyougg/video/7561364666090278162,alucard & argus upcoming bleach skin🥶🥶 #MLBB #argus #alucard #aizensosuke #ichigokurosaki,1100000,94900,402
datasets/tiktok/mlbb/nilunaa/7604105826046889224.mp4,True,0.8341049551963806,4,1.0,0.7158585858585859,0.7708333333333334,0.8049122807017544,0.11054687499999999,nilunaa,7604105826046889224,https://www.tiktok.com/@nilunaa/video/7604105826046889224,Reality content creator 🥲  #MLBBNewSkin #MLBBHilda #MLBB #mobilelegends #nilunaa,8783,105,4
datasets/tiktok/mlbb/mobilelegends_id/7635920345043668245.mp4,True,0.8336504697799683,4,1.0,0.8427272727272728,0.5592128413865546,0.9164912280701755,0.10720811631944445,mobilelegends-id,7635920345043668245,https://www.tiktok.com/@mobilelegends_id/video/7635920345043668245,"Ini dia Kunci MVP untuk ke Playoffs, Pick Nanang, GILAK SANZ🥰🙈  #WeOwnThis #MPLIDS17 #WellPlayed #GameplayS17 #SANZ ONIC",417900,16500,249
datasets/tiktok/mlbb/bonitoflakesmlbb/7502229603235220744.mp4,True,0.8336307406425476,4,1.0,0.9317171717171717,0.483184997213171,0.9919298245614034,0.08557074652777778,bonitoflakesmlbb,7502229603235220744,https://www.tiktok.com/@bonitoflakesmlbb/video/7502229603235220744,Ang daming nangyayare 🤣 #MobileLegendsBangBang #mobilelegends #MLBB #fyp,1089,25,2
datasets/tiktok/mlbb/nilunaa/7604797882780208402.mp4,True,0.8333646655082703,4,1.0,0.8593939393939394,0.7196064139941691,0.7947368421052631,0.08178385416666667,nilunaa,7604797882780208402,https://www.tiktok.com/@nilunaa/video/7604797882780208402,Combo Hero Leomord 🔥 #MLBBxKOF #MLBBKOFSkinFreeTrial #MLBBxOPPO #MLBBNewSkin #nilunaa,151900,3573,29
datasets/tiktok/mlbb/mlbbttofficial/7606317011014110484.mp4,True,0.8332968950271606,4,1.0,0.7971717171717172,0.789759475218659,0.7205263157894736,0.09645290798611111,mlbb-official,7606317011014110484,https://www.tiktok.com/@mlbbttofficial/video/7606317011014110484,Step into Marcel's world of art and listen to the dialogue between two souls. #MobileLegendsBangBang #MLBBS40 #MLBBGoldenMonth #MLBBMARCEL #MLBBNEWHERO,177200,3956,126
datasets/tiktok/mlbb/mlbbesports_official/7598890152760560914.mp4,True,0.8332809209823608,4,1.0,0.841111111111111,0.5958211856171041,0.8301754385964912,0.11468641493055556,mlbb-esports,7598890152760560914,https://www.tiktok.com/@mlbbesports_official/video/7598890152760560914,"You can just feel their emotions 🥲 WHAT. A. GAME. Let the world see us! Mark your calendars for the M7! 📅 January 3rd - 25th, 2026 📍 Tenis Indoor Senayan – Knockout Stage & Grand Finals (Jan 21st–25th, 2026) 📍Stadium Madya - M7 Carnival (Jan 23rd-25th, 2026) 🎟 Get your tickets at id-mpl.com/m7 #MLBBEsports #MLBB #M7 #LetTheWorldSeeUs #MobileLegendsBangBang",5400000,192600,2247
datasets/tiktok/mlbb/nilunaa/7621812052629228808.mp4,True,0.8332346081733704,4,1.0,0.7832323232323233,0.6092810919010461,1.0,0.09381184895833333,nilunaa,7621812052629228808,https://www.tiktok.com/@nilunaa/video/7621812052629228808,TQ papi Moonton ❤️ #MLBBxNaruto #MLBB #mobilelegends #nilunaa,12100,328,14
datasets/tiktok/mlbb/bonitoflakesmlbb/7490386689827802386.mp4,True,0.8329245448112488,4,1.0,0.833939393939394,0.6007759845009433,0.9219298245614035,0.09619249131944445,bonitoflakesmlbb,7490386689827802386,https://www.tiktok.com/@bonitoflakesmlbb/video/7490386689827802386,Aggressive Selena 😍 #selenamlbb #selenamontage #selenatiktok #selenahighlights #mlbb #mobilelegends #fyp #mobilelegendsbangbang,366,10,0
datasets/tiktok/mlbb/nilunaa/7627441974986935559.mp4,True,0.8326471447944641,4,1.0,0.7878787878787878,0.7284256559766764,0.7456140350877192,0.11047092013888889,nilunaa,7627441974986935559,https://www.tiktok.com/@nilunaa/video/7627441974986935559,Penuh hanabi kat rank 😂 #MLBB #mobilelegends #MLBBNewSkin #MLBBMPL #nilunaa,139900,6436,45
datasets/tiktok/mlbb/shrxking_fear/7619660892224883986.mp4,True,0.8324708938598633,4,1.0,0.7708080808080808,0.75,0.7066666666666666,0.11745008680555556,shrxking-fear,7619660892224883986,https://www.tiktok.com/@shrxking_fear/video/7619660892224883986,🤣🤣🤣,522,16,3
datasets/tiktok/mlbb/willdominateyougg/7586208811573054727.mp4,True,0.8319509625434875,4,1.0,0.7831313131313131,0.6894679300291546,0.8549122807017544,0.0994704861111111,willdominateyougg,7586208811573054727,https://www.tiktok.com/@willdominateyougg/video/7586208811573054727,do ts this in ranked NOW #MLBBFriendFest #MLBBMeme #MLBB #letuzawa #fyp,118200,2349,34
datasets/tiktok/mlbb/mlbbesports_official/7598965829283122450.mp4,True,0.8318581581115723,4,1.0,0.6644444444444444,0.8682944606413994,0.7401754385964912,0.10939019097222223,mlbb-esports,7598965829283122450,https://www.tiktok.com/@mlbbesports_official/video/7598965829283122450,Back to back Top 3 Finishes for SRG. Come back stronger 😭 #MLBBEsports #MLBBM7 #MobileLegendsBangBang #M7 #LetTheWorldSeeUs,768900,73800,462
datasets/tiktok/mlbb/nilunaa/7618227727706885397.mp4,True,0.8318570256233215,4,1.0,0.703131313131313,0.75,0.8510526315789473,0.10782877604166667,nilunaa,7618227727706885397,https://www.tiktok.com/@nilunaa/video/7618227727706885397,Sayang its ok 10/10🔥 #MLBBGoldenMonth #MLBelanjaBaik #SayangItsOk #MLBBMarcel #MLBBS40,4100000,48000,355
datasets/tiktok/mlbb/mobilelegends_id/7644168546112572693.mp4,True,0.8318403959274292,4,1.0,0.6278787878787879,0.8042274052478134,0.8157894736842105,0.1233648003472222,mobilelegends-id,7644168546112572693,https://www.tiktok.com/@mobilelegends_id/video/7644168546112572693,@Oura masih harus megakui keunggulan tim @Rivaldi Fataah dan harus kembali mengalami kekalahan.  #MLBB #MLBBAllStar #MLBBAllStarShowdown,44000,410,19
datasets/tiktok/mlbb/saikyuun_/7419935679515315463.mp4,True,0.831696093082428,4,1.0,0.7737373737373738,0.7708333333333334,0.6982456140350878,0.11141059027777778,saikyuun-,7419935679515315463,https://www.tiktok.com/@saikyuun_/video/7419935679515315463,TLPH's toma toma recall 🔛🔝🗿 #mlbb8th #mlbbcelebr8 #mlbbcr8torparty #MLBB #phmarvelousmaestroakai,33500,3222,71
datasets/tiktok/mlbb/cedxvi/7578536991965433096.mp4,True,0.8309895396232605,4,1.0,1.0,0.49433941433716344,0.9010526315789473,0.07655490451388888,cedxvi,7578536991965433096,https://www.tiktok.com/@cedxvi/video/7578536991965433096,This Franco is insaneee!!!🤯 #MLBB #MLBBFriendFest #MLBBxSpongeBob,7300000,438000,1332
datasets/tiktok/mlbb/bonitoflakesmlbb/7501484023600958738.mp4,True,0.8305054903030396,4,1.0,0.9317171717171717,0.5112224666652375,0.9061403508771929,0.09116861979166666,bonitoflakesmlbb,7501484023600958738,https://www.tiktok.com/@bonitoflakesmlbb/video/7501484023600958738,Natutunaw yung Gloo! Eto na ang Ultimate Gloo counter. #MobileLegendsBangBang #MLBB #mlbbhighlights #fyp,983,31,1
datasets/tiktok/mlbb/saikyuun_/7606694295768190226.mp4,True,0.8301121592521667,4,1.0,0.9085858585858586,0.5794460641399417,0.7710526315789474,0.10640407986111111,saikyuun-,7606694295768190226,https://www.tiktok.com/@saikyuun_/video/7606694295768190226,Chaotic live w/ @Yunan #mlbbgoldenmonth #mlbbcreator #MLBB #mobilelegends #fyp,13000,885,18
datasets/tiktok/mlbb/mlbb_update_central/7615436847052770578.mp4,True,0.8296074271202087,4,1.0,0.8708080808080808,0.5714285714285715,0.9780701754385965,0.07710394965277778,mlbb-update-central,7615436847052770578,https://www.tiktok.com/@mlbb_update_central/video/7615436847052770578,Pudge Wars ❌ Franco Hook Wars ✅ #mlbb #mobilelegends #mobilelegendsbangbang,652,9,0
datasets/tiktok/mlbb/mlbbdailyclips/7166924679242878210.mp4,True,0.8292853236198425,4,1.0,0.831010101010101,0.5839650145772595,1.0,0.08091905381944445,mlbbdailyclips,7166924679242878210,https://www.tiktok.com/@mlbbdailyclips/video/7166924679242878210,Mobazane on Bren Esports Serious Allegations #brenissue #brenjown #bren #brenesports #brenesports #brenlangmalakas,26900,98,1
datasets/tiktok/mlbb/mobilelegends_id/7636316728607132949.mp4,True,0.8292720913887024,4,1.0,0.8734343434343435,0.5710276967930029,1.0,0.07145724826388888,mobilelegends-id,7636316728607132949,https://www.tiktok.com/@mobilelegends_id/video/7636316728607132949,"Gocek dulu… baru hilang 😈✨ masuk beat, outplay auto jadi 🔥 #mobilelegends_id #serubarengmlbb #samasamamain #MobileLegendsBangBang #Harley",2900000,7037,198
datasets/tiktok/mlbb/nilunaa/7641130187647913234.mp4,True,0.8287838101387024,4,1.0,0.7991919191919192,0.5522284851440576,1.0,0.09893663194444444,nilunaa,7641130187647913234,https://www.tiktok.com/@nilunaa/video/7641130187647913234,Ada lawan kah? full nih 🐠🐬 #MLBBALLSTAR #MLBBTidalFishing #MLBB #mobilelegends #nilunaa,29000,204,18
datasets/tiktok/mlbb/nilunaa/7609158625646480648.mp4,True,0.8284916281700134,4,1.0,0.6789898989898989,0.7354956268221575,0.8705263157894737,0.11083984375,nilunaa,7609158625646480648,https://www.tiktok.com/@nilunaa/video/7609158625646480648,Hanabi OP & Emote khaleed Shhhh   #MLBBGoldenMonth #MLBB #Mobilelegendsbangbang #MakeYourGoldenMoment #mobilelegends,9474,127,4
datasets/tiktok/mlbb/cedxvi/7460805482396142856.mp4,True,0.8283879160881042,4,1.0,0.9163636363636364,0.5608624387254901,0.853859649122807,0.08990993923611111,cedxvi,7460805482396142856,https://www.tiktok.com/@cedxvi/video/7460805482396142856,We met again..😈#MLBBSkinGifts #MobileLegendsBangBang #MLBB #cedxvi #johnsontiktok,164500,27100,79
datasets/tiktok/mlbb/shrxking_fear/7632693264864251144.mp4,True,0.8283853530883789,4,1.0,0.9957575757575757,0.45671768707482985,1.0,0.06460611979166667,shrxking-fear,7632693264864251144,https://www.tiktok.com/@shrxking_fear/video/7632693264864251144,#karambit,226,4,0
datasets/tiktok/mlbb/cedxvi/7606241189171481863.mp4,True,0.8280852437019348,4,1.0,0.8803030303030304,0.6096078431372549,0.8207017543859649,0.09377278645833334,cedxvi,7606241189171481863,https://www.tiktok.com/@cedxvi/video/7606241189171481863,"Happy valentines, stay strong😂#MLBBxKOF #MLBBKOFSkinFreeTrial #MLBBxOPPO",839500,81900,246
datasets/tiktok/mlbb/mlbbdailyclips/7166586806132149505.mp4,True,0.8280466198921204,4,1.0,0.9086868686868688,0.5458333333333333,1.0,0.06601996527777777,mlbbdailyclips,7166586806132149505,https://www.tiktok.com/@mlbbdailyclips/video/7166586806132149505,RRQ Albert immitating Wise's Famous phrase from Sea Games for dono #blacklistinternational #ohmyv33nus #rrqalberttt #rrq #rrqhoshi #wisegaming,29800,227,1
datasets/tiktok/mlbb/nilunaa/7629967642157206802.mp4,True,0.8279060125350952,4,1.0,0.6562626262626263,0.75,0.9371929824561402,0.09930881076388888,nilunaa,7629967642157206802,https://www.tiktok.com/@nilunaa/video/7629967642157206802,Part 2 | New Mode Frozen Sea - Orher Gameplay #MLBBNewMode #MLBBFrozensea #MLBB #mobilelegends #nilunaa,10800,133,12
datasets/tiktok/mlbb/mlbbttofficial/7606266137063476500.mp4,True,0.8276268243789673,4,1.0,0.8203030303030303,0.5354068904347453,0.996140350877193,0.09639431423611111,mlbb-official,7606266137063476500,https://www.tiktok.com/@mlbbttofficial/video/7606266137063476500,"Castle Aberleen has not yet fully awakened this morning, but the photographer Marcel already stands by the window, quietly observing his subject for the day. Together with his camera Clemar, he captures those vivid, fleeting instances. The shutter falls to freeze the moment; everything comes to an irresistible standstill—even Aamon can only sigh helplessly. In this somewhat desolate Castle Aberleen, aren't these occasional ""little accidents"" exactly what make it charming? #MLBBMARCEL #MLBBAAMON #MLBBNEWHERO #MLBBS40 #MLBBGoldenMonth #MobileLegendsBangBang",3200000,47200,291
datasets/tiktok/mlbb/willdominateyougg/7641514628618734866.mp4,True,0.8275161385536194,4,1.0,0.8506060606060606,0.5635568513119533,1.0,0.07823893229166667,willdominateyougg,7641514628618734866,https://www.tiktok.com/@willdominateyougg/video/7641514628618734866,chillin in arcade #MLBBNewMode #MLBBALLSTAR #MLBBTIDESIEGE #MLBBFV,16600,446,16
datasets/tiktok/mlbb/mobilelegends_id/7638093764824780053.mp4,True,0.8273016214370728,4,1.0,0.8468686868686869,0.5080980383224718,0.9914035087719298,0.09639756944444444,mobilelegends-id,7638093764824780053,https://www.tiktok.com/@mobilelegends_id/video/7638093764824780053,"Caster terheran-heran, SuperKenn apalagi☠️ #WeOwnThis #MPLIDS17 #WellPlayed #GameplayS17 #SUPERKENN",244600,5257,118
datasets/tiktok/mlbb/saikyuun_/7360629337135090950.mp4,True,0.8267951011657715,4,1.0,0.6568686868686868,0.8586734693877551,0.8719298245614034,0.08061306423611111,saikyuun-,7360629337135090950,https://www.tiktok.com/@saikyuun_/video/7360629337135090950,Main hero ng mga halimaw magalit 🔥 #MLBB #MobileLegends #fyp #mobilelegends_id #mlbb_indonesia #phmcbacesleague,105900,7892,63
datasets/tiktok/mlbb/nilunaa/7629975278177062162.mp4,True,0.8264853358268738,4,1.0,0.6476767676767676,0.75,0.9208771929824561,0.10340928819444443,nilunaa,7629975278177062162,https://www.tiktok.com/@nilunaa/video/7629975278177062162,Part 3 | New Mode Frozen Sea - Gameplay #MLBBNewMode #MLBBFrozensea #MLBB #mobilelegends #nilunaa,28400,289,17
datasets/tiktok/mlbb/nilunaa/7638622322714283282.mp4,True,0.8262481689453125,4,1.0,0.6938383838383837,0.644533527696793,1.0,0.10215928819444446,nilunaa,7638622322714283282,https://www.tiktok.com/@nilunaa/video/7638622322714283282,Martis - Wild Renegade  #MLBBNewSkin #MLBB #mobilelegends #nilunaa,22000,496,29
datasets/tiktok/mlbb/saikyuun_/7327952312058531077.mp4,True,0.8260721564292908,4,1.0,0.823939393939394,0.6186588921282798,0.8168421052631578,0.10914279513888889,saikyuun-,7327952312058531077,https://www.tiktok.com/@saikyuun_/video/7327952312058531077,Anita max wynn 🥰 #MLBB #MobileLegends #phmcbacesleague #phspringfestivalskinreturn #fyp #mlbbxaot,204800,24500,256
datasets/tiktok/mlbb/willdominateyougg/7619992234166865160.mp4,True,0.8259648680686951,4,1.0,0.8244444444444444,0.5904397473275025,0.964561403508772,0.08397786458333334,willdominateyougg,7619992234166865160,https://www.tiktok.com/@willdominateyougg/video/7619992234166865160,#MLBB #nanami #jjk #mobilelegendsbangbang #fyp,52600,3812,43
datasets/tiktok/mlbb/mlbbdailyclips/7140654245790928130.mp4,True,0.8258540630340576,4,1.0,0.8870707070707071,0.5852405247813411,0.8040350877192982,0.09895833333333334,mlbbdailyclips,7140654245790928130,https://www.tiktok.com/@mlbbdailyclips/video/7140654245790928130,Kelra Legendary Savage on Hadji's Pharsa,6824,58,1
datasets/tiktok/mlbb/nilunaa/7623306233851677959.mp4,True,0.8255422115325928,4,1.0,0.7565656565656566,0.7233965014577259,0.8359649122807018,0.09349826388888888,nilunaa,7623306233851677959,https://www.tiktok.com/@nilunaa/video/7623306233851677959,Gusion as Minato  #MLBBxNaruto #MLBB #mobilelegends #nilunaa,3237,114,12
datasets/tiktok/mlbb/saikyuun_/7442688034765589767.mp4,True,0.8252614140510559,4,1.0,0.8915151515151516,0.5,1.0,0.08042860243055555,saikyuun-,7442688034765589767,https://www.tiktok.com/@saikyuun_/video/7442688034765589767,May surprise sa dulo si @Yunan 🤍 #MLBB #mobilelegends #mlbbm6torchrelay #m6laysiaboleh #phm6claude #mlbbcreatorbase,437400,15400,243
datasets/tiktok/mlbb/saikyuun_/7451596280649829640.mp4,True,0.8251285552978516,4,1.0,0.7217171717171716,0.6654033041788143,0.9703508771929824,0.09232421875,saikyuun-,7451596280649829640,https://www.tiktok.com/@saikyuun_/video/7451596280649829640,Ranked game sa Malaysia w/ @Yunan 🥰😚 #MLBBM6 #MLBBM6TorchRelay #GreaterThanEver #pinaspinakamalakas #mobilelegends #MLBB #m6 #mlbbcreatorbase,19100,832,49
datasets/tiktok/mlbb/cedxvi/7021359508526075163.mp4,True,0.8248816728591919,4,1.0,0.7311111111111112,0.641435860058309,0.9191228070175438,0.10788845486111112,cedxvi,7021359508526075163,https://www.tiktok.com/@cedxvi/video/7021359508526075163,pre...... #cedxvi,1000000,119100,756
datasets/tiktok/mlbb/nilunaa/7620341302193949973.mp4,True,0.8246175050735474,4,1.0,0.7559595959595959,0.6483600583090379,0.9810526315789473,0.08367078993055554,nilunaa,7620341302193949973,https://www.tiktok.com/@nilunaa/video/7620341302193949973,Karina immune passive marcel  #MLBBS40 #MLBBMarcel #MLBBGoldenMonth #MLBB #mobilelegends,5914,147,5
datasets/tiktok/mlbb/mlbbcreator/7313878031922121989.mp4,True,0.8241051435470581,4,1.0,0.5683838383838383,1.0,0.7549122807017544,0.08873589409722221,mlbbcreator,7313878031922121989,https://www.tiktok.com/@mlbbcreator/video/7313878031922121989,"Kematian Harith menjadi titik awal kehancuran pasukan Moniyan.  Pasukan Abyss berhasil menaklukan benua Azyra Woodland serta pegunungan Lantis, karena hal ini mereka dapat mengirim pasukan ke wilayah Moniyan. Seluruh Komandan Abyss dikerahkan untuk menaklukan kerajaan Moniyan.  Perang besar terjadi.  Abyss dengan kekuatan yang besar serta strategi yang mengerikan memporak-porandakan kerajaan Moniyan.  Ketika Abyss telah memasuki Moniyan, hal yang pertama mereka lakukan adalah mencari Harith serta mencuri kunci para tahanan yang Harith bawa. Dyroth ditugaskan untuk membunuh Harith dan dia berhasil melakukannya #CapCut #mlbbm5 #betterthangreat #5ekarangindonesia",779000,33400,1270
datasets/tiktok/mlbb/mlbbdailyclips/7171772809050361089.mp4,True,0.8238397836685181,4,1.0,0.8217171717171717,0.5446793002915452,1.0,0.08752061631944444,mlbbdailyclips,7171772809050361089,https://www.tiktok.com/@mlbbdailyclips/video/7171772809050361089,#throwback Wise davastated after falling out on M1 world series to Japan #blacklistinternational #onicph #wisegaming #ohmyv33nus,470800,8824,114
datasets/tiktok/mlbb/nilunaa/7634831646994238727.mp4,True,0.823729932308197,4,1.0,0.6878787878787879,0.8750000000000001,0.6607017543859649,0.10860243055555555,nilunaa,7634831646994238727,https://www.tiktok.com/@nilunaa/video/7634831646994238727,Map AllStar terbaru #MLBBALLSTAR #MLBBDreadsea #MLBBCreator #MLBB #nilunaa,3385,74,11
datasets/tiktok/mlbb/saikyuun_/7442901912615193864.mp4,True,0.8237243294715881,4,1.0,0.7509090909090909,0.6313775510204082,0.8994736842105263,0.10554144965277777,saikyuun-,7442901912615193864,https://www.tiktok.com/@saikyuun_/video/7442901912615193864,Gumaganti talaga sa late game 😈 #MLBB #mobilelegends #mlbbm6torchrelay #m6laysiaboleh #phm6claude #mlbbcreatorbase,22900,1014,30
datasets/tiktok/mlbb/bonitoflakesmlbb/7479266505457143047.mp4,True,0.8228680491447449,4,1.0,0.884040404040404,0.4581153488180987,1.0,0.09126736111111111,bonitoflakesmlbb,7479266505457143047,https://www.tiktok.com/@bonitoflakesmlbb/video/7479266505457143047,There's no escape! 😎 #selena #selenamlbb #selenahighlights #mlbb #mobilelegends #mlbbtiktok  #mobilelegendsbangbang,367,16,0
datasets/tiktok/mlbb/nilunaa/7624074623159700744.mp4,True,0.8226503133773804,4,1.0,0.7572727272727273,0.6505466472303207,0.9121052631578948,0.09418836805555555,nilunaa,7624074623159700744,https://www.tiktok.com/@nilunaa/video/7624074623159700744,Julian as Itachi  #MLBB #mobilelegends #MLBBxNaruto #nilunaa,2871,61,2
datasets/tiktok/mlbb/nilunaa/7623709984798379271.mp4,True,0.8219593167304993,4,1.0,0.7658585858585858,0.5620748299319728,1.0,0.09734700520833334,nilunaa,7623709984798379271,https://www.tiktok.com/@nilunaa/video/7623709984798379271,Grock New Skin Collector Titans 🔥 #MLBB #mobilelegends #MLBBNEWSKIN ##nilunaa,60000,1126,88
datasets/tiktok/mlbb/shrxking_fear/7601834460090404114.mp4,True,0.8218047022819519,4,1.0,0.6747474747474748,0.8333333333333334,0.6973684210526316,0.11222981770833333,shrxking-fear,7601834460090404114,https://www.tiktok.com/@shrxking_fear/video/7601834460090404114,TikTok video #7601834460090404114,10,0,0
datasets/tiktok/mlbb/willdominateyougg/7553904817454779656.mp4,True,0.8215465545654297,4,1.0,0.8649494949494949,0.4640139984565254,1.0,0.09373372395833333,willdominateyougg,7553904817454779656,https://www.tiktok.com/@willdominateyougg/video/7553904817454779656,#mlbb #argus #aizensosuke #willdominateyougg #fyp,395000,27300,271
datasets/tiktok/mlbb/cedxvi/7401132551554813202.mp4,True,0.8214882612228394,4,1.0,0.8666666666666667,0.5072521865889212,0.9642105263157894,0.08836914062500001,cedxvi,7401132551554813202,https://www.tiktok.com/@cedxvi/video/7401132551554813202,Fanny hinabol ng Pulis..🤣 #mlbb #global1johnson #cedxvi,2000000,175200,602
datasets/tiktok/mlbb/mlbbcreator/7272345491638144261.mp4,True,0.8212930560112,4,1.0,0.7437373737373738,0.7222667638483965,0.6549122807017543,0.13755533854166668,mlbbcreator,7272345491638144261,https://www.tiktok.com/@mlbbcreator/video/7272345491638144261,#fiksi #kisahheromlbb #fypided #endlesswar #storyidedmuhammad #fypidedmuhammad #mlbbid #mlbbcreatorcamp #mlbbwiki,7184,176,8
datasets/tiktok/mlbb/nilunaa/7626019125281836295.mp4,True,0.8212906122207642,4,1.0,0.972929292929293,0.4737609329446064,0.8924561403508772,0.07948784722222223,nilunaa,7626019125281836295,https://www.tiktok.com/@nilunaa/video/7626019125281836295,Hmm MPL or Epic? #MLBBNewSkin #MLBBMPL #MLBB #mobilelegends #nilunaa,9908,115,10
datasets/tiktok/mlbb/willdominateyougg/7608115807138106631.mp4,True,0.8212542533874512,4,1.0,0.826060606060606,0.5616253644314868,0.8943859649122807,0.104267578125,willdominateyougg,7608115807138106631,https://www.tiktok.com/@willdominateyougg/video/7608115807138106631,#MLBBGoldenMonth #MLBBFV #MLBB,18700,164,10
datasets/tiktok/mlbb/bonitoflakesmlbb/7468108063027776786.mp4,True,0.8210344314575195,4,1.0,0.8472727272727272,0.475613986666095,1.0,0.09524739583333333,bonitoflakesmlbb,7468108063027776786,https://www.tiktok.com/@bonitoflakesmlbb/video/7468108063027776786,Every Valir user should try this Build! #valirmobilelegends #valirmlbb #mobilelegends #mlbb #fypシ゚viralシ #mlbbhighlights #valir  #MOBILELEGENDSBANGBANG,15000,515,5
datasets/tiktok/mlbb/mobilelegendsmy/7643719938762345736.mp4,True,0.8207640647888184,4,1.0,0.953131313131313,0.4400633512333505,0.9649122807017543,0.07944118923611113,mobilelegendsmy,7643719938762345736,,,,,
datasets/tiktok/mlbb/nilunaa/7631140612644801810.mp4,True,0.8204523921012878,4,1.0,0.7204040404040405,0.7178935860058309,0.8757894736842105,0.0912131076388889,nilunaa,7631140612644801810,https://www.tiktok.com/@nilunaa/video/7631140612644801810,Suka spam skill 1 😎 #MLBB #mobilelegends #nilunaa,31600,460,17
datasets/tiktok/mlbb/mobilelegendsmy/7639963440206908693.mp4,True,0.8202441930770874,4,1.0,0.9151515151515152,0.5621659378036928,0.6817543859649122,0.11439887152777778,mobilelegendsmy,7639963440206908693,,,,,
datasets/tiktok/mlbb/mlbbttofficial/7623735945963015441.mp4,True,0.8200504779815674,4,1.0,0.9264646464646464,0.5985422740524782,0.6966666666666667,0.09740885416666667,mlbb-official,7623735945963015441,https://www.tiktok.com/@mlbbttofficial/video/7623735945963015441,"""To be a parent is to have undying faith in one's child."" #MLBBxNARUTO #MobileLegendsBangBang #MLBBNewSkin #NARUTO #MLBBFreeGaaraSkin #Valirfreeskin",682800,6553,392
datasets/tiktok/mlbb/bonitoflakesmlbb/7498913247098096903.mp4,True,0.8199032545089722,4,1.0,0.8136363636363636,0.4891796941991082,0.9789473684210526,0.10462348090277779,bonitoflakesmlbb,7498913247098096903,https://www.tiktok.com/@bonitoflakesmlbb/video/7498913247098096903,Tower is not a safe place. #selenamlbb #selenazenith #selenatiktok #mlbbhighlights #mobilelegends #fyp #mlbb,516,20,0
datasets/tiktok/mlbb/bonitoflakesmlbb/7466242601625095431.mp4,True,0.8197349309921265,4,1.0,0.981111111111111,0.40271501457725944,0.9692982456140351,0.07900824652777778,bonitoflakesmlbb,7466242601625095431,https://www.tiktok.com/@bonitoflakesmlbb/video/7466242601625095431,Let's try Granger Gold Lane 🔫 #mobilelegends #mlbb #MOBILELEGENDSBANGBANG #mlbbhighlights #granger #fypシ゚viralシ,249,13,2
datasets/tiktok/mlbb/bonitoflakesmlbb/7494439438714490130.mp4,True,0.8195434808731079,4,1.0,0.9991919191919192,0.6023190570871206,0.5914035087719298,0.09488932291666667,bonitoflakesmlbb,7494439438714490130,https://www.tiktok.com/@bonitoflakesmlbb/video/7494439438714490130,Malas talaga pag nakaka tapak ng ta3 🤣 #MobileLegendsBangBang #mlbbhighlights #mlbb #fyp  #selenahighlights #selenazenith,6415,484,5
datasets/tiktok/mlbb/nilunaa/7618592404878167316.mp4,True,0.818122148513794,4,1.0,0.6654545454545454,0.7562925170068028,0.8382456140350878,0.10198784722222222,nilunaa,7618592404878167316,https://www.tiktok.com/@nilunaa/video/7618592404878167316,Emote Sayang its ok paling best 🔥 #MLBBMarcel #MLBBS40 #MLBBNEWHERO #MLBB #mobilelegends,26100,290,11
datasets/tiktok/mlbb/nilunaa/7632656254057401618.mp4,True,0.818041205406189,4,1.0,0.527070707070707,0.75,0.9236842105263159,0.128720703125,nilunaa,7632656254057401618,https://www.tiktok.com/@nilunaa/video/7632656254057401618,Innocent 🔥 moment M6 #MPLMYS17 #MYTIMEMYERA #MLBB #mobilelegends #nilunaa,29100,1278,10
datasets/tiktok/mlbb/nilunaa/7639286242504412434.mp4,True,0.8176785111427307,4,1.0,0.7648484848484848,0.70205296404276,0.7942105263157895,0.09501193576388889,nilunaa,7639286242504412434,https://www.tiktok.com/@nilunaa/video/7639286242504412434,Alice double Wall 🔥 #MLBB #MLBBNewSkin #mobilelegends #MLBBAlice #nilunaa,12300,229,18
datasets/tiktok/mlbb/saikyuun_/7403319677704801544.mp4,True,0.8176142573356628,4,1.0,0.7680808080808081,0.6812499999999999,0.9022807017543859,0.07756510416666666,saikyuun-,7403319677704801544,https://www.tiktok.com/@saikyuun_/video/7403319677704801544,Sana pala jinowa ko na si Brody kung ganun 🤨 #MLBB #MobileLegends #fyp #mlbbcreatorbase #phmcbacesleague,329700,22200,297
datasets/tiktok/mlbb/nilunaa/7611495300053732616.mp4,True,0.8175072073936462,4,1.0,0.6994949494949494,0.746902332361516,0.7440350877192983,0.11265733506944443,nilunaa,7611495300053732616,https://www.tiktok.com/@nilunaa/video/7611495300053732616,Goldent turtle  #MLBBGoldenMonth #MLBBGoldenTurtle #MLBB #MLBBCreator #mobilelegends,60700,1495,25
datasets/tiktok/mlbb/mlbbdailyclips/7439698702584892693.mp4,True,0.8165252804756165,4,1.0,0.7805050505050505,0.75,0.645438596491228,0.10577473958333333,mlbbdailyclips,7439698702584892693,https://www.tiktok.com/@mlbbdailyclips/video/7439698702584892693,Rosa shows how to abuse Lou Yi  #teamliquid #mplph #rrq #mplpihilippines #kelra #rrqhoshi #rrqkingdom #mobazane #ohmyveenus #balacklistinternational #yawi #kairi #rrqalberttt #srg #sekys #mplmalaysia #mplcambodia #mlbb #aeronshikii #tlid,9090,77,2
datasets/tiktok/mlbb/saikyuun_/7615519449591942418.mp4,True,0.8164953589439392,4,1.0,0.945959595959596,0.5853890931372548,0.7133333333333334,0.08692491319444445,saikyuun-,7615519449591942418,https://www.tiktok.com/@saikyuun_/video/7615519449591942418,Top cavite kung mag sharon ba #mlbbgoldenmonth #mlbbcreator #mlbb #mobilelegends #fypp,67500,2654,23
datasets/tiktok/mlbb/mlbbesports_official/7598898121652931858.mp4,True,0.8162341713905334,4,1.0,1.0,0.5222303206997085,0.5684210526315789,0.11737196180555555,mlbb-esports,7598898121652931858,https://www.tiktok.com/@mlbbesports_official/video/7598898121652931858,Speedrun to M7 Finals 🔜 ❔ #MLBBEsports #MLBBM7 #MobileLegendsBangBang #M7 #LetTheWorldSeeUs,1100000,69600,353
datasets/tiktok/mlbb/nilunaa/7618469258451766548.mp4,True,0.8161709904670715,4,1.0,0.6710101010101011,0.6504737609329446,0.9631578947368421,0.10165581597222223,nilunaa,7618469258451766548,https://www.tiktok.com/@nilunaa/video/7618469258451766548,Serius emote mira filzah ontop 🔥 #MLBBGoldenMonth #MLBelanjaBaik #SayangItsOk #MLBBMarcel #MLBBS40,46100,602,17
datasets/tiktok/mlbb/nilunaa/7629327700683017479.mp4,True,0.8161205649375916,4,1.0,0.5909090909090909,0.7729956268221574,0.9168421052631579,0.10146375868055554,nilunaa,7629327700683017479,https://www.tiktok.com/@nilunaa/video/7629327700683017479,Part 1 | New Mode Frozen Sea - Basic Gameplay #MLBBNewMode #MLBBFrozensea #MLBB #mobilelegends #nilunaa,45900,866,37
datasets/tiktok/mlbb/shrxking_fear/7612123370544532744.mp4,True,0.8159464597702026,4,1.0,1.0,0.3333333333333333,1.0,0.08126193576388889,shrxking-fear,7612123370544532744,https://www.tiktok.com/@shrxking_fear/video/7612123370544532744,#lovalty #me #viral  #followme #trending,596,2,1
datasets/tiktok/mlbb/nilunaa/7631093308357463303.mp4,True,0.8157840371131897,4,1.0,0.7155555555555555,0.596810634968273,1.0,0.0948806423611111,nilunaa,7631093308357463303,https://www.tiktok.com/@nilunaa/video/7631093308357463303,New Update Medal & After Match effect 🔥 #MLBB #mobilelegends #nilunaa,122400,5388,78
datasets/tiktok/mlbb/saikyuun_/7147224369008299269.mp4,True,0.8151391744613647,4,1.0,1.0,0.31755344995140916,1.0,0.08460394965277777,saikyuun-,7147224369008299269,https://www.tiktok.com/@saikyuun_/video/7147224369008299269,Gusion na umaakyat ng ligaw kay Lesley 😚 kaso yari siya kay Fredrinn 💀 862765885 (10649) @mlbbtopcreation #mobilelegends #mlbbcreatorcamp #mccSeptember #mccLesleyGusion_ph #pagibigsamlbb #mlgusionxlesley #Gusionxlesley #fyp,1200000,141200,710
datasets/tiktok/mlbb/nilunaa/7608868772396403975.mp4,True,0.8149047493934631,4,1.0,0.6775757575757576,0.6208333333333333,0.962280701754386,0.11584852430555556,nilunaa,7608868772396403975,https://www.tiktok.com/@nilunaa/video/7608868772396403975,ETERNAL SEASONS - SPRING & FALL   #MLBBEternalSeasons #MLBBNEWSKIN #MLBBGoldenMonth #MLBB #mobilelegends,21500,615,56
datasets/tiktok/mlbb/mlbbesports_official/7598975350453832978.mp4,True,0.813676118850708,4,1.0,0.9197979797979798,0.5255709426627795,0.859298245614035,0.07800130208333333,mlbb-esports,7598975350453832978,https://www.tiktok.com/@mlbbesports_official/video/7598975350453832978,Freya best Marksman in the M7 🙏 #MLBBEsports #MLBBM7 #MobileLegendsBangBang #M7 #LetTheWorldSeeUs,153500,2745,56
datasets/tiktok/mlbb/nilunaa/7608525609681079560.mp4,True,0.8136619329452515,4,1.0,0.698989898989899,0.5846756559766764,1.0,0.10055121527777777,nilunaa,7608525609681079560,https://www.tiktok.com/@nilunaa/video/7608525609681079560,New Fav recall- Abyssal Thunder🔥 #MLBBGoldenMonth #MLBB #Mobilelegendsbangbang #MakeYourGoldenMoment #mobilelegends,179500,2087,134
datasets/tiktok/mlbb/mlbbesports_official/7599260543223942418.mp4,True,0.8133388757705688,4,1.0,0.7663636363636364,0.8958333333333334,0.465438596491228,0.10200846354166668,mlbb-esports,7599260543223942418,https://www.tiktok.com/@mlbbesports_official/video/7599260543223942418,"Extending our most heartfelt gratitude to the Deputy Minister of Creative Economy of the Republic of Indonesia, Irene Umar for attending the M7 Grand Finals. 🙏 We appreciate your support in making such a grand event possible. Let the world see us! Mark your calendars for the M7! 📅 January 3rd - 25th, 2026 📍 Tenis Indoor Senayan – Knockout Stage & Grand Finals (Jan 21st–25th, 2026) 📍Stadium Madya - M7 Carnival (Jan 23rd-25th, 2026) 🎟 Get your tickets at id-mpl.com/m7 #MLBBEsports #MLBB #M7 #LetTheWorldSeeUs #MobileLegendsBangBang",432100,13600,1093
datasets/tiktok/mlbb/nilunaa/7622214302421798162.mp4,True,0.8132578134536743,4,1.0,0.8777777777777778,0.571343537414966,0.7764912280701755,0.09457248263888889,nilunaa,7622214302421798162,https://www.tiktok.com/@nilunaa/video/7622214302421798162,Skin Gaara or Valir epic? #MLBBxNaruto #MLBB #mobilelegends #nilunaa,27500,434,35
datasets/tiktok/mlbb/nilunaa/7600318916505832712.mp4,True,0.813222348690033,4,1.0,0.6613131313131313,0.649963556851312,1.0,0.09328884548611112,nilunaa,7600318916505832712,https://www.tiktok.com/@nilunaa/video/7600318916505832712,Gusion Double Dash 🔥 #MLBB #mobilelegends #MLBBGusion #nilunaa,11800,205,10
datasets/tiktok/mlbb/nilunaa/7630008524759895303.mp4,True,0.8126025795936584,4,1.0,0.6292929292929292,0.6614067055393587,0.9442105263157895,0.11057617187500002,nilunaa,7630008524759895303,https://www.tiktok.com/@nilunaa/video/7630008524759895303,Dynamic Portrait ✅  #MLBBNewSkin #MLBBFanny #MLBB #mobilelegends #nilunaa,2757,61,4
datasets/tiktok/mlbb/saikyuun_/7608511397982457095.mp4,True,0.8125508427619934,4,1.0,0.815959595959596,0.6472303206997084,0.7642105263157895,0.0939431423611111,saikyuun-,7608511397982457095,https://www.tiktok.com/@saikyuun_/video/7608511397982457095,Odette backstabber method #mlbbgoldenmonth #mlbbcreator #MLBB #mobilelegends #fyp,7210,370,8
datasets/tiktok/mlbb/nilunaa/7632317008092220679.mp4,True,0.8114261627197266,4,1.0,0.527070707070707,0.6909985422740526,1.0,0.12208441840277777,nilunaa,7632317008092220679,https://www.tiktok.com/@nilunaa/video/7632317008092220679,Aaron Aziz 🤣 #MPLMYS17 #MYTIMEMYERA #MLBB #mobilelegends #nilunaa,16200,414,8
datasets/tiktok/mlbb/mlbbdailyclips/7174987314773413122.mp4,True,0.8107577562332153,4,1.0,0.877979797979798,0.468002915451895,0.977719298245614,0.07879340277777777,mlbbdailyclips,7174987314773413122,https://www.tiktok.com/@mlbbdailyclips/video/7174987314773413122,Wise Beastmode because of Moontoon's random update #blacklistinternational #wisegaming #ohmyv33nus #moontoon,1987,35,0
datasets/tiktok/mlbb/willdominateyougg/7629641599072341255.mp4,True,0.8107426762580872,4,1.0,0.912020202020202,0.49559037900874636,0.873859649122807,0.08189019097222222,willdominateyougg,7629641599072341255,https://www.tiktok.com/@willdominateyougg/video/7629641599072341255,#mlbb #argus #hidan #willdominateyougg #mlbbxnaruto,547200,31400,331
datasets/tiktok/mlbb/nilunaa/7608897635251916050.mp4,True,0.8106440901756287,4,1.0,0.7564646464646464,0.6919096209912536,0.7056140350877191,0.10924696180555556,nilunaa,7608897635251916050,https://www.tiktok.com/@nilunaa/video/7608897635251916050,Miya - Eternal Seasons effect 10/10🔥  #MLBBEternalSeasons #MLBBNEWSKIN #MLBBGoldenMonth #MLBB #mobilelegends,10500,195,8
datasets/tiktok/mlbb/cedxvi/7406372555344416018.mp4,True,0.8104040622711182,4,1.0,0.8994949494949496,0.6384110787172013,0.6294736842105263,0.09548719618055555,cedxvi,7406372555344416018,https://www.tiktok.com/@cedxvi/video/7406372555344416018,Truck kun to the 🔝 #mlbb,47800,1445,35
datasets/tiktok/mlbb/cedxvi/7581441916504411410.mp4,True,0.8103585839271545,4,1.0,0.8467676767676767,0.48848396501457725,0.9689473684210526,0.08394097222222222,cedxvi,7581441916504411410,https://www.tiktok.com/@cedxvi/video/7581441916504411410,Cinema Absolute plan✋😏🤚#MLBB #MLBBFriendFest #MLBBxSpongeBob,3100000,71700,122
datasets/tiktok/mlbb/nilunaa/7616603997067070728.mp4,True,0.8096360564231873,4,1.0,0.7613131313131314,0.6878644314868805,0.8543859649122807,0.07699435763888889,nilunaa,7616603997067070728,https://www.tiktok.com/@nilunaa/video/7616603997067070728,Jangan kejar tak selesa #MLBBMarcel #MLBBS40 #MLBBNEWHERO #MLBBGoldenMonth #MLBB,3601,91,2
datasets/tiktok/mlbb/mlbbdailyclips/7170291920122514690.mp4,True,0.8091462254524231,4,1.0,0.7375757575757576,0.7420553935860058,0.7866666666666666,0.08238389756944445,mlbbdailyclips,7170291920122514690,https://www.tiktok.com/@mlbbdailyclips/video/7170291920122514690,Dlar thingking about trying out to the other team #dlar #evoslegends #evos #evosroar #evosfams,1625,22,0
datasets/tiktok/mlbb/cedxvi/7422610537072135431.mp4,True,0.809069812297821,4,1.0,0.9487878787878787,0.38616485433459097,0.9450877192982456,0.08434895833333333,cedxvi,7422610537072135431,https://www.tiktok.com/@cedxvi/video/7422610537072135431,Out of luck.. 😭 #mlbb #cedxvi,94500,5943,79
datasets/tiktok/mlbb/mobilelegends_id/7637726512833219860.mp4,True,0.8088430762290955,4,1.0,0.8994949494949495,0.38348291995369577,0.9207017543859649,0.10498697916666666,mobilelegends-id,7637726512833219860,https://www.tiktok.com/@mobilelegends_id/video/7637726512833219860,Minggu Berdarah! TLID Menolak Tumbang! 🤯  #WeOwnThis #MPLIDS17 #WellPlayed #GameplayS17 #TLID BTR,253800,3415,58
datasets/tiktok/mlbb/saikyuun_/7463049217615924488.mp4,True,0.8085795044898987,4,1.0,0.7087878787878789,0.7825558794946551,0.6545614035087719,0.10628038194444445,saikyuun-,7463049217615924488,https://www.tiktok.com/@saikyuun_/video/7463049217615924488,Selos no counter 🫠 #MLBB #mobilelegends #mlbbmyhero #fyp #phmcbacesleague #ph2025aquariusaurora,214800,3294,26
datasets/tiktok/mlbb/nilunaa/7621108178935123218.mp4,True,0.8083166480064392,4,1.0,0.9895959595959596,0.6033892128279884,0.6056140350877193,0.07965820312500001,nilunaa,7621108178935123218,https://www.tiktok.com/@nilunaa/video/7621108178935123218,Karina counters marcel passive? #MLBBS40 #MLBBMarcel #MLBBGoldenMonth #MLBB #mobilelegends,21500,445,14
datasets/tiktok/mlbb/nilunaa/7636269419387194642.mp4,True,0.8076998591423035,4,1.0,0.6443434343434344,0.7075801749271137,0.8696491228070176,0.10810655381944445,nilunaa,7636269419387194642,https://www.tiktok.com/@nilunaa/video/7636269419387194642,Kenapa berbeza sangat ni? #MLBBALLSTAR #MLBBDreadsea #MLBB #mobilelegends #nilunaa,8446,283,4
datasets/tiktok/mlbb/willdominateyougg/7624450676982025480.mp4,True,0.8076757192611694,4,1.0,0.8522222222222222,0.6495991253644314,0.7773684210526315,0.07290907118055555,willdominateyougg,7624450676982025480,https://www.tiktok.com/@willdominateyougg/video/7624450676982025480,Argus X Hidan!! #MLBB #mobilelegendsbangbang #willdominateyougg #mlbbxnaruto #fyp,1000000,42300,854
datasets/tiktok/mlbb/nilunaa/7609554103357803784.mp4,True,0.8072322607040405,4,1.0,0.6544444444444444,0.7591715257531584,0.7464912280701754,0.10889322916666666,nilunaa,7609554103357803784,https://www.tiktok.com/@nilunaa/video/7609554103357803784,Pakai emote shhhh ni auto 1 hit   #MLBBEternalSeasons #MLBBNEWSKIN #MLBBGoldenMonth #MLBB #mobilelegends,10300,176,4
datasets/tiktok/mlbb/cedxvi/7492366824231800071.mp4,True,0.8063631057739258,4,1.0,0.9263636363636363,0.6377551020408163,0.542280701754386,0.09991102430555555,cedxvi,7492366824231800071,https://www.tiktok.com/@cedxvi/video/7492366824231800071,Letuzawa x Cedxvi 👀#MLBBGoldenMonth #MobileLegendsBangBang #MLBB,267800,25600,152
datasets/tiktok/mlbb/cedxvi/7493511212626431239.mp4,True,0.8063273429870605,4,1.0,0.905050505050505,0.4670432458697764,0.968421052631579,0.06672634548611112,cedxvi,7493511212626431239,https://www.tiktok.com/@cedxvi/video/7493511212626431239,Immortal war🗿#MLBBGoldenMonth #MobileLegendsBangBang #MLBB,45700,2874,54
datasets/tiktok/mlbb/cedxvi/7583657829127539975.mp4,True,0.8062885999679565,4,0.75,0.75,0.875,0.813859649122807,0.15170030381944444,cedxvi,7583657829127539975,https://www.tiktok.com/@cedxvi/video/7583657829127539975,Let them cook..🥀 #MLBBFriendFest #MLBBSORA #MLBBCreator,1000000,87900,292
datasets/tiktok/mlbb/mlbbesports_official/7638885766256512276.mp4,True,0.8062673211097717,4,1.0,0.8912121212121211,0.43020725700994683,0.8968421052631579,0.09592013888888888,mlbb-esports,7638885766256512276,https://www.tiktok.com/@mlbbesports_official/video/7638885766256512276,The Instinct 🥶 #MLBB #MSTatEWC2026 #MPLHighlight,56500,1529,20
datasets/tiktok/mlbb/mlbbcreator/7616734163734990101.mp4,True,0.8056872487068176,4,1.0,0.5494949494949495,0.7366739552964042,0.9808771929824561,0.09732964409722222,mlbbcreator,7616734163734990101,https://www.tiktok.com/@mlbbcreator/video/7616734163734990101,"karena ia telah menghancurkan beberapa kerajaan di Land of Dawn. Ancient one memutuskan untuk menyegel Sun agar tidak ada lagi kerajaan yang hancur karena ulah nakalnya. Sun terlahir dari kekuatan Grock dan hidup di awal peradaban jauh sebelum bangsa abyss terlahir, andaisaja Sun tidak disegel mungkin ia bisa mengalahkan para abyss dan menghentikan perang. #CapCut #MLBBMarcel #MLBBS40 #MLBBNEWHERO",13400,252,10
datasets/tiktok/mlbb/mlbbttofficial/7634132402591681813.mp4,True,0.8054579496383667,4,1.0,0.8312121212121212,0.5363459669582118,0.8587719298245614,0.09141927083333333,mlbb-official,7634132402591681813,https://www.tiktok.com/@mlbbttofficial/video/7634132402591681813,Top-tier prediction. Total domination. ⚔ This is a true Frozen Sea Showdown master! 👍 #MobileLegendsBangBang #MLBBNewMode #MLBBFrozenSeaShowdown #MLBBS40,396400,3565,105
datasets/tiktok/mlbb/cedxvi/7510947041636289800.mp4,True,0.804997444152832,4,1.0,0.5884848484848485,0.75,0.7926315789473684,0.11932291666666667,cedxvi,7510947041636289800,https://www.tiktok.com/@cedxvi/video/7510947041636289800,Back in the day were badges was a real flex #SupremeTitle #Mlbb #top1PH #cedxvi,460100,52700,532
datasets/tiktok/mlbb/shrxking_fear/7602994385982131474.mp4,True,0.8042590022087097,4,1.0,0.9193939393939394,0.6500122549019609,0.5898245614035087,0.08605794270833333,shrxking-fear,7602994385982131474,https://www.tiktok.com/@shrxking_fear/video/7602994385982131474,TikTok video #7602994385982131474,8,0,0
datasets/tiktok/mlbb/cedxvi/7606685005409946887.mp4,True,0.8042192459106445,4,1.0,0.7317171717171718,0.623432944606414,0.9266666666666667,0.08208658854166667,cedxvi,7606685005409946887,https://www.tiktok.com/@cedxvi/video/7606685005409946887,Pov: its Feb 14 #MLBBxKOF #MLBBKOFSkinFreeTrial #MLBBxOPPO,1200000,133100,473
datasets/tiktok/mlbb/mlbbesports_official/7599274797134007570.mp4,True,0.8039568066596985,4,1.0,0.8688888888888889,0.488787657920311,0.8914035087719298,0.08442925347222223,mlbb-esports,7599274797134007570,https://www.tiktok.com/@mlbbesports_official/video/7599274797134007570,"We met our amazing KOLs at M7 Carnival today and asked about their predictions for the Grand Finals match 👀  Be sure to come to Stadium Madya GBK from 12 PM until the end because today is the LAST DAY! Get a special goodie bag from us if you’re among our Top 1,000 first registrants! 👀 Don’t forget to buy the tickets here: https://id-mpl.com/m7?q=carnival 🎫 #MLBBEsports #MLBBM7 #MobileLegendsBangBang #M7 #M7Carnival",96900,2341,96
datasets/tiktok/mlbb/shrxking_fear/7623323710027517191.mp4,True,0.8037199974060059,4,1.0,1.0,0.4194606413994169,0.8389473684210527,0.0739138454861111,shrxking-fear,7623323710027517191,https://www.tiktok.com/@shrxking_fear/video/7623323710027517191,#tutorial,301,5,0
datasets/tiktok/mlbb/mobilelegendsmy/7638985846531575060.mp4,True,0.8034916520118713,4,1.0,0.6447474747474747,0.7845481049562683,0.7417543859649123,0.10075954861111111,mobilelegendsmy,7638985846531575060,,,,,
datasets/tiktok/mlbb/mlbbttofficial/7621123550883187969.mp4,True,0.8033800721168518,4,1.0,0.8158585858585858,0.6114431486880467,0.752280701754386,0.0942165798611111,mlbb-official,7621123550883187969,https://www.tiktok.com/@mlbbttofficial/video/7621123550883187969,"Starting 03/27, the MLBB × NARUTO collab series events will be officially online! The bonuses are absolutely top-tier. We suggest saving this post first! 👇 Participate in the [MLBB × NARUTO Skin Draw] event for a chance to get these new exclusive skins: Gusion ""Minato Namikaze"", Julian ""Itachi Uchiha"", and other exclusive rewards! Participate in the [MLBB × NARUTO Resource Draw] event for a chance to get Sacred Statue - Itachi Uchiha, Sacred Statue - Minato Namikaze, Advanced Sacred Statue - Gamakichi (Common, usable by all heroes), and other limited resources! Participate in the [Path of the Ninja] event to get the new original skin Valir ""Ember Gaze"" & Vale ""Gaara"" (choose 1 of 2), Vale's exclusive Sacred Statue, Battle Emote, and other limited resources for FREE! 🎥Tap the video below to learn more about the events!! #MLBBxNARUTO #MLBBNewSkin #NARUTO #MLBBFreeGaaraSkin #Valirfreeskin",530200,35500,778
datasets/tiktok/mlbb/nilunaa/7636682620482505992.mp4,True,0.8025635480880737,4,1.0,0.6543434343434342,0.9583333333333334,0.47210526315789475,0.10327473958333333,nilunaa,7636682620482505992,https://www.tiktok.com/@nilunaa/video/7636682620482505992,Allstar Map 2026 #MLBBALLSTAR #MLBBDreadsea #MLBBCreator #MLBB #nilunaa,2947,101,10
datasets/tiktok/mlbb/mlbbttofficial/7611093601136807188.mp4,True,0.8019403219223022,4,1.0,0.7308080808080809,0.6907434402332362,0.7156140350877194,0.10381727430555557,mlbb-official,7611093601136807188,https://www.tiktok.com/@mlbbttofficial/video/7611093601136807188,"""Walking together, a seasonal exclusive! ✨"" The Cosplay performance featuring Miya ""Arrow of Spring"" and Floryn ""Herald of Autumn"" is coming soon! Stay tuned! #MobileLegendsBangBang #MLBBNewSkin #MLBBEternalSeasons",100000,6423,171
datasets/tiktok/mlbb/cedxvi/7610417719418129672.mp4,True,0.8008831739425659,4,1.0,0.8850505050505051,0.6278425655976676,0.6912280701754385,0.07752061631944444,cedxvi,7610417719418129672,https://www.tiktok.com/@cedxvi/video/7610417719418129672,The Story of Unemployed Duo.. #MLBBGoldenMonth #MLBB #Mobilelegendsbangbang #MakeYourGoldenMoment,854900,79200,267
datasets/tiktok/mlbb/saikyuun_/7615518147440807175.mp4,True,0.8007400035858154,4,1.0,0.8835353535353535,0.48368561710398444,0.8317543859649122,0.08930555555555555,saikyuun-,7615518147440807175,https://www.tiktok.com/@saikyuun_/video/7615518147440807175,Surprise Grock #mlbbgoldenmonth #mlbbcreator #mlbb #mobilelegends #fypp,13700,643,18
datasets/tiktok/mlbb/bonitoflakesmlbb/7494832662054522130.mp4,True,0.8002946376800537,4,1.0,0.9084848484848485,0.6608600583090378,0.5350877192982456,0.092333984375,bonitoflakesmlbb,7494832662054522130,https://www.tiktok.com/@bonitoflakesmlbb/video/7494832662054522130,Habol pa more 🤣 #MobileLegendsBangBang #selenahighlights #selenazenith #selenamlbb #selenatiktok #mlbb #fyp #mobilelegends,6725,31,0
datasets/tiktok/mlbb/nilunaa/7640804478307945746.mp4,True,0.8001527190208435,4,1.0,0.8585858585858586,0.5017902026882182,0.943157894736842,0.06826280381944444,nilunaa,7640804478307945746,https://www.tiktok.com/@nilunaa/video/7640804478307945746,Koin tersembunyi spot kedua 🎣 #MLBBALLSTAR #MLBBTidalFishing #MLBB #mobilelegends #nilunaa,28800,790,36
datasets/tiktok/mlbb/mlbbttofficial/7645215818774744340.mp4,True,0.7999862432479858,4,1.0,0.9784848484848485,0.3463642197950609,0.8640350877192983,0.10528971354166666,mlbb-official,7645215818774744340,https://www.tiktok.com/@mlbbttofficial/video/7645215818774744340,"The deep-sea treasure hunt has begun! Team up with Yu Zhong, Pharsa, and Ling to enter the Tidal Ruins, defeat the Siren Lord, and find the deep-sea treasure! The ""Tidal Gold Rush"" effect and ""Tidal Treasure Hunt"" event are available for a limited time. Rich rewards await you! #MLBBAllstar #MobileLegendsBangBang #MLBBTidalGoldRush #MLBBNewSkin",34700,970,53
datasets/tiktok/mlbb/mobilelegendsmy/7641200088613670164.mp4,True,0.798542320728302,4,1.0,0.8478787878787879,0.6287790205367861,0.65,0.09607313368055556,mobilelegendsmy,7641200088613670164,,,,,
datasets/tiktok/mlbb/mlbbdailyclips/7169175462416026881.mp4,True,0.7982775568962097,4,1.0,0.7613131313131313,0.6333819241982508,0.7457894736842106,0.09940321180555556,mlbbdailyclips,7169175462416026881,https://www.tiktok.com/@mlbbdailyclips/video/7169175462416026881,The game wasn't ready yet for Edward's Joy Savage #blacklistinternational #blckedward #ohmyv33nus #blacklistagent #oheb #wisegaming #hadji,40700,647,1
datasets/tiktok/mlbb/bonitoflakesmlbb/7473301367965207826.mp4,True,0.7980810403823853,4,1.0,0.955959595959596,0.32111036378837254,1.0,0.07442816840277777,bonitoflakesmlbb,7473301367965207826,https://www.tiktok.com/@bonitoflakesmlbb/video/7473301367965207826,Hayabutaw 🥷 Outplay #hayabusa #mlbb #mlbbhighlights #fypシ゚viralシ  #mobilelegendsbangbang,635,3,0
datasets/tiktok/mlbb/nilunaa/7620802914621213972.mp4,True,0.7975289821624756,4,1.0,0.6428282828282827,0.7272959183673469,0.6842105263157895,0.12124674479166667,nilunaa,7620802914621213972,https://www.tiktok.com/@nilunaa/video/7620802914621213972,Marcel + Beatrix Combo #MLBBS40 #MLBBMarcel #MLBBGoldenMonth #MLBB #mobilelegends,9742,95,4
datasets/tiktok/mlbb/mobilelegends_id/7641572610479885576.mp4,True,0.797451376914978,4,1.0,0.7078787878787879,0.643901846452867,0.8608771929824561,0.08818250868055555,mobilelegends-id,7641572610479885576,https://www.tiktok.com/@mobilelegends_id/video/7641572610479885576,"Masih bingung cara dapetin Border ALLSTAR permanen? 👀✨ Tenang, tutorial lengkapnya udah dibahas di video dari cara ikut event sampai step biar dapet bordernya 🔥 Udah siap gas dapetin border ALLSTAR? 👇 #mobilelegends_id #serubarengmlbb #samasamamain #MobileLegendsBangBang  #MLBBAllStar",2500000,64200,1047
datasets/tiktok/mlbb/willdominateyougg/7639287071252761863.mp4,True,0.7974499464035034,4,1.0,0.6962626262626262,0.5578720818684617,0.9828070175438597,0.09081054687500001,willdominateyougg,7639287071252761863,https://www.tiktok.com/@willdominateyougg/video/7639287071252761863,#MLBBALLSTAR #MLBBDreadsea #MLBBSiren #MLBBTidalGoldRush #MLBB,18300,842,17
datasets/tiktok/mlbb/saikyuun_/7452306533720870152.mp4,True,0.7965801358222961,4,1.0,0.827979797979798,0.4538740808823529,0.9689473684210526,0.08104709201388889,saikyuun-,7452306533720870152,https://www.tiktok.com/@saikyuun_/video/7452306533720870152,Mage user padin sa 2025 🥰 #MLBBM6 #MLBBM6TorchRelay #GreaterThanEver #pinaspinakamalakas #mobilelegends #MLBB,702700,34500,408
datasets/tiktok/mlbb/mlbbesports_official/7645601452127292693.mp4,True,0.7963579893112183,4,1.0,0.8823232323232323,0.5084912536443148,0.7819298245614035,0.08712131076388889,mlbb-esports,7645601452127292693,https://www.tiktok.com/@mlbbesports_official/video/7645601452127292693,Absolute GOAT 🐐🐐🐐 #MobileLegendsBangBang #MSCatEWC2026 #MLBBEsports #MPLHighlight,74400,2909,37
datasets/tiktok/mlbb/shrxking_fear/7626288287958813960.mp4,True,0.7957041263580322,4,1.0,0.6473737373737374,0.8125,0.46368421052631575,0.16499565972222222,shrxking-fear,7626288287958813960,https://www.tiktok.com/@shrxking_fear/video/7626288287958813960,#myedit #followme #fyyyyyyyyyyyyyyyyp #plslike #viral,250,4,2
datasets/tiktok/mlbb/nilunaa/7637902047538416914.mp4,True,0.7956702709197998,4,1.0,0.5936363636363636,0.75,0.7191228070175438,0.12177842881944445,nilunaa,7637902047538416914,https://www.tiktok.com/@nilunaa/video/7637902047538416914,Komen anda? Me : Draft AC - dyrotth key point SRG kalah early game.  #MPLMYS17 #MYTIMEMYERA #MLBB #mobilelegends #nilunaa,18800,529,35
datasets/tiktok/mlbb/nilunaa/7644886890046360839.mp4,True,0.7951174974441528,4,1.0,0.7572727272727273,0.5701070204867661,0.9843859649122807,0.06515950520833333,nilunaa,7644886890046360839,https://www.tiktok.com/@nilunaa/video/7644886890046360839,Fav spot kedua 🔥 #MLBBALLSTAR #MLBBTidalFishing #MLBB #mobilelegends #nilunaa,59800,1582,55
datasets/tiktok/mlbb/willdominateyougg/7638909899543481607.mp4,True,0.7946488857269287,4,1.0,0.8312121212121213,0.6146501457725947,0.6505263157894736,0.097841796875,willdominateyougg,7638909899543481607,https://www.tiktok.com/@willdominateyougg/video/7638909899543481607,#MLBBALLSTAR #MLBBDreadsea #MLBBSiren #MLBBTidalGoldRush #MLBB,131600,4060,76
datasets/tiktok/mlbb/bonitoflakesmlbb/7465513336042425608.mp4,True,0.7935593128204346,4,1.0,0.9562626262626261,0.46002812285628536,0.7201754385964911,0.08686631944444445,bonitoflakesmlbb,7465513336042425608,https://www.tiktok.com/@bonitoflakesmlbb/video/7465513336042425608,Joy diving towers Pt. 3 #joymlbb #mobilelegends #MOBILELEGENDSBANGBANG #mlbb #mlbbhighlights #joyml #fypシ゚viralシ,241,3,2
datasets/tiktok/mlbb/cedxvi/7476460635509869831.mp4,True,0.7932025790214539,4,1.0,0.7838383838383839,0.5022321160607099,0.9484210526315789,0.08081380208333333,cedxvi,7476460635509869831,https://www.tiktok.com/@cedxvi/video/7476460635509869831,HAHAHAHAHAHAHA!! #MLBB #cedxvi,407100,48300,403
datasets/tiktok/mlbb/nilunaa/7640726622609460487.mp4,True,0.7930874824523926,4,1.0,0.9555555555555556,0.32700348889555825,1.0,0.06624457465277778,nilunaa,7640726622609460487,https://www.tiktok.com/@nilunaa/video/7640726622609460487,THE PATTERN BUG! ON NEW MODE 😏 #MLBBALLSTAR #MLBBTidalFishing #MLBB #mobilelegends #nilunaa,64500,1838,100
datasets/tiktok/mlbb/nilunaa/7628582422451326226.mp4,True,0.7930063009262085,4,1.0,0.6222222222222222,0.75,0.7449122807017543,0.10274197048611111,nilunaa,7628582422451326226,https://www.tiktok.com/@nilunaa/video/7628582422451326226,Predicted 💯  #MLBB #mobilelegends #MLBBNewSkin #nilunaa,13800,203,7
datasets/tiktok/mlbb/nilunaa/7632215397495868680.mp4,True,0.792736291885376,4,1.0,0.6786868686868686,0.5810569317012519,0.9298245614035087,0.094326171875,nilunaa,7632215397495868680,https://www.tiktok.com/@nilunaa/video/7632215397495868680,Demi Point Collection 🔥 #MLBB #mobilelegends #nilunaa,11200,151,18
datasets/tiktok/mlbb/bonitoflakesmlbb/7501199171458714898.mp4,True,0.7926549911499023,4,1.0,0.8270707070707071,0.597704081632653,0.7168421052631578,0.08758680555555556,bonitoflakesmlbb,7501199171458714898,https://www.tiktok.com/@bonitoflakesmlbb/video/7501199171458714898,Ganitong tank sana lagi. Yung hindi matipid sa skill at malupet mag set 😉. #mobilelegendsbangbang #mlbb #selenahighlights #fyp #mlbbhighlights #selenamlbb,4087,405,2
datasets/tiktok/mlbb/mlbbdailyclips/7442695549410675985.mp4,True,0.792394757270813,4,1.0,0.6787878787878788,0.7279518950437318,0.6926315789473684,0.10141276041666666,mlbbdailyclips,7442695549410675985,https://www.tiktok.com/@mlbbdailyclips/video/7442695549410675985,NEW TNC REACTS TO FNOP VS CFU LAST TEAM FIGHT #ohmyv33nus #ohmyveenus #mobazane #teamliquid #mplph #rrq #mplpihilippines #kelra #rrqhoshi #rrqkingdom #balacklistinternational #yawi #kairi #rrqalberttt #srg #sekys #mplmalaysia #mplcambodia #mlbb #aeronshikii,217100,3323,28
datasets/tiktok/mlbb/nilunaa/7619589205773356308.mp4,True,0.792336106300354,4,1.0,0.6391919191919192,0.6928206997084548,0.836140350877193,0.09389973958333334,nilunaa,7619589205773356308,https://www.tiktok.com/@nilunaa/video/7619589205773356308,Sorry granger 😘 selamat hari raya 😝 #MLBB #mobilelegends #MLBBGoldenMonth #nilunaa,11300,214,7
datasets/tiktok/mlbb/cedxvi/7487984176818343176.mp4,True,0.791610836982727,4,1.0,1.0,0.5249999999999999,0.5587719298245615,0.08574652777777778,cedxvi,7487984176818343176,https://www.tiktok.com/@cedxvi/video/7487984176818343176,🤷 #cedxvi #fyp #mlbb,1700000,99800,916
datasets/tiktok/mlbb/cedxvi/7489422777661918482.mp4,True,0.7915072441101074,4,1.0,0.7758585858585858,0.5129401314097067,0.9349122807017544,0.08078667534722221,cedxvi,7489422777661918482,https://www.tiktok.com/@cedxvi/video/7489422777661918482,POV: Solo rank que in Highrank.💀🥀#MLBBGoldenMonth #MobileLegendsBangBang #MLBB,90900,8747,55
datasets/tiktok/mlbb/bonitoflakesmlbb/7462914970574015762.mp4,True,0.7913093566894531,4,1.0,0.8047474747474748,0.47409738448951005,1.0,0.06913628472222223,bonitoflakesmlbb,7462914970574015762,https://www.tiktok.com/@bonitoflakesmlbb/video/7462914970574015762,Selena Mid Gameplay 🎯 #MobileLegendsBangBang #mlbbhighlights #selenaMLBB #MLBB #fypシ゚viralシ,1281,40,0
datasets/tiktok/mlbb/saikyuun_/7463806523676921095.mp4,True,0.7899925708770752,4,1.0,0.7785858585858586,0.675,0.7810526315789474,0.06414279513888889,saikyuun-,7463806523676921095,https://www.tiktok.com/@saikyuun_/video/7463806523676921095,MLBB Marksman ranking 🌸 #MLBB #mobilelegends #mlbbmyhero #fyp #phmcbacesleague @Yunan,69300,1976,60
datasets/tiktok/mlbb/mobilelegends_id/7645236500900154645.mp4,True,0.7888950109481812,4,1.0,0.5652525252525253,0.75,0.7635087719298246,0.11098849826388889,mobilelegends-id,7645236500900154645,https://www.tiktok.com/@mobilelegends_id/video/7645236500900154645,ITS A WRAP! 🌊 Raja lautan telah dinobatkan 🔱 Tide Clash Livestream: Battle For Fortune berakhir dengan kemenangan mutlak dari @ade setelah menaklukkan @Rivaldi Fataah @Oura @IKHSAN LEMON di Land of Dawn. #MLBB #MLBBAllStar #MLBBAllStarShowdown,31000,288,35
datasets/tiktok/mlbb/mobilelegends_id/7635588960600804629.mp4,True,0.7887836694717407,4,1.0,0.858989898989899,0.4485058309037901,0.8673684210526316,0.08346137152777777,mobilelegends-id,7635588960600804629,https://www.tiktok.com/@mobilelegends_id/video/7635588960600804629,Outplay Jual Beli Item lagi dari YAZUKEEE! 🤯 #WeOwnThis #MPLIDS17 #WellPlayed #GameplayS17 #YAZUKEE AE,371100,8245,148
datasets/tiktok/mlbb/willdominateyougg/7601060403904466183.mp4,True,0.7878097295761108,4,1.0,0.6595959595959596,0.5802842565597668,1.0,0.07944444444444444,willdominateyougg,7601060403904466183,https://www.tiktok.com/@willdominateyougg/video/7601060403904466183,#MLBB #mobilelegendsbangbang #argus #aizen #willdominateyougg,263000,10200,42
datasets/tiktok/mlbb/mobilelegendsmy/7639948277974191367.mp4,True,0.7876930832862854,4,1.0,0.813939393939394,0.4673424369747899,0.8540350877192984,0.09334635416666667,mobilelegendsmy,7639948277974191367,,,,,
datasets/tiktok/mlbb/mlbbttofficial/7641529222577523969.mp4,True,0.7876052856445312,4,1.0,0.8443434343434344,0.5891069954767622,0.653859649122807,0.09258029513888891,mlbb-official,7641529222577523969,https://www.tiktok.com/@mlbbttofficial/video/7641529222577523969,"📢 Ding-dong! You've got a Crew Clash message to check out! 📅 Opening Time: 05/25 📔 Event Guide: Join a Crew — Play MRS matches — Complete tasks / Climb ranks — Claim rewards! Join the exclusive MRS S6 event, Crew Clash, in just 3 easy steps! Find your favorite influencer's Crew and apply to join once the event begins! https://magicchessgogo.com/s6mrscrewclash/?utm_source=socialmedia&utm_medium=fb #MCGG1year #MCGGMRSS6 #MCGGCrewclash #MCGGAnniversary",30300,1140,83
datasets/tiktok/mlbb/mobilelegends_id/7643691337237220628.mp4,True,0.7874910235404968,4,1.0,0.6908080808080809,0.4806700314054193,1.0,0.09729817708333334,mobilelegends-id,7643691337237220628,https://www.tiktok.com/@mobilelegends_id/video/7643691337237220628,Match Grand Final kecepetan kah ini guys? 🤯🔥 #WeOwnThis #MPLIDS17 #WellPlayed #GameplayS17 #MingguBerdarah ONIC EVOS,75000,1736,66
datasets/tiktok/mlbb/mlbbttofficial/7618811255691742465.mp4,True,0.7872657775878906,4,1.0,0.9006060606060606,0.6000911078717202,0.641578947368421,0.07253797743055555,mlbb-official,7618811255691742465,https://www.tiktok.com/@mlbbttofficial/video/7618811255691742465,"Want to try out new hero and 100 skins? Here's your chance! 👇 ✨ Battle Privilege available 03/19 - 03/21! ✨ 💥 Massive Heroes & 100 Skins Limited-Time Free Trial! 💥 And most importantly: Team Triple Star-raising Points ×2! Whether you want to show off your moves or climb the ranks, these three days are your best chance! Don't hesitate! Log in and play now! 🚀 #MLBBGoldenMonth #MLBBGoldenMonthEvent #MobileLegendsBangBang",1300000,6899,114
datasets/tiktok/mlbb/bonitoflakesmlbb/7444822216031603976.mp4,True,0.7871754169464111,4,1.0,0.8087878787878787,0.5301384839650146,0.8847368421052632,0.07035590277777778,bonitoflakesmlbb,7444822216031603976,https://www.tiktok.com/@bonitoflakesmlbb/video/7444822216031603976,Joy 4 vs 1 ⚡ #mobilelegends #mlbbhighlights #MLBB #fypシ゚viralシ #MobileLegendsBangBang #mlbbtiktok #joymlbb,868,17,1
datasets/tiktok/mlbb/mlbbttofficial/7617744501943110913.mp4,True,0.7867765426635742,4,1.0,0.5422222222222223,0.8024295432458698,0.7808771929824562,0.09701063368055556,mlbb-official,7617744501943110913,https://www.tiktok.com/@mlbbttofficial/video/7617744501943110913,"Marcel's amazing combos in action, easy to master! #MLBBMARCEL #MLBBNEWHERO #MLBBS40 #MLBBGoldenMonth #MobileLegendsBangBang",79200,3917,59
datasets/tiktok/mlbb/nilunaa/7635605973146635528.mp4,True,0.7865080833435059,4,1.0,0.6157575757575757,0.6901421282798834,0.8419298245614035,0.09290798611111112,nilunaa,7635605973146635528,https://www.tiktok.com/@nilunaa/video/7635605973146635528,Hanya mampu tengok mini map 😒 #MPLMYS17 #MYTIMEMYERA #MLBB #mobilelegends #nilunaa,21000,608,6
datasets/tiktok/mlbb/mobilelegends_id/7645533950550527250.mp4,True,0.7863861322402954,4,1.0,0.934949494949495,0.34696663040216086,0.8510526315789474,0.10280924479166667,mobilelegends-id,7645533950550527250,https://www.tiktok.com/@mobilelegends_id/video/7645533950550527250,"Perburuan harta karun laut dalam telah dimulai! Ikuti Yu Zhong, Pharsa, dan Ling untuk memasuki Reruntuhan Ombak, mengalahkan Siren Lord, dan menemukan harta karun laut dalam! Efek ""Perburuan Emas Ombak"" dan event ""Perburuan Harta Ombak"" hadir untuk waktu terbatas. Hadiah melimpah menantimu! #MLBBAllstar  #MobileLegendsBangBang  #MLBBTidalGoldRush  #MLBBNewSkin",39700,558,80
datasets/tiktok/mlbb/saikyuun_/7135005299286658331.mp4,True,0.7849099636077881,4,1.0,0.6567676767676768,0.5274516235065455,1.0,0.09124240451388888,saikyuun-,7135005299286658331,https://www.tiktok.com/@saikyuun_/video/7135005299286658331,MLBB Lolis with their pets 😚❤️ 862765885 (10649) @mlbbtopcreation #mobilelegends #mlbbcreatorcamp #mccaugust #mcc_0819ph #fyp,119600,7285,75
datasets/tiktok/mlbb/bonitoflakesmlbb/7498529408483904776.mp4,True,0.7846848964691162,4,1.0,0.6694949494949496,0.6737609329446066,0.8035087719298246,0.08640190972222223,bonitoflakesmlbb,7498529408483904776,https://www.tiktok.com/@bonitoflakesmlbb/video/7498529408483904776,San ka pupunta Layla? #selenamlbb #selenazenith #selenatiktok #selenahighlights #mobilelegends #mlbb #fyp,878,21,0
datasets/tiktok/mlbb/saikyuun_/7465663517723528456.mp4,True,0.7845597267150879,4,1.0,0.8604040404040404,0.4525314098853827,0.8712280701754386,0.07547417534722223,saikyuun-,7465663517723528456,https://www.tiktok.com/@saikyuun_/video/7465663517723528456,Odette passive go brrr 🌸 #MLBB #mobilelegends #fyp #mlbbcreatorbase,23400,1340,41
datasets/tiktok/mlbb/nilunaa/7641100494269598994.mp4,True,0.7841265797615051,4,1.0,0.7506060606060605,0.5482871720116618,0.9414035087719297,0.06749348958333333,nilunaa,7641100494269598994,https://www.tiktok.com/@nilunaa/video/7641100494269598994,Trik dapatin ikan legend 🦑 #MLBBALLSTAR #MLBBTidalFishing #MLBB #mobilelegends #nilunaa,76100,1617,46
datasets/tiktok/mlbb/cedxvi/6996620711729057050.mp4,True,0.7835264801979065,4,1.0,0.7884848484848485,0.5231713712270623,0.8759649122807016,0.0754958767361111,cedxvi,6996620711729057050,https://www.tiktok.com/@cedxvi/video/6996620711729057050,🥵 #cedxvi #mlbb,8500000,933500,6698
datasets/tiktok/mlbb/nilunaa/7636694442119941384.mp4,True,0.7830880284309387,4,1.0,0.777979797979798,0.6279883381924198,0.73,0.07876953125,nilunaa,7636694442119941384,https://www.tiktok.com/@nilunaa/video/7636694442119941384,Combo Hero Obsidia  #MLBBStarlight #MLBBObsidia #MLBBALLSTAR #MLBB #nilunaa,53300,1273,13
datasets/tiktok/mlbb/bonitoflakesmlbb/7495226648212655368.mp4,True,0.7828060388565063,4,1.0,0.7323232323232323,0.4659976043989024,0.9701754385964912,0.08849717881944444,bonitoflakesmlbb,7495226648212655368,https://www.tiktok.com/@bonitoflakesmlbb/video/7495226648212655368,The predictions 🔍 #selenamlbb #selenamontage #selenatiktok #selenahighlights  #mobilelegends #fyp #mlbb #mobilelegendsbangbang,1026,27,1
datasets/tiktok/mlbb/willdominateyougg/7608103006701292808.mp4,True,0.7825409173965454,4,1.0,0.735959595959596,0.73283527696793,0.6380701754385965,0.08050130208333334,willdominateyougg,7608103006701292808,https://www.tiktok.com/@willdominateyougg/video/7608103006701292808,Moon Glider 😯 #MLBBGoldenMonth #MLBBFV #MLBB,26000,473,8
datasets/tiktok/mlbb/saikyuun_/7457487167644863752.mp4,True,0.7821207046508789,4,1.0,0.9926262626262626,0.4728862973760933,0.6526315789473683,0.07068359375,saikyuun-,7457487167644863752,https://www.tiktok.com/@saikyuun_/video/7457487167644863752,Ayos ng gupit ah 🗿 #MLBB #mobilelegends #phmcbacesleague #mlbbcreatorbase #mlbbxhunterhunter,325700,9691,138
datasets/tiktok/mlbb/nilunaa/7632606238232055047.mp4,True,0.7819474935531616,4,1.0,0.5233333333333333,0.75,0.6575438596491229,0.13839952256944446,nilunaa,7632606238232055047,https://www.tiktok.com/@nilunaa/video/7632606238232055047,Innocent 💀 #MPLMYS17 #MYTIMEMYERA #MLBB #mobilelegends #nilunaa,12700,283,4
datasets/tiktok/mlbb/mobilelegends_id/7638510057453358356.mp4,True,0.7819355726242065,4,1.0,0.6962626262626262,0.5047170653975876,0.9338596491228071,0.09505859375,mobilelegends-id,7638510057453358356,https://www.tiktok.com/@mobilelegends_id/video/7638510057453358356,"Alamakk, Lionel Nnael di Late Game malah cedera guys😭 #WeOwnThis #MPLIDS17 #WellPlayed #GameplayS17",64500,1271,48
datasets/tiktok/mlbb/mlbbttofficial/7632449705267465488.mp4,True,0.7806558609008789,4,0.75,0.8074747474747475,0.7145408163265307,0.8105263157894738,0.13074761284722222,mlbb-official,7632449705267465488,https://www.tiktok.com/@mlbbttofficial/video/7632449705267465488,"The ALLSTAR officially kicks off on 04/30! A brand-new deep-sea theme brings you a wonderful new experience! Physical gold, massive Diamonds, new skins, and exclusive items are all waiting for you in the ""Tidal Treasure Hunt"" event! Team Up, Dive for Fortune! Note: Physical gold reward delivery is currently not available in certain regions. In such cases, an equivalent amount of in-game Diamonds will be issued instead. Final results are subject to the actual reward distribution. #MLBBAllstar #MLBBrealgold #MobileLegendsBangBang #MLBBFreeSkin #MLBBNewSkin",895500,10300,239
datasets/tiktok/mlbb/saikyuun_/7446253419737713927.mp4,True,0.7799860239028931,4,1.0,0.613939393939394,0.7170189504373178,0.8149122807017544,0.08279405381944445,saikyuun-,7446253419737713927,https://www.tiktok.com/@saikyuun_/video/7446253419737713927,"Panalo 'to, future M6 champions kasama eh 😈 #MLBB #mobilelegends #pinaspinakamalakas #m6championteamprediction #MLBBM6WatchFest #m6laysiaboleh @Yunan @Dlar @Kelra @onic_k1ngkong",139000,4466,57
datasets/tiktok/mlbb/bonitoflakesmlbb/7492249579283336466.mp4,True,0.7794294357299805,4,1.0,0.8192929292929293,0.4843089959197965,0.8194736842105264,0.08302517361111111,bonitoflakesmlbb,7492249579283336466,https://www.tiktok.com/@bonitoflakesmlbb/video/7492249579283336466,Selena highlights 20 kills MVP. #MobileLegendsBangBang #mlbb #selenahighlights #selenamobilelegend #fyp,908,39,0
datasets/tiktok/mlbb/nilunaa/7602540026924109074.mp4,True,0.7791159152984619,4,1.0,0.55,0.7884839650145772,0.7759649122807017,0.08931423611111113,nilunaa,7602540026924109074,https://www.tiktok.com/@nilunaa/video/7602540026924109074,Top best Skin for Chou 🔥 #MLBB×KOF #MLBB #mobilelegends #MLBBChou #nilunaa,134200,1672,38
datasets/tiktok/mlbb/bonitoflakesmlbb/7477801029484989714.mp4,True,0.7789033651351929,4,1.0,0.6984848484848485,0.5926324101068999,0.7301754385964913,0.10753797743055556,bonitoflakesmlbb,7477801029484989714,https://www.tiktok.com/@bonitoflakesmlbb/video/7477801029484989714,11th Win Streak using this Synergy 😊. #magicchess #winstreak #mlbb,216,6,4
datasets/tiktok/mlbb/willdominateyougg/7644863513239817490.mp4,True,0.7775697112083435,4,1.0,0.7792929292929293,0.39532228069799347,0.9892982456140351,0.08291124131944444,willdominateyougg,7644863513239817490,https://www.tiktok.com/@willdominateyougg/video/7644863513239817490,Argus 4X passive🤫 #MLBB #argus #hidan #willdominateyougg #fyp,91700,5620,83
datasets/tiktok/mlbb/nilunaa/7612585410694352136.mp4,True,0.7774696350097656,4,1.0,0.7839393939393938,0.4284401126522038,1.0,0.06987630208333334,nilunaa,7612585410694352136,https://www.tiktok.com/@nilunaa/video/7612585410694352136,Tigreal Collector - Mac 2026 🔥  #MLBBGoldenMonth #MLBBGoldenTurtle #MLBBNEWSKIN #MLBB #mobilelegends,5187,99,4
datasets/tiktok/mlbb/mlbbttofficial/7625209213333015828.mp4,True,0.7773529291152954,4,1.0,0.6475757575757576,0.7449222546161322,0.6450877192982456,0.09598090277777778,mlbb-official,7625209213333015828,https://www.tiktok.com/@mlbbttofficial/video/7625209213333015828,The last frame: snap! #MLBBMARCEL #MLBBNEWHERO #1hero2fun #MobileLegendsBangBang #GOSTARGO,70000,6931,79
datasets/tiktok/mlbb/bonitoflakesmlbb/7499631939272412434.mp4,True,0.7762766480445862,4,1.0,0.6981818181818182,0.46132497641913905,0.9856140350877193,0.0884450954861111,bonitoflakesmlbb,7499631939272412434,https://www.tiktok.com/@bonitoflakesmlbb/video/7499631939272412434,Selena Maniac.  #mlbb #selenahighlights #fyp  #selenazenith #mobilelegends,1458,51,0
datasets/tiktok/mlbb/mlbbttofficial/7633321060347153684.mp4,True,0.7761291265487671,4,1.0,0.8162626262626262,0.6090379008746356,0.6607017543859649,0.07723524305555556,mlbb-official,7633321060347153684,https://www.tiktok.com/@mlbbttofficial/video/7633321060347153684,"ALLSTAR 2026 NOW LIVE! ⚔️ New Battlefield, New Rewards. Win REAL gold accessory, diamonds, and skins! Ends 6/28.  #MLBBALLSTAR#MLBBrealgold",40900000,54000,967
datasets/tiktok/mlbb/cedxvi/7461295372959468808.mp4,True,0.7760190963745117,4,1.0,0.8174747474747475,0.43398381227491,0.8977192982456139,0.07706271701388889,cedxvi,7461295372959468808,https://www.tiktok.com/@cedxvi/video/7461295372959468808,Johnson Legend Skin🥶#TopGlobalJohnson #Cedxvi #MLBBSkinGifts #MobileLegendsBangBang #MLBB,1600000,114000,788
datasets/tiktok/mlbb/nilunaa/7623739470331874568.mp4,True,0.7759383916854858,4,1.0,0.7720202020202019,0.463228862973761,0.9635087719298245,0.0692578125,nilunaa,7623739470331874568,https://www.tiktok.com/@nilunaa/video/7623739470331874568,Zetian - Sunset Luminance #MLBB #mobilelegends #MLBBNEWSKIN #MLBBStarlight #nilunaa,28700,348,49
datasets/tiktok/mlbb/nilunaa/7627772754376379655.mp4,True,0.7758651971817017,4,1.0,0.4333333333333333,0.7708333333333334,0.7357894736842104,0.13662651909722223,nilunaa,7627772754376379655,https://www.tiktok.com/@nilunaa/video/7627772754376379655,Valetina 💀 #MYtimeMYera #ItsMYTime #MPLMYS17 #MLBB #mobilelegends,233100,15600,50
datasets/tiktok/mlbb/nilunaa/7620435876891381012.mp4,True,0.7756995558738708,4,1.0,0.512929292929293,0.8125,0.7049122807017543,0.10404188368055556,nilunaa,7620435876891381012,https://www.tiktok.com/@nilunaa/video/7620435876891381012,"Kalau tak screenshot, rasa macam rugi hidup #MLBBS40 #MLBBMarcel #MLBBGoldenMonth #MLBB #mobilelegends",6075,89,7
datasets/tiktok/mlbb/willdominateyougg/7645567366864145672.mp4,True,0.7756659984588623,4,1.0,0.6681818181818182,0.5974854227405249,0.8492982456140351,0.087001953125,willdominateyougg,7645567366864145672,https://www.tiktok.com/@willdominateyougg/video/7645567366864145672,#MLBBALLSTAR #MLBBFV #MLBBDreadsea #MLBBSiren #MLBBTidalGoldRush,10500,541,26
datasets/tiktok/mlbb/nilunaa/7636327373914393874.mp4,True,0.7750248908996582,4,1.0,0.6354545454545454,0.7268586005830904,0.6973684210526315,0.09093315972222223,nilunaa,7636327373914393874,https://www.tiktok.com/@nilunaa/video/7636327373914393874,Obsidia Combo Skill  #MLBBStarlight #MLBBObsidia #MLBB #mobilelegends #nilunaa,40700,615,6
datasets/tiktok/mlbb/bonitoflakesmlbb/7498188516241804562.mp4,True,0.7741097211837769,4,1.0,1.0,0.5590830528640027,0.4563157894736842,0.07390624999999999,bonitoflakesmlbb,7498188516241804562,https://www.tiktok.com/@bonitoflakesmlbb/video/7498188516241804562,1 vs 1 with Suyou 😉 #selenamlbb #selenamontage #selenatiktok #mlbb #fyp #mobilelegendsbangbang,962,16,1
datasets/tiktok/mlbb/nilunaa/7641160238267125000.mp4,True,0.7740240097045898,4,1.0,0.8464646464646465,0.38497327502429546,0.9591228070175438,0.06658854166666667,nilunaa,7641160238267125000,https://www.tiktok.com/@nilunaa/video/7641160238267125000,Pharsa AllStar Skin ✅ #MLBBALLSTAR #MLBB #mobilelegends #MLBBPharsa #nilunaa,4078,65,11
datasets/tiktok/mlbb/nilunaa/7638990694811487506.mp4,True,0.7739343047142029,4,1.0,0.5585858585858585,0.75,0.7278947368421052,0.10040690104166666,nilunaa,7638990694811487506,https://www.tiktok.com/@nilunaa/video/7638990694811487506,Combo Hero Alice  #MLBB #MLBBNewSkin #mobilelegends #MLBBAlice #nilunaa,6947,150,2
datasets/tiktok/mlbb/willdominateyougg/7644116036882582802.mp4,True,0.7735320329666138,4,1.0,0.871010101010101,0.3888891136811867,0.9164912280701755,0.06602973090277778,willdominateyougg,7644116036882582802,https://www.tiktok.com/@willdominateyougg/video/7644116036882582802,bwa bwa bwa #MLBB #mobilelegendsbangbang #willdominateyougg #fyp #rabbidsinvasion,1400000,73900,619
datasets/tiktok/mlbb/mobilelegendsmy/7640480476104314120.mp4,True,0.7725415825843811,4,1.0,0.6278787878787879,0.7600461613216716,0.6399999999999999,0.09244249131944444,mobilelegendsmy,7640480476104314120,,,,,
datasets/tiktok/mlbb/nilunaa/7617085254276369672.mp4,True,0.7710447311401367,4,1.0,0.5282828282828282,0.810860058309038,0.7147368421052631,0.09154839409722222,nilunaa,7617085254276369672,https://www.tiktok.com/@nilunaa/video/7617085254276369672,Tutorial Marcel - Passive   #MLBBMarcel #MLBBS40 #MLBBNEWHERO #MLBBGoldenMonth #MLBB,26400,477,10
datasets/tiktok/mlbb/saikyuun_/7442641424924888338.mp4,True,0.7704650163650513,4,0.75,0.8356565656565657,0.7291180758017493,0.8143859649122807,0.09853081597222221,saikyuun-,7442641424924888338,https://www.tiktok.com/@saikyuun_/video/7442641424924888338,Lambing core #MLBB #mobilelegends #mlbbm6torchrelay #m6laysiaboleh #phm6claude #mlbbcreatorbase,17800,899,24
datasets/tiktok/mlbb/saikyuun_/7417055367487655186.mp4,True,0.7696484923362732,4,1.0,0.8424242424242425,0.536612448550849,0.5847368421052632,0.09641384548611112,saikyuun-,7417055367487655186,https://www.tiktok.com/@saikyuun_/video/7417055367487655186,Pa seminar mag edit ng gameplay 😵‍💫 #MLBB #phmcbacesleague #MLBBIN10SPamigay #mlbbskingifts #ph5thepicsurprise #mlbb8th #mlbbcelebr8 #mlbbcr8torparty,26000,1807,36
datasets/tiktok/mlbb/mlbbtopcreation/7216374682650463489.mp4,True,0.7694453001022339,4,1.0,0.8461616161616161,0.40473760932944614,0.8873684210526316,0.06977647569444444,mlbb-top-creation,7216374682650463489,https://www.tiktok.com/@mlbbtopcreation/video/7216374682650463489,gord plays @suneogaming_ #mobilelegends #mgl #mlbbcreatorcamp,2804,132,3
datasets/tiktok/mlbb/cedxvi/7637916048318024968.mp4,True,0.7686480283737183,4,1.0,0.8724242424242424,0.47415900735294114,0.6631578947368421,0.08722439236111111,cedxvi,7637916048318024968,https://www.tiktok.com/@cedxvi/video/7637916048318024968,13K MMR Johnson VS. 500Stars #MLBB #TruckKun #Cedxvi,51300,8320,104
datasets/tiktok/mlbb/nilunaa/7641540006082841874.mp4,True,0.7686351537704468,4,1.0,0.75010101010101,0.5072278911564626,0.8980701754385965,0.06738823784722223,nilunaa,7641540006082841874,https://www.tiktok.com/@nilunaa/video/7641540006082841874,Spot kedua 🔥 #MLBBALLSTAR #MLBBTidalFishing #MLBB #mobilelegends #nilunaa,470300,22000,300
datasets/tiktok/mlbb/mlbbdailyclips/7168296389825383681.mp4,True,0.7666276693344116,4,1.0,0.6855555555555555,0.4468780369290573,1.0,0.08055989583333334,mlbbdailyclips,7168296389825383681,https://www.tiktok.com/@mlbbdailyclips/video/7168296389825383681,Even Wise's AFK A.I was programmed to save OhMyV33NUS #ohmyv33nus #wisegaming #blacklistinternational #blacklistagent #ohmyv33wise #veewise #v33wise,53200,2604,18
datasets/tiktok/mlbb/mlbbttofficial/7627087000952147221.mp4,True,0.7666106224060059,4,1.0,0.6363636363636364,0.8833333333333333,0.4775438596491228,0.08075846354166667,mlbb-official,7627087000952147221,https://www.tiktok.com/@mlbbttofficial/video/7627087000952147221,Watch out! Franco is stealing skills. So that's how the hook Ultimate in Frozen Sea Showdown came to be... 🤔 #MobileLegendsBangBang #MLBBNewMode #MLBBFrozenSeaShowdown #MLBBS40,2300000,53900,447
datasets/tiktok/mlbb/cedxvi/7422280944570191112.mp4,True,0.7665586471557617,4,1.0,0.7552525252525253,0.48995098932430114,0.826140350877193,0.08263997395833333,cedxvi,7422280944570191112,https://www.tiktok.com/@cedxvi/video/7422280944570191112,Ducati Vs. Mustang 😅 #mlbb #cedxvi,61300,3481,59
datasets/tiktok/mlbb/willdominateyougg/7554614294348893458.mp4,True,0.7664198875427246,4,1.0,0.6695959595959596,0.4850256307880295,1.0,0.07451714409722222,willdominateyougg,7554614294348893458,https://www.tiktok.com/@willdominateyougg/video/7554614294348893458,#MLBBOBSIDIA #MLBBNEXT2025 #READYFORNEXT #MLBB #fyp,442000,61400,261
datasets/tiktok/mlbb/saikyuun_/7424084869090725127.mp4,True,0.7661070823669434,4,1.0,0.5988888888888888,0.7291666666666666,0.5735087719298246,0.11509114583333334,saikyuun-,7424084869090725127,https://www.tiktok.com/@saikyuun_/video/7424084869090725127,Thankyou Beyonce kasi binigyan mo ko ng cute na boyfriend 🗣️🗣️ @Yunan #mlbb8th #MLBB #mobilelegendsbangbang #mlbbcelebr8 #mlbbcr8torparty,100400,7668,123
datasets/tiktok/mlbb/shrxking_fear/7626337300439420167.mp4,True,0.7660572528839111,4,1.0,0.6968686868686869,0.547993710877208,0.8521052631578947,0.07837022569444445,shrxking-fear,7626337300439420167,https://www.tiktok.com/@shrxking_fear/video/7626337300439420167,:poganda_ras,178,2,0
datasets/tiktok/mlbb/mobilelegends_id/7636654567954074900.mp4,True,0.7659826278686523,4,1.0,0.5755555555555556,0.8177599611273081,0.6880701754385964,0.07378255208333334,mobilelegends-id,7636654567954074900,https://www.tiktok.com/@mobilelegends_id/video/7636654567954074900,"Ikuti event ""Perburuan Harta Ombak"" untuk mendapatkan aksesori emas eksklusif ALLSTAR secara GRATIS! 26Y Allstar Collection-Yu Zhong 999.9 Gold Coin yang berharga dan indah sudah siap. Siapakah yang akan menjadi pemenang beruntung berikutnya? Catatan: Pengiriman hadiah emas fisik saat ini tidak tersedia di beberapa wilayah. Dalam hal ini, Diamond dalam game dengan jumlah yang setara akan diberikan sebagai gantinya. Hasil akhir bergantung pada pengiriman hadiah yang sebenarnya. #MLBBAllstar #MLBBrealgold #MobileLegendsBangBang #MLBBXCTF",280900,1534,139
datasets/tiktok/mlbb/bonitoflakesmlbb/7439644076003085623.mp4,True,0.7657746076583862,4,1.0,0.834949494949495,0.2940339617990053,1.0,0.07620551215277778,bonitoflakesmlbb,7439644076003085623,https://www.tiktok.com/@bonitoflakesmlbb/video/7439644076003085623,Nolan deleting feelings 💔 #fypシ゚viralシ #mlbbhighlights #MLBB #MobileLegendsBangBang #mobilelegendstiktok,1004,28,3
datasets/tiktok/mlbb/nilunaa/7618897207760129300.mp4,True,0.7656779289245605,4,1.0,0.6685858585858586,0.6335641399416909,0.7717543859649123,0.07911458333333334,nilunaa,7618897207760129300,https://www.tiktok.com/@nilunaa/video/7618897207760129300,Marcel passive ni memang broken #MLBBMarcel #MLBBS40 #MLBBNEWHERO #MLBB #mobilelegends,7376,111,6
datasets/tiktok/mlbb/cedxvi/7013279665754230043.mp4,True,0.7655167579650879,4,1.0,0.6648484848484848,0.6454444858300463,0.7489473684210526,0.08140733506944445,cedxvi,7013279665754230043,https://www.tiktok.com/@cedxvi/video/7013279665754230043,Optimus carrying Dinosaur.😝 #Cedxvi,99400,11900,132
datasets/tiktok/mlbb/mobilelegendsmy/7645486570639789330.mp4,True,0.7629255652427673,4,1.0,0.8740404040404041,0.33705859575973246,0.826140350877193,0.09586805555555555,mobilelegendsmy,7645486570639789330,,,,,
datasets/tiktok/mlbb/nilunaa/7623041086692347143.mp4,True,0.7627263069152832,4,1.0,0.6454545454545454,0.524037476597782,0.9542105263157894,0.07550672743055555,nilunaa,7623041086692347143,https://www.tiktok.com/@nilunaa/video/7623041086692347143,Selamat Hari Raya ❤️ #MLBBxNaruto #MLBB #mobilelegends #nilunaa,16200,445,174
datasets/tiktok/mlbb/willdominateyougg/7594023236493495570.mp4,True,0.7624964714050293,4,1.0,0.7002020202020202,0.6738398931000972,0.6485964912280702,0.07914605034722223,willdominateyougg,7594023236493495570,https://www.tiktok.com/@willdominateyougg/video/7594023236493495570,Kyōka Suigetsu #MLBB #mobilelegendsbangbang #argus #aizen #willdominateyougg,136800,9782,88
datasets/tiktok/mlbb/nilunaa/7605562918280629522.mp4,True,0.7619620561599731,4,1.0,0.4983838383838384,0.893974732750243,0.6129824561403509,0.08626844618055556,nilunaa,7605562918280629522,https://www.tiktok.com/@nilunaa/video/7605562918280629522,Combo ulti Guin 🔥  #MLBBxKOF #MLBBKOFSkinFreeTrial #MLBBxOPPO #mobilelegends #MLBB,230400,5103,28
datasets/tiktok/mlbb/mlbbttofficial/7611751666290838805.mp4,True,0.7611188888549805,4,0.75,0.7943434343434344,0.7241253644314869,0.757719298245614,0.12211371527777778,mlbb-official,7611751666290838805,https://www.tiktok.com/@mlbbttofficial/video/7611751666290838805,"The Miya ""Arrow of Spring"" and Floryn ""Herald of Autumn"" Cosplay Showcase is here! The girls have arrived to create an exclusive Eternal Seasons: Spring & Fall scene for all players. They are inviting you! Tap the video to accept the invitation! #MobileLegendsBangBang #MLBBNewSkin #MLBBEternalSeasons",644900,6832,174
datasets/tiktok/mlbb/saikyuun_/7404022150329421063.mp4,True,0.7608746290206909,4,1.0,1.0,0.4244005905933802,0.49526315789473685,0.08597330729166666,saikyuun-,7404022150329421063,https://www.tiktok.com/@saikyuun_/video/7404022150329421063,Replying to @™Prime✓° This trend 👀 #MLBB #MobileLegends ##mlbb_indonesia#mobilelegends_id #fyp,35100,2455,95
datasets/tiktok/mlbb/willdominateyougg/7612930046264642834.mp4,True,0.760595440864563,4,1.0,0.6708080808080809,0.5669946550048591,0.8510526315789474,0.07401041666666666,willdominateyougg,7612930046264642834,https://www.tiktok.com/@willdominateyougg/video/7612930046264642834,#MLBB #willdominateyougg #argus #guts #fyp,492100,18300,141
datasets/tiktok/mlbb/mlbbttofficial/7612508671284612372.mp4,True,0.7603023052215576,4,1.0,0.4995959595959596,0.75,0.5407017543859649,0.139013671875,mlbb-official,7612508671284612372,https://www.tiktok.com/@mlbbttofficial/video/7612508671284612372,"Floryn ""Herald of Autumn"" is ready 🌿. What is cute? THIS is cute!! #MobileLegendsBangBang #MLBBNewSkin #MLBBEternalSeasons",842900,24300,200
datasets/tiktok/mlbb/willdominateyougg/7553562968001154311.mp4,True,0.7601473331451416,4,1.0,0.9343434343434344,0.2999514091350826,1.0,0.036432291666666665,willdominateyougg,7553562968001154311,https://www.tiktok.com/@willdominateyougg/video/7553562968001154311,#MLBB #fyp #alicemlbb,189400,12200,105
datasets/tiktok/mlbb/nilunaa/7602923419557989639.mp4,True,0.7599157691001892,4,1.0,0.6313131313131313,0.6489067055393587,0.7421052631578947,0.08470377604166666,nilunaa,7602923419557989639,https://www.tiktok.com/@nilunaa/video/7602923419557989639,Jujur skin biasa jah tapi sound effect 🔥 #MLBBValentines #MLBB #mobilelegends #MLBBLancelot #nilunaa,10400,211,8
datasets/tiktok/mlbb/nilunaa/7607752098138049810.mp4,True,0.7598767280578613,4,1.0,0.7004040404040404,0.5553571428571429,0.6792982456140352,0.10246202256944445,nilunaa,7607752098138049810,https://www.tiktok.com/@nilunaa/video/7607752098138049810,Emote okay ke tu? By Daiyan Trisya #MLBelanjaBaik #OkKeTu #MobileLegendsBangbang #MLBB #nilunaa,147400,3002,101
datasets/tiktok/mlbb/cedxvi/7584832452183543058.mp4,True,0.7598194479942322,4,1.0,0.7379797979797981,0.5302782675570228,0.7719298245614035,0.07881401909722222,cedxvi,7584832452183543058,https://www.tiktok.com/@cedxvi/video/7584832452183543058,Crazy Al🤖  #MLBBFriendFest #MLBBSORA #MLBBCreator,1000000,80200,572
datasets/tiktok/mlbb/nilunaa/7627870897998744839.mp4,True,0.7593894004821777,4,1.0,0.6191919191919192,0.5893933823529411,0.7607017543859649,0.10058051215277779,nilunaa,7627870897998744839,https://www.tiktok.com/@nilunaa/video/7627870897998744839,Effect Skin Layout Basic Attack 🔥 #mobilelegends #MLBB #MLBBNewSkin #nilunaa,118900,2124,132
datasets/tiktok/mlbb/willdominateyougg/7616689786086083847.mp4,True,0.7587064504623413,4,1.0,0.8231313131313132,0.43466590207511574,0.8101754385964912,0.07002170138888889,willdominateyougg,7616689786086083847,https://www.tiktok.com/@willdominateyougg/video/7616689786086083847,#MLBB #argus #toji #willdominateyougg #fyp,4300000,382200,2768
datasets/tiktok/mlbb/saikyuun_/7349764390373035270.mp4,True,0.7585875988006592,4,0.75,0.7613131313131313,0.8958333333333334,0.7184210526315788,0.07861653645833333,saikyuun-,7349764390373035270,https://www.tiktok.com/@saikyuun_/video/7349764390373035270,"First Chip, now Nana. Who's next? ☺️ #MLBB #MobileLegends #phmcbacesleague #mlbbtaralaro #mlbballstar #mobilelegends_id #mlbb_indonesia #fyp",1800000,174300,2165
datasets/tiktok/mlbb/shrxking_fear/7619679948416011528.mp4,True,0.7575638294219971,4,0.75,0.7651515151515151,0.69375,0.7763157894736842,0.13580403645833333,shrxking-fear,7619679948416011528,https://www.tiktok.com/@shrxking_fear/video/7619679948416011528,#viral #fyyyyyyyyyyyyyyyyp #myedit #plslike,1442,44,13
datasets/tiktok/mlbb/mlbbtopcreation/7217645504409193729.mp4,True,0.7575240135192871,4,0.75,0.75,0.75,0.7759649122807017,0.11624891493055556,mlbb-top-creation,7217645504409193729,https://www.tiktok.com/@mlbbtopcreation/video/7217645504409193729,granger plays @yt.luciotvofficial #mobilelegends #mgl #mllbbcreatorcamp,2411,102,5
datasets/tiktok/mlbb/nilunaa/7605495522832420103.mp4,True,0.757386326789856,4,1.0,0.5537373737373736,0.7216107871720117,0.7014035087719299,0.0932248263888889,nilunaa,7605495522832420103,https://www.tiktok.com/@nilunaa/video/7605495522832420103,Hilda Build & Skill Combo 2026 🔥 #MLBBHilda #MLBBNewSkin #mobilelegends #mobilelegends #nilunaa,21700,315,7
datasets/tiktok/mlbb/nilunaa/7640441749697170695.mp4,True,0.7560995817184448,4,1.0,0.8506060606060607,0.3164480077745384,0.9878947368421052,0.05469292534722223,nilunaa,7640441749697170695,https://www.tiktok.com/@nilunaa/video/7640441749697170695,Hmm #MLBBALLSTAR #MLBBTidalFishing #MLBB #mobilelegends #nilunaa,16600,166,15
datasets/tiktok/mlbb/mobilelegends_id/7644914142612114708.mp4,True,0.7557193040847778,4,0.75,0.8161616161616161,0.625,0.8775438596491227,0.11371744791666667,mobilelegends-id,7644914142612114708,https://www.tiktok.com/@mobilelegends_id/video/7644914142612114708,Test kekompakan yang bikin GEMESH!!! #AdaApaDenganWendy #WendyAllStarParty #MLBB #MLBBALLSTAR,123300,2033,55
datasets/tiktok/mlbb/cedxvi/7318312110767803653.mp4,True,0.7556635141372681,4,1.0,0.7956565656565657,0.75,0.21228070175438596,0.10890082465277778,cedxvi,7318312110767803653,https://www.tiktok.com/@cedxvi/video/7318312110767803653,Johnson 1 hand driving 😁 #mlbbjohnson #cedxvi,103100,2656,49
datasets/tiktok/mlbb/mobilelegendsmy/7635161607148014868.mp4,True,0.7554611563682556,4,1.0,0.5711111111111111,0.7823979591836735,0.6756140350877192,0.07358181423611111,mobilelegendsmy,7635161607148014868,,,,,
datasets/tiktok/mlbb/willdominateyougg/7555449435598228754.mp4,True,0.75471431016922,4,1.0,0.5631313131313131,0.6574708454810496,0.7729824561403509,0.09003038194444443,willdominateyougg,7555449435598228754,https://www.tiktok.com/@willdominateyougg/video/7555449435598228754,#MLBBNEXT2025 #READYFORNEXT #MLBB #francotiktok #fyp,141200,6677,84
datasets/tiktok/mlbb/mobilelegends_id/7638884868524395797.mp4,True,0.7545709013938904,4,1.0,0.7414141414141413,0.7813532555879494,0.25333333333333335,0.110908203125,mobilelegends-id,7638884868524395797,https://www.tiktok.com/@mobilelegends_id/video/7638884868524395797,"Festival Cahaya Harapan telah hadir. Banner berkibar di seluruh Land of Dawn saat semua Commander berkumpul di jalanan, menikmati kendaraan pawai, bermain MCGG bersama, dan merayakannya di Go Go Club. Anniversary ke-1 Go Go Club telah tiba! Semua Commander MCGG telah berkumpul! Kami menantikan kehadiranmu pada 13/05! Ketuk video untuk melihat bagaimana para Commander merayakan Anniversary ke-1 MCGG! Season 6: Festival Cahaya Harapan akan hadir pada 13/05! Skin MLBB edisi terbatas milik Layla, ""Blue Specter"", telah didesain ulang dan tersedia gratis di MCGG! Jangan lewatkan Chessboard anniversary gratis! Kejutan dan bonus lainnya telah menantimu! #MagicChessGoGo #MCGG #MCGGSeason6 #S6DawnlightCelebration #MCGG1ST",19100,742,43
datasets/tiktok/mlbb/nilunaa/7627082802957274375.mp4,True,0.7545268535614014,4,1.0,0.8650505050505051,0.2819606413994169,1.0,0.05531792534722223,nilunaa,7627082802957274375,https://www.tiktok.com/@nilunaa/video/7627082802957274375,Member dia menekan 💀 #MLBB #mobilelegends #MLBBMPL #MYtimeMYera #MPLMYS17,87900,2404,16
datasets/tiktok/mlbb/cedxvi/7580222119187991816.mp4,True,0.7543545961380005,4,0.75,0.9533333333333334,0.6041666666666666,0.7536842105263157,0.08825629340277778,cedxvi,7580222119187991816,https://www.tiktok.com/@cedxvi/video/7580222119187991816,Gulat sila eh😂 #MLBB #MLBBFriendFest #MLBBxSpongeBob,1400000,110800,377
datasets/tiktok/mlbb/nilunaa/7645305147404504327.mp4,True,0.7538136839866638,4,1.0,0.5597979797979797,0.7431486880466472,0.6650877192982456,0.08802083333333333,nilunaa,7645305147404504327,https://www.tiktok.com/@nilunaa/video/7645305147404504327,Ling - Ultimate Effect 🔥🔥🔥 #MLBBALLSTAR #MLBBTidalFishing #MLBBRollingTides #MLBB #mobilelegends,5421,95,8
datasets/tiktok/mlbb/mobilelegendsmy/7644828786042866965.mp4,True,0.7537809610366821,4,1.0,0.6365656565656566,0.7131316812439262,0.6782456140350877,0.07003580729166667,mobilelegendsmy,7644828786042866965,,,,,
datasets/tiktok/mlbb/saikyuun_/7456709358488014098.mp4,True,0.7533814907073975,4,1.0,0.5121212121212121,0.7288629737609329,0.6980701754385965,0.09935655381944444,saikyuun-,7456709358488014098,https://www.tiktok.com/@saikyuun_/video/7456709358488014098,Nalimutan niya atang ako yung roam 🥲 #MLBB #mobilelegends #phmcbacesleague #mlbbcreatorbase #phemberwispmysticzhuxin,352600,14300,123
datasets/tiktok/mlbb/mlbbttofficial/7636738582098595073.mp4,True,0.7532545328140259,4,1.0,0.5648484848484849,0.7764577259475218,0.6835087719298245,0.07261067708333334,mlbb-official,7636738582098595073,https://www.tiktok.com/@mlbbttofficial/video/7636738582098595073,"Participate in the ""Tidal Treasure Hunt"" event to get an ALLSTAR exclusive gold accessory for FREE! The precious and exquisite 26Y Allstar Collection-Yu Zhong 999.9 Gold Coin is ready. Who will be the next lucky winner? Note: Physical gold reward delivery is currently not available in certain regions. In such cases, an equivalent amount of in-game Diamonds will be issued instead. Final results are subject to the actual reward distribution. #MLBBAllstar #MLBBrealgold #MobileLegendsBangBang #MLBBXCTF",1100000,6188,274
datasets/tiktok/mlbb/mlbbdailyclips/7073769132910529793.mp4,True,0.7530190944671631,4,1.0,0.8406060606060606,0.5833333333333334,0.4831578947368421,0.08257703993055557,mlbbdailyclips,7073769132910529793,https://www.tiktok.com/@mlbbdailyclips/video/7073769132910529793,MIYA SAVAGE in MPL #mlbb#onicesport#ml#evoslegends#evosrekt#rrqhoshi#rrq#aurafire#nxpevos#h2wo#renejay#gaming#onicsanz#oniccw#onicvior#echophilippines,1108,7,0
datasets/tiktok/mlbb/mlbbesports_official/7598980455739804935.mp4,True,0.7525376081466675,4,1.0,0.841919191919192,0.5151117589893099,0.531578947368421,0.09069010416666667,mlbb-esports,7598980455739804935,https://www.tiktok.com/@mlbbesports_official/video/7598980455739804935,"The winner takes it all, indeed #MLBBEsports #MLBBM7 #MobileLegendsBangBang #M7 #LetTheWorldSeeUs",2900000,230800,2638
datasets/tiktok/mlbb/shrxking_fear/7616343791942913287.mp4,True,0.7522430419921875,4,1.0,1.0,0.11140670553935861,1.0,0.058463541666666674,shrxking-fear,7616343791942913287,https://www.tiktok.com/@shrxking_fear/video/7616343791942913287,#fyyyyyyyyyyyyyyyyp #viral,110,2,0
datasets/tiktok/mlbb/nilunaa/7628168484999941383.mp4,True,0.7515168786048889,4,1.0,0.5263636363636364,0.5533767122920596,0.9068421052631578,0.0987521701388889,nilunaa,7628168484999941383,https://www.tiktok.com/@nilunaa/video/7628168484999941383,Dynamic Potrait Fanny 🔥 #MLBBNewSkin #MLBBFanny #MLBB #mobilelegends #nilunaa,273900,6287,34
datasets/tiktok/mlbb/mlbbtopcreation/7221358402478378242.mp4,True,0.7508243322372437,4,0.75,0.75,0.7291666666666666,0.7940350877192982,0.10470160590277777,mlbb-top-creation,7221358402478378242,https://www.tiktok.com/@mlbbtopcreation/video/7221358402478378242,lancelot  plays @haisekyut #mobilelegends #mgl #mlbbcreatorcamp,6856,358,5
datasets/tiktok/mlbb/bonitoflakesmlbb/7490753742996868370.mp4,True,0.7506710290908813,4,1.0,0.9372727272727273,0.3672351306594066,0.6736842105263157,0.07105902777777777,bonitoflakesmlbb,7490753742996868370,https://www.tiktok.com/@bonitoflakesmlbb/video/7490753742996868370,There's no escape with Selena. #selenamlbb #selenamontage #selenatiktok #selenahighlights #mobilelegends #fyp #mlbb #MobileLegendsBangBang,334,13,0
datasets/tiktok/mlbb/mlbbttofficial/7642948604147272980.mp4,True,0.7504515647888184,4,1.0,0.463030303030303,0.6911807580174927,0.7219298245614035,0.11622178819444445,mlbb-official,7642948604147272980,https://www.tiktok.com/@mlbbttofficial/video/7642948604147272980,"When we recreate Pharsa ""Seasworn Oracle"" skin portrait with real-life cosplay... #MLBBAllstar #MobileLegendsBangBang #MLBBNewSkin",834800,9956,236
datasets/tiktok/mlbb/bonitoflakesmlbb/7494079059215846674.mp4,True,0.7504082918167114,4,1.0,0.8408080808080808,0.484015043517407,0.6147368421052631,0.07982530381944444,bonitoflakesmlbb,7494079059215846674,https://www.tiktok.com/@bonitoflakesmlbb/video/7494079059215846674,Hindi pwede sakin yang attitude mo Kagura. #selenazenith #selenahighlights #selenamlbb #mlbbhighlights #mobilelegends #fyp  #mobilelegendsbangbang,1345,43,0
datasets/tiktok/mlbb/willdominateyougg/7599592293812768018.mp4,True,0.7501993179321289,4,1.0,0.583939393939394,0.46847060252672496,1.0,0.08390733506944444,willdominateyougg,7599592293812768018,https://www.tiktok.com/@willdominateyougg/video/7599592293812768018,how did bro get there?💀 #MLBB #mobilelegendsbangbang #argus #toji #willdominateyougg,335000,19300,126
datasets/tiktok/mlbb/nilunaa/7643740034243382546.mp4,True,0.7499358654022217,4,1.0,0.5727272727272728,0.5567642503429944,0.9443859649122806,0.07370659722222221,nilunaa,7643740034243382546,https://www.tiktok.com/@nilunaa/video/7643740034243382546,Akhirnta ikan legend terakhir 🐟 #MLBBALLSTAR #MLBBTidalFishing #MLBB #mobilelegends #nilunaa,33300,1010,33
datasets/tiktok/mlbb/cedxvi/7405969368523361544.mp4,True,0.7497698068618774,4,0.75,0.767070707070707,0.6666666666666666,0.8210526315789474,0.12798719618055557,cedxvi,7405969368523361544,https://www.tiktok.com/@cedxvi/video/7405969368523361544,Talo tlaga kahit top 1 global haha #mlbb #cedxvi,365800,30600,460
datasets/tiktok/mlbb/mlbbclips/7117299591468387590.mp4,True,0.7495547533035278,4,1.0,0.9305050505050505,0.38091251679243127,0.6436842105263159,0.07398546006944445,mlbbclips,7117299591468387590,https://www.tiktok.com/@mlbbclips/video/7117299591468387590,Someone nerf this girl 💀 #mlbb  #mobilelegends  #lol,747,18,1
datasets/tiktok/mlbb/mlbbtopcreation/7218884854379826434.mp4,True,0.7493529319763184,4,0.75,0.75,0.75,0.7340350877192983,0.11877387152777777,mlbb-top-creation,7218884854379826434,https://www.tiktok.com/@mlbbtopcreation/video/7218884854379826434,kagura plays  @aster_ml #mobilelegends #mgl #mlbbcreatorcamp,2843,182,4
datasets/tiktok/mlbb/mlbbdailyclips/7073758160154021121.mp4,True,0.7482130527496338,4,1.0,0.7405050505050506,0.4666666666666666,0.6768421052631579,0.09989691840277778,mlbbdailyclips,7073758160154021121,https://www.tiktok.com/@mlbbdailyclips/video/7073758160154021121,CLUTCH 3man Knockup by NXPE RENEJAY #mlbb#mlbbtiktok#ml#rrq#evosesports#nxpevos#onicesport#blacklistinternational#aurafire#echophilippines#brenesports,1701,12,0
datasets/tiktok/mlbb/mobilelegendsmy/7638848413039136018.mp4,True,0.7481955289840698,4,1.0,0.743030303030303,0.7379008746355685,0.25684210526315787,0.11364583333333333,mobilelegendsmy,7638848413039136018,,,,,
datasets/tiktok/mlbb/willdominateyougg/7598853303803464968.mp4,True,0.7481917142868042,4,1.0,0.9568686868686869,0.29687490174641284,0.787719298245614,0.05800347222222223,willdominateyougg,7598853303803464968,https://www.tiktok.com/@willdominateyougg/video/7598853303803464968,#MLBB #mobilelegendsbangbang #argus #guts #willdominateyougg,707600,38800,503
datasets/tiktok/mlbb/saikyuun_/7420394882520354056.mp4,True,0.7481697201728821,4,1.0,0.4309090909090909,0.5541666666666667,0.9959649122807017,0.1051681857638889,saikyuun-,7420394882520354056,https://www.tiktok.com/@saikyuun_/video/7420394882520354056,"Brainrot MLBB filter, finally got Mythic 👹 #mlbb8th #mlbbcelebr8 #mlbbcr8torparty #MLBB #phjoinMLBBparty #mlbb_indonesia #mobilelegends_id",472600,8593,96
datasets/tiktok/mlbb/mlbbesports_official/7598936301081087250.mp4,True,0.7467016577720642,4,1.0,0.8436363636363637,0.33541803775081463,0.8152631578947368,0.07444444444444444,mlbb-esports,7598936301081087250,https://www.tiktok.com/@mlbbesports_official/video/7598936301081087250,Alter Ego has ZERO chill 🥶 #MLBBEsports #MLBBM7 #MobileLegendsBangBang #M7 #LetTheWorldSeeUs,228200,5329,61
datasets/tiktok/mlbb/mlbbttofficial/7632451843645377793.mp4,True,0.7466117143630981,4,1.0,0.7537373737373738,0.39626195120905505,0.8380701754385964,0.08029405381944443,mlbb-official,7632451843645377793,https://www.tiktok.com/@mlbbttofficial/video/7632451843645377793,Insane highlights ahead! You can't even imagine the joy of a hook player. #MobileLegendsBangBang #MLBBNewMode #MLBBFrozenSeaShowdown #MLBBS40,361700,6089,157
datasets/tiktok/mlbb/nilunaa/7641864399417855239.mp4,True,0.7464083433151245,4,1.0,0.5204040404040404,0.5973032069970846,0.9333333333333333,0.07603732638888888,nilunaa,7641864399417855239,https://www.tiktok.com/@nilunaa/video/7641864399417855239,🗿🎣 #MLBBALLSTAR #MLBBTidalFishing #MLBB #mobilelegends #nilunaa,25000,705,24
datasets/tiktok/mlbb/mobilelegends_id/7636252584876969236.mp4,True,0.7463101148605347,4,1.0,0.5106060606060606,0.8198372206025266,0.6770175438596491,0.06924479166666667,mobilelegends-id,7636252584876969236,https://www.tiktok.com/@mobilelegends_id/video/7636252584876969236,"Aku dengar ada yang  sudah menemukan harta karun di ""Perburuan Harta Ombak""? 👀 Ketuk video untuk melihat 26Y Allstar Collection-Yu Zhong Dragon 999 Gold Charm! Catatan: Pengiriman hadiah emas fisik saat ini tidak tersedia di beberapa wilayah. Dalam hal ini, Diamond dalam game dengan jumlah yang setara akan diberikan sebagai gantinya. Hasil akhir bergantung pada pengiriman hadiah yang sebenarnya. #MLBBAllstar #MLBBrealgold #ChowTaiFook #MLBBXCTF #MobileLegendsBangBang",23500000,47100,2124
datasets/tiktok/mlbb/nilunaa/7637073762206190856.mp4,True,0.7462807893753052,4,1.0,0.6458585858585859,0.6441326530612246,0.6033333333333333,0.09187499999999998,nilunaa,7637073762206190856,https://www.tiktok.com/@nilunaa/video/7637073762206190856,Tide Siege - Ez final bos 😂  #MLBBALLSTAR #MLBBNewMode #MLBBCreator #MLBB #mobilelegends,252400,6092,244
datasets/tiktok/mlbb/nilunaa/7610389200495512850.mp4,True,0.7461183667182922,4,1.0,0.577979797979798,0.6879737609329446,0.6191228070175439,0.09704752604166667,nilunaa,7610389200495512850,https://www.tiktok.com/@nilunaa/video/7610389200495512850,Natan kena gank 5 orang  #MLBBGoldenMonth #MLBB #Mobilelegendsbangbang #MakeYourGoldenMoment #nilunaa,12900,227,7
datasets/tiktok/mlbb/nilunaa/7626266498671185160.mp4,True,0.7460825443267822,4,1.0,0.5707070707070707,0.6249878522837706,0.8021052631578948,0.07930338541666666,nilunaa,7626266498671185160,https://www.tiktok.com/@nilunaa/video/7626266498671185160,Hero Karrie Full Combo & Build Item  #MLBBNewSkin #MLBBMPL #MLBB #mobilelegends #nilunaa,11200,264,8
datasets/tiktok/mlbb/mlbbdailyclips/7442511566265797909.mp4,True,0.7457975149154663,4,1.0,0.572121212121212,0.6909985422740523,0.5849122807017543,0.1046017795138889,mlbbdailyclips,7442511566265797909,https://www.tiktok.com/@mlbbdailyclips/video/7442511566265797909,FAVIAN PUMASOK SA TATLO PATAY ANG GAGO!  #teamliquid #mplph #rrq #mplpihilippines #kelra #rrqhoshi #rrqkingdom #mobazane #ohmyveenus #balacklistinternational #yawi #kairi #rrqalberttt #srg #sekys #mplmalaysia #mplcambodia #mlbb #aeronshikii #tlid,32200,375,7
datasets/tiktok/mlbb/mlbbtopcreation/7208435524925803778.mp4,True,0.7457348108291626,4,0.75,0.75,0.7291666666666666,0.75,0.105146484375,mlbb-top-creation,7208435524925803778,https://www.tiktok.com/@mlbbtopcreation/video/7208435524925803778,melissa plays @yt.luciotvofficial #mobilelegends #mgl #mlbbcreatorcamp,3613,141,1
datasets/tiktok/mlbb/mlbbcreator/7318346453888322821.mp4,True,0.745713472366333,4,1.0,0.7514141414141414,0.29216472303207,1.0,0.07570963541666667,mlbbcreator,7318346453888322821,https://www.tiktok.com/@mlbbcreator/video/7318346453888322821,#mlbbm5 #betterthangreat #5ekarangindonesia,11100,283,14
datasets/tiktok/mlbb/nilunaa/7611517488815262994.mp4,True,0.7455719709396362,4,1.0,0.5480808080808081,0.7112244897959183,0.6443859649122807,0.09383029513888888,nilunaa,7611517488815262994,https://www.tiktok.com/@nilunaa/video/7611517488815262994,Disebabkan sekor Golden Turtle  #MLBBGoldenMonth #MLBBGoldenTurtle #MLBB #MLBBCreator #nilunaa,6222,134,5
datasets/tiktok/mlbb/bonitoflakesmlbb/7496755044834872584.mp4,True,0.7455109357833862,4,1.0,0.832020202020202,0.4975246929128795,0.5666666666666667,0.08208984375,bonitoflakesmlbb,7496755044834872584,https://www.tiktok.com/@bonitoflakesmlbb/video/7496755044834872584,Aggressive Selena ft. Tig 😉 #selenamlbb #selenahighlights #selenatiktok #mobilelegends #MobileLegendsBangBang #fyp #mlbb #mlbbhighlights,419,10,2
datasets/tiktok/mlbb/nilunaa/7616997476737813768.mp4,True,0.74550861120224,4,1.0,0.48353535353535354,0.8125,0.6043859649122806,0.09348198784722223,nilunaa,7616997476737813768,https://www.tiktok.com/@nilunaa/video/7616997476737813768,Hero kacau combo 😂  #MLBBMarcel #MLBBS40 #MLBBNEWHERO #MLBBGoldenMonth #MLBB,3806,69,1
datasets/tiktok/mlbb/saikyuun_/7628544072004668680.mp4,True,0.7453604936599731,4,0.75,0.8464646464646465,0.6377186588921283,0.852280701754386,0.07953993055555555,saikyuun-,7628544072004668680,https://www.tiktok.com/@saikyuun_/video/7628544072004668680,Ayaw ibigay yung savage #MLBBGetGetAw #MLBBxSexBomb #MLBBTagArAW #MLBB #fyp,26100,816,15
datasets/tiktok/mlbb/mlbbdailyclips/7073759718438636802.mp4,True,0.7449532747268677,4,1.0,0.7466666666666666,0.8,0.23052631578947366,0.09196289062499999,mlbbdailyclips,7073759718438636802,https://www.tiktok.com/@mlbbdailyclips/video/7073759718438636802,KarlTzy first MANIAC in MPL as an ECHO #mlbb#gaming#echophilippines#rrq#rrqhoshi#onicesport#onic#brenesports#mlbbttofficial#dogie#H2wo#renejay#nxpevos,1398,10,0
datasets/tiktok/mlbb/mobilelegendsmy/7643047154361093394.mp4,True,0.7449416518211365,4,1.0,0.466969696969697,0.6871355685131195,0.6903508771929824,0.1152788628472222,mobilelegendsmy,7643047154361093394,,,,,
datasets/tiktok/mlbb/cedxvi/7266433631730617606.mp4,True,0.7443687915802002,4,1.0,0.7046464646464646,0.6135932944606415,0.48631578947368426,0.10379774305555554,cedxvi,7266433631730617606,https://www.tiktok.com/@cedxvi/video/7266433631730617606,Mas mbilis 3rd skill ko brigs haha#cedxvi,66700,1347,1
datasets/tiktok/mlbb/nilunaa/7621846493099560210.mp4,True,0.7443625330924988,4,1.0,0.658989898989899,0.4415897117775682,1.0,0.060536024305555554,nilunaa,7621846493099560210,https://www.tiktok.com/@nilunaa/video/7621846493099560210,Naruto skin completed ✅  #MLBBxNaruto #MLBB #mobilelegends #nilunaa,121300,3439,167
datasets/tiktok/mlbb/nilunaa/7607356358752554258.mp4,True,0.7440663576126099,4,0.75,0.75,0.68694120505345,0.75,0.11922960069444444,nilunaa,7607356358752554258,https://www.tiktok.com/@nilunaa/video/7607356358752554258,Korang kena try Go Go MOBA  #MCGG #MagicChessGoGo #MCGGS5 #MCGGNeonGuardians #MLBB,32700,414,15
datasets/tiktok/mlbb/mobilelegends_id/7640789087703682322.mp4,True,0.7440459132194519,4,1.0,0.7447474747474747,0.33683521622934887,0.9692982456140351,0.0693359375,mobilelegends-id,7640789087703682322,https://www.tiktok.com/@mobilelegends_id/video/7640789087703682322,POV: Fanny di team Musuh☠️😭 Kabel nya itu Loh Kai🥶  #WeOwnThis #MPLIDS17 #WellPlayed #GameplayS17 #MingguBerdarah,174500,3027,133
datasets/tiktok/mlbb/nilunaa/7608134656868781319.mp4,True,0.7438124418258667,4,0.75,0.7791919191919192,0.5915269679300291,0.9140350877192982,0.09935221354166666,nilunaa,7608134656868781319,https://www.tiktok.com/@nilunaa/video/7608134656868781319,Flying cloud skin 😂 #MLBBGoldenMonth #MLBB #Mobilelegendsbangbang #MakeYourGoldenMoment #mobilelegends,8255,107,10
datasets/tiktok/mlbb/nilunaa/7619295091873828117.mp4,True,0.74364173412323,4,1.0,0.5324242424242425,0.75,0.5750877192982455,0.09945095486111111,nilunaa,7619295091873828117,https://www.tiktok.com/@nilunaa/video/7619295091873828117,Esmeralda Combo Skill 2026 🔥 #MLBB #MLBBS40 #mobilelegends #MLBBGoldenMonth #nilunaa,12200,199,2
datasets/tiktok/mlbb/nilunaa/7609315587554151687.mp4,True,0.7432552576065063,4,0.75,0.75,0.7083333333333334,0.75,0.11060872395833335,nilunaa,7609315587554151687,https://www.tiktok.com/@nilunaa/video/7609315587554151687,GOGO MOBA dalam MCGG   #MCGG #MagicChessGoGo #MCGGS5 #MCGGNeonGuardians #MLBB,76400,1022,20
datasets/tiktok/mlbb/cedxvi/6997320209694526747.mp4,True,0.7430293560028076,4,1.0,0.7132323232323232,0.5270128676470589,0.6966666666666667,0.0804177517361111,cedxvi,6997320209694526747,https://www.tiktok.com/@cedxvi/video/6997320209694526747,🥶#cedxvi #mlbb,348400,28400,216
datasets/tiktok/mlbb/saikyuun_/7591418518394998034.mp4,True,0.7429440021514893,4,1.0,0.8766666666666666,0.32666666666666666,0.7563157894736842,0.07381510416666667,saikyuun-,7591418518394998034,https://www.tiktok.com/@saikyuun_/video/7591418518394998034,Okay #mlbbcreatorbase #fyp #foryoupage #MLBB #MLBBM7,198100,3344,33
datasets/tiktok/mlbb/mlbbclips/7117547803856915718.mp4,True,0.7424733638763428,4,1.0,0.8304040404040405,0.5982142857142857,0.42877192982456136,0.07865885416666667,mlbbclips,7117547803856915718,https://www.tiktok.com/@mlbbclips/video/7117547803856915718,Never recall spam too early 💀 (Credit to meffols) #mlbb #mobilelegends #lol,580,16,0
datasets/tiktok/mlbb/mlbbtopcreation/7227362356710395138.mp4,True,0.7423583269119263,4,0.75,0.75,0.75,0.75,0.09481119791666667,mlbb-top-creation,7227362356710395138,https://www.tiktok.com/@mlbbtopcreation/video/7227362356710395138,Atomic Pop Eudora Gameplay @silvioctaviaputri #mobilelegends #mgl #mlbbcreatorcamp,4859,314,12
datasets/tiktok/mlbb/mlbbtopcreation/7204653242037423361.mp4,True,0.742200493812561,4,0.75,0.75,0.75,0.75,0.09460069444444445,mlbb-top-creation,7204653242037423361,https://www.tiktok.com/@mlbbtopcreation/video/7204653242037423361,Claude x Fanny Montage @migosml #mobilelegends #mgl #mlbbcreatorcamp,2159,105,1
datasets/tiktok/mlbb/nilunaa/7630396543316561160.mp4,True,0.7418313026428223,4,1.0,0.627070707070707,0.6280733722060252,0.6619298245614035,0.08419379340277777,nilunaa,7630396543316561160,https://www.tiktok.com/@nilunaa/video/7630396543316561160,New After Match Animation 🔥 #MLBB #mobilelegends #MLBBxNaruto #MLBBNewSkin #nilunaa,32200,891,40
datasets/tiktok/mlbb/mlbbtopcreation/7213233022387145985.mp4,True,0.7415852546691895,4,0.75,0.75,0.7291666666666666,0.75,0.09961371527777778,mlbb-top-creation,7213233022387145985,https://www.tiktok.com/@mlbbtopcreation/video/7213233022387145985,karrie plays @yt.luciotvofficial #mobilelegends #mgl #mlbbcreatorcamp,2510,142,3
datasets/tiktok/mlbb/mlbbtopcreation/7217635521680493825.mp4,True,0.7412256002426147,4,0.75,0.75,0.75,0.75,0.09330078124999999,mlbb-top-creation,7217635521680493825,https://www.tiktok.com/@mlbbtopcreation/video/7217635521680493825,Hilda Aries Gameplay @silvioctaviaputri #mobilelegends #mgl #mllbbcreatorcamp,2066,102,2
datasets/tiktok/mlbb/nilunaa/7642718789259250962.mp4,True,0.7410664558410645,4,1.0,0.627171717171717,0.46489310009718177,0.9322807017543859,0.07332139756944445,nilunaa,7642718789259250962,https://www.tiktok.com/@nilunaa/video/7642718789259250962,-1 🥹 #MLBBALLSTAR #MLBB #mobilelegends #nilunaa,5836,103,8
datasets/tiktok/mlbb/mobilelegends_id/7644571148906204437.mp4,True,0.7405662536621094,4,0.75,0.7886868686868687,0.6392128279883382,0.8098245614035088,0.11041124131944445,mobilelegends-id,7644571148906204437,https://www.tiktok.com/@mobilelegends_id/video/7644571148906204437,TERNYATA PASCOL SUKA NGEMIL CABE!!! #AdaApaDenganWendy #WendyAllStarParty #MLBB #MLBBALLSTAR,84800,1096,77
datasets/tiktok/mlbb/saikyuun_/7452661301932838151.mp4,True,0.7404536008834839,4,1.0,0.693131313131313,0.7695699708454811,0.3833333333333333,0.07959635416666666,saikyuun-,7452661301932838151,https://www.tiktok.com/@saikyuun_/video/7452661301932838151,Hirap gumawa ng matinong team sa filter na 'to 😣😵‍💫 #MLBBM6 #MLBBM6TorchRelay #GreaterThanEver #pinaspinakamalakas #mobilelegends #MLBB,437100,8724,95
datasets/tiktok/mlbb/nilunaa/7624459379101797640.mp4,True,0.7400407791137695,4,0.75,0.75,0.7277453838678328,0.66,0.11643229166666667,nilunaa,7624459379101797640,https://www.tiktok.com/@nilunaa/video/7624459379101797640,Skin collector may hero apa ya? #MLBB #mobilelegends #MLBBNEWSKIN #MLBBxNaruto #nilunaa,132300,2428,118
datasets/tiktok/mlbb/nilunaa/7608111011610070280.mp4,True,0.7397803068161011,4,0.75,0.75,0.6602040816326531,0.7524561403508772,0.11907118055555557,nilunaa,7608111011610070280,https://www.tiktok.com/@nilunaa/video/7608111011610070280,Skin mana 1 eh 😭 #MLBBGoldenMonth #MLBB #Mobilelegendsbangbang #MakeYourGoldenMoment #mobilelegends,16000,346,23
datasets/tiktok/mlbb/mobilelegends_id/7643024929432030484.mp4,True,0.7392973303794861,4,1.0,0.46,0.6814139941690962,0.6807017543859648,0.11348307291666666,mobilelegends-id,7643024929432030484,https://www.tiktok.com/@mobilelegends_id/video/7643024929432030484,"Saat kami mereka ulang potret skin Pharsa ""Seasworn Oracle"" menjadi cosplay asli .... #MLBBAllstar #MobileLegendsBangBang #MLBBNewSkin",333400,2276,143
datasets/tiktok/mlbb/mobilelegendsmy/7635159688505609492.mp4,True,0.7391555309295654,4,1.0,0.5115151515151515,0.7799198250728863,0.6822807017543859,0.069521484375,mobilelegendsmy,7635159688505609492,,,,,
datasets/tiktok/mlbb/saikyuun_/7431404761921965319.mp4,True,0.7388468384742737,4,1.0,0.5871717171717172,0.4625,0.9949122807017544,0.07049153645833334,saikyuun-,7431404761921965319,https://www.tiktok.com/@saikyuun_/video/7431404761921965319,Replying to @Jayat Gaming Reference video kasi nakakamiss sila ☹️ #MLBB #mlbb8th #mlbbcelebr8 #mlbbcr8torparty #MILPH,319600,7009,112
datasets/tiktok/mlbb/nilunaa/7620048905392180500.mp4,True,0.7388262152671814,4,1.0,0.8544444444444443,0.3975947521865889,0.5696491228070175,0.09363823784722222,nilunaa,7620048905392180500,https://www.tiktok.com/@nilunaa/video/7620048905392180500,Combo Marcel + kimmy 🔥 #MLBBS40 #MLBBMarcel #MLBBGoldenMonth #MLBB #mobilelegends,32400,362,5
datasets/tiktok/mlbb/mlbbtopcreation/7213230714685345025.mp4,True,0.7384577989578247,4,0.75,0.75,0.6875,0.75,0.11109266493055557,mlbb-top-creation,7213230714685345025,https://www.tiktok.com/@mlbbtopcreation/video/7213230714685345025,nana plays @kimgwapaaa #mobilelegends #mgl #mlbbcreatorcamp,2705,152,4
datasets/tiktok/mlbb/mlbbttofficial/7614099285839301905.mp4,True,0.7378771305084229,4,0.75,0.797979797979798,0.6695699708454811,0.5896491228070175,0.13966362847222222,mlbb-official,7614099285839301905,https://www.tiktok.com/@mlbbttofficial/video/7614099285839301905,"It's her, it's her, and it's her! Because they are your exclusive Spring and Autumn! #MobileLegendsBangBang #MLBBNewSkin #MLBBEternalSeasons",619100,5475,81
datasets/tiktok/mlbb/nilunaa/7617781473302613266.mp4,True,0.7378729581832886,4,1.0,0.42161616161616167,0.7423469387755102,0.7066666666666666,0.10101345486111112,nilunaa,7617781473302613266,https://www.tiktok.com/@nilunaa/video/7617781473302613266,Day 1 - Belajar Cable Fanny ke Buff #MLBBMarcel #MLBBS40 #MLBBNEWHERO #MLBB #MLBBGoldenMonth,22400,425,10
datasets/tiktok/mlbb/nilunaa/7603746233320099079.mp4,True,0.7378173470497131,4,1.0,0.545959595959596,0.75,0.5803508771929824,0.08643554687499999,nilunaa,7603746233320099079,https://www.tiktok.com/@nilunaa/video/7603746233320099079,Best recall for KOFxOPPO   #MLBBxKOF #MLBBKOFSkinFreeTrial #MLBBxOPPO #MLBB #mobilelegends,7297,126,13
datasets/tiktok/mlbb/saikyuun_/7152725096589806874.mp4,True,0.7377094030380249,4,1.0,0.49444444444444446,1.0,0.4905263157894736,0.05060221354166666,saikyuun-,7152725096589806874,https://www.tiktok.com/@saikyuun_/video/7152725096589806874,"Hanabi and Hayabusa doing this trend 😍❤️ as ""friends"" lang, walang malisya 😈 862765885 (10649) @MLBB TOP CREATION #mobilelegends #mlbbcreatorcamp #mccOctober #mcc_1007ph #fyp #fypシ #Hanabi",213800,21000,341
datasets/tiktok/mlbb/willdominateyougg/7625194163234966792.mp4,True,0.7369846105575562,4,1.0,0.9838383838383838,0.3625,0.5726315789473684,0.06054361979166667,willdominateyougg,7625194163234966792,https://www.tiktok.com/@willdominateyougg/video/7625194163234966792,#MLBB #argus #toji #willdominateyougg #fyp,247500,16500,131
datasets/tiktok/mlbb/nilunaa/7635245468372569352.mp4,True,0.7363548278808594,4,1.0,0.611919191919192,0.5852405247813411,0.7194736842105262,0.08173611111111112,nilunaa,7635245468372569352,https://www.tiktok.com/@nilunaa/video/7635245468372569352,Suren or run 💀 #MLBBAllStar #MLBB #mobilelegends #nilunaa #MLBBNewMode,25900,407,17
datasets/tiktok/mlbb/mobilelegends_id/7641097373728394514.mp4,True,0.7363392114639282,4,1.0,0.9286868686868687,0.35607385811467446,0.6043859649122807,0.07194878472222221,mobilelegends-id,7641097373728394514,https://www.tiktok.com/@mobilelegends_id/video/7641097373728394514,"Hari kedua di EXP Lane, g-gugupnya masih berlanjut ya ges. Keep it up Kuroky! 😭🙏 #WeOwnThis #MPLIDS1 #WellPlayed #GameplayS17 #MingguBerdarah RRQ KUROKY",130900,2017,112
datasets/tiktok/mlbb/nilunaa/7631551234087865618.mp4,True,0.7359752655029297,4,1.0,0.5417171717171717,0.6737408088235294,0.6289473684210526,0.09666015625,nilunaa,7631551234087865618,https://www.tiktok.com/@nilunaa/video/7631551234087865618,Lawa Radiant Kits untuk skin Legend Lesley 🔥 #MLBB #mobilelegends #MLBBNewSkin #nilunaa,5549,69,7
datasets/tiktok/mlbb/mlbbttofficial/7634531362829258005.mp4,True,0.7358763813972473,4,1.0,0.5055555555555555,0.7763483965014577,0.6759649122807017,0.06928168402777778,mlbb-official,7634531362829258005,https://www.tiktok.com/@mlbbttofficial/video/7634531362829258005,"I heard someone has already found treasure in the ""Tidal Treasure Hunt“? 👀 Tap the video to get a first look at the 26Y Allstar Collection-Yu Zhong Dragon 999 Gold Charm! Note: Physical gold reward delivery is currently not available in certain regions. In such cases, an equivalent amount of in-game Diamonds will be issued instead. Final results are subject to the actual reward distribution. #MLBBAllstar #MLBBrealgold #ChowTaiFook #MLBBXCTF #MobileLegendsBangBang",1800000,16900,712
datasets/tiktok/mlbb/shrxking_fear/7613382544368749842.mp4,True,0.7354470491409302,4,1.0,0.692929292929293,0.6889212827988338,0.4498245614035088,0.08191189236111111,shrxking-fear,7613382544368749842,https://www.tiktok.com/@shrxking_fear/video/7613382544368749842,I found itttt,199,3,0
datasets/tiktok/mlbb/mlbbtopcreation/7213232344478534913.mp4,True,0.7349318265914917,4,0.75,0.7483838383838384,0.6875,0.75,0.10647460937499999,mlbb-top-creation,7213232344478534913,https://www.tiktok.com/@mlbbtopcreation/video/7213232344478534913,claude plays @haisekyut #mobilelegends #mgl #mlbbcreatorcamp,2420,110,2
datasets/tiktok/mlbb/willdominateyougg/7614075597639159058.mp4,True,0.7347185611724854,4,1.0,0.7000000000000001,0.47955882352941176,0.8385964912280701,0.05755642361111111,willdominateyougg,7614075597639159058,https://www.tiktok.com/@willdominateyougg/video/7614075597639159058,low cortisol dance #MLBB #willdominateyougg #argus #toji #fyp,1600000,148500,1089
datasets/tiktok/mlbb/mlbbtopcreation/7211365054015442178.mp4,True,0.7338395118713379,4,0.75,0.75,0.7291666666666666,0.75,0.08928602430555556,mlbb-top-creation,7211365054015442178,https://www.tiktok.com/@mlbbtopcreation/video/7211365054015442178,dyrroth savage moment @malik.dyrroth #mobilelegends #mgl #mlbbcreatorcamp,3563,160,3
datasets/tiktok/mlbb/willdominateyougg/7637438498533903624.mp4,True,0.7333527207374573,4,1.0,0.656060606060606,0.42023996205625114,0.9056140350877192,0.07211697048611111,willdominateyougg,7637438498533903624,https://www.tiktok.com/@willdominateyougg/video/7637438498533903624,#MLBB #mobilelegendsbangbang  #willdominateyougg #fyp #argus,24900,1749,49
datasets/tiktok/mlbb/mobilelegends_id/7645258292364872967.mp4,True,0.7326499223709106,4,1.0,0.7615151515151515,0.44176384839650146,0.6498245614035087,0.0851953125,mobilelegends-id,7645258292364872967,https://www.tiktok.com/@mobilelegends_id/video/7645258292364872967,Cha cha cha bareng Esmeralda memang selalu seru 💃♥️ #mobilelegends_id #serubarengmlbb #samasamamain #MobileLegendsBangBang,82600,717,95
datasets/tiktok/mlbb/mobilelegends_id/7644200604319141140.mp4,True,0.7320127487182617,4,0.75,0.8782828282828282,0.5381559766763848,0.7771929824561403,0.11259765625,mobilelegends-id,7644200604319141140,https://www.tiktok.com/@mobilelegends_id/video/7644200604319141140,So Sweet! Perhatian Jess No Limit ke Sisca Kohl bikin iri #AdaApaDenganWendy #WendyAllStarParty #MLBB #MLBBALLSTAR,39200,654,76
datasets/tiktok/mlbb/saikyuun_/7615513438365682952.mp4,True,0.7319782972335815,4,1.0,0.7318181818181818,0.7712928921568628,0.2780701754385965,0.07751193576388889,saikyuun-,7615513438365682952,https://www.tiktok.com/@saikyuun_/video/7615513438365682952,Low cortisol dance #mlbbgoldenmonth #mlbbcreator #mlbb #mobilelegends #fypp,166000,5703,69
datasets/tiktok/mlbb/nilunaa/7604451750103272711.mp4,True,0.7318433523178101,4,0.75,0.6891919191919191,0.6699465500485908,0.7810526315789473,0.11754991319444444,nilunaa,7604451750103272711,https://www.tiktok.com/@nilunaa/video/7604451750103272711,Combo hero Hilda 🔥 #MLBBNewSkin #MLBB #mobilelegends #MLBBHilda #nilunaa,430700,13200,62
datasets/tiktok/mlbb/bonitoflakesmlbb/7445873021392391431.mp4,True,0.7315343618392944,4,0.75,0.8672727272727272,0.6090743440233236,0.7110526315789474,0.09171549479166666,bonitoflakesmlbb,7445873021392391431,https://www.tiktok.com/@bonitoflakesmlbb/video/7445873021392391431,I muted Julian 🤐 #mlbbhighlights #mlbb #MobileLegendsBangBang #fypシ゚viralシ #selenamlbb #mlbbtiktok,744,19,0
datasets/tiktok/mlbb/mlbbdailyclips/7047657376316509442.mp4,True,0.731285572052002,4,1.0,0.534949494949495,1.0,0.2050877192982456,0.08817165798611111,mlbbdailyclips,7047657376316509442,https://www.tiktok.com/@mlbbdailyclips/video/7047657376316509442,BLackList OHMYV33NUS Just Witness Hadji's Chou Insane Tiktok Play#trending #mlbb #ml #viral #newvideo #ohmyv33nus #viralvideo #tiktok #mobilelegends,603,3,0
datasets/tiktok/mlbb/mobilelegends_id/7640089677487164680.mp4,True,0.7310399413108826,4,1.0,0.877070707070707,0.3321582248971017,0.7973684210526315,0.0478515625,mobilelegends-id,7640089677487164680,https://www.tiktok.com/@mobilelegends_id/video/7640089677487164680,"Memancing Ombak hadir untuk waktu terbatas mulai 15/05 - 28/06!! Kumpulkan semua Ikan Tangkapan Besar untuk mendapatkan achievement eksklusif secara gratis! Kumpulkan semua Ikan Legendaris untuk mendapatkan achievement eksklusif dan Battle Emote waktu terbatas! Ikuti event memancing untuk berkesempatan mendapatkan ""Peti Kejutan Ombak"". Buka untuk langsung mendapatkan 1.000 Diamond! Jumlahnya terbatas di seluruh server, jadi jangan lewatkan kejutannya! #MLBBAllstar  #MobileLegendsBangBang",983400,13400,1025
datasets/tiktok/mlbb/mobilelegends_id/7641185561209802005.mp4,True,0.7301602363586426,4,1.0,0.5105050505050505,0.7181486880466472,0.7142105263157894,0.06857855902777778,mobilelegends-id,7641185561209802005,https://www.tiktok.com/@mobilelegends_id/video/7641185561209802005,EPIC COMEBACK!!! Tim @IKHSAN LEMON berhasil membalikan keadaan moment seru ketika kemenangan yang sudah ada didepan mata @Rivaldi Fataah  berhasil direbut #MLBBAllStar #MLBBAllStarShowdown #MLBBTideClash #PertarunganOmbak,97500,1839,98
datasets/tiktok/mlbb/shrxking_fear/7604097802783788295.mp4,True,0.7298905253410339,4,1.0,0.5434343434343434,0.7016156462585034,0.49736842105263157,0.10723090277777778,shrxking-fear,7604097802783788295,https://www.tiktok.com/@shrxking_fear/video/7604097802783788295,whyyyy,9,3,0
datasets/tiktok/mlbb/nilunaa/7634866940971896082.mp4,True,0.7288326621055603,4,1.0,0.5111111111111112,0.5463192419825074,0.8594736842105263,0.08490668402777779,nilunaa,7634866940971896082,https://www.tiktok.com/@nilunaa/video/7634866940971896082,Alice collector - Dreaming Monarch #MLBBNewSkin #MLBB #mobilelegends #nilunaa,8352,185,31
datasets/tiktok/mlbb/mlbbtopcreation/7215500778272853249.mp4,True,0.7282665967941284,4,0.75,0.75,0.6875,0.75,0.09352213541666667,mlbb-top-creation,7215500778272853249,https://www.tiktok.com/@mlbbtopcreation/video/7215500778272853249,chang'e plays @amarisqt #mobilelegends #mgl #mlbbcreatorcamp,2350,130,1
datasets/tiktok/mlbb/mlbbdailyclips/7073770557249998082.mp4,True,0.727302074432373,4,1.0,0.6232323232323231,0.6708333333333334,0.4768421052631579,0.09203559027777777,mlbbdailyclips,7073770557249998082,https://www.tiktok.com/@mlbbdailyclips/video/7073770557249998082,OMEGA INSANE COMEBACK against ONIC #mlbb#ml#oneshotomega#nxpevos#h2wo#h2woofficial#z4pnu#rrq#rrqhoshi#evosrekt#onicvior#onicsanz#kelra#omegakelra,1966,12,0
datasets/tiktok/mlbb/saikyuun_/7521682796319018258.mp4,True,0.7271978855133057,4,0.75,0.7597979797979798,0.7500000000000001,0.6580701754385965,0.09045572916666667,saikyuun-,7521682796319018258,https://www.tiktok.com/@saikyuun_/video/7521682796319018258,MLBB queens 👑💕 #MLBB #MLBBZetian #Zetiandebut #phoenixempressrising #fyp,7525,366,19
datasets/tiktok/mlbb/mlbbtopcreation/7219185739907501314.mp4,True,0.7265795469284058,4,0.75,0.75,0.6875,0.75,0.09127278645833332,mlbb-top-creation,7219185739907501314,https://www.tiktok.com/@mlbbtopcreation/video/7219185739907501314,dyrroth plays @malik.dyrroth #mobilelegends #mgl #mlbbcreatorcamp,3957,206,4
datasets/tiktok/mlbb/bonitoflakesmlbb/7492955063040658706.mp4,True,0.7262716293334961,4,0.75,0.8564646464646465,0.5399619356671239,0.8329824561403508,0.08234266493055555,bonitoflakesmlbb,7492955063040658706,https://www.tiktok.com/@bonitoflakesmlbb/video/7492955063040658706,The power of Guinevere Flicker. #guinevere #guineveretiktok #mobilelegends #mlbb #fyp  #mobilelegendsbangbang,647,31,1
datasets/tiktok/mlbb/nilunaa/7612568591484882183.mp4,True,0.7254067659378052,4,0.75,0.7245454545454546,0.6554118075801749,0.777719298245614,0.10084201388888889,nilunaa,7612568591484882183,https://www.tiktok.com/@nilunaa/video/7612568591484882183,Freya Starlight Mac 2026 🔥 #MLBBGoldenMonth #MLBBGoldenTurtle #MLBBStarlight #MLBB #mobilelegends,588900,14300,466
datasets/tiktok/mlbb/mlbbtopcreation/7213231912314326273.mp4,True,0.725357174873352,4,0.75,0.75,0.6875,0.75,0.08964301215277778,mlbb-top-creation,7213231912314326273,https://www.tiktok.com/@mlbbtopcreation/video/7213231912314326273,dyrroth vs arlott @malik.dyrroth #mobilelegends #mgl #mlbbcreatorcamp,2977,124,3
datasets/tiktok/mlbb/mlbbdailyclips/7443694250228714768.mp4,True,0.7253485321998596,4,1.0,0.5295959595959596,0.6608843537414967,0.6078947368421052,0.09414713541666667,mlbbdailyclips,7443694250228714768,https://www.tiktok.com/@mlbbdailyclips/video/7443694250228714768,Zapnu nagulat sa bilis ng reaksyon ni kelra#ohmyv33nus #ohmyveenus #mobazane #teamliquid #mplph #rrq #mplpihilippines #kelra #rrqhoshi #rrqkingdom #balacklistinternational #yawi #kairi #rrqalberttt #srg #sekys #mplmalaysia #mplcambodia #mlbb #aeronshikii,18100,166,9
datasets/tiktok/mlbb/mlbbdailyclips/7443695548680473863.mp4,True,0.725135087966919,4,1.0,0.5843434343434343,0.7083333333333334,0.4840350877192982,0.08914713541666666,mlbbdailyclips,7443695548680473863,https://www.tiktok.com/@mlbbdailyclips/video/7443695548680473863,Dogie napahanga kay DOMENG #ohmyv33nus #ohmyveenus #mobazane #teamliquid #mplph #rrq #mplpihilippines #kelra #rrqhoshi #rrqkingdom #balacklistinternational #yawi #kairi #rrqalberttt #srg #sekys #mplmalaysia #mplcambodia #mlbb #aeronshikii,1343,13,0
datasets/tiktok/mlbb/mlbbtopcreation/7210390816206949634.mp4,True,0.7249975204467773,4,0.75,0.75,0.7083333333333334,0.75,0.083330078125,mlbb-top-creation,7210390816206949634,https://www.tiktok.com/@mlbbtopcreation/video/7210390816206949634,new hero novaria plays @halls3y #mobilelegends #mgl #mlbbcreatorcamp,4013,202,4
datasets/tiktok/mlbb/nilunaa/7621078410743287060.mp4,True,0.7244391441345215,4,1.0,0.4727272727272727,0.7260932944606414,0.6499999999999999,0.08354600694444445,nilunaa,7621078410743287060,https://www.tiktok.com/@nilunaa/video/7621078410743287060,Marcel combo skill 2026 🔥 #MLBBS40 #MLBBMarcel #MLBBGoldenMonth #MLBB #mobilelegends,8155,140,2
datasets/tiktok/mlbb/bonitoflakesmlbb/7446625793347718418.mp4,True,0.7236896753311157,4,0.75,0.8200000000000001,0.5471413699408334,0.8305263157894737,0.0886252170138889,bonitoflakesmlbb,7446625793347718418,https://www.tiktok.com/@bonitoflakesmlbb/video/7446625793347718418,I copied K1NGKONG's build 🦍 #mlbbhighlights #mlbb  #fypシ゚viralシ #joymlbb  #MobileLegendsBangBang,573,9,3
datasets/tiktok/mlbb/mlbbttofficial/7615523750661901585.mp4,True,0.7236751317977905,4,1.0,0.4866666666666667,0.8358114674441206,0.3864912280701754,0.10162000868055555,mlbb-official,7615523750661901585,https://www.tiktok.com/@mlbbttofficial/video/7615523750661901585,Elegance is a quality every artist must have. Freezing the moment—that is Marcel's secret to elegance! #MLBBMARCEL #MLBBNEWHERO #MLBBS40 #MLBBGoldenMonth #MobileLegendsBangBang,3800000,72400,372
datasets/tiktok/mlbb/saikyuun_/7308305192297024773.mp4,True,0.7233476638793945,4,1.0,0.6883838383838383,0.4596209912536443,0.7361403508771929,0.07259331597222222,saikyuun-,7308305192297024773,https://www.tiktok.com/@saikyuun_/video/7308305192297024773,M5 YuZhong skin leak: yummy variant 🫢😍 #pinaslangmalakas #mlbbm5 #m5cheer4u #phyuzhongcosmicdragon #phyuzhongdragonshade #mobilelegends #mlbb #fyp #fypシ,1000000,108800,1082
datasets/tiktok/mlbb/mlbbesports_official/7643778144029183252.mp4,True,0.7232543230056763,4,1.0,0.5858585858585859,0.59016566894615,0.7057894736842105,0.07372612847222222,mlbb-esports,7643778144029183252,https://www.tiktok.com/@mlbbesports_official/video/7643778144029183252,Guangzhou Gaming is going to Paris 🙌  #MobileLegendsBangBang #MLBBEsports #MSCatEWC2026 #RoadToParis,81200,2278,23
datasets/tiktok/mlbb/mlbbttofficial/7621857504569462036.mp4,True,0.7226952314376831,4,0.75,0.8293939393939394,0.5705089848439375,0.75,0.09439778645833333,mlbb-official,7621857504569462036,https://www.tiktok.com/@mlbbttofficial/video/7621857504569462036,"Itachi Uchiha & Minato Namikaze have arrived! The Naruto squad is fully assembled! Ninjutsu unleashed, Chakra surging! #MLBBxNARUTO Experience the power of these genius ninjas! #MLBBxNARUTO #MobileLegendsBangBang #MLBBNewSkin #NARUTO #MLBBFreeGaaraSkin #ValirFreeSkin",1300000,16600,437
datasets/tiktok/mlbb/mlbbesports_official/7635606857494711573.mp4,True,0.722596287727356,4,1.0,0.6886868686868687,0.5080174927113703,0.5757894736842105,0.09087239583333334,mlbb-esports,7635606857494711573,https://www.tiktok.com/@mlbbesports_official/video/7635606857494711573,KyleTzy MANIAC. TLPH streak: STOPPED. 🔥 #MLBBEsports #MLBB #MobileLegendsBangBang #MSCatEWC26 #MPLHighlight,114600,2017,18
datasets/tiktok/mlbb/mlbbtopcreation/7204654080310971649.mp4,True,0.7223714590072632,4,0.75,0.75,0.6041666666666667,0.75,0.11726019965277779,mlbb-top-creation,7204654080310971649,https://www.tiktok.com/@mlbbtopcreation/video/7204654080310971649,Claude Gameplay @silvioctaviaputri #mobilelegends #mgl #mlbbcreatorcamp,2103,54,2
datasets/tiktok/mlbb/nilunaa/7625942880917540104.mp4,True,0.7216856479644775,4,0.75,0.6877777777777778,0.7254008746355685,0.75,0.09573350694444445,nilunaa,7625942880917540104,https://www.tiktok.com/@nilunaa/video/7625942880917540104,Pola skin Karrie MPL  #MLBBNewSkin #MLBBMPL #MLBB #mobilelegends #nilunaa,126200,4254,127
datasets/tiktok/mlbb/bonitoflakesmlbb/7495939708090879240.mp4,True,0.7209094762802124,4,1.0,0.6536363636363636,0.45213165623392215,0.7596491228070175,0.07731445312499999,bonitoflakesmlbb,7495939708090879240,https://www.tiktok.com/@bonitoflakesmlbb/video/7495939708090879240,Learning LuoYi's Double Vacuum #luoyimlbb #mobilelegends #MobileLegendsBangBang #mlbbhighlights #mlbb #fyp,775,17,0
datasets/tiktok/mlbb/bonitoflakesmlbb/7457771478247886088.mp4,True,0.7206999659538269,4,1.0,0.5423232323232323,0.41666666666666663,1.0,0.07189778645833333,bonitoflakesmlbb,7457771478247886088,https://www.tiktok.com/@bonitoflakesmlbb/video/7457771478247886088,Starlight Zhuxin 19-0 MVP gameplay. #MobileLegendsBangBang #mlbb #mlbbhighlights #zhuxinmlbb #fypシ゚viralシ,407,10,1
datasets/tiktok/mlbb/willdominateyougg/7606249843996101895.mp4,True,0.7202320098876953,4,0.75,0.7714141414141414,0.6828717201166181,0.7473684210526316,0.07805013020833335,willdominateyougg,7606249843996101895,https://www.tiktok.com/@willdominateyougg/video/7606249843996101895,Khufra x Jake!! #MLBB #mobilelegendsbangbang #adventuretime #jake #fyp,7100000,466400,2684
datasets/tiktok/mlbb/mlbbcreator/7607752114965662994.mp4,True,0.7197563648223877,4,0.75,0.7245454545454546,0.719047619047619,0.7131578947368421,0.08874674479166667,mlbbcreator,7607752114965662994,https://www.tiktok.com/@mlbbcreator/video/7607752114965662994,"Setelah dikalahkan oleh Great Dragons, Yu Zhong atau Black Dragons membutuhkan waktu 3000 tahun untuk reinkarnasi. Lou Yi adalah pelayan setia Black Dragons, ia menunggu kebangkitan Yu Zhong selama 3000 tahun di Cadia Riverlands  #CapCut #MLBBGoldenMonth #Mobilelegendsbangbang #MakeYourGoldenMoment #MLBB",93200,4404,60
datasets/tiktok/mlbb/mlbbttofficial/7626317399561620756.mp4,True,0.7192075252532959,4,1.0,0.636060606060606,0.5055175239738753,0.705438596491228,0.07664171006944445,mlbb-official,7626317399561620756,https://www.tiktok.com/@mlbbttofficial/video/7626317399561620756,"Control Immunity, charge, and massive AOE! Explosive damage from every axe sweep—no enemy horde can stop you!😎 #MobileLegendsBangBang #MLBBAULUS #MLBBREVAMPEDHERO #MLBBS40",561000,8898,320
datasets/tiktok/mlbb/cedxvi/7451210308468641031.mp4,True,0.7191662788391113,4,1.0,1.0,0.5333819241982507,0.035789473684210524,0.09419270833333333,cedxvi,7451210308468641031,https://www.tiktok.com/@cedxvi/video/7451210308468641031,RG in PH🇵🇭 always feels like your on a tournament mode.😭#GreaterThanEver #MLBBM6TorchRelay #MLBBM6,2800000,266300,2413
datasets/tiktok/mlbb/saikyuun_/7629288443419299080.mp4,True,0.7185669541358948,4,0.75,0.7207070707070707,0.6178814382896016,0.8556140350877193,0.08741861979166667,saikyuun-,7629288443419299080,https://www.tiktok.com/@saikyuun_/video/7629288443419299080,Sinaniban ni OhMyVeenus tong si @SHRX • SanPedro 🇵🇭 #MLBBGetGetAw #MLBBxSexBomb #MLBBTagArAW #MLBB #fyp,136200,8223,63
datasets/tiktok/mlbb/nilunaa/7635192813881281810.mp4,True,0.7182658314704895,4,1.0,0.6444444444444444,0.38861758989310013,0.8964912280701753,0.06630642361111111,nilunaa,7635192813881281810,https://www.tiktok.com/@nilunaa/video/7635192813881281810,Obsidia - Magitech Wraith #MLBBStarlight #MLBBNewSkin #MLBB #mobilelegends #nilunaa,18000,239,18
datasets/tiktok/mlbb/mlbbttofficial/7606307990504754453.mp4,True,0.7178557515144348,4,1.0,0.6867676767676767,0.4496720116618076,0.745438596491228,0.06664496527777777,mlbb-official,7606307990504754453,https://www.tiktok.com/@mlbbttofficial/video/7606307990504754453,"The furthest distance in the world isn't between life and death. It's standing right in front of you, but getting snapped into a slideshow by this photographer. #MLBBMARCEL #MLBBNEWHERO #MLBBS40 #MLBBGoldenMonth #MobileLegendsBangBang",1500000,21100,312
datasets/tiktok/mlbb/nilunaa/7633406519362571527.mp4,True,0.7176969051361084,4,1.0,0.45565656565656565,0.75,0.6399999999999999,0.07517361111111111,nilunaa,7633406519362571527,https://www.tiktok.com/@nilunaa/video/7633406519362571527,Aulus combo skill 🔥 #MLBBAulus #MLBB #mobilelegends #nilunaa,37400,581,6
datasets/tiktok/mlbb/willdominateyougg/7627422617426808072.mp4,True,0.7170274257659912,4,1.0,0.6358585858585859,0.3443036544975133,0.9629824561403508,0.0660546875,willdominateyougg,7627422617426808072,https://www.tiktok.com/@willdominateyougg/video/7627422617426808072,Toji and Lipas🗿 #mlbb #argus #toji #willdominateyougg #fyp,81600,6652,109
datasets/tiktok/mlbb/willdominateyougg/7588472490934979858.mp4,True,0.716962993144989,4,1.0,0.8092929292929293,0.34526239067055386,0.7150877192982457,0.06318359374999999,willdominateyougg,7588472490934979858,https://www.tiktok.com/@willdominateyougg/video/7588472490934979858,#MLBB #willdominateyougg #fyp #xybca #patrick,2200000,173600,513
datasets/tiktok/mlbb/nilunaa/7614750792582499602.mp4,True,0.7154743671417236,4,1.0,0.5226262626262625,0.637463556851312,0.6340350877192982,0.0843185763888889,nilunaa,7614750792582499602,https://www.tiktok.com/@nilunaa/video/7614750792582499602,Tigreal combo  #MLBBGoldenMonth #MLBBGoldenTurtle #MLBB #MLBBNEWSKIN #nilunaa,105600,1924,50
datasets/tiktok/mlbb/mlbbttofficial/7642248084856130837.mp4,True,0.7153284549713135,4,1.0,0.49303030303030304,0.5171983793517407,0.8522807017543859,0.08210069444444446,mlbb-official,7642248084856130837,https://www.tiktok.com/@mlbbttofficial/video/7642248084856130837,Unlock the wondrous world of Tidal Ruins with Pharsa! #MLBBAllstar #MobileLegendsBangBang #MLBBNewSkin,667500,7257,211
datasets/tiktok/mlbb/mobilelegendsmy/7642309721638194452.mp4,True,0.7153284549713135,4,1.0,0.49303030303030304,0.5171983793517407,0.8522807017543859,0.08210069444444446,mobilelegendsmy,7642309721638194452,,,,,
datasets/tiktok/mlbb/nilunaa/7639656776295697671.mp4,True,0.7150402069091797,4,1.0,0.5274747474747475,0.5418367346938776,0.8159649122807017,0.07166558159722222,nilunaa,7639656776295697671,https://www.tiktok.com/@nilunaa/video/7639656776295697671,Sorry kagura terbawa emosi #MLBB #mobilelegends #nilunaa,8909,345,12
datasets/tiktok/mlbb/nilunaa/7634822205506850055.mp4,True,0.7148200273513794,4,1.0,0.5506060606060607,0.5709183673469388,0.7059649122807017,0.07869140625000001,nilunaa,7634822205506850055,https://www.tiktok.com/@nilunaa/video/7634822205506850055,Treasure Hunt Event 😁 #MLBBALLSTAR #MLBBTidalTreasureHunt #MLBBCreator #MLBB #nilunaa,13800,261,14
datasets/tiktok/mlbb/cedxvi/7431952200533921031.mp4,True,0.7143216133117676,4,0.75,0.8502020202020202,0.5313811685388441,0.75,0.08777994791666666,cedxvi,7431952200533921031,https://www.tiktok.com/@cedxvi/video/7431952200533921031,Roamers pain when playing Solo que.🫠  #fypage #Mlbb #tankmlbb #cedxvi,55900,2080,42
datasets/tiktok/mlbb/mlbbdailyclips/7163539214477413633.mp4,True,0.7143138647079468,4,1.0,0.684949494949495,0.492930029154519,0.6557894736842105,0.06877821180555556,mlbbdailyclips,7163539214477413633,https://www.tiktok.com/@mlbbdailyclips/video/7163539214477413633,Dlar teaching Hadji Indonesian words #hadjizy #blacklistinternational #dlar #evosdlar #blckhadji,8667,174,0
datasets/tiktok/mlbb/mlbbttofficial/7613303563720133909.mp4,True,0.7142962217330933,4,1.0,0.8975757575757576,0.26752572457554447,0.6442105263157895,0.06875651041666667,mlbb-official,7613303563720133909,https://www.tiktok.com/@mlbbttofficial/video/7613303563720133909,Battle can be a form of static art. Every flash captures a perfect sculpture. #MLBBMARCEL #MLBBNEWHERO #MLBBS40 #MLBBGoldenMonth #MobileLegendsBangBang,14800000,214800,1701
datasets/tiktok/mlbb/mlbbtopcreation/7221357637927980289.mp4,True,0.7139632105827332,4,0.75,0.75,0.6875,0.75,0.07445095486111111,mlbb-top-creation,7221357637927980289,https://www.tiktok.com/@mlbbtopcreation/video/7221357637927980289,dyrroth plays @malik.dyrroth  #mobilelegends #mgl #mlbbcreatorcamp,6224,324,10
datasets/tiktok/mlbb/mobilelegendsmy/7634541879266249985.mp4,True,0.7138652801513672,4,0.75,0.7342424242424243,0.6480320699708455,0.6822807017543859,0.10412977430555555,mobilelegendsmy,7634541879266249985,,,,,
datasets/tiktok/mlbb/mlbbttofficial/7634522253824265493.mp4,True,0.7130007147789001,4,0.75,0.7386868686868686,0.649963556851312,0.6722807017543859,0.10312065972222222,mlbb-official,7634522253824265493,https://www.tiktok.com/@mlbbttofficial/video/7634522253824265493,"What happens when... we set a painting on fire? As flames sweep across the surface, what will this seemingly peaceful Tidal Treasure Hunt reveal? The ALLSTAR ""Tidal Treasure Hunt"" event and ""Tidal Gold Rush"" battlefield effect are available for a limited time. Come and join the fun! #MLBBAllstar #MobileLegendsBangBang #MLBBDreadsea #MLBBNewSkin",680400,4141,74
datasets/tiktok/mlbb/bonitoflakesmlbb/7491111881738833160.mp4,True,0.7127729058265686,4,0.75,0.7276767676767676,0.5931243926141885,0.8084210526315789,0.09416883680555554,bonitoflakesmlbb,7491111881738833160,https://www.tiktok.com/@bonitoflakesmlbb/video/7491111881738833160,Nang dahil sa isang maling clash. #selenamlbb #selenamontage #selenatiktok #selenahighlights #mobilelegends #fyp #mlbb #mobilelegendsbangbang,798,25,1
datasets/tiktok/mlbb/saikyuun_/7318665902264765701.mp4,True,0.7118183374404907,4,1.0,0.5234343434343435,0.777575315840622,0.3966666666666666,0.08870334201388888,saikyuun-,7318665902264765701,https://www.tiktok.com/@saikyuun_/video/7318665902264765701,Ending the year with Mistbender Nana and Aldous. This has to be Nana's cutest skin 😍💕 #mlbbmistbenders #Happynewyear2024 #MLBBCICI #MLBB #MobileLegends #phguineverebutterflycorsage #mrs1218 #phkarriehawkwatch #fyp #pinaslangmalakas #MLBBM5 #MLBB #m5cheer4u #fyp,72900,5469,66
datasets/tiktok/mlbb/mlbbtopcreation/7227726219008134401.mp4,True,0.7099422216415405,4,0.75,0.75,0.5625,0.75,0.10408962673611112,mlbb-top-creation,7227726219008134401,https://www.tiktok.com/@mlbbtopcreation/video/7227726219008134401,Moonlit Ninja Gameplay @silvioctaviaputri #mobilelegends #mgl #mlbbcreatorcamp,6821,508,5
datasets/tiktok/mlbb/saikyuun_/7424425594663783688.mp4,True,0.7095187902450562,4,1.0,0.5605050505050504,0.5021501457725948,0.8068421052631578,0.06711588541666666,saikyuun-,7424425594663783688,https://www.tiktok.com/@saikyuun_/video/7424425594663783688,"""Report Angela"" 👹👹 #mlbb8th #MLBB #mlbbcelebr8 #mlbbcr8torparty #mlbb_indonesia",17100,1316,36
datasets/tiktok/mlbb/nilunaa/7631512597866614023.mp4,True,0.7094662189483643,4,1.0,0.5030303030303029,0.6863338192419826,0.525438596491228,0.09095811631944445,nilunaa,7631512597866614023,https://www.tiktok.com/@nilunaa/video/7631512597866614023,Aurora skin - Candle's Vigil  #MLBB #mobilelegends #MLBBNewSkin #nilunaa,21700,544,42
datasets/tiktok/mlbb/saikyuun_/7430779662210452754.mp4,True,0.709374189376831,4,1.0,0.8129292929292928,0.4888848396501458,0.4703508771929824,0.06198350694444445,saikyuun-,7430779662210452754,https://www.tiktok.com/@saikyuun_/video/7430779662210452754,Replying to @sarcastic potato Hanabi deserves better (both lore and in game) 🤍 #MLBB #mlbb8th #mlbbcelebr8 #mlbbcr8torparty #phjadeblossomkagura,101700,3584,52
datasets/tiktok/mlbb/mobilelegends_id/7641540916645203218.mp4,True,0.7089215517044067,4,0.75,0.7975757575757576,0.6130515018507403,0.6394736842105263,0.09764865451388888,mobilelegends-id,7641540916645203218,https://www.tiktok.com/@mobilelegends_id/video/7641540916645203218,"📢 Ding-dong! Ada pesan Pertarungan Kru nih buat kamu! 📅 Waktu Mulai: 25/05 📔 Panduan Event: Gabung Kru — Mainkan pertandingan MRS — Selesaikan quest / Push rank — Klaim hadiah! Ikuti event eksklusif MRS S6, Pertarungan Kru, cuma dengan 3 langkah mudah! Temukan Kru influencer favoritmu dan daftar untuk bergabung setelah event dimulai!   https://magicchessgogo.com/s6mrscrewclash/?utm_source=socialmedia&utm_medium=fb #MCGG1year  #MCGGMRSS6  #MCGGCrewclash  #MCGGAnniversary",22900,532,66
datasets/tiktok/mlbb/nilunaa/7643710959558724872.mp4,True,0.7087966203689575,4,1.0,0.5151515151515151,0.45539578331332536,0.8685964912280701,0.08182291666666666,nilunaa,7643710959558724872,https://www.tiktok.com/@nilunaa/video/7643710959558724872,Skin raya 😁 #MLBBALLSTAR #MLBBRollingTides #MLBB #mobilelegends #nilunaa,4365,101,58
datasets/tiktok/mlbb/nilunaa/7631916168718159111.mp4,True,0.7082313299179077,4,1.0,0.47777777777777775,0.5993440233236151,0.7026315789473684,0.08506293402777777,nilunaa,7631916168718159111,https://www.tiktok.com/@nilunaa/video/7631916168718159111,Auction House - mencari emote & dragon shard 😞 #MLBB #mobilelegends #nilunaa,177900,3469,154
datasets/tiktok/mlbb/mlbbtopcreation/7208094812535262465.mp4,True,0.7077473998069763,4,0.75,0.75,0.6458333333333334,0.75,0.07782986111111112,mlbb-top-creation,7208094812535262465,https://www.tiktok.com/@mlbbtopcreation/video/7208094812535262465,dyrroth maniac moments @malik.dyrroth  #mobilelegends #mgl #mlbbcreatorcamp,5333,210,6
datasets/tiktok/mlbb/nilunaa/7623351508423183634.mp4,True,0.7077420949935913,4,1.0,0.4265656565656566,0.7268586005830904,0.5524561403508772,0.09531575520833332,nilunaa,7623351508423183634,https://www.tiktok.com/@nilunaa/video/7623351508423183634,Suyou Combo Skill  #MLBBxNaruto #MLBB #mobilelegends #nilunaa,43000,1032,10
datasets/tiktok/mlbb/nilunaa/7625221665621921032.mp4,True,0.7075760364532471,4,1.0,0.6113131313131314,0.6151482021379981,0.43666666666666665,0.09324652777777778,nilunaa,7625221665621921032,https://www.tiktok.com/@nilunaa/video/7625221665621921032,Macam mana Sekysss dapat Turtle? #MYtimeMYera #mobilelegends #MPLMYS17 #MLBB #MPLMY,119000,4439,107
datasets/tiktok/mlbb/nilunaa/7616691700370607378.mp4,True,0.7074854373931885,4,1.0,0.5063636363636363,0.6913265306122449,0.5452631578947369,0.08182183159722223,nilunaa,7616691700370607378,https://www.tiktok.com/@nilunaa/video/7616691700370607378,Hero Marcel Trick - Skill 2 #MLBBNEWSKIN #MLBB #MLBBFanny #MLBBMarcel #MLBBS40,34400,742,6
datasets/tiktok/mlbb/mlbbesports_official/7599246557413707015.mp4,True,0.7074074745178223,4,1.0,0.5105050505050505,0.8125,0.21228070175438596,0.11488606770833333,mlbb-esports,7599246557413707015,https://www.tiktok.com/@mlbbesports_official/video/7599246557413707015,Nadeo = Defending his goal and defending his MLBB teammates 💪 🥅 🧤 #MLBBEsports #MLBBM7 #MobileLegendsBangBang #M7 #LetTheWorldSeeUs,407200,13800,92
datasets/tiktok/mlbb/cedxvi/7569982254047431943.mp4,True,0.7072259187698364,4,0.75,0.7591919191919192,0.5495019436345967,0.7563157894736842,0.12592447916666666,cedxvi,7569982254047431943,https://www.tiktok.com/@cedxvi/video/7569982254047431943,If only she knew🥀#MLBB #MLBB9TH #Cedxvi #Johnson,1900000,101100,363
datasets/tiktok/mlbb/cedxvi/7412639542202715399.mp4,True,0.7072126865386963,4,0.75,0.7341414141414141,0.6005344995140913,0.7533333333333334,0.09400065104166666,cedxvi,7412639542202715399,https://www.tiktok.com/@cedxvi/video/7412639542202715399,🤷,58400,3208,38
datasets/tiktok/mlbb/nilunaa/7623366793364507912.mp4,True,0.7072069644927979,4,1.0,0.5596969696969697,0.5865749603412793,0.5698245614035087,0.08931098090277778,nilunaa,7623366793364507912,https://www.tiktok.com/@nilunaa/video/7623366793364507912,Tutorial Gusion 💀  #MLBBxNaruto #MLBB #mobilelegends #nilunaa,27400,378,11
datasets/tiktok/mlbb/mlbbtopcreation/7226724208489876738.mp4,True,0.7071850299835205,4,0.75,0.75,0.5625,0.75,0.10263888888888889,mlbb-top-creation,7226724208489876738,https://www.tiktok.com/@mlbbtopcreation/video/7226724208489876738,Music is Magic! @atomix_knight #mobilelegends #mgl #mlbbcreatorcamp,4241,268,1
datasets/tiktok/mlbb/mobilelegends_id/7642286689037159687.mp4,True,0.7069104313850403,4,1.0,0.45,0.5466958211856171,0.837719298245614,0.07886067708333334,mobilelegends-id,7642286689037159687,https://www.tiktok.com/@mobilelegends_id/video/7642286689037159687,Buka dunia menakjubkan Reruntuhan Ombak bersama Pharsa! #MLBBAllstar  #MobileLegendsBangBang  #MLBBNewSkin,317700,2460,108
datasets/tiktok/mlbb/saikyuun_/7165335437106547995.mp4,True,0.7067848443984985,4,1.0,0.5915151515151515,0.6010932944606414,0.5233333333333333,0.08442925347222222,saikyuun-,7165335437106547995,https://www.tiktok.com/@saikyuun_/video/7165335437106547995,Plastikan muna sila Kagura at Hanabi 🙄😂 @jojoy.io #Jojoy #fyp #fypシ #Kagura #Hanabi #mlbbcreatorcamp #mccnovember,414200,27300,279
datasets/tiktok/mlbb/willdominateyougg/7605500235254795527.mp4,True,0.7066447734832764,4,1.0,0.8183838383838384,0.31049859229406046,0.6729824561403509,0.06500542534722223,willdominateyougg,7605500235254795527,https://www.tiktok.com/@willdominateyougg/video/7605500235254795527,#MLBB #mobilelegendsbangbang #argus #toji #fyp,715100,39100,327
datasets/tiktok/mlbb/willdominateyougg/7560251874008370439.mp4,True,0.7064239382743835,4,1.0,0.427979797979798,0.6406081495098039,0.7433333333333333,0.07807942708333333,willdominateyougg,7560251874008370439,https://www.tiktok.com/@willdominateyougg/video/7560251874008370439,#MLBB #argus #aizensosuke #willdominateyougg #fyp,1500000,146000,500
datasets/tiktok/mlbb/nilunaa/7605582750967434503.mp4,True,0.7063055038452148,4,0.75,0.6228282828282828,0.7214650145772594,0.6933333333333334,0.10553493923611111,nilunaa,7605582750967434503,https://www.tiktok.com/@nilunaa/video/7605582750967434503,Combo & Build Hero Leomord 🔥 #MLBBNewSkin #MLBB #mobilelegends #MLBBLeomord #nilunaa,61500,1082,13
datasets/tiktok/mlbb/willdominateyougg/7596610256298446098.mp4,True,0.7062370181083679,4,1.0,0.4297979797979798,0.5300473760932944,0.8650877192982456,0.08322699652777778,willdominateyougg,7596610256298446098,https://www.tiktok.com/@willdominateyougg/video/7596610256298446098,#MLBB #argus #aizen #willdominateyougg #fyp,129500,8275,95
datasets/tiktok/mlbb/shrxking_fear/7617762825976417544.mp4,True,0.7059391736984253,4,0.75,0.8453535353535353,0.6089285714285715,0.6150877192982456,0.08408528645833334,shrxking-fear,7617762825976417544,https://www.tiktok.com/@shrxking_fear/video/7617762825976417544,new effect again,115,3,0
datasets/tiktok/mlbb/mlbbtopcreation/7233669250836204801.mp4,True,0.7055696845054626,4,0.75,0.75,0.5625,0.75,0.09825954861111111,mlbb-top-creation,7233669250836204801,https://www.tiktok.com/@mlbbtopcreation/video/7233669250836204801,Gloo Tips @elanie #mobilelegends #mgl #mlbbcreatorcamp,8488,496,6
datasets/tiktok/mlbb/mobilelegendsmy/7637433111181069575.mp4,True,0.7051243782043457,4,0.75,0.8774747474747475,0.40781098153547135,0.865438596491228,0.07801323784722222,mobilelegendsmy,7637433111181069575,,,,,
datasets/tiktok/mlbb/nilunaa/7622285516146248967.mp4,True,0.7050447463989258,4,0.75,0.7591919191919192,0.5786321671525754,0.7024561403508772,0.09997395833333333,nilunaa,7622285516146248967,https://www.tiktok.com/@nilunaa/video/7622285516146248967,Nak pilih Minato ke Itachi? #MLBBxNaruto #MLBB #mobilelegends #nilunaa,28300,384,36
datasets/tiktok/mlbb/saikyuun_/7490509280064310536.mp4,True,0.704827070236206,4,1.0,0.3627272727272728,0.8163751214771623,0.6257894736842105,0.07096896701388888,saikyuun-,7490509280064310536,https://www.tiktok.com/@saikyuun_/video/7490509280064310536,Si Kadita talaga yung nanenermon sa dulo 😆 #MLBB #mobilelegends #mlbbkalea #kaleadebut #mobilelegendsbangbang,31500,1164,37
datasets/tiktok/mlbb/mobilelegendsmy/7641241366525152530.mp4,True,0.70479416847229,4,0.75,0.8473737373737373,0.4956511175898931,0.7266666666666667,0.09074327256944445,mobilelegendsmy,7641241366525152530,,,,,
datasets/tiktok/mlbb/willdominateyougg/7640027519164386567.mp4,True,0.7047333717346191,4,0.75,0.6202020202020202,0.643209426627794,0.9182456140350878,0.07997721354166666,willdominateyougg,7640027519164386567,https://www.tiktok.com/@willdominateyougg/video/7640027519164386567,#MLBB #mobilelegendsbangbang #MLBBALLSTAR #willdominateyougg #fyp,457800,33600,320
datasets/tiktok/mlbb/mobilelegendsmy/7635157890063502613.mp4,True,0.7046047449111938,4,0.75,0.748989898989899,0.6451895043731778,0.6726315789473685,0.09001736111111111,mobilelegendsmy,7635157890063502613,,,,,
datasets/tiktok/mlbb/gosu.general/7108673975441558810.mp4,True,0.7040120363235474,4,1.0,0.44424242424242427,0.6039723032069971,0.7422807017543859,0.08032877604166666,gosu-general,7108673975441558810,https://www.tiktok.com/@gosu.general/video/7108673975441558810,#MSC2022,619,12,0
datasets/tiktok/mlbb/saikyuun_/7450077503206477063.mp4,True,0.7038995027542114,4,0.75,0.7603030303030303,0.6051020408163266,0.715438596491228,0.08802734375000001,saikyuun-,7450077503206477063,https://www.tiktok.com/@saikyuun_/video/7450077503206477063,M6 Grand finals~ Congrats Onic! 🥳💛 #MLBB #mobilelegends #mlbbm6 #pinaspinakamalakas #greaterthanever #m6 #mplphilippines #mlbbesports #onicesport @Yunan,311000,27100,182
datasets/tiktok/mlbb/nilunaa/7638951432653163783.mp4,True,0.7037894129753113,4,0.75,0.6425252525252525,0.5946793002915451,0.8650877192982456,0.09634657118055555,nilunaa,7638951432653163783,https://www.tiktok.com/@nilunaa/video/7638951432653163783,Main Alice at least tahu combo Alice  #MLBB #MLBBNewSkin #mobilelegends #nilunaa,11000,232,9
datasets/tiktok/mlbb/nilunaa/7615953878026177800.mp4,True,0.7031286954879761,4,1.0,0.41666666666666674,0.7056122448979592,0.6040350877192981,0.08757161458333335,nilunaa,7615953878026177800,https://www.tiktok.com/@nilunaa/video/7615953878026177800,Hero Marcel combo skill 🔥 #MLBBMarcel #MLBBS40 #MLBBNEWHERO #MLBBGoldenMonth #MLBB,670000,19500,55
datasets/tiktok/mlbb/shrxking_fear/7610793509062249746.mp4,True,0.7027333974838257,4,1.0,0.5826262626262626,0.639887026239067,0.43,0.09006727430555556,shrxking-fear,7610793509062249746,https://www.tiktok.com/@shrxking_fear/video/7610793509062249746,aray mo,324,3,0
datasets/tiktok/mlbb/mlbbesports_official/7599324934107663624.mp4,True,0.7026646733283997,4,1.0,0.6246464646464647,0.6743683187560738,0.31824561403508766,0.09032552083333334,mlbb-esports,7599324934107663624,https://www.tiktok.com/@mlbbesports_official/video/7599324934107663624,"From crossing borders to conquering the biggest MLBB stage, Light  rises as M7 World Championship FMVP. Standing with realme 15 Pro × MLBB, every clutch moment proves one thing — Real Passion Never Dies！ #realme15pro5g #realpassionneverdies",199900,6714,63
datasets/tiktok/mlbb/saikyuun_/7433007231693622535.mp4,True,0.7010725736618042,4,1.0,0.721111111111111,0.5890063168124393,0.353859649122807,0.07508029513888889,saikyuun-,7433007231693622535,https://www.tiktok.com/@saikyuun_/video/7433007231693622535,Can't afford high quality Vtube models (yet) so here's Nana~ 🥰🎀 #MLBB #mobilelegends #mlbbcreatorbase #fyp #phmcbacesleague,28400,2149,48
datasets/tiktok/mlbb/mlbbtopcreation/7227725231417232641.mp4,True,0.7009190320968628,4,0.75,0.6606060606060606,0.6875,0.75,0.0845920138888889,mlbb-top-creation,7227725231417232641,https://www.tiktok.com/@mlbbtopcreation/video/7227725231417232641,Moonlit Ninja Build and Guide #mobilelegends #mgl #mlbbcreatorcamp,9884,507,9
datasets/tiktok/mlbb/cedxvi/7581873445072293127.mp4,True,0.7008883357048035,4,0.75,0.8838383838383839,0.5661443148688047,0.5454385964912281,0.09392686631944444,cedxvi,7581873445072293127,https://www.tiktok.com/@cedxvi/video/7581873445072293127,Still can't process what i just saw..🗿#MLBB #MLBBFriendFest #MLBBxSpongeBob,2200000,155900,483
datasets/tiktok/mlbb/mlbbttofficial/7634529502571318548.mp4,True,0.7002182006835938,4,0.75,0.76010101010101,0.6299198250728864,0.6596491228070176,0.08768771701388889,mlbb-official,7634529502571318548,https://www.tiktok.com/@mlbbttofficial/video/7634529502571318548,"New mode Tide Siege is coming on 05/07! The corrupted sea creatures are at the gates, approaching the Base from three lanes. Don't be afraid. Team up with 2 other players to fend off the enemies. In this new mode, heroes will receive comprehensive enhancements. Break past the level cap, power up with different cards, unlock extra skill enhancements, and make one-tap wipeouts a reality! Tap the video to learn more! #TideSiege #MobileLegendsBangBang #MLBBNewMode",136600,8570,140
datasets/tiktok/mlbb/cedxvi/7426299660001692946.mp4,True,0.6990810632705688,4,0.75,0.7137373737373738,0.5756372549019608,0.7791228070175439,0.09111870659722222,cedxvi,7426299660001692946,https://www.tiktok.com/@cedxvi/video/7426299660001692946,Bro has a plan! 🤣 #fypage #cedxvi #MLBB #MLBB8th #MLBBCelebr8,1100000,27300,80
datasets/tiktok/mlbb/saikyuun_/7355788365498715397.mp4,True,0.6990593075752258,4,0.75,0.672020202020202,0.7168488824101069,0.6182456140350877,0.09743272569444444,saikyuun-,7355788365498715397,https://www.tiktok.com/@saikyuun_/video/7355788365498715397,"Its me, ako yung jowang binubuhat 🥲 #MLBB #MobileLegends #phmcbacesleague #phgrandcollectionedith #fyp #mobilelegends_id #mlbb_indonesia",147900,14900,289
datasets/tiktok/mlbb/mlbbtopcreation/7212200303880326401.mp4,True,0.6987682580947876,4,0.75,0.7302020202020203,0.5461977648202139,0.75,0.099853515625,mlbb-top-creation,7212200303880326401,https://www.tiktok.com/@mlbbtopcreation/video/7212200303880326401,Brody Gameplay @silvioctaviaputri #mobilelegends #mgl #mlbbcreatorcamp,1620,59,1
datasets/tiktok/mlbb/mlbbtopcreation/7222808419760196866.mp4,True,0.6986539363861084,4,0.75,0.75,0.4956632653061225,0.75,0.11163302951388888,mlbb-top-creation,7222808419760196866,https://www.tiktok.com/@mlbbtopcreation/video/7222808419760196866,Savage Miya @silvioctaviaputri #mobilelegends #mgl #mlbbcreatorcamp,6107,337,16
datasets/tiktok/mlbb/nilunaa/7625651981977128200.mp4,True,0.6980443596839905,4,1.0,0.7615151515151516,0.3494897959183674,0.7157894736842105,0.05134657118055556,nilunaa,7625651981977128200,https://www.tiktok.com/@nilunaa/video/7625651981977128200,Pola skin Karrie MPL? #MLBBNewSkin #MLBBMPL #MLBB #mobilelegends #nilunaa,29600,597,21
datasets/tiktok/mlbb/bonitoflakesmlbb/7493330190441942280.mp4,True,0.6978729963302612,4,0.75,0.734040404040404,0.561348061546047,0.7585964912280702,0.09148220486111111,bonitoflakesmlbb,7493330190441942280,https://www.tiktok.com/@bonitoflakesmlbb/video/7493330190441942280,"Naka tripple kill na, namura pa 🤣 #MobileLegendsBangBang #fyp #mlbbhighlights #MLBB #selenaMLBB #selenamontage #selenahighlights #fyp",721,21,0
datasets/tiktok/mlbb/mobilelegends_id/7639994635770809618.mp4,True,0.6977047920227051,4,0.75,0.603030303030303,0.803899416909621,0.7057894736842105,0.07452582465277777,mobilelegends-id,7639994635770809618,https://www.tiktok.com/@mobilelegends_id/video/7639994635770809618,"Skin gratis? Siapa yang nolak 😭🔥 Event Bonus Festival Ganda udah mulai, main, selesain misi, terus klaim hadiah gratisnya 😈✨ Lumayan banget, login dikit… pulang bawa skin 👀 Ada yang udah claim belum nih? 👇 #mobilelegends_id #serubarengmlbb #samasamamain #MobileLegendsBangBang  #MLBBEvent",1300000,4115,251
datasets/tiktok/mlbb/nilunaa/7625270655625284882.mp4,True,0.6972850561141968,4,1.0,0.51,0.695298833819242,0.5307017543859649,0.06897894965277777,nilunaa,7625270655625284882,https://www.tiktok.com/@nilunaa/video/7625270655625284882,Gaara 💀  #mobilelegends #MLBB #MLBBxNaruto #Mobilelegendsbangbang #nilunaa,6840,148,4
datasets/tiktok/mlbb/saikyuun_/7431523469701008648.mp4,True,0.6968898773193359,4,0.75,0.6427272727272727,0.6533163265306123,0.7561403508771929,0.093037109375,saikyuun-,7431523469701008648,https://www.tiktok.com/@saikyuun_/video/7431523469701008648,Thankyou Kateyki core 🥰🎀 #MLBB #mlbb8th #mlbbcelebr8 #mlbbcr8torparty #MILPH #fyp @Yunan,16500,678,24
datasets/tiktok/mlbb/saikyuun_/7437466896536030471.mp4,True,0.6966410875320435,4,1.0,0.5788888888888889,0.6066873177842566,0.4350877192982456,0.09134657118055554,saikyuun-,7437466896536030471,https://www.tiktok.com/@saikyuun_/video/7437466896536030471,"Hardest decision, my two late-game daddies 😭🥺 #MLBB #mobilelegends #phmcbacesleague #mlbbmegasale #mlbb1111ph24 @Yunan",90900,4239,85
datasets/tiktok/mlbb/mobilelegends_id/7638596594132126996.mp4,True,0.6961248517036438,4,0.75,0.75,0.6124402573529412,0.6180701754385965,0.09877278645833334,mobilelegends-id,7638596594132126996,https://www.tiktok.com/@mobilelegends_id/video/7638596594132126996,Alice semakin gak bisa mati? 😭🔥 Udah ada yang coba build tebel begini? 👇 #mobilelegends_id #serubarengmlbb #samasamamain #MobileLegendsBangBang #MLBBGameplay,1100000,2502,127
datasets/tiktok/mlbb/shrxking_fear/7630482855147130119.mp4,True,0.6956942677497864,4,1.0,0.4716161616161616,0.47766034985422745,0.8247368421052631,0.07924370659722221,shrxking-fear,7630482855147130119,https://www.tiktok.com/@shrxking_fear/video/7630482855147130119,#fyyyyyyyyyyyyyyyyp,302,4,2
datasets/tiktok/mlbb/shrxking_fear/7617761226327641352.mp4,True,0.6955447196960449,4,1.0,0.584040404040404,1.0,0.07649122807017544,0.05180230034722222,shrxking-fear,7617761226327641352,https://www.tiktok.com/@shrxking_fear/video/7617761226327641352,rank filter,255,10,0
datasets/tiktok/mlbb/bonitoflakesmlbb/7443737188522544392.mp4,True,0.6954617500305176,4,0.75,0.7645454545454545,0.5711856171039844,0.7124561403508772,0.08557942708333334,bonitoflakesmlbb,7443737188522544392,https://www.tiktok.com/@bonitoflakesmlbb/video/7443737188522544392,Result of one mistake ❌ #MLBB #fypシ゚viralシ #MobileLegendsBangBang #mlbbtiktok #selenamlbbtiktok,376,10,0
datasets/tiktok/mlbb/mlbbtopcreation/7227724327070862593.mp4,True,0.6951340436935425,4,0.75,0.75,0.5407434402332362,0.75,0.09043728298611112,mlbb-top-creation,7227724327070862593,https://www.tiktok.com/@mlbbtopcreation/video/7227724327070862593,Hanabi Gameplay @atomix_knight #mobilelegends #mgl #mlbbcreatorcamp,5253,358,10
datasets/tiktok/mlbb/cedxvi/7470492788220611847.mp4,True,0.6946964859962463,4,0.75,0.7846464646464646,0.41192555147058824,0.9640350877192982,0.07130316840277778,cedxvi,7470492788220611847,https://www.tiktok.com/@cedxvi/video/7470492788220611847,Plan B..😏 #cedxvi #mlbb #Johnsontiktok,2100000,220100,1001
datasets/tiktok/mlbb/saikyuun_/7578103368737082632.mp4,True,0.6944171190261841,4,1.0,0.7319191919191919,0.468547794117647,0.5008771929824561,0.06641818576388889,saikyuun-,7578103368737082632,https://www.tiktok.com/@saikyuun_/video/7578103368737082632,Odette minion #MLBB #mobilelegends #phmcbacesleague #fyp,47300,1289,28
datasets/tiktok/mlbb/mlbbttofficial/7606267257815076116.mp4,True,0.6937804222106934,4,1.0,1.0,0.35783527696793005,0.20421052631578945,0.07491536458333334,mlbb-official,7606267257815076116,https://www.tiktok.com/@mlbbttofficial/video/7606267257815076116,Can Hanabi's skills be used like this? How many targets can she bounce to at most? #MLBBGoldenMonth #MLBBGoldenMonthEvent #MobileLegendsbangbang,2000000,35600,297
datasets/tiktok/mlbb/mobilelegends_id/7643753404321516818.mp4,True,0.6935166120529175,4,0.75,0.7963636363636364,0.590354088063797,0.6347368421052632,0.08377712673611111,mobilelegends-id,7643753404321516818,https://www.tiktok.com/@mobilelegends_id/video/7643753404321516818,Pharsa skin ALLSTAR nih bos! udah ada yang punya belum? 🤔 #mobilelegends_id #serubarengmlbb #samasamamain #MobileLegendsBangBang  #MLBBAllStar,24600,599,72
datasets/tiktok/mlbb/willdominateyougg/7593267991056370951.mp4,True,0.6934612393379211,4,0.75,0.7914141414141415,0.5074344023323615,0.7863157894736842,0.07732096354166668,willdominateyougg,7593267991056370951,https://www.tiktok.com/@willdominateyougg/video/7593267991056370951,Kyōka Suigetsu #MLBB #mobilelegendsbangbang #argus #aizen #willdominateyougg,466900,34900,167
datasets/tiktok/mlbb/mlbbcreator/7321694630414732549.mp4,True,0.6932113170623779,4,1.0,0.7081818181818182,0.160932944606414,1.0,0.05576714409722222,mlbbcreator,7321694630414732549,https://www.tiktok.com/@mlbbcreator/video/7321694630414732549,Namun jika teori dari Profesor Eudora benar maka Gloo akan menjadi ancaman di masa depan bagi Abyss. Abyss tidak pernah menyentuh Gloo karena menganggap Gloo bukanlah makhluk berbahaya atau mereka mengetahui rahasia menaklukkan tentang ras Dextec ini,77600,2449,61
datasets/tiktok/mlbb/willdominateyougg/7624465110786002183.mp4,True,0.6928563117980957,4,0.75,0.8244444444444444,0.5285561412064825,0.6757894736842105,0.08312174479166667,willdominateyougg,7624465110786002183,https://www.tiktok.com/@willdominateyougg/video/7624465110786002183,Argus x Hidan #MLBB #mobilelegendsbangbang #willdominateyougg #hidan #fyp,1700000,98000,1255
datasets/tiktok/mlbb/bonitoflakesmlbb/7432874249309736199.mp4,True,0.6920821666717529,4,0.75,0.7151515151515151,0.49420553935860057,0.8175438596491228,0.09626302083333334,bonitoflakesmlbb,7432874249309736199,https://www.tiktok.com/@bonitoflakesmlbb/video/7432874249309736199,Valir Sustain Build to Savage 🔥 #MobileLegendsBangBang #mlbbhighlights #MLBBCr8torParty #mlbbcelbr8  #fypviralシ,577,12,1
datasets/tiktok/mlbb/saikyuun_/7405501136725232914.mp4,True,0.6919963359832764,4,1.0,0.6036363636363636,0.7501457725947522,0.2903508771929824,0.0670822482638889,saikyuun-,7405501136725232914,https://www.tiktok.com/@saikyuun_/video/7405501136725232914,"beh, go for Xiaomi pad 6 super worth it #MLBB #mobilelegends #phmcbacesleague #phroguetalonmasha #fyp #mlbbcreatorbase",31900,2401,80
datasets/tiktok/mlbb/nilunaa/7642297427432721671.mp4,True,0.6916552782058716,4,1.0,0.4587878787878788,0.5070153061224489,0.8671929824561403,0.06087239583333333,nilunaa,7642297427432721671,https://www.tiktok.com/@nilunaa/video/7642297427432721671,Hadir para Chosen One 🔥 #MLBBALLSTAR #MLBBTidalFishing #MLBB #mobilelegends #nilunaa,3363,117,6
datasets/tiktok/mlbb/mobilelegends_id/7643784823038938386.mp4,True,0.6916526556015015,4,0.75,0.7683838383838384,0.508469669117647,0.8045614035087719,0.07796657986111111,mobilelegends-id,7643784823038938386,https://www.tiktok.com/@mobilelegends_id/video/7643784823038938386,"Skin Zodiac bulan ini jangan sampe kelewatan 😭 Kalau emang udah ngincer, mending gas sebelum keburu hilang 👀 #mobilelegends_id #serubarengmlbb #samasamamain #MobileLegendsBangBang  #MLBBZodiac",29200,828,90
datasets/tiktok/mlbb/mlbbttofficial/7615836633656528144.mp4,True,0.6915369033813477,4,1.0,0.5687878787878788,0.5733782798833819,0.41526315789473683,0.10104926215277778,mlbb-official,7615836633656528144,https://www.tiktok.com/@mlbbttofficial/video/7615836633656528144,"After everything we've been through together, would you be willing to join House Paxley and walk the path ahead with us? #MLBBMARCEL #MLBBNEWHERO #MLBBS40 #MLBBGoldenMonth #MobileLegendsBangBang",2800000,65800,601
datasets/tiktok/mlbb/willdominateyougg/7618492250120555783.mp4,True,0.6913453936576843,4,0.75,0.7531313131313132,0.4974258006774138,0.7778947368421052,0.0908224826388889,willdominateyougg,7618492250120555783,https://www.tiktok.com/@willdominateyougg/video/7618492250120555783,#MLBBMARCEL #MLBBS40 #MLBBFV #MLBB,17300,540,12
datasets/tiktok/mlbb/saikyuun_/7558713090464812296.mp4,True,0.6912577748298645,4,0.75,0.758989898989899,0.49889455782312925,0.75,0.09421766493055556,saikyuun-,7558713090464812296,https://www.tiktok.com/@saikyuun_/video/7558713090464812296,Long time no upload henlo #MLBB #mobilelegends #phmcbacesleague #mlbbcreatorbase #fyp,14700,1311,12
datasets/tiktok/mlbb/nilunaa/7640390695462636807.mp4,True,0.6910492181777954,4,1.0,0.5325252525252525,0.505466472303207,0.7468421052631579,0.06249891493055555,nilunaa,7640390695462636807,https://www.tiktok.com/@nilunaa/video/7640390695462636807,Pov player ml sekarang 😂 #MLBBALLSTAR #MLBBTidalFishing #MLBB #mobilelegends #nilunaa,84500,4277,149
datasets/tiktok/mlbb/mlbbdailyclips/7443689407787355413.mp4,True,0.6905906200408936,4,1.0,0.4894949494949495,0.64421768707483,0.4714035087719298,0.09284722222222222,mlbbdailyclips,7443689407787355413,https://www.tiktok.com/@mlbbdailyclips/video/7443689407787355413,Dogie napansin na may bulsa sa baba ni Benthings #ohmyv33nus #ohmyveenus #mobazane #teamliquid #mplph #rrq #mplpihilippines #kelra #rrqhoshi #rrqkingdom #balacklistinternational #yawi #kairi #rrqalberttt #srg #sekys #mplmalaysia #mplcambodia #mlbb #aeronshikii,21700,406,10
datasets/tiktok/mlbb/nilunaa/7638233130821848328.mp4,True,0.6905360221862793,4,1.0,0.6205050505050504,0.6867589893100097,0.24912280701754386,0.08615342881944445,nilunaa,7638233130821848328,https://www.tiktok.com/@nilunaa/video/7638233130821848328,Counter Thamuz - Tide Siege Endless Mode ✅ #MLBBALLSTAR #MLBB #mobilelegends #MLBBCreator #nilunaa,38800,599,15
datasets/tiktok/mlbb/mlbbttofficial/7631856904846773521.mp4,True,0.6901968717575073,4,1.0,0.49676767676767675,0.4837342079689019,0.7235087719298245,0.083251953125,mlbb-official,7631856904846773521,https://www.tiktok.com/@mlbbttofficial/video/7631856904846773521,"Screenshot challenge! Did you capture Yu Zhong's commanding presence? Share your best shot in the comments! The ""Tidal Treasure Hunt"" is available for a limited time from 04/30 to 06/28. Participate in the event to get the ALLSTAR-exclusive Yu Zhong skins for FREE! #MLBBAllstar #MobileLegendsBangBang #MLBBFreeSkin #MLBBNewSkin",582600,7852,2105
datasets/tiktok/mlbb/willdominateyougg/7638892681636236552.mp4,True,0.6901020407676697,4,0.75,0.7508080808080808,0.5018639732678786,0.7826315789473683,0.09218532986111111,willdominateyougg,7638892681636236552,https://www.tiktok.com/@willdominateyougg/video/7638892681636236552,#MLBBALLSTAR #MLBBDreadsea #MLBBSiren #MLBBTidalGoldRush,22000,1101,42
datasets/tiktok/mlbb/mlbbdailyclips/7073780238567673089.mp4,True,0.6900537014007568,4,1.0,0.7359595959595959,0.5833333333333334,0.22789473684210523,0.08326822916666667,mlbbdailyclips,7073780238567673089,https://www.tiktok.com/@mlbbdailyclips/video/7073780238567673089,ECHO KarlTzy vs 5members of TNC #mlbb#ml#mlbbtiktok#echophilippines#karltzy#rrq #rrqhoshi #h2wo#h2woofficial#renejay #dogielangmalakas #onicvior #bren,1371,4,0
datasets/tiktok/mlbb/mobilelegends_id/7635489451858300180.mp4,True,0.6897488832473755,4,0.75,0.6733333333333333,0.6411856617647058,0.7471929824561403,0.07932291666666667,mobilelegends-id,7635489451858300180,https://www.tiktok.com/@mobilelegends_id/video/7635489451858300180,Glacial Hook dan momen kill yang keren!👍 Bertemu pro player di Frozen Sea Showdown .... #MobileLegendsBangBang #MLBBNewMode #MLBBFrozenSeaShowdown #MLBBS40,454100,1713,57
datasets/tiktok/mlbb/willdominateyougg/7608098211378547976.mp4,True,0.6897265315055847,4,0.75,0.6395959595959596,0.5179664723032069,0.9898245614035087,0.074365234375,willdominateyougg,7608098211378547976,https://www.tiktok.com/@willdominateyougg/video/7608098211378547976,NEW KHALEED EMOTE #MLBBGoldenMonth #MLBBFV #MLBB,185400,4770,38
datasets/tiktok/mlbb/saikyuun_/7465616824873258258.mp4,True,0.6893978118896484,4,1.0,0.3414141414141414,0.7489067055393586,0.5398245614035088,0.09350368923611112,saikyuun-,7465616824873258258,https://www.tiktok.com/@saikyuun_/video/7465616824873258258,i secure ang kill para di sayang 👹 #MLBB #mobilelegends #phmcbacesleague #phbloomofabundancerafaela #fyp #mlbbmyhero,369900,27300,101
datasets/tiktok/mlbb/saikyuun_/7457854743495413010.mp4,True,0.6893728971481323,4,1.0,0.56,0.5,0.7363157894736843,0.05549370659722222,saikyuun-,7457854743495413010,https://www.tiktok.com/@saikyuun_/video/7457854743495413010,Jealous Kagura ☹️ #MLBB #mobilelegends #phmcbacesleague #mlbbcreatorbase #mlbbxhunterhunter #fyp,33100,3167,138
datasets/tiktok/mlbb/mlbbtopcreation/7212202435677261057.mp4,True,0.6891204714775085,4,0.75,0.75,0.5365524781341108,0.75,0.08359266493055556,mlbb-top-creation,7212202435677261057,https://www.tiktok.com/@mlbbtopcreation/video/7212202435677261057,Brody Montage @atomix_knight #mobilelegends #mgl #mlbbcreatorcamp,1658,53,2
datasets/tiktok/mlbb/mlbbtopcreation/7212411333705305346.mp4,True,0.6890233755111694,4,0.75,0.7495959595959596,0.503024781341108,0.75,0.09297526041666666,mlbb-top-creation,7212411333705305346,https://www.tiktok.com/@mlbbtopcreation/video/7212411333705305346,Valentina Gameplay  @atomix_knight #mobilelegends #mgl #mlbbcreatorcamp,1611,58,1
datasets/tiktok/mlbb/willdominateyougg/7620386731010837768.mp4,True,0.6888149380683899,4,0.75,0.8534343434343434,0.5222257295775454,0.6384210526315789,0.0782497829861111,willdominateyougg,7620386731010837768,https://www.tiktok.com/@willdominateyougg/video/7620386731010837768,#MLBB #nanami #jjk #mobilelegendsbangbang #fyp,77000,5542,51
datasets/tiktok/mlbb/mlbbesports_official/7599356495964146964.mp4,True,0.6885545253753662,4,0.75,0.48171717171717177,0.8487973760932945,0.6259649122807017,0.10350911458333334,mlbb-esports,7599356495964146964,https://www.tiktok.com/@mlbbesports_official/video/7599356495964146964,Celebrating @Aurora Gaming PH as M7 Champions with the crowds of M7 Carnival! 🔥  #MLBBEsports #MLBBM7 #MobileLegendsBangBang #M7 #M7Carnival,268400,12400,99
datasets/tiktok/mlbb/nilunaa/7621473122872593684.mp4,True,0.6873738765716553,4,0.75,0.7666666666666667,0.6550413022351798,0.5333333333333333,0.08744249131944444,nilunaa,7621473122872593684,https://www.tiktok.com/@nilunaa/video/7621473122872593684,Zaman bila korang main ml? #MLBBS40 #MLBBMarcel #MLBBGoldenMonth #MLBB #mobilelegends,71900,1522,186
datasets/tiktok/mlbb/mlbbtopcreation/7217635889994910977.mp4,True,0.6873500943183899,4,0.75,0.75,0.4698615160349855,0.75,0.10551649305555555,mlbb-top-creation,7217635889994910977,https://www.tiktok.com/@mlbbtopcreation/video/7217635889994910977,Elegant Aries Hilda @myatminkhantws #mobilelegends #mgl #mllbbcreatorcampbase,2900,138,2
datasets/tiktok/mlbb/saikyuun_/7453795929276173586.mp4,True,0.6870815753936768,4,0.75,0.7718181818181817,0.49269314868804664,0.7757894736842105,0.08113932291666667,saikyuun-,7453795929276173586,https://www.tiktok.com/@saikyuun_/video/7453795929276173586,"inaamag na dias ko dito, pamigay ko 'to 😡😡 #MLBBM6 #GreaterThanEver #pinaspinakamalakas #mobilelegends #MLBB #mlbbcreatorbase #phmcbacesleague",14900,464,23
datasets/tiktok/mlbb/shrxking_fear/7630342021877632264.mp4,True,0.6854884028434753,4,0.75,0.8064646464646464,0.4862001943634597,0.7963157894736842,0.065947265625,shrxking-fear,7630342021877632264,https://www.tiktok.com/@shrxking_fear/video/7630342021877632264,TikTok video #7630342021877632264,186,2,0
datasets/tiktok/mlbb/mlbbcreator/7272355894338489606.mp4,True,0.6853296160697937,4,0.75,0.7797979797979798,0.3872813411078717,0.8598245614035087,0.08860568576388889,mlbbcreator,7272355894338489606,https://www.tiktok.com/@mlbbcreator/video/7272355894338489606,Nomor 4 ada yang tau ras apa? baca kisah Hero MLBB di playlist akun ini #CapCut #storyidedmuhammad #idedmuhammad #fypidedmuhammad #kisahheromobilegend #mplids12 #weownthis #mlbbwiki #fiksi #kisahheroalice,25000,440,35
datasets/tiktok/mlbb/saikyuun_/7332397626375032070.mp4,True,0.6847609281539917,4,1.0,0.33232323232323235,0.85,0.4735087719298245,0.07543185763888889,saikyuun-,7332397626375032070,https://www.tiktok.com/@saikyuun_/video/7332397626375032070,Mag sorry ka! 😤😡 bagay yung boses ni @Zeke Abella kay Nana 😭😭 #MLBB #MobileLegends #phmcbacesleague #mlbbcreatorbase #fyp,2200000,115200,654
datasets/tiktok/mlbb/saikyuun_/7285667827120360709.mp4,True,0.6844140291213989,4,0.75,0.5151515151515151,0.8333333333333334,0.5996491228070175,0.09742404513888889,saikyuun-,7285667827120360709,https://www.tiktok.com/@saikyuun_/video/7285667827120360709,"Maganda naman new skin ni Beatrix eh, may pasabog tas amoy putok 👀😂 Nolan, nag first move na 💕 #mlbb #mobilelegends #phmcbacesleague #mlbbbeatrixvibrantfiesta #beatrixvibrantfiesta #nextforu #MLBBNOLAN #nolandebut #fyp",205700,9143,114
datasets/tiktok/mlbb/nilunaa/7614405215973821703.mp4,True,0.6836435794830322,4,1.0,0.3942424242424243,0.5700437317784257,0.8524561403508771,0.05544813368055556,nilunaa,7614405215973821703,https://www.tiktok.com/@nilunaa/video/7614405215973821703,Covenant Action Emote 🔥 #MLBBGoldenMonth #MLBBGoldenTurtle #MLBB #mobilelegends #MLBBNEWSKIN,10800,287,9
datasets/tiktok/mlbb/mlbbtopcreation/7241090353498049794.mp4,True,0.6834903955459595,4,0.75,0.75,0.5249999999999999,0.7498245614035087,0.07935655381944445,mlbb-top-creation,7241090353498049794,https://www.tiktok.com/@mlbbtopcreation/video/7241090353498049794,Luo Yi Combo Tutorial @elaineyy #mobilelegends #mgl #mlbbcreatorcamp,71600,3903,79
datasets/tiktok/mlbb/willdominateyougg/7618504421332323591.mp4,True,0.6834670305252075,4,0.75,0.6244444444444445,0.5787657920310981,0.8303508771929824,0.08640733506944444,willdominateyougg,7618504421332323591,https://www.tiktok.com/@willdominateyougg/video/7618504421332323591,#MLBBMARCEL #MLBBS40 #MLBBFV #MLBB,28500,1703,12
datasets/tiktok/mlbb/mlbbtopcreation/7212412533381106946.mp4,True,0.683407723903656,4,0.75,0.6835353535353536,0.5485787172011662,0.75,0.09307942708333333,mlbb-top-creation,7212412533381106946,https://www.tiktok.com/@mlbbtopcreation/video/7212412533381106946,Benedetta Gameplay  #mobilelegends #mgl #mlbbcreatorcamp,1742,72,1
datasets/tiktok/mlbb/bonitoflakesmlbb/7454391370506161416.mp4,True,0.6833288669586182,4,1.0,0.23818181818181816,0.5717687074829932,1.0,0.07231662326388888,bonitoflakesmlbb,7454391370506161416,https://www.tiktok.com/@bonitoflakesmlbb/video/7454391370506161416,Zhuxin Best Build! #MobileLegendsBangBang #mlbbtiktok #mlbbhighlights #mlbb #fypシ゚viralシ,739,6,2
datasets/tiktok/mlbb/cedxvi/7453406275943140616.mp4,True,0.6830114126205444,4,0.75,0.8134343434343434,0.5287562435688561,0.6856140350877192,0.07131293402777777,cedxvi,7453406275943140616,https://www.tiktok.com/@cedxvi/video/7453406275943140616,Johnson drift mode..🥶 #MLBB #PeerlessLight #MLBBLukas    #cedxvi #fyp,2000000,186000,1308
datasets/tiktok/mlbb/saikyuun_/7153097169866591514.mp4,True,0.6828351020812988,4,0.75,0.7467676767676767,0.7708333333333334,0.2270175438596491,0.16161458333333334,saikyuun-,7153097169866591514,https://www.tiktok.com/@saikyuun_/video/7153097169866591514,Buti pa si Nana at Harith may bebetime -Lylia 🙄😡 862765885 (10649) @MLBB TOP CREATION #mobilelegends #mlbbcreatorcamp #mccOctober #mcc_1007ph #fyp #fypシ,132000,10300,124
datasets/tiktok/mlbb/nilunaa/7625191856787197192.mp4,True,0.6823323369026184,4,0.75,0.6321212121212121,0.7916666666666667,0.6171929824561404,0.06668619791666666,nilunaa,7625191856787197192,https://www.tiktok.com/@nilunaa/video/7625191856787197192,Skill 2 itachi selepas optimize 🔥 #MLBB #mobilelegends #MLBBxNaruto #Mobilelegendsbangbang #nilunaa,54400,2189,48
datasets/tiktok/mlbb/mlbbtopcreation/7233669896675069186.mp4,True,0.6818888187408447,4,0.75,0.6493939393939394,0.75,0.6550877192982456,0.06466037326388889,mlbb-top-creation,7233669896675069186,https://www.tiktok.com/@mlbbtopcreation/video/7233669896675069186,Yummy Ice Cream! @myatminkhantws #mobilelegends #mgl #mlbbcreatorcamp,10900,647,8
datasets/tiktok/mlbb/mobilelegendsmy/7638247944747027730.mp4,True,0.6814247965812683,4,1.0,0.9478787878787879,0.2693756073858115,0.3187719298245614,0.0757400173611111,mobilelegendsmy,7638247944747027730,,,,,
datasets/tiktok/mlbb/mlbbdailyclips/7443692417284459797.mp4,True,0.6813004612922668,4,1.0,0.48838383838383836,0.5677842565597668,0.5191228070175438,0.09240559895833333,mlbbdailyclips,7443692417284459797,https://www.tiktok.com/@mlbbdailyclips/video/7443692417284459797,Dogie pinuri si Edward walang pangit sa titing galit #ohmyv33nus #ohmyveenus #mobazane #teamliquid #mplph #rrq #mplpihilippines #kelra #rrqhoshi #rrqkingdom #balacklistinternational #yawi #kairi #rrqalberttt #srg #sekys #mplmalaysia #mplcambodia #mlbb #aeronshikii,3684,36,3
datasets/tiktok/mlbb/nilunaa/7628524575969660167.mp4,True,0.6812461614608765,4,0.75,0.768080808080808,0.5472120991253644,0.5931578947368421,0.09674479166666666,nilunaa,7628524575969660167,https://www.tiktok.com/@nilunaa/video/7628524575969660167,Dynamic Portrait Skin Legend 🔥 #MLBB #mobilelegends #MLBBNewSkin #MLBBFanny #nilunaa,8010,180,8
datasets/tiktok/mlbb/saikyuun_/7323962682967706885.mp4,True,0.6807440519332886,4,1.0,0.4305050505050505,0.5968412186303093,0.5633333333333332,0.09227647569444444,saikyuun-,7323962682967706885,https://www.tiktok.com/@saikyuun_/video/7323962682967706885,MLBB Indo-based heroes 🇮🇩💕 Lover boy Gatotkaca + cutie Kadita 😭🫶 #MLBB #MobileLegends #phmcbacesleague #phgatotkacatidepreserver #fyp #phkofreturn,193500,16900,222
datasets/tiktok/mlbb/mlbbtopcreation/7215500571233602818.mp4,True,0.6806994080543518,4,0.75,0.7232323232323232,0.6641156462585034,0.6150877192982456,0.07259331597222222,mlbb-top-creation,7215500571233602818,https://www.tiktok.com/@mlbbtopcreation/video/7215500571233602818,lesley plays @pnx.ladymikuro #mobilelegends #mgl #mlbbcreatorcamp,1901,104,4
datasets/tiktok/mlbb/mobilelegends_id/7641897561724374280.mp4,True,0.680446207523346,4,0.75,0.7053535353535354,0.49068270165208944,0.8598245614035087,0.07607096354166668,mobilelegends-id,7641897561724374280,https://www.tiktok.com/@mobilelegends_id/video/7641897561724374280,"Sekali zoning kena, langsung buyar semua 😭 #mobilelegends_id #serubarengmlbb #samasamamain #MobileLegendsBangBang #MLBBGameplay",20900,570,58
datasets/tiktok/mlbb/mlbbesports_official/7599220044752538888.mp4,True,0.6802235245704651,4,1.0,0.48848484848484847,0.5444484936831875,0.7047368421052631,0.05935980902777778,mlbb-esports,7599220044752538888,https://www.tiktok.com/@mlbbesports_official/video/7599220044752538888,Aurora Gaming PH 🇵🇭 vs Alter Ego 🇮🇩 May the best team win ⚔️ #MLBBEsports #MLBBM7 #MobileLegendsBangBang #M7 #LetTheWorldSeeUs,1100000,81200,1248
datasets/tiktok/mlbb/mlbbtopcreation/7222807959187787010.mp4,True,0.6791858673095703,4,0.75,0.75,0.44999999999999996,0.75,0.09458116319444444,mlbb-top-creation,7222807959187787010,https://www.tiktok.com/@mlbbtopcreation/video/7222807959187787010,Miya Gameplay #mobilelegends #mgl #mlbbcreatorcamp,5111,309,13
datasets/tiktok/mlbb/mlbbttofficial/7613982930163010833.mp4,True,0.6776605844497681,4,0.75,0.7158585858585859,0.65,0.5317543859649123,0.09187608506944445,mlbb-official,7613982930163010833,https://www.tiktok.com/@mlbbttofficial/video/7613982930163010833,"Live recording by Lyras Qiu from the MLBB Audio Team, featuring an excerpt from the soundtrack for the Fanny ""Galactic Starhawk"" Cinematic Trailer. Feel free to play along (sheet music is pinned in the comments)! #MobileLegendsBangBang #MLBBFannyLegend",767100,3527,67
datasets/tiktok/mlbb/nilunaa/7627807063841705234.mp4,True,0.6770266890525818,4,0.75,0.7134343434343434,0.5321793002915451,0.7419298245614034,0.081611328125,nilunaa,7627807063841705234,https://www.tiktok.com/@nilunaa/video/7627807063841705234,Skin Gaara or Valir Epic? #mobilelegends #MLBB #MLBBNewSkin #MLBBxNaruto #nilunaa,79200,1560,126
datasets/tiktok/mlbb/saikyuun_/7627781415077235986.mp4,True,0.676608681678772,4,0.75,0.8625252525252526,0.5289965986394558,0.5356140350877193,0.07838867187500001,saikyuun-,7627781415077235986,https://www.tiktok.com/@saikyuun_/video/7627781415077235986,Almusal ng mga MLBB content creators #MLBBGetGetAw #MLBBxSexBomb #MLBBTagArAW #MLBB #fyp,38700,2530,55
datasets/tiktok/mlbb/nilunaa/7633769860152986888.mp4,True,0.6765836477279663,4,1.0,0.4107070707070707,0.7169096209912537,0.5026315789473683,0.0716720920138889,nilunaa,7633769860152986888,https://www.tiktok.com/@nilunaa/video/7633769860152986888,Aurora Combo  #MLBB #mobilelegends #MLBBNewSkin #nilunaa,12400,219,11
datasets/tiktok/mlbb/mlbbtopcreation/7215500415238933761.mp4,True,0.6765029430389404,4,0.75,0.728989898989899,0.6729166666666666,0.5436842105263158,0.077421875,mlbb-top-creation,7215500415238933761,https://www.tiktok.com/@mlbbtopcreation/video/7215500415238933761,miya maniac moment @eiysssss #mobilelegends #mgl #mlbbcreatorcamp,2390,143,4
datasets/tiktok/mlbb/gosu.general/7110198792003144986.mp4,True,0.6764569878578186,4,0.75,0.8351515151515152,0.5193915021365689,0.5587719298245614,0.08455186631944445,gosu-general,7110198792003144986,https://www.tiktok.com/@gosu.general/video/7110198792003144986,TikTok video #7110198792003144986,11,0,0
datasets/tiktok/mlbb/saikyuun_/7569493769960131847.mp4,True,0.6764469146728516,4,1.0,0.42424242424242425,0.7098760932944607,0.5456140350877192,0.06046440972222222,saikyuun-,7569493769960131847,https://www.tiktok.com/@saikyuun_/video/7569493769960131847,yunan on demon time,13000,473,15
datasets/tiktok/mlbb/cedxvi/7049712931264597274.mp4,True,0.6759730577468872,4,0.75,0.7845454545454545,0.5245383867832847,0.6133333333333333,0.10517578125,cedxvi,7049712931264597274,https://www.tiktok.com/@cedxvi/video/7049712931264597274,Nani!? #cedxvi #kewlsquad  #Rowl,469100,31500,514
datasets/tiktok/mlbb/mobilelegendsmy/7637527030094957831.mp4,True,0.6758619546890259,4,0.75,0.7641414141414142,0.5076895043731778,0.7287719298245614,0.07399956597222222,mobilelegendsmy,7637527030094957831,,,,,
datasets/tiktok/mlbb/mlbbttofficial/7614109253334306068.mp4,True,0.6753565073013306,4,0.75,0.7675757575757576,0.3708579101283371,0.9535087719298245,0.06443467881944444,mlbb-official,7614109253334306068,https://www.tiktok.com/@mlbbttofficial/video/7614109253334306068,"Sorry, nobody moves when my BGM is on. #MLBBMARCEL #MLBBNEWHERO #MLBBS40 #MLBBGoldenMonth #MobileLegendsBangBang",9500000,79500,850
datasets/tiktok/mlbb/saikyuun_/7595040974846430472.mp4,True,0.6746540069580078,4,1.0,0.5217171717171717,0.5603783700980391,0.5033333333333334,0.07859266493055556,saikyuun-,7595040974846430472,https://www.tiktok.com/@saikyuun_/video/7595040974846430472,surprise Saber #MLBB #MLBBM7 #mobilelegends #fyp,42300,2276,35
datasets/tiktok/mlbb/bonitoflakesmlbb/7503736614175214855.mp4,True,0.6745775938034058,4,0.75,0.7597979797979798,0.41182076401989365,0.7828070175438596,0.08937282986111111,bonitoflakesmlbb,7503736614175214855,https://www.tiktok.com/@bonitoflakesmlbb/video/7503736614175214855,Quick Selena Game 😉 #selenamlbb #mobilelegends #mlbbhighlights #mlbb #fyp #mobilelegendsbangbang,677,24,1
datasets/tiktok/mlbb/saikyuun_/7418889647830469906.mp4,True,0.6734745502471924,4,1.0,0.6184848484848484,0.6492103984450923,0.20298245614035085,0.08401475694444444,saikyuun-,7418889647830469906,https://www.tiktok.com/@saikyuun_/video/7418889647830469906,"Live tayo sa Saturday, 4PM. Samahan niyo ko durugin team ni @Yunan  😭🙏🏻 #mlbb8th #mlbbcelebr8 #mlbbcr8torparty #MLBB #mobilelegendsbangbang",3400000,25200,213
datasets/tiktok/mlbb/nilunaa/7602183894892285192.mp4,True,0.6734009385108948,4,0.75,0.46898989898989896,0.7083333333333334,0.752280701754386,0.10061740451388888,nilunaa,7602183894892285192,https://www.tiktok.com/@nilunaa/video/7602183894892285192,Aura Chou KOF 🔥 #MLBB×KOF #MLBB #mobilelegends #MLBBChou #nilunaa,63200,1674,89
datasets/tiktok/mlbb/mlbbttofficial/7630763687481019665.mp4,True,0.6733459234237671,4,0.75,0.6458585858585859,0.6961856171039844,0.5289473684210526,0.09532769097222223,mlbb-official,7630763687481019665,https://www.tiktok.com/@mlbbttofficial/video/7630763687481019665,Learn 5 essential tips used by all Glacial Hook masters in just 1 minute! Frozen Sea Showdown will be available for a limited time starting 04/23. Come and check out this advanced guide! #MobileLegendsBangBang #MLBBNewMode #MLBBFrozenSeaShowdown #MLBBS40,258000,5460,99
datasets/tiktok/mlbb/mlbbtopcreation/7207270206970858754.mp4,True,0.6732779741287231,4,0.75,0.7496969696969698,0.5416666666666666,0.75,0.06113064236111111,mlbb-top-creation,7207270206970858754,https://www.tiktok.com/@mlbbtopcreation/video/7207270206970858754,Fredrinn - 1 Hit?! #mobilelegends #mgl #mlbbcreatorcamp,4708,205,4
datasets/tiktok/mlbb/saikyuun_/7143934373409164571.mp4,True,0.6730915307998657,4,1.0,0.5670707070707071,0.6158163265306122,0.18157894736842103,0.11308485243055556,saikyuun-,7143934373409164571,https://www.tiktok.com/@saikyuun_/video/7143934373409164571,Lancelot: my turn ☺️💅🏻✨ 862765885 (10649) @mlbbtopcreation #mobilelegends #mlbbcreatorcamp #mccSeptember #mcc_0916ph #fyp #lancelot,430800,44400,1989
datasets/tiktok/mlbb/mlbbttofficial/7615841313245793556.mp4,True,0.6730397939682007,4,1.0,0.5156565656565657,0.7102405247813411,0.36,0.06577690972222222,mlbb-official,7615841313245793556,https://www.tiktok.com/@mlbbttofficial/video/7615841313245793556,"Why choose? I want it all! Don't miss the GOLDEN MONTH event ""Dazzling Golden Spin""! Log in now and grab these bonuses! 😎🔒 #MLBBGoldenMonth #MLBBGoldenMonthEvent #MLBBFreeSkin #MobileLegendsBangBang",632600,4410,267
datasets/tiktok/mlbb/willdominateyougg/7614060635734723847.mp4,True,0.6725363731384277,4,0.75,0.5851515151515152,0.6518586005830904,0.7998245614035088,0.06973741319444444,willdominateyougg,7614060635734723847,https://www.tiktok.com/@willdominateyougg/video/7614060635734723847,Toji X Argus #MLBB #willdominateyougg #argus #toji #fyp,1200000,52400,1040
datasets/tiktok/mlbb/nilunaa/7641169379165605138.mp4,True,0.6708821654319763,4,1.0,0.3997979797979798,0.5941690962099125,0.6571929824561403,0.07006076388888889,nilunaa,7641169379165605138,https://www.tiktok.com/@nilunaa/video/7641169379165605138,Ada lawan?! Ikan legend 🎣🦑 #MLBB #MLBBALLSTAR #MLBBTidalFishing #mobilelegends #nilunaa,16900,176,19
datasets/tiktok/mlbb/mlbbtopcreation/7233667399021513985.mp4,True,0.6703712940216064,4,0.75,0.75,0.5084183673469389,0.75,0.06647135416666668,mlbb-top-creation,7233667399021513985,https://www.tiktok.com/@mlbbtopcreation/video/7233667399021513985,Moskov Gameplay @atomix_knight #mobilelegends #mgl #mlbbcreatorcamp,6207,464,5
datasets/tiktok/mlbb/bonitoflakesmlbb/7504198282155920658.mp4,True,0.6702288389205933,4,0.75,0.5691919191919191,0.5907981049562683,0.7550877192982457,0.09785915798611111,bonitoflakesmlbb,7504198282155920658,https://www.tiktok.com/@bonitoflakesmlbb/video/7504198282155920658,Nice Lord Assist 😉 #mlbbhighlights #mlbb #fyp #mobilelegends #guinevere  #MobileLegendsBangBang,724,21,1
datasets/tiktok/mlbb/mlbbtopcreation/7212413439610866945.mp4,True,0.6697515845298767,4,0.75,0.6878787878787879,0.5625,0.75,0.06963541666666667,mlbb-top-creation,7212413439610866945,https://www.tiktok.com/@mlbbtopcreation/video/7212413439610866945,Cyber Agent Montage @misspredat  #mobilelegends #mgl #mlbbcreatorcamp,1828,85,2
datasets/tiktok/mlbb/mobilelegends_id/7638479000607657236.mp4,True,0.6695995330810547,4,0.75,0.7198989898989899,0.46863453417081113,0.7649122807017543,0.08279079861111112,mobilelegends-id,7638479000607657236,https://www.tiktok.com/@mobilelegends_id/video/7638479000607657236,Moskov Viral Land of Dawn 17 detik😟😱 #WeOwnThis #MPLIDS17 #WellPlayed #GameplayS17 #SUPERTOYY RRQ GE,134400,3165,96
datasets/tiktok/mlbb/saikyuun_/7618004672942542101.mp4,True,0.6691714525222778,4,0.75,0.6151515151515151,0.6546647230320699,0.6752631578947368,0.08080186631944444,saikyuun-,7618004672942542101,https://www.tiktok.com/@saikyuun_/video/7618004672942542101,Sad reality ng mga Rafaela main #mlbbgoldenmonth #mlbbcreator #mlbb #mobilelegends #fypp,26100,520,17
datasets/tiktok/mlbb/mlbbtopcreation/7222801620885638402.mp4,True,0.668891429901123,4,0.75,0.75,0.4400996112730806,0.75,0.08362738715277779,mlbb-top-creation,7222801620885638402,https://www.tiktok.com/@mlbbtopcreation/video/7222801620885638402,An Impostor Vale @migosml #mobilelegends #mgl #mlbbcreatorcamp,5923,382,8
datasets/tiktok/mlbb/mlbbttofficial/7629373336824450320.mp4,True,0.6683954000473022,4,0.75,0.6407070707070707,0.5977040816326531,0.6707017543859648,0.09882486979166666,mlbb-official,7629373336824450320,https://www.tiktok.com/@mlbbttofficial/video/7629373336824450320,This hook is insanely fun! New mode Frozen Sea Showdown drops on 04/23. Let's have a blast! #MobileLegendsBangBang #MLBBNewMode #MLBBFrozenSeaShowdown #MLBBS40,65900,2667,82
datasets/tiktok/mlbb/nilunaa/7638149030408637704.mp4,True,0.6682015657424927,4,1.0,0.6224242424242424,0.5069606413994169,0.32245614035087716,0.09106879340277778,nilunaa,7638149030408637704,https://www.tiktok.com/@nilunaa/video/7638149030408637704,Counter Saber - Tide Siege Endless Mode ✅ #MLBBALLSTAR #MLBB #mobilelegends #MLBBCreator #nilunaa,240900,6823,122
datasets/tiktok/mlbb/mlbbttofficial/7612613944116710677.mp4,True,0.667647123336792,4,0.75,0.6941414141414142,0.5111880466472303,0.7643859649122807,0.07631401909722223,mlbb-official,7612613944116710677,https://www.tiktok.com/@mlbbttofficial/video/7612613944116710677,"New Hero Soul Photographer - Marcel is arriving on 03/11! Marcel uses his camera, Clemar, to take photos. He not only immobilizes enemy heroes within range but also pauses the flight trajectories of all Basic Attacks and skills during his Ultimate, creating the perfect opportunity for allies to strike. Want to witness the moment the battlefield gets ""captured""? Tap the video to unlock Marcel's Skill Preview! #MLBBMARCEL #MLBBNEWHERO #MLBBS40 #MLBBGoldenMonth #MobileLegendsBangBang",1500000,24800,193
datasets/tiktok/mlbb/willdominateyougg/7645586648402562311.mp4,True,0.6673087477684021,4,0.75,0.5330303030303031,0.5688775510204082,0.9285964912280702,0.07561414930555556,willdominateyougg,7645586648402562311,https://www.tiktok.com/@willdominateyougg/video/7645586648402562311,#MLBBALLSTAR #MLBBFV #MLBBDreadsea #MLBBSiren #MLBBTidalGoldRush,12700,362,24
datasets/tiktok/mlbb/cedxvi/7170187005257616667.mp4,True,0.6671644449234009,4,0.75,0.6957575757575758,0.5757288629737609,0.6591228070175438,0.07871527777777777,cedxvi,7170187005257616667,https://www.tiktok.com/@cedxvi/video/7170187005257616667,Post ko lang mga napahanga sa JS ko 😊 #cedxvi,90500,6742,94
datasets/tiktok/mlbb/shrxking_fear/7606570463220763922.mp4,True,0.6663054823875427,4,1.0,0.3997979797979798,0.46573069852941174,0.8505263157894736,0.060223524305555554,shrxking-fear,7606570463220763922,https://www.tiktok.com/@shrxking_fear/video/7606570463220763922,TikTok video #7606570463220763922,26,1,0
datasets/tiktok/mlbb/cedxvi/7597411957557284116.mp4,True,0.6662203073501587,4,0.75,0.75,0.4810131195335277,0.75,0.06861002604166666,cedxvi,7597411957557284116,https://www.tiktok.com/@cedxvi/video/7597411957557284116,#MLBBM7 #MLBB,505500,38800,77
datasets/tiktok/mlbb/mlbbcreator/7617424806232853780.mp4,True,0.6662065982818604,4,0.75,0.6844444444444443,0.4274788442162579,0.8370175438596491,0.08590494791666667,mlbbcreator,7617424806232853780,https://www.tiktok.com/@mlbbcreator/video/7617424806232853780,Endless War adalah perang yang terjadi selama 1.300 tahun di Land of Dawn akibat invasi abyss untuk mengumpulkan Twilight orb. Para abyss sendiri mengumpulkan Twilight orb untuk membangkitkan Lord of Abyss. #CapCut #MLBBMarcel #MLBBS40 #MLBBNEWHERO,7398,111,9
datasets/tiktok/mlbb/nilunaa/7619972970777234709.mp4,True,0.6662060022354126,4,0.75,0.5416161616161616,0.6911443148688047,0.7471929824561404,0.07451280381944445,nilunaa,7619972970777234709,https://www.tiktok.com/@nilunaa/video/7619972970777234709,Cara skin legend fanny transform☺️ #MLBB #mobilelegends #MLBBGoldenMonth #MLBBS40 #nilunaa,13500,200,6
datasets/tiktok/mlbb/mobilelegends_id/7642318160766569746.mp4,True,0.6660605669021606,4,1.0,0.6035353535353536,0.6666666666666666,0.26421052631578945,0.06127387152777777,mobilelegends-id,7642318160766569746,https://www.tiktok.com/@mobilelegends_id/video/7642318160766569746,"Satu spam laser gak ada jeda, satu lagi maju sambil ngegas kapal 🤦‍♂️ Tide Siege emang chaos banget! #mobilelegends_id #serubarengmlbb #samasamamain #MobileLegendsBangBang",37600,527,111
datasets/tiktok/mlbb/nilunaa/7637391898692291848.mp4,True,0.6658809185028076,4,1.0,0.6122222222222222,0.22089990460469902,0.9282456140350877,0.046825086805555555,nilunaa,7637391898692291848,https://www.tiktok.com/@nilunaa/video/7637391898692291848,Yu Zhong - Tidescale Sealord ✅ #MLBBALLSTAR #MLBBCreator #MLBB #mobilelegends #nilunaa,7448,143,13
datasets/tiktok/mlbb/mlbbdailyclips/7047362640389213466.mp4,True,0.6652129888534546,4,1.0,0.3985858585858586,1.0,0.0,0.08418619791666666,mlbbdailyclips,7047362640389213466,https://www.tiktok.com/@mlbbdailyclips/video/7047362640389213466,BlackList Wise Just Casually One Shoting Enemies #mlb #mobilelegends #ohmyv33nus #blacklistinternational #wisegaming #mlbb #ml #gaming #tiktok #e,219,0,0
datasets/tiktok/mlbb/mobilelegends_id/7642592572380024071.mp4,True,0.6643807888031006,4,1.0,0.611010101010101,0.6041666666666667,0.2617543859649123,0.074736328125,mobilelegends-id,7642592572380024071,https://www.tiktok.com/@mobilelegends_id/video/7642592572380024071,"Jujur… Tide Siege Endless Mode tuh seru sama pusing di waktu yang sama 😭🔥 Chaos-nya dapet banget, tapi justru itu yang bikin susah berhenti main 😈 #mobilelegends_id #serubarengmlbb #samasamamain #MobileLegendsBangBang",49400,656,50
datasets/tiktok/mlbb/mlbbtopcreation/7215500990299098370.mp4,True,0.6642835736274719,4,0.75,0.6454545454545455,0.6633503401360544,0.6345614035087719,0.07087673611111112,mlbb-top-creation,7215500990299098370,https://www.tiktok.com/@mlbbtopcreation/video/7215500990299098370,vexana only @msdreah_ #mobilelegends #mgl #mlbbcreatorcamp,2210,107,5
datasets/tiktok/mlbb/cedxvi/7568855367354993928.mp4,True,0.6640346050262451,4,0.75,0.7922222222222222,0.5959548104956268,0.49526315789473685,0.07281358506944444,cedxvi,7568855367354993928,https://www.tiktok.com/@cedxvi/video/7568855367354993928,"I see couple, Me happy😇 #targetlocked #cedxvi #mlbb",58000,3882,44
datasets/tiktok/mlbb/mobilelegendsmy/7642674668876352786.mp4,True,0.6635549664497375,4,0.75,0.5867676767676768,0.5980199222546161,0.6543859649122807,0.1022026909722222,mobilelegendsmy,7642674668876352786,,,,,
datasets/tiktok/mlbb/mobilelegends_id/7637834227509103892.mp4,True,0.6633821725845337,4,0.75,0.7356565656565657,0.6466290087463556,0.44175438596491223,0.08616427951388889,mobilelegends-id,7637834227509103892,https://www.tiktok.com/@mobilelegends_id/video/7637834227509103892,Aulus mending jungle atau EXP nih? 👀🔥 Tinggal pilih mau jadi mesin damage… atau tukang rusuh di garis depan? 👇 #mobilelegends_id #serubarengmlbb #samasamamain #MobileLegendsBangBang #MLBBGameplay,1200000,1757,85
datasets/tiktok/mlbb/mlbbttofficial/7633363307340090644.mp4,True,0.663313090801239,4,0.75,0.7953535353535355,0.49776482021379986,0.5810526315789474,0.08076497395833332,mlbb-official,7633363307340090644,https://www.tiktok.com/@mlbbttofficial/video/7633363307340090644,"The ALLSTAR ""Tidal Treasure Hunt"" event begins on 04/30! Get the all-new exclusive Yu Zhong ""Tidescale Sealord"" skin for FREE! Embark on a treasure hunt with Yu Zhong! #MLBBAllstar #MobileLegendsBangBang #MLBBFreeSkin #MLBBNewSkin",1500000,74400,1836
datasets/tiktok/mlbb/mlbbtopcreation/7227362476122230018.mp4,True,0.6627576351165771,4,0.75,0.6707070707070707,0.5565597667638484,0.75,0.06726236979166668,mlbb-top-creation,7227362476122230018,https://www.tiktok.com/@mlbbtopcreation/video/7227362476122230018,Dance with Eudora @myatminkhantws #mobilelegends #mgl #mlbbcreatorcamp,5344,348,10
datasets/tiktok/mlbb/nilunaa/7618168935153814805.mp4,True,0.6621458530426025,4,1.0,0.47030303030303033,0.5370626822157435,0.5673684210526315,0.07113064236111111,nilunaa,7618168935153814805,https://www.tiktok.com/@nilunaa/video/7618168935153814805,Sayang its okay? Marcel skill combo #MLBBGoldenMonth #MLBelanjaBaik #SayangItsOk #MLBBMarcel #MLBBS40,44400,525,6
datasets/tiktok/mlbb/mlbbttofficial/7606272748658117909.mp4,True,0.6618010401725769,4,0.75,0.6561616161616161,0.6274659863945579,0.6091228070175438,0.07953993055555555,mlbb-official,7606272748658117909,https://www.tiktok.com/@mlbbttofficial/video/7606272748658117909,Marcel & Luo Yi: The ultimate Pause and Diversion tactic! What other combos can you think of with Marcel? Let us know in the comments! #MLBBMARCEL #MLBBNEWHERO  #MLBBS40 #MLBBGoldenMonth #MobileLegendsBangBang,116100,8435,79
datasets/tiktok/mlbb/mlbbttofficial/7614107261224504592.mp4,True,0.661208987236023,4,0.75,0.7186868686868686,0.5145043731778426,0.647017543859649,0.08334092881944444,mlbb-official,7614107261224504592,https://www.tiktok.com/@mlbbttofficial/video/7614107261224504592,"My dear, may I take a photo of you? #MLBBMARCEL #MLBBNEWHERO #MLBBS40 #MLBBGoldenMonth #MobileLegendsBangBang",5800000,109600,2577
datasets/tiktok/mlbb/mlbbtopcreation/7210391823485816065.mp4,True,0.6608613133430481,4,0.75,0.75,0.6096331389698737,0.5436842105263158,0.0678146701388889,mlbb-top-creation,7210391823485816065,https://www.tiktok.com/@mlbbtopcreation/video/7210391823485816065,jawhead x karina @queenmiharu #mobilelegends #mgl #mlbbcreatorcamp,5527,291,6
datasets/tiktok/mlbb/mlbbttofficial/7616793057358335253.mp4,True,0.6604222059249878,4,0.75,0.6573737373737374,0.6498056365403304,0.5112280701754386,0.09117404513888888,mlbb-official,7616793057358335253,https://www.tiktok.com/@mlbbttofficial/video/7616793057358335253,"A group dance featuring the younger generation of House Paxley. Whose moves amaze you more? Marcel, Aamon, or Clemar?! Credits to: Eric😘TT #MLBBMARCEL #MLBBNEWHERO #MLBBS40 #MLBBGoldenMonth #MobileLegendsBangBang",13400000,200600,1709
datasets/tiktok/mlbb/willdominateyougg/7596988130574601479.mp4,True,0.6601290702819824,4,0.75,0.5766666666666667,0.58283527696793,0.8445614035087718,0.06594835069444444,willdominateyougg,7596988130574601479,https://www.tiktok.com/@willdominateyougg/video/7596988130574601479,mind=controlled #MLBB #argus #aizen #willdominateyougg #fyp,242100,16700,85
datasets/tiktok/mlbb/saikyuun_/7443722156158225671.mp4,True,0.660120964050293,4,0.75,0.512020202020202,0.7166666666666667,0.7045614035087718,0.07712239583333334,saikyuun-,7443722156158225671,https://www.tiktok.com/@saikyuun_/video/7443722156158225671,Fanny and Lancelot's reaction to this trend 🫣 #MLBB #mobilelegends #mlbbm6torchrelay #m6laysiaboleh #phm6claude #mlbbcreatorbase,1000000,116400,1056
datasets/tiktok/mlbb/willdominateyougg/7581032498226908424.mp4,True,0.6600375175476074,4,1.0,0.45323232323232326,0.7380830903790088,0.2201754385964912,0.08858181423611111,willdominateyougg,7581032498226908424,https://www.tiktok.com/@willdominateyougg/video/7581032498226908424,#MLBBxSpongeBob #MLBB #aizen #argus #willdominateyougg,876100,21800,161
datasets/tiktok/mlbb/mlbbesports_official/7636716576456101141.mp4,True,0.6598459482192993,4,0.75,0.5785858585858585,0.7083333333333333,0.6936842105263158,0.0608203125,mlbb-esports,7636716576456101141,https://www.tiktok.com/@mlbbesports_official/video/7636716576456101141,1vs4? No Problem! 😎  #MPLHighlight #MSCatEWC26 #MSCatEWC26 #MobileLegendsBangBang,121500,4674,44
datasets/tiktok/mlbb/cedxvi/7013960540833762586.mp4,True,0.6597157716751099,4,0.75,0.7519191919191919,0.4665641881752701,0.6628070175438596,0.08129557291666667,cedxvi,7013960540833762586,https://www.tiktok.com/@cedxvi/video/7013960540833762586,Walang uuwi 🥺 # cedxvi,1300000,227400,1227
datasets/tiktok/mlbb/willdominateyougg/7605890106439814418.mp4,True,0.6596253514289856,4,0.75,0.6729292929292929,0.6167638483965014,0.6431578947368422,0.06748263888888889,willdominateyougg,7605890106439814418,https://www.tiktok.com/@willdominateyougg/video/7605890106439814418,Alucard X Finn Skin!! #MLBB #mobilelegendsbangbang #alucard #adventuretime #fyp,5200000,332000,2736
datasets/tiktok/mlbb/bonitoflakesmlbb/7500837409685277959.mp4,True,0.6592778563499451,4,0.75,0.6285858585858586,0.5154336734693877,0.7921052631578948,0.07846571180555555,bonitoflakesmlbb,7500837409685277959,https://www.tiktok.com/@bonitoflakesmlbb/video/7500837409685277959,Recall pa more 🤣 #pharsamobilelegend #mlbb #mobilelegends #fyp  #mobilelegendsbangbang,643,31,2
datasets/tiktok/mlbb/gosu.general/7113129927226002714.mp4,True,0.6591659784317017,4,0.75,0.768989898989899,0.3602891156462585,0.8961403508771929,0.05715060763888889,gosu-general,7113129927226002714,https://www.tiktok.com/@gosu.general/video/7113129927226002714,so sad,41,0,0
datasets/tiktok/mlbb/mlbbtopcreation/7222806189652937986.mp4,True,0.659161388874054,4,0.75,0.75,0.41666666666666663,0.7187719298245614,0.08362738715277777,mlbb-top-creation,7222806189652937986,https://www.tiktok.com/@mlbbtopcreation/video/7222806189652937986,Edith Montage @shonechristopher28 #mobilelegends #mgl #mlbbcreatorcamp,3637,232,5
datasets/tiktok/mlbb/mlbbcreator/7607760211205442834.mp4,True,0.659125804901123,4,0.75,0.7557575757575757,0.4849859050763162,0.5833333333333334,0.09650607638888889,mlbbcreator,7607760211205442834,https://www.tiktok.com/@mlbbcreator/video/7607760211205442834,"Selama EndlessWar berlangsung Alice tidak pernah memerintahkan para komandan abyss untuk menyentuh kedua entitas ini. Para abyss terlihat mencoba menjauhi Gloo dan tidak ingin melakukan peperangan dengannya. Gloo belum memperlihatkan kekuatan sesungguhnya. Di sisi lain Alice juga tidak pernah mencoba menyerang Grock dan tidak ingin mengusiknya karena suatu alasan. Namun pada akhirnya peperangan yang tidak diinginkan itu terjadi, Grock menyerang sendirian ke markas abyss dan membunuh setengah komandan abyss, meskipun pada akhirnya grock yang tumbang  #CapCut #MLBBGoldenMonth #Mobilelegendsbangbang #MakeYourGoldenMoment #MLBB",17400,408,20
datasets/tiktok/mlbb/nilunaa/7616285596020919573.mp4,True,0.6590116024017334,4,0.75,0.7092929292929292,0.43594509232264333,0.7971929824561403,0.0744650607638889,nilunaa,7616285596020919573,https://www.tiktok.com/@nilunaa/video/7616285596020919573,COMBO SKILL HERO MARCEL 🔥  #MLBBMarcel #MLBBS40 #MLBBNEWHERO #MLBBGoldenMonth #MLBB,22700,653,8
datasets/tiktok/mlbb/mlbbesports_official/7601120821980990738.mp4,True,0.6582795977592468,4,1.0,0.5208080808080808,0.4651846452866861,0.6264912280701754,0.05840603298611111,mlbb-esports,7601120821980990738,https://www.tiktok.com/@mlbbesports_official/video/7601120821980990738,Post event roasts 🤑 #MLBBEsports #MLBBM7 #MobileLegendsBangBang #M7 #LetTheWorldSeeUs,289000,6261,26
datasets/tiktok/mlbb/mlbbtopcreation/7222806078294166785.mp4,True,0.657879114151001,4,0.75,0.6865656565656566,0.4362244897959183,0.75,0.08956705729166667,mlbb-top-creation,7222806078294166785,https://www.tiktok.com/@mlbbtopcreation/video/7222806078294166785,Cutie Edith @myatminkhantws #mobilelegends #mgl #mlbbcreatorcamp,4843,296,4
datasets/tiktok/mlbb/nilunaa/7627742192479636743.mp4,True,0.65760338306427,4,0.75,0.6822222222222223,0.5810617103984451,0.5528070175438596,0.09047309027777778,nilunaa,7627742192479636743,https://www.tiktok.com/@nilunaa/video/7627742192479636743,Combo Nolan - RRQ Garyy #MYtimeMYera #ItsMYTime #MPLMYS17 #MLBB #MPLMY,101800,2727,23
datasets/tiktok/mlbb/mlbbcreator/7617738672116485397.mp4,True,0.6573135256767273,4,0.75,0.6117171717171717,0.46036146154890534,0.8596491228070176,0.08259331597222222,mlbbcreator,7617738672116485397,https://www.tiktok.com/@mlbbcreator/video/7617738672116485397,"Para Pemimpin Abyss  1. Obsidia - Dark Elf dan yang mendirikan markas abyss. Sebagian besar abyss adalah ras elf yang telah berubah jadi daek elf 2. Thamuz melanjutkan kepemimpinan obsidia, setelah obsidia tidak sadarkan diri 3. Alice  (ras blood demon) yang menggantikan Thamuz #MLBBMarcel #MLBBS40 #MLBBNEWHERO",5919,80,4
datasets/tiktok/mlbb/willdominateyougg/7572858099967511816.mp4,True,0.6555159687995911,4,0.75,0.6270707070707071,0.534438775510204,0.75,0.07724066840277778,willdominateyougg,7572858099967511816,https://www.tiktok.com/@willdominateyougg/video/7572858099967511816,#MLBB #argus #aizen #willdominateyougg #fyp,942900,65200,265
datasets/tiktok/mlbb/mlbbtopcreation/7212414509367987457.mp4,True,0.6546938419342041,4,0.75,0.6302020202020202,0.5321793002915453,0.75,0.07581271701388889,mlbb-top-creation,7212414509367987457,https://www.tiktok.com/@mlbbtopcreation/video/7212414509367987457,Moonblade Gameplay @misspredat  #mobilelegends #mgl #mlbbcreatorcamp,1696,93,0
datasets/tiktok/mlbb/mlbbcreator/7616749671523929365.mp4,True,0.6546738147735596,4,0.75,0.6577777777777777,0.5443877551020408,0.637719298245614,0.08692925347222222,mlbbcreator,7616749671523929365,https://www.tiktok.com/@mlbbcreator/video/7616749671523929365,"Brody, Benedetta dan Aulus adalah party warga sipil yang bertarung secara independen melawan abyss, strategi mereka adalah bertarung di malam hari, menyelamatkan para korban akibat serangan Abyss.  Mereka berada di garis paling depan Medan perang dan sangat dekat dengan markas abyss. misi utama mereka adalah penyelamatan dan membuka jalur evakuasi ke Moniyan. Mereka bertarung kemudian menyelamatkan korban, bersembunyi dan membuka jalur evakuasi. #MLBBNEWSKIN #MLBBFanny #MLBB",10600,261,18
datasets/tiktok/mlbb/nilunaa/7630849692821196039.mp4,True,0.6542006731033325,4,1.0,0.4847474747474747,0.3259221992368376,0.8643859649122807,0.054219835069444444,nilunaa,7630849692821196039,https://www.tiktok.com/@nilunaa/video/7630849692821196039,Moonton 💵  #MLBB #mobilelegends #nilunaa,13000,321,21
datasets/tiktok/mlbb/mlbbtopcreation/7217634063362886914.mp4,True,0.6541781425476074,4,0.75,0.75,0.3924198250728863,0.75,0.07736002604166665,mlbb-top-creation,7217634063362886914,https://www.tiktok.com/@mlbbtopcreation/video/7217634063362886914,Hilda Gameplay @misspredat #mobilelegends #mgl #mllbbcreatorcamp,2434,117,2
datasets/tiktok/mlbb/mlbbtopcreation/7215502025847475457.mp4,True,0.6534391641616821,4,0.75,0.75,0.38780705585805747,0.8285964912280702,0.06152777777777777,mlbb-top-creation,7215502025847475457,https://www.tiktok.com/@mlbbtopcreation/video/7215502025847475457,Luo yi plays @dayseagamingtv #mobilelegends #mgl #mlbbcreatorcamp,2924,139,6
datasets/tiktok/mlbb/mlbbttofficial/7640060710575197460.mp4,True,0.6531800627708435,4,0.75,0.8762626262626263,0.34765491017835704,0.75,0.04967447916666667,mlbb-official,7640060710575197460,https://www.tiktok.com/@mlbbttofficial/video/7640060710575197460,"Tidal Fishing is available for a limited time from 05/15 to 06/28!! Collect all the Heavy Catch Fish to get an exclusive achievement for free! Collect all the Legendary Fish to get an exclusive achievement and a limited Battle Emote! Join the fishing event for a chance to catch a ""Tidal Surprise Chest"". Open it to instantly get 1000 Diamonds! Quantities are limited server-wide, so don't miss out on the surprise! #MLBBAllstar #MobileLegendsBangBang",596700,11400,645
datasets/tiktok/mlbb/nilunaa/7618559775902666005.mp4,True,0.6529843807220459,4,0.75,0.657979797979798,0.6063654033041788,0.5747368421052632,0.08019314236111111,nilunaa,7618559775902666005,https://www.tiktok.com/@nilunaa/video/7618559775902666005,Chou combo freestyle 🔥#MLBBMarcel #MLBBS40 #MLBBNEWHERO #MLBB #mobilelegends,67900,893,14
datasets/tiktok/mlbb/saikyuun_/7387244314604145941.mp4,True,0.652733564376831,4,0.75,0.5008080808080808,0.6364813112745098,0.7782456140350876,0.07804796006944445,saikyuun-,7387244314604145941,https://www.tiktok.com/@saikyuun_/video/7387244314604145941,"Zhuxin, our new short haired chinita girlfriend 😩💕 #MLBB #MobileLegends #phmcbacesleague #mlbbzhuxin #zhuxindebut #fyp",370800,63700,765
datasets/tiktok/mlbb/nilunaa/7628241526589525266.mp4,True,0.6526885032653809,4,1.0,0.5028282828282828,0.24852036350254386,1.0,0.04046115451388889,nilunaa,7628241526589525266,https://www.tiktok.com/@nilunaa/video/7628241526589525266,MLBB AllStar Fishing Event 2026 #MLBBALLSTAR #MLBB #mobilelegends #nilunaa,23100,378,20
datasets/tiktok/mlbb/mlbbtopcreation/7205857872142421249.mp4,True,0.6507890224456787,4,0.75,0.75,0.43172537765106045,0.733859649122807,0.06514973958333334,mlbb-top-creation,7205857872142421249,https://www.tiktok.com/@mlbbtopcreation/video/7205857872142421249,hayabusa plays @saint_peana #mobilelegends #mgl #mlbbcreatorcamp,3977,167,4
datasets/tiktok/mlbb/mlbbtopcreation/7212412189012020482.mp4,True,0.6504721641540527,4,0.75,0.75,0.5625,0.46298245614035083,0.08373046875000001,mlbb-top-creation,7212412189012020482,https://www.tiktok.com/@mlbbtopcreation/video/7212412189012020482,Valentina Montage  #mobilelegends #mgl #mlbbcreatorcamp,665,37,1
datasets/tiktok/mlbb/mlbbttofficial/7633724220777794836.mp4,True,0.6502348184585571,4,0.75,0.6988888888888889,0.4957725947521866,0.5557894736842105,0.09878363715277777,mlbb-official,7633724220777794836,https://www.tiktok.com/@mlbbttofficial/video/7633724220777794836,"ALLSTAR events officially begin on 04/30. Get a sneak peek at the exciting events! From 04/30 to 06/28, participate in [Tidal Treasure Hunt] for a chance to win physical gold and tons of Diamonds for FREE! The all-new ALLSTAR exclusive skin Yu Zhong ""Tidescale Sealord"" and its painted skin Yu Zhong ""Fathomless Sealord"", Spawn Effect, Battle Emote, and more free rewards await you! (Physical gold is not available in some regions. In such cases, the equivalent value in Diamonds will be issued instead. Final results are subject to the actual reward distribution.) From 04/30 to 06/28, experience the new battlefield effect [Tidal Gold Rush] and earn Treasure Hunt Coins in matches. When your team defeats the Lord for the first time, all team members will receive 1 Tidal Bounty Chest, which can be opened in the Tidal Treasure Hunt main event for a random chance to get Treasure Hunt Coins or Diamonds! From 05/08 to 06/16, participate in the [Tide Clash 5vs5] event, spend different types of currency to participate, and win system-distributed rewards for your victories! (Availability of the Tide Clash 5vs5 event may vary by region.) From 05/15 to 06/28, participate in the [Tidal Fishing] event and complete tasks to get bait for fishing. Collect all Legendary Fish to get achievement and an exclusive Battle Emote. Tap the video to reveal the new ALLSTAR gameplay and luxurious rewards! #MLBBALLSTAR #MLBBrealgold #MLBBTidalGoldRush #MLBBNewSkin #MLBBFreeSkin",604400,14400,524
datasets/tiktok/mlbb/saikyuun_/7406614649711381767.mp4,True,0.650080144405365,4,0.75,0.7155555555555555,0.6333333333333333,0.49473684210526314,0.06746310763888888,saikyuun-,7406614649711381767,https://www.tiktok.com/@saikyuun_/video/7406614649711381767,"Replying to @≽^•⩊•^≼ @Yunan I miss u, laro tayo pls 👉🏻👈🏻 #MLBB #mobilelegends #phmcbacesleague #fyp #phcyberhackergord #mlbbcreatorbase",19100,898,42
datasets/tiktok/mlbb/saikyuun_/7604094548133891335.mp4,True,0.6500599980354309,4,0.75,0.7455555555555555,0.41660164958840684,0.6910526315789474,0.07857096354166668,saikyuun-,7604094548133891335,https://www.tiktok.com/@saikyuun_/video/7604094548133891335,Tinangke ko na yunnn 😡 #MLBBxKOF #MLBBKOFSkinFreeTrial #MLBBxOPPO #MLBB #mobilelegends @Yunan,10800,460,9
datasets/tiktok/mlbb/mobilelegends_id/7644432715906944264.mp4,True,0.6490150690078735,4,0.75,0.5574747474747475,0.7229103605728006,0.4742105263157894,0.09386501736111111,mobilelegends-id,7644432715906944264,https://www.tiktok.com/@mobilelegends_id/video/7644432715906944264,BUILD JAHAT GORD ALA PRO PLAYER MPL! 🔥 Lagi cari referensi build Gord yang damage-nya nggak ngotak? Cobain nih Gord Viral Build Jahat yang lagi jadi andalan pro player di panggung MPL kayak Sanz dan Pheww! Rahasianya ada di racikan item-nya yang bikin efek laser Gord berasa panas banget buat nembus HP musuh yang tebal. Jangan lupa screenshot full build-nya di video ini ya! Udah siap bikin musuh kena mental di Midlane? 😜 MGL Creator: @RamzGG #mgl #mglid #mglmlbb #mglcontent,226700,6143,138
datasets/tiktok/mlbb/shrxking_fear/7606569074616798471.mp4,True,0.6489436626434326,4,0.75,0.7172727272727273,0.48958333333333326,0.8017543859649122,0.04262803819444445,shrxking-fear,7606569074616798471,https://www.tiktok.com/@shrxking_fear/video/7606569074616798471,TikTok video #7606569074616798471,169,4,0
datasets/tiktok/mlbb/cedxvi/7509475693823069448.mp4,True,0.6481339335441589,4,0.75,0.6942424242424243,0.46027696793002915,0.7221052631578947,0.07320203993055556,cedxvi,7509475693823069448,https://www.tiktok.com/@cedxvi/video/7509475693823069448,I'm not moving...😶 #topglobaljohnson #cedxvi #mlbbcreator,40700,2423,46
datasets/tiktok/mlbb/mlbbtopcreation/7217634630432787713.mp4,True,0.6471045613288879,4,0.75,0.6961616161616162,0.5017492711370262,0.6450877192982456,0.07544053819444446,mlbb-top-creation,7217634630432787713,https://www.tiktok.com/@mlbbtopcreation/video/7217634630432787713,tables have turned 😂 @shonechristopher28 #mobilelegends #mgl #mllbbcreatorcamp,2198,109,3
datasets/tiktok/mlbb/saikyuun_/7122338743389916443.mp4,True,0.6465646028518677,4,1.0,0.4886868686868687,0.4348396501457726,0.6861403508771929,0.048927951388888884,saikyuun-,7122338743389916443,https://www.tiktok.com/@saikyuun_/video/7122338743389916443,Reply to @zakiyawashere05 Kagura doing this trend ❤️ 862765885 (10649) @mlbbtopcreation #mobilelegends #mlbbcreatorcamp #mccjuly #mcc_0715ph #fyp #kagura #TikTokAwards2022,63800,1511,31
datasets/tiktok/mlbb/mlbbesports_official/7598897651530206482.mp4,True,0.6461007595062256,4,0.75,0.6829292929292929,0.36087220602526726,0.9354385964912281,0.05800455729166666,mlbb-esports,7598897651530206482,https://www.tiktok.com/@mlbbesports_official/video/7598897651530206482,Arfy chill pls 🙏 #MLBBEsports #MLBBM7 #MobileLegendsBangBang #M7 #LetTheWorldSeeUs,3900000,93100,722
datasets/tiktok/mlbb/nilunaa/7633084498241948936.mp4,True,0.6457281112670898,4,0.75,0.6244444444444445,0.43921023766649514,0.789298245614035,0.08359375,nilunaa,7633084498241948936,https://www.tiktok.com/@nilunaa/video/7633084498241948936,Siapa ingat final MPL season berapa? #MPLMYS17 #MYTIMEMYERA #MLBB #mobilelegends #nilunaa,76000,3112,24
datasets/tiktok/mlbb/bonitoflakesmlbb/7501882736509029640.mp4,True,0.6456344127655029,4,0.75,0.6027272727272728,0.5175655976676384,0.7152631578947368,0.08342013888888888,bonitoflakesmlbb,7501882736509029640,https://www.tiktok.com/@bonitoflakesmlbb/video/7501882736509029640,Nasobrahan sa Gigil 🤣 #MLBB #mobilelegends #fyp #MobileLegendsBangBang,1126,39,1
datasets/tiktok/mlbb/willdominateyougg/7608100870290525448.mp4,True,0.6456012725830078,4,0.75,0.5925252525252526,0.62966472303207,0.623859649122807,0.0738986545138889,willdominateyougg,7608100870290525448,https://www.tiktok.com/@willdominateyougg/video/7608100870290525448,#MLBBGoldenMonth #MLBBFV #MLBB,16800,318,7
datasets/tiktok/mlbb/saikyuun_/7628153040377335058.mp4,True,0.6454178690910339,4,0.75,0.7573737373737374,0.6478984450923226,0.34614035087719297,0.07480034722222222,saikyuun-,7628153040377335058,https://www.tiktok.com/@saikyuun_/video/7628153040377335058,Tanungin naten ibang MLBB  content creator pano maging mabuting midlaner #MLBBGetGetAw #MLBBxSexBomb #MLBBTagArAW #MLBB #fyp,30400,2547,53
datasets/tiktok/mlbb/nilunaa/7628980548546891016.mp4,True,0.645219624042511,4,0.75,0.7875757575757576,0.46659219044760764,0.46087719298245616,0.09892903645833333,nilunaa,7628980548546891016,https://www.tiktok.com/@nilunaa/video/7628980548546891016,Persona Skill ❌ Skin ✅ #MLBB #mobilelegends #MLBBNewSkin #MLBBFanny #nilunaa,5070,157,10
datasets/tiktok/mlbb/shrxking_fear/7625882546059971858.mp4,True,0.6450783014297485,4,1.0,0.8728282828282827,0.2644314868804665,0.27877192982456134,0.05999131944444444,shrxking-fear,7625882546059971858,https://www.tiktok.com/@shrxking_fear/video/7625882546059971858,#dontforget,149,3,0
datasets/tiktok/mlbb/mlbbesports_official/7645271605685685524.mp4,True,0.6444889903068542,4,0.75,0.5274747474747474,0.694982993197279,0.6368421052631579,0.07149631076388889,mlbb-esports,7645271605685685524,https://www.tiktok.com/@mlbbesports_official/video/7645271605685685524,The goat is heading to Paris. 🐐🇫🇷 Team Liquid PH officially qualify to MSC at EWC 2026 Main Stage.  #MLBBEsports #MLBB #MobileLegendsBangBang #MSCatEWC2026,432500,25800,244
datasets/tiktok/mlbb/saikyuun_/7416663216383659282.mp4,True,0.6444354057312012,4,1.0,0.6238383838383837,0.389108455882353,0.36491228070175435,0.08322591145833333,saikyuun-,7416663216383659282,https://www.tiktok.com/@saikyuun_/video/7416663216383659282,"Hala, nawala si ano 🫢 #MLBB #mobilelegends #fyp #mlbb8th #mlbbcelebr8",21300,1558,39
datasets/tiktok/mlbb/cedxvi/7463035512777903378.mp4,True,0.6441470384597778,4,0.75,0.6365656565656566,0.472631195335277,0.75,0.08663519965277777,cedxvi,7463035512777903378,https://www.tiktok.com/@cedxvi/video/7463035512777903378,Abosolute Cinema🎥 #Cedxvi #MLBBShiningPH #MLBBSkinGifts #MobileLegendsBangBang #MLBB #JohnsonLegendSkin,1600000,137500,2105
datasets/tiktok/mlbb/willdominateyougg/7614439186929618194.mp4,True,0.6441022157669067,4,0.75,0.6204040404040404,0.5048469387755102,0.7722807017543859,0.06778645833333333,willdominateyougg,7614439186929618194,https://www.tiktok.com/@willdominateyougg/video/7614439186929618194,low cortisol goldlaner #MLBB #willdominateyougg #argus #toji #fyp,1400000,119600,953
datasets/tiktok/mlbb/mlbbtopcreation/7226728774262459650.mp4,True,0.6435537338256836,4,0.75,0.75,0.38681019282713086,0.6629824561403509,0.08263237847222221,mlbb-top-creation,7226728774262459650,https://www.tiktok.com/@mlbbtopcreation/video/7226728774262459650,Eudora Montage @misspredat #mobilelegends #mgl #mlbbcreatorcamp,3934,272,3
datasets/tiktok/mlbb/mlbbtopcreation/7235132668843724034.mp4,True,0.6433639526367188,4,0.75,0.75,0.3767128279883382,0.7091228070175438,0.075732421875,mlbb-top-creation,7235132668843724034,https://www.tiktok.com/@mlbbtopcreation/video/7235132668843724034,Tank-celot Tutorial @migosml  #mobilelegends #mgl #mlbbcreatorcamp,12300,755,11
datasets/tiktok/mlbb/shrxking_fear/7631191052984143122.mp4,True,0.6430099010467529,4,1.0,0.09626262626262626,0.7774416909620991,0.6843859649122807,0.06948676215277777,shrxking-fear,7631191052984143122,https://www.tiktok.com/@shrxking_fear/video/7631191052984143122,#Meme #MemeCut #CapCut #plslike,234,4,0
datasets/tiktok/mlbb/nilunaa/7610722377084718343.mp4,True,0.6428171396255493,4,0.75,0.6229292929292929,0.5431000971817299,0.6154385964912281,0.08678927951388889,nilunaa,7610722377084718343,https://www.tiktok.com/@nilunaa/video/7610722377084718343,Chou Combo freestyle  #MLBBGoldenMonth #MLBB #Mobilelegendsbangbang #MakeYourGoldenMoment #MLBBCreator,29100,530,23
datasets/tiktok/mlbb/bonitoflakesmlbb/7436983067379584264.mp4,True,0.6420093774795532,4,1.0,0.6591919191919191,0.556025267249757,0.10526315789473684,0.07568033854166667,bonitoflakesmlbb,7436983067379584264,https://www.tiktok.com/@bonitoflakesmlbb/video/7436983067379584264,How to counter Franco users with Valir? 🔥 #mlbbtiktok #mlbbhighlights #mobilelegends #mlbb #MLBBCr8torParty,873,19,0
datasets/tiktok/mlbb/mlbbtopcreation/7239349344908954882.mp4,True,0.64200359582901,4,0.75,0.75,0.375,0.75,0.06600477430555556,mlbb-top-creation,7239349344908954882,https://www.tiktok.com/@mlbbtopcreation/video/7239349344908954882,For the GEMINI! @migosml #mobilelegends #mgl #mlbbcreatorcamp,22700,1515,24
datasets/tiktok/mlbb/mlbbtopcreation/7215501540671474945.mp4,True,0.641982913017273,4,0.75,0.5203030303030303,0.6311037584676727,0.726842105263158,0.06976996527777778,mlbb-top-creation,7215501540671474945,https://www.tiktok.com/@mlbbtopcreation/video/7215501540671474945,luo yi's power @swiftmage #mobilelegends #mgl #mlbbcreatorcamp,1490,72,4
datasets/tiktok/mlbb/nilunaa/7604015055323057426.mp4,True,0.6418872475624084,4,0.75,0.6827272727272727,0.5478134110787172,0.5707017543859649,0.07499782986111111,nilunaa,7604015055323057426,https://www.tiktok.com/@nilunaa/video/7604015055323057426,Gomenasai everyone 🥲 | Guinevere KOF #MLBBxKOF #MLBB #mobilelegends #mlbbguinevere #nilunaa,6484,154,13
datasets/tiktok/mlbb/mobilelegends_id/7641821078205058322.mp4,True,0.6417700052261353,4,1.0,0.5173737373737374,0.75,0.04666666666666666,0.07675998263888889,mobilelegends-id,7641821078205058322,https://www.tiktok.com/@mobilelegends_id/video/7641821078205058322,"Sempat kehilangan segalanya, bahkan nyawanya sendiri… Tapi akhir ceritanya belum selesai 😈 Dia bangkit lagi, menyatu dengan kekuatan kegelapan dan berubah jadi sosok yang jauh lebih mengerikan. User Obsidia absen dulu sini! 👇 #mobilelegends_id  #serubarengmlbb #MobileLegendsBangBang #MLBBLore #Obsidia",16200,361,30
datasets/tiktok/mlbb/mlbbtopcreation/7222807258445516033.mp4,True,0.6416696906089783,4,0.75,0.7274747474747474,0.33698979591836736,0.75,0.08314019097222222,mlbb-top-creation,7222807258445516033,https://www.tiktok.com/@mlbbtopcreation/video/7222807258445516033,You Can't Run From My Arrow @migosml #mobilelegends #mgl #mlbbcreatorcamp,5119,318,5
datasets/tiktok/mlbb/mlbbcreator/7607357652577815816.mp4,True,0.6410231590270996,4,0.75,0.7549494949494949,0.40588964157091406,0.6075438596491228,0.08377495659722223,mlbbcreator,7607357652577815816,https://www.tiktok.com/@mlbbcreator/video/7607357652577815816,"Ketika Lunox tertidur selama ratusan tahun, Aldous-lah yang menjaga Lunox dari serangan Abyss. Ketika semua orang meninggalkannya termasuk Minotaur. Aldous tetap bertahan di sisi Lunox dan menjaganya.  Aldous berhasil memukul mundur pasukan Abyss yang saat itu ingin menculik Lunox. Termasuk serangan yang dilakukan Selena. #CapCut #MLBBxKOF #MLBBKOFSkinFreeTrial #MLBBxOPPO",213700,10900,254
datasets/tiktok/mlbb/saikyuun_/7359414508273650949.mp4,True,0.6405187845230103,4,1.0,0.2281818181818182,0.5584912536443148,0.7363157894736843,0.07617730034722223,saikyuun-,7359414508273650949,https://www.tiktok.com/@saikyuun_/video/7359414508273650949,Terizla doing the roblox dance #MLBB #MobileLegends #phmcbacesleague #phflamesofjudgementterizla #fyp #mobilelegends_id #mlbb_indonesia,62700,3006,50
datasets/tiktok/mlbb/mlbbttofficial/7612874033515875600.mp4,True,0.6402020454406738,4,0.75,0.661010101010101,0.6041666666666666,0.4657894736842105,0.0852029079861111,mlbb-official,7612874033515875600,https://www.tiktok.com/@mlbbttofficial/video/7612874033515875600,Invitation from the Girls #MLBBNewSkin #MLBBEternalSeasons,279100,7184,106
datasets/tiktok/mlbb/saikyuun_/7444148468341394695.mp4,True,0.6401618719100952,4,1.0,0.6256565656565657,0.5784620991253644,0.123859649122807,0.07344509548611111,saikyuun-,7444148468341394695,https://www.tiktok.com/@saikyuun_/video/7444148468341394695,Unboxing M6 Travel Merch box~ ANG GANDA NG AURORA JERSEY 😭💕 #MLBB #mobilelegends #mlbbm6torchrelay #m6laysiaboleh #phm6claude #mlbbcreatorbase @Yunan,48500,3047,54
datasets/tiktok/mlbb/willdominateyougg/7573628521285717256.mp4,True,0.6394563317298889,4,0.75,0.5921212121212122,0.5466680109543817,0.6466666666666666,0.08438585069444443,willdominateyougg,7573628521285717256,https://www.tiktok.com/@willdominateyougg/video/7573628521285717256,Kyouka=Suigetsu  #MLBB #argus #aizen #willdominateyougg #fyp,2000000,122100,664
datasets/tiktok/mlbb/mlbbdailyclips/7047361969375956250.mp4,True,0.639002799987793,4,1.0,0.3339393939393939,1.0,0.0,0.069150390625,mlbbdailyclips,7047361969375956250,https://www.tiktok.com/@mlbbdailyclips/video/7047361969375956250,OHMYV33NUS Meets Super Sonic Beatrix #mlb #mobilelegends #ohmyv33nus #blacklistinternational #wisegaming #mlbb #ml #gaming #tiktok #e,186,0,0
datasets/tiktok/mlbb/bonitoflakesmlbb/7435466700159601938.mp4,True,0.6385425925254822,4,0.75,0.6713131313131313,0.5571793002915453,0.5443859649122806,0.07683485243055556,bonitoflakesmlbb,7435466700159601938,https://www.tiktok.com/@bonitoflakesmlbb/video/7435466700159601938,Paano patahimikin ang mayayabang? #mobilelegends #mlbbhighlights #MLBBCr8torParty #MLBB,622,13,2
datasets/tiktok/mlbb/shrxking_fear/7633309045125860626.mp4,True,0.6384382247924805,4,0.75,0.6897979797979799,0.38279883381924196,0.733157894736842,0.09046332465277777,shrxking-fear,7633309045125860626,https://www.tiktok.com/@shrxking_fear/video/7633309045125860626,#dontmockgod,280,26,4
datasets/tiktok/mlbb/mlbbtopcreation/7214999974705171714.mp4,True,0.6369493007659912,4,0.75,0.7386868686868686,0.358637026239067,0.75,0.06733181423611112,mlbb-top-creation,7214999974705171714,https://www.tiktok.com/@mlbbtopcreation/video/7214999974705171714,Mage Floryn? @elaniieeee #mobilelegends #mgl #mlbbcreatorcamp,2257,105,2
datasets/tiktok/mlbb/shrxking_fear/7645555489211747591.mp4,True,0.6366472244262695,4,0.75,0.6945454545454546,0.5625,0.35280701754385957,0.11035590277777778,shrxking-fear,7645555489211747591,https://www.tiktok.com/@shrxking_fear/video/7645555489211747591,#fypシ #viral #dance,92,3,3
datasets/tiktok/mlbb/bonitoflakesmlbb/7504464237243288840.mp4,True,0.6363967657089233,4,0.75,0.6540404040404041,0.4781705539358601,0.5947368421052631,0.09107747395833334,bonitoflakesmlbb,7504464237243288840,https://www.tiktok.com/@bonitoflakesmlbb/video/7504464237243288840,Guinevere Flicker. #MobileLegendsBangBang #mlbb #mlbbhighlights #fyp,764,25,1
datasets/tiktok/mlbb/shrxking_fear/7616238537687518482.mp4,True,0.6362298727035522,4,0.75,0.6630303030303031,0.538860544217687,0.55,0.08027886284722223,shrxking-fear,7616238537687518482,https://www.tiktok.com/@shrxking_fear/video/7616238537687518482,#myedit who inspired me is my classmate not class mates CLASSMATE,193,7,1
datasets/tiktok/mlbb/willdominateyougg/7559506405179329800.mp4,True,0.6358529329299927,4,0.75,0.5076767676767676,0.4997691933916424,0.8431578947368421,0.07837565104166666,willdominateyougg,7559506405179329800,https://www.tiktok.com/@willdominateyougg/video/7559506405179329800,#MLBB #willdominateyougg #argus #aizensosuke #darthvader,697700,60600,442
datasets/tiktok/mlbb/nilunaa/7638542512319122696.mp4,True,0.6356764435768127,4,1.0,0.6143434343434343,0.420541788143829,0.2564912280701754,0.08793294270833334,nilunaa,7638542512319122696,https://www.tiktok.com/@nilunaa/video/7638542512319122696,Tide Siege Endless Mode - Counter Zetian ✅ #MLBBALLSTAR #MLBB #mobilelegends #MLBBNewMode #nilunaa,169500,3675,63
datasets/tiktok/mlbb/mlbbtopcreation/7213233597497543938.mp4,True,0.6349862813949585,4,0.75,0.593030303030303,0.5132047595824044,0.75,0.06629774305555557,mlbb-top-creation,7213233597497543938,https://www.tiktok.com/@mlbbtopcreation/video/7213233597497543938,chou as your savior @mlbb_n3ska #mobilelegends #mgl #mlbbcreatorcamp,2155,119,0
datasets/tiktok/mlbb/saikyuun_/7615517665536265479.mp4,True,0.634881317615509,4,0.75,0.6931313131313132,0.562220602526725,0.41491228070175434,0.09040690104166667,saikyuun-,7615517665536265479,https://www.tiktok.com/@saikyuun_/video/7615517665536265479,veewise voice stims #mlbbgoldenmonth #mlbbcreator #mlbb #mobilelegends #fypp,24300,1400,16
datasets/tiktok/mlbb/mlbbdailyclips/7163888247632973058.mp4,True,0.634486198425293,4,1.0,0.6013131313131312,0.258150054664723,0.6801754385964912,0.04883246527777778,mlbbdailyclips,7163888247632973058,https://www.tiktok.com/@mlbbdailyclips/video/7163888247632973058,Dogie devastated after his Face Reveal Accident before #dogie #nxpe #nxpedogie,481300,4529,106
datasets/tiktok/mlbb/mlbbttofficial/7615151575081766165.mp4,True,0.6344672441482544,4,0.75,0.7190909090909091,0.5750485908649174,0.37543859649122807,0.08637261284722222,mlbb-official,7615151575081766165,https://www.tiktok.com/@mlbbttofficial/video/7615151575081766165,How can I not be by your side in the most dangerous moments? Let me protect you! #MLBBMARCEL #MLBBNEWHERO #MLBBS40 #MLBBGoldenMonth #MobileLegendsBangBang,2200000,40700,377
datasets/tiktok/mlbb/cedxvi/7487897541044997394.mp4,True,0.6343399286270142,4,0.75,0.7968686868686868,0.43540228144829357,0.45614035087719296,0.08477756076388888,cedxvi,7487897541044997394,https://www.tiktok.com/@cedxvi/video/7487897541044997394,5 man global tank💀 #mlbbkalea #MLBB #cedxvi,437900,32900,209
datasets/tiktok/mlbb/mlbbesports_official/7598898523865648402.mp4,True,0.6332842111587524,4,0.75,0.5809090909090909,0.5705296404275997,0.5584210526315789,0.099345703125,mlbb-esports,7598898523865648402,https://www.tiktok.com/@mlbbesports_official/video/7598898523865648402,"AE and SRG are set to face each other, but this isn’t the only Indonesia vs Malaysia showdown. 🔥 In GO1, there will be 4 Indonesian players and 1 Malaysian player battling it out for the crown. 🗓 25 January ⏰ GO1 starts at 12:30 (GMT+7) ⏰ M7 follows at 18:00 (GMT+7) Two nations. Multiple battles. One unforgettable day 👑🔥 #MCGGGO1 #MCGGMRSS4 #MCGGRisingStars",3200000,170900,943
datasets/tiktok/mlbb/shrxking_fear/7632305509550394642.mp4,True,0.6332385540008545,4,1.0,0.46232323232323225,0.44768841911764706,0.5705263157894737,0.05942165798611111,shrxking-fear,7632305509550394642,https://www.tiktok.com/@shrxking_fear/video/7632305509550394642,#plslike #fyyyyyyyyyyyyyyyyp #viral_video,208,5,3
datasets/tiktok/mlbb/mlbbdailyclips/7047370687173905690.mp4,True,0.6331442594528198,4,1.0,0.296969696969697,1.0,0.0,0.07272569444444445,mlbbdailyclips,7047370687173905690,https://www.tiktok.com/@mlbbdailyclips/video/7047370687173905690,BTK MobaZane GIGACHAD Steal on Turtle #mlb #mobilelegends #ohmyv33nus #wisegaming #Mobazane #BTK  #mlbb #ml #gaming #tiktok #Moba,1788,8,0
datasets/tiktok/mlbb/mlbbttofficial/7630121646879280405.mp4,True,0.6330705285072327,4,0.75,0.7925252525252525,0.5980199222546162,0.18649122807017543,0.0942578125,mlbb-official,7630121646879280405,https://www.tiktok.com/@mlbbttofficial/video/7630121646879280405,"Hook, get the takedown, reset, and hook again! It's too fun to stop! MLBB's new mode, Frozen Sea Showdown, brings the fun on 04/23! #MobileLegendsBangBang #MLBBNewMode #MLBBFrozenSeaShowdown #MLBBS40",382400,4019,85
datasets/tiktok/mlbb/mlbbdailyclips/7047125138248174875.mp4,True,0.6325523853302002,4,1.0,0.2970707070707071,1.0,0.0,0.07190538194444444,mlbbdailyclips,7047125138248174875,https://www.tiktok.com/@mlbbdailyclips/video/7047125138248174875,BTK MobaZane GIGACHAD Steal on Turtle and Unfortunate Shower from Kadita,89,1,0
datasets/tiktok/mlbb/bonitoflakesmlbb/7440355229213707538.mp4,True,0.6324416399002075,4,0.75,0.5849494949494949,0.43932272015949236,0.75,0.08608072916666666,bonitoflakesmlbb,7440355229213707538,https://www.tiktok.com/@bonitoflakesmlbb/video/7440355229213707538,Nolan snowball. Best build to MVP! #MobileLegendsBangBang #MLBB #fypシ゚viralシ #mlbbhighlights #mobilelegends #tiktok  #nolanmlbbtiktok,1960,16,0
datasets/tiktok/mlbb/saikyuun_/7411117275329105159.mp4,True,0.6322437524795532,4,0.75,0.8423232323232324,0.4465379008746356,0.42473684210526313,0.07131293402777777,saikyuun-,7411117275329105159,https://www.tiktok.com/@saikyuun_/video/7411117275329105159,Gold laner problems 🤧 #MLBB #mobilelegends #fyp #mlbb_indonesia #mobilelegends_id,339500,59600,553
datasets/tiktok/mlbb/mlbbesports_official/7599140906956049672.mp4,True,0.6305983066558838,4,0.75,0.8516161616161616,0.44689018464528674,0.40035087719298246,0.07116536458333333,mlbb-esports,7599140906956049672,https://www.tiktok.com/@mlbbesports_official/video/7599140906956049672,"It's a grand finals day for M7 here at Jakarta! 🔥  Last night, we closed AND entered the day with a bang from DJ Viloid! 💃  Be sure to come to Stadium Madya GBK from 12 PM until the end because today is the LAST DAY! Get a special goodie bag from us if you’re among our Top 1,000 first registrants! 👀 Don’t forget to buy the tickets here: https://id-mpl.com/m7?q=carnival 🎫 #MLBBEsports #MLBBM7 #MobileLegendsBangBang #M7 #M7Carnival",224400,7551,113
datasets/tiktok/mlbb/mobilelegendsmy/7640114147564211464.mp4,True,0.6298363208770752,4,0.75,0.8222222222222222,0.3004304311010118,0.7491228070175439,0.048597005208333335,mobilelegendsmy,7640114147564211464,,,,,
datasets/tiktok/mlbb/saikyuun_/7412561084818754823.mp4,True,0.6294004321098328,4,0.75,0.6622222222222223,0.49798347910592805,0.6245614035087719,0.06755750868055556,saikyuun-,7412561084818754823,https://www.tiktok.com/@saikyuun_/video/7412561084818754823,"Passive ata namin mang ks, sorry 🤧 #MLBB #mobilelegends #fyp #mlbb_indonesia #mobilelegends_id",105600,15000,180
datasets/tiktok/mlbb/mlbbesports_official/7598995234357316882.mp4,True,0.6291689872741699,4,0.75,0.44515151515151513,0.47745383867832847,0.8856140350877193,0.08754231770833333,mlbb-esports,7598995234357316882,https://www.tiktok.com/@mlbbesports_official/video/7598995234357316882,"The crowd goes wild at M7 Carnival as Alter Ego secured their spot at the Grand Finals of M7! 🔥  Be sure to come to Stadium Madya GBK from 12 PM tomorrow because tomorrow is the last DAY! Get a special goodie bag from us if you’re among our Top 1,000 first registrants! 👀 Don’t forget to buy the tickets here: https://id-mpl.com/m7?q=carnival 🎫 #MLBBEsports #MLBBM7 #MobileLegendsBangBang #M7 #M7Carnival",1400000,53300,274
datasets/tiktok/mlbb/nilunaa/7605177092405333256.mp4,True,0.6286848783493042,4,0.75,0.6038383838383838,0.5726190476190477,0.49736842105263157,0.08980468750000001,nilunaa,7605177092405333256,https://www.tiktok.com/@nilunaa/video/7605177092405333256,Combo Guin flicker 🔥  #MLBBxKOF #MLBBKOFSkinFreeTrial #MLBBxOPPO #MLBB #mobilelegends,242600,5786,35
datasets/tiktok/mlbb/willdominateyougg/7583280823248424199.mp4,True,0.6277276277542114,4,0.75,0.6253535353535353,0.8333333333333334,0.04526315789473684,0.10173394097222223,willdominateyougg,7583280823248424199,https://www.tiktok.com/@willdominateyougg/video/7583280823248424199,Aizen Vs Patrick🗿 #MLBBxSpongeBob #MLBBFriendfest #MLBB #argus #aizen,204200,5573,100
datasets/tiktok/mlbb/mlbbttofficial/7630765358848216321.mp4,True,0.6263275146484375,4,0.75,0.6294949494949496,0.46768673987452125,0.7317543859649123,0.06001302083333333,mlbb-official,7630765358848216321,https://www.tiktok.com/@mlbbttofficial/video/7630765358848216321,"You're right! But... How did you know I got 5 kills with Aulus? I'm not saying getting 5 kills is incredible or anything, it is just alright. I mean, getting 5 kills isn't really a big deal. But... I got 5 kills, did you know that?!😎🎉 #MobileLegendsBangBang #MLBBAULUS #MLBBREVAMPEDHERO #MLBBS40",245200,8484,309
datasets/tiktok/mlbb/mlbbttofficial/7634519126127430933.mp4,True,0.6263149976730347,4,0.75,0.7112121212121212,0.4119290573372207,0.6305263157894736,0.07797417534722222,mlbb-official,7634519126127430933,https://www.tiktok.com/@mlbbttofficial/video/7634519126127430933,"No cap, getting MVP is just that easy for me. #MobileLegendsBangBang #MLBBNewMode #MLBBFrozenSeaShowdown #MLBBS40",221100,2219,91
datasets/tiktok/mlbb/mlbbtopcreation/7210390199572958466.mp4,True,0.6262351274490356,4,0.75,0.41767676767676765,0.6875,0.6624561403508772,0.07781141493055556,mlbb-top-creation,7210390199572958466,https://www.tiktok.com/@mlbbtopcreation/video/7210390199572958466,gloo combo tutorial @yt.luciotvofficial #mobilelegends #mgl #mlbbcreatorcamp,2978,111,3
datasets/tiktok/mlbb/willdominateyougg/7608108556910349575.mp4,True,0.6257116794586182,4,0.75,0.6837373737373738,0.4019436345966958,0.6933333333333332,0.06878255208333334,willdominateyougg,7608108556910349575,https://www.tiktok.com/@willdominateyougg/video/7608108556910349575,Hanabi Twin Crescent Skin! #MLBBGoldenMonth #MLBBFV #MLBB,21000,486,6
datasets/tiktok/mlbb/mlbbdailyclips/7047021348425567514.mp4,True,0.6252444982528687,4,1.0,0.26717171717171717,1.0,0.0,0.07137044270833334,mlbbdailyclips,7047021348425567514,https://www.tiktok.com/@mlbbdailyclips/video/7047021348425567514,BTK MobaZane Tries to 1vs5 and Instantly regrets it,29,1,0
datasets/tiktok/mlbb/nilunaa/7612953520056192274.mp4,True,0.6252405643463135,4,0.75,0.5156565656565657,0.5789237123420796,0.6298245614035087,0.08340928819444444,nilunaa,7612953520056192274,https://www.tiktok.com/@nilunaa/video/7612953520056192274,TIGREAL - COLLECTOR MARCH 2026 #MLBBGoldenMonth #MLBBGoldenTurtle #MLBB #mobilelegends #MLBBNEWSKIN,129400,2784,109
datasets/tiktok/mlbb/saikyuun_/7431167353435753746.mp4,True,0.6252076625823975,4,0.75,0.5368686868686868,0.43548202763248156,0.7982456140350878,0.08241319444444445,saikyuun-,7431167353435753746,https://www.tiktok.com/@saikyuun_/video/7431167353435753746,Roamer BF 🔛🔝🗣️ #MLBB #mlbb8th #mlbbcelebr8 #mlbbcr8torparty #mlbb_indonesia #mobilelegends_id,221500,23000,101
datasets/tiktok/mlbb/mlbbesports_official/7599306478209568008.mp4,True,0.6245229244232178,4,0.75,0.5664646464646464,0.75,0.2512280701754386,0.09664062500000001,mlbb-esports,7599306478209568008,https://www.tiktok.com/@mlbbesports_official/video/7599306478209568008,The Winning Moment! 🏆 #MLBBEsports #MLBBM7 #MobileLegendsBangBang #M7 #LetTheWorldSeeUs,5200000,437300,2288
datasets/tiktok/mlbb/mlbbtopcreation/7227725898588376322.mp4,True,0.624318540096283,4,0.75,0.6636363636363636,0.5416666666666667,0.5405263157894736,0.06537000868055555,mlbb-top-creation,7227725898588376322,https://www.tiktok.com/@mlbbtopcreation/video/7227725898588376322,Soul Defiler montage @shonechristopher28 #mobilelegends #mgl #mlbbcreatorcamp,6053,408,5
datasets/tiktok/mlbb/cedxvi/7500925343922916626.mp4,True,0.624243974685669,4,0.75,0.6049494949494949,0.4522351797862002,0.7178947368421053,0.07196723090277778,cedxvi,7500925343922916626,https://www.tiktok.com/@cedxvi/video/7500925343922916626,Cinema absolute 🤚😧✋#MLBBCreator #MLBBShinobi #MLBBxNARUTO #NarutoCreatorParty,885200,66700,647
datasets/tiktok/mlbb/mobilelegendsmy/7641550039596141832.mp4,True,0.6238040924072266,4,0.75,0.6605050505050505,0.7145833333333332,0.2717543859649123,0.07241970486111111,mobilelegendsmy,7641550039596141832,,,,,
datasets/tiktok/mlbb/mlbbdailyclips/7047028499340692762.mp4,True,0.6237174272537231,4,1.0,0.22666666666666666,1.0,0.0,0.08180989583333333,mlbbdailyclips,7047028499340692762,https://www.tiktok.com/@mlbbdailyclips/video/7047028499340692762,BTK MobaZane Having a Headache in this Valentina,41,1,0
datasets/tiktok/mlbb/saikyuun_/7418147441893002514.mp4,True,0.6235799789428711,4,0.75,0.7673737373737374,0.27193877551020407,0.7308771929824561,0.06887261284722222,saikyuun-,7418147441893002514,https://www.tiktok.com/@saikyuun_/video/7418147441893002514,New favorite ship 😍 Zhu-you 🔛🔝 #MLBB #phmcbacesleague #mlbb8th #mlbbsuyou #phsuyou #mlbbcelebr8 #mlbbcr8torparty,415200,31400,214
datasets/tiktok/mlbb/mlbbtopcreation/7215501801775254786.mp4,True,0.6225830316543579,4,0.75,0.500909090909091,0.6632410106899903,0.6312280701754386,0.06051106770833333,mlbb-top-creation,7215501801775254786,https://www.tiktok.com/@mlbbtopcreation/video/7215501801775254786,IÁM A MULTIROLE @jsa.mlbb #mobilelegends #mgl #mlbbcreatorcamp,2742,155,2
datasets/tiktok/mlbb/mlbbttofficial/7613615690695691521.mp4,True,0.6225637197494507,4,0.75,0.5911111111111111,0.5263119533527697,0.6598245614035088,0.06517144097222222,mlbb-official,7613615690695691521,https://www.tiktok.com/@mlbbttofficial/video/7613615690695691521,"New Hero Soul Photographer - Marcel arrives on 03/11! Marcel can use his camera to ""freeze"" enemies. His Ultimate ""freezes"" heroes and pauses all Basic Attacks and skill ""projectiles"". Want to master Marcel quickly? Watch his Hero Spotlight now! #MLBBMARCEL #MLBBNEWHERO #MLBBS40 #MLBBGoldenMonth #MobileLegendsBangBang",731600,59500,616
datasets/tiktok/mlbb/mobilelegendsmy/7641174825372798226.mp4,True,0.6225559711456299,4,0.75,0.5328282828282829,0.4457118561710398,0.8385964912280701,0.06897243923611111,mobilelegendsmy,7641174825372798226,,,,,
datasets/tiktok/mlbb/willdominateyougg/7644495137707511058.mp4,True,0.6222965717315674,4,0.75,0.730909090909091,0.4540309739967416,0.4982456140350877,0.0751736111111111,willdominateyougg,7644495137707511058,https://www.tiktok.com/@willdominateyougg/video/7644495137707511058,#MLBB #hidan #argus #willdominateyougg #fyp,37900,2867,70
datasets/tiktok/mlbb/mobilelegends_id/7643828899113209108.mp4,True,0.6219933032989502,4,0.75,0.7393939393939394,0.6632167152575317,0.07894736842105263,0.10158094618055556,mobilelegends-id,7643828899113209108,https://www.tiktok.com/@mobilelegends_id/video/7643828899113209108,PASCOL CORE Moment di Ada Apa Dengan Wendy The Livestream #AdaApaDenganWendy #WendyAllStarParty #MLBB #MLBBALLSTAR,47200,589,72
datasets/tiktok/mlbb/willdominateyougg/7565442400500387080.mp4,True,0.6213236451148987,4,0.75,0.6881818181818182,0.35012875685988676,0.7136842105263158,0.07189236111111111,willdominateyougg,7565442400500387080,https://www.tiktok.com/@willdominateyougg/video/7565442400500387080,#MLBB #MobileLegendsBangBang #argus #willdominateyougg #fyp,640300,23800,53
datasets/tiktok/mlbb/shrxking_fear/7638233527116418312.mp4,True,0.621020495891571,4,0.75,0.75,0.3521501457725948,0.7256140350877193,0.049432508680555556,shrxking-fear,7638233527116418312,https://www.tiktok.com/@shrxking_fear/video/7638233527116418312,here's an upgraded version of my other vid #viral #goviral #myedit,259,4,1
datasets/tiktok/mlbb/mobilelegends_id/7637695344238791957.mp4,True,0.6206386089324951,4,0.75,0.6018181818181818,0.48920828599296856,0.6287719298245613,0.07607204861111111,mobilelegends-id,7637695344238791957,https://www.tiktok.com/@mobilelegends_id/video/7637695344238791957,Tag teman yang sering biarin minion lolos dan tantang dia coba mode ini! #MLBBTIDESIEGE #MLBBAllstar #MobileLegendsBangBang  #MLBBNewMode,1200000,7815,262
datasets/tiktok/mlbb/mlbbdailyclips/7442512755174739220.mp4,True,0.6200639009475708,4,0.75,0.5303030303030304,0.6030490767735666,0.5196491228070176,0.0878634982638889,mlbbdailyclips,7442512755174739220,https://www.tiktok.com/@mlbbdailyclips/video/7442512755174739220,KELRA PINAGSISIGAWAN SI AERONSHIIKI!  #teamliquid #mplph #rrq #mplpihilippines #kelra #rrqhoshi #rrqkingdom #mobazane #ohmyveenus #balacklistinternational #yawi #kairi #rrqalberttt #srg #sekys #mplmalaysia #mplcambodia #mlbb #aeronshikii #tlid,1759,10,0
datasets/tiktok/mlbb/mobilelegends_id/7635624700986674452.mp4,True,0.6197820901870728,4,0.75,0.6581818181818182,0.35399659863945576,0.8028070175438596,0.059694010416666665,mobilelegends-id,7635624700986674452,https://www.tiktok.com/@mobilelegends_id/video/7635624700986674452,Combo yang begitu cepat dari Kiboy x Kairi!🤯 #WeOwnThis #MPLIDS17 #WellPlayed #GameplayS17 #ONIC KIB,174400,2221,57
datasets/tiktok/mlbb/mlbbdailyclips/7047029191778323739.mp4,True,0.6196619272232056,4,1.0,0.2193939393939394,1.0,0.0,0.078642578125,mlbbdailyclips,7047029191778323739,https://www.tiktok.com/@mlbbdailyclips/video/7047029191778323739,BTK MobaZane wanted to join Blacklist after this play,44,1,0
datasets/tiktok/mlbb/mlbbdailyclips/7047368838631017755.mp4,True,0.6196380853652954,4,1.0,0.2194949494949495,1.0,0.0,0.07857964409722223,mlbbdailyclips,7047368838631017755,https://www.tiktok.com/@mlbbdailyclips/video/7047368838631017755,BTK MobaZane wants to Join BlackList after this play #mlb #mobilelegends #ohmyv33nus #wisegaming #Mobazane #BTK  #mlbb #ml #gaming #tiktok #Moba #e,396,2,0
datasets/tiktok/mlbb/shrxking_fear/7637757491274681607.mp4,True,0.6196225881576538,4,0.75,0.75,0.35473760932944615,0.7182456140350877,0.048357204861111114,shrxking-fear,7637757491274681607,https://www.tiktok.com/@shrxking_fear/video/7637757491274681607,#myedit #goviral #viral,260,4,3
datasets/tiktok/mlbb/mlbbtopcreation/7205857568902630657.mp4,True,0.6188054084777832,4,0.75,0.75,0.5366739552964043,0.3231578947368421,0.07745008680555554,mlbb-top-creation,7205857568902630657,https://www.tiktok.com/@mlbbtopcreation/video/7205857568902630657,mission passed @rinkshii #mobilelegends #mgl #mlbbcreatorcamp,9597,499,11
datasets/tiktok/mlbb/mobilelegendsmy/7637089831092243719.mp4,True,0.6187182664871216,4,0.75,0.754040404040404,0.12259475218658893,1.0,0.05305338541666667,mobilelegendsmy,7637089831092243719,,,,,
datasets/tiktok/mlbb/saikyuun_/7285274209650052358.mp4,True,0.6181451082229614,4,0.75,0.442020202020202,0.6040918018993311,0.6794736842105263,0.07938693576388889,saikyuun-,7285274209650052358,https://www.tiktok.com/@saikyuun_/video/7285274209650052358,"Nolan soft dzaddy confirmed 💕 Ixia, natagpuang may galit kay Clint 😂 #NEXTFORU #MLBBNOLAN #nolandebut #mobilelegends",777500,77400,291
datasets/tiktok/mlbb/mobilelegends_id/7636381977532321044.mp4,True,0.6180517077445984,4,0.75,0.4494949494949495,0.48866010689990275,0.7952631578947369,0.0855056423611111,mobilelegends-id,7636381977532321044,https://www.tiktok.com/@mobilelegends_id/video/7636381977532321044,Kalian tim Freraf atau Ragus nih? 😏💜 #mobilelegends_id #serubarengmlbb #samasamamain #MobileLegendsBangBang #MLBBGameplay,2200000,3059,240
datasets/tiktok/mlbb/mlbbesports_official/7604798285794020609.mp4,True,0.6178698539733887,4,0.75,0.7551515151515151,0.4301384839650146,0.45561403508771925,0.08236762152777777,mlbb-esports,7604798285794020609,https://www.tiktok.com/@mlbbesports_official/video/7604798285794020609,"We would like to thank EVERYONE who have made the M7 Carnival the MASSIVE event that it is today 😍 MLBB is grateful to have a community as AWESOME as you guys, we can't wait to see you on the next M Series Carnival 🤗 #MLBBEsports #MLBBM7 #M7Carnival #M7 #LetTheWorldSeeUs",166200,4711,46
datasets/tiktok/mlbb/mobilelegends_id/7640767587000831239.mp4,True,0.6172657608985901,4,0.75,0.471010101010101,0.5852891156462585,0.7126315789473684,0.06774197048611111,mobilelegends-id,7640767587000831239,https://www.tiktok.com/@mobilelegends_id/video/7640767587000831239,"Losssske pakdheeee~ 😂 Gapapa badan capek, yang penting dapet ws 😋 MGL Animator: @rubluene   #mgl #mglid #mglmlbb #mglillustration #mglanimation",110900,2961,211
datasets/tiktok/mlbb/mobilelegends_id/7637443853867289876.mp4,True,0.6167040467262268,4,0.75,0.5166666666666666,0.47908163265306125,0.7105263157894737,0.08399197048611111,mobilelegends-id,7637443853867289876,https://www.tiktok.com/@mobilelegends_id/video/7637443853867289876,"Pencarian harta karun misterius. Makhluk penjaga dari dasar samudera. Dan sebuah undangan eksklusif dari Wendy Walters. 💌 Perjalanan baru akan dimulai. Harta melimpah menantimu. Apakah kamu siap? 🔮 Kamu diundang untuk hadir ke #WendyAlllStarParty. Login MLBB sekarang untuk dapatkan gold, diamond serta skin Yuzhong gratis!  #MLBB #MLBBAllStar",76700000,62500,9930
datasets/tiktok/mlbb/mlbbttofficial/7638909349284351252.mp4,True,0.6153860092163086,4,0.75,0.8064646464646463,0.36053206997084547,0.584561403508772,0.05114474826388889,mlbb-official,7638909349284351252,https://www.tiktok.com/@mlbbttofficial/video/7638909349284351252,"Feel sorry for the enemy Balmond, but the Treasure Hunt Coins are ours! The ALLSTAR limited-time battlefield effect ""Tidal Gold Rush"" is available from 04/30 to 06/28! During the match, you can get Treasure Hunt Coins by killing the Turtle, destroying Turrets, getting kills or assists, or triggering Highlights Notifications! #MLBBAllstar #MobileLegendsBangBang #MLBBTidalGoldRush",353800,2453,133
datasets/tiktok/mlbb/mlbbcreator/7315672670203383046.mp4,True,0.6150002479553223,4,1.0,0.5312121212121212,0.5099489795918368,0.0,0.11360134548611112,mlbbcreator,7315672670203383046,https://www.tiktok.com/@mlbbcreator/video/7315672670203383046,"Kematian Lancelot di Endless War II Lancelot adalah seorang pangeran di salah satu kerajaan wilayah Moniyan. Karena krisis ekonomi, kerajaan Lancelot memutuskan untuk melakukan ""Pernikahan Politik"" dengan kerajaan yang lebih kaya. Agar kerajaan Lancelot dapat menghentikan krisis ekonomi tersebut. Setelah melakukan rapat besar kerajaan, diputuskanlah Lancelot untuk menikahi salah satu putri dari kerajaan lain. Kerajaan memberitahu Lancelot beberapa minggu sebelum pernikahan. Lancelot yang mendengar hal itu menolak sangat keras, dia tidak mau untuk ""dijodohkan"". Lancelot berpikir bahwa cinta yang dipaksakan akan cepat berakhir. Lancelot pun memutuskan untuk meninggalkan kerajaan dan kehilangan semua gelar kerajaannya Lancelot berpetualang ke setiap penjuru Land of Dawn, untuk bertahan hidup Lancelot mengikuti pertarungan jalanan. Jika dia menjadi pemenang kompetisi 1vs1 itu, Lancelot akan mendapat imbalan. Setelah melewati berbagai daerah, Lancelot merasa frustasi bahwa telah terjadi banyak ketidakadilan di masyarakat serta ketakutan terhadap Abyss. Mengetahui bahwa dia adalah sosok pengecut yang kabur dari tanggung jawab, Lancelot pergi ke setiap bar dan mabuk-mabukan.  Hingga suatu hari ketika dia sedang mabuk di bar, ada seorang gadis datang dan duduk di sampingnya. Karena kecantikan gadis tersebut, para bandit mulai menggodanya hingga mereka melampaui batas. Gadis tersebut adalah Odette.  Lancelot yang tidak tahan melihat gadis itu menjadi santapan para bandit, akhirnya dia menolong gadis tersebut. pertarungan antara Lancelot dan para bandit itu pun terjadi, menyebabkan seluruh Bandit itu terbunuh. Setelah pertarungan itu, Lancelot tiba-tiba pingsan. Setelah ia sadar, ia sedang berada di sebuah kamar  Odette membawa Lancelot ke kamarnya dan mengobatinya secara diam-diam. berminggu-minggu telah berlalu, Lancelot gemar sekali menceritakan kisah perjalanan kepada Odette. Dari sinilah cinta mereka tumbuh  singkat cerita Lancelot mendengar dari pelayan Odette, bahwa Odette akan segera bertunangan. Mengetahui hal itu Lancelot sangat terkejut dan bersedih, ia pun memutuskan untuk menulis surat dan meninggalkan kerajaan Odette tanpa sepengetahuannya. Lancelot pun pergi dari Kerajaan Odette dan mencoba mengulangi hidupnya dari awal. Lancelot ingin berguna bagi masyarakat, dia memutuskan untuk pergi ke Endless War untuk melawan Abyss  di dalam perjalanannya ia bertemu dengan Chou. Chou pun memiliki tujuan yang sama dengan Lancelot yaitu berperang melawan abyss. Mereka pun menjadi sahabat. Odette terus mencari dan menunggu Lancelot kembali. Waktu terus berlalu selama bertahun-tahun, hingga pada akhirnya Odette mengetahui bahwa Lancelot telah gugur di Endless War II",459700,32300,1182
datasets/tiktok/mlbb/bonitoflakesmlbb/7457428345362402567.mp4,True,0.6139467358589172,4,0.75,0.7093939393939395,0.5628134914680158,0.3764912280701754,0.06520833333333334,bonitoflakesmlbb,7457428345362402567,https://www.tiktok.com/@bonitoflakesmlbb/video/7457428345362402567,Give it to me!!! #zhuxinmlbb #mlbbtiktok #mlbbhighlights #mlbb #MobileLegendsBangBang #fypシ゚viralシ,118,4,1
datasets/tiktok/mlbb/saikyuun_/7279709828602203397.mp4,True,0.6133638024330139,4,0.75,0.40444444444444444,0.75,0.5389473684210525,0.07258572048611112,saikyuun-,7279709828602203397,https://www.tiktok.com/@saikyuun_/video/7279709828602203397,"POV: Ganap sa gold lane 😂 Effective ang gluta kay Karrie, whitewash malala 👀 #mlbb #mobilelegends #phmcbacesleague #mlbbkarrieicetalon #karrieicetalon",118700,6974,66
datasets/tiktok/mlbb/mobilelegendsmy/7635158529330122005.mp4,True,0.6127769947052002,4,0.75,0.4997979797979798,0.6567419825072887,0.5112280701754386,0.07423828125000001,mobilelegendsmy,7635158529330122005,,,,,
datasets/tiktok/mlbb/mlbbttofficial/7615190493898575120.mp4,True,0.6127650737762451,4,0.75,0.7428282828282828,0.4270112866575202,0.4945614035087719,0.06711588541666666,mlbb-official,7615190493898575120,https://www.tiktok.com/@mlbbttofficial/video/7615190493898575120,"In a match, you win some, you lose some... But no worries, we have Battle Privileges! From 03/08 to 03/10, participate in Ranked to enjoy Team Star Protection 3 times and Team Triple Star-raising Points 2 times! #MLBBGoldenMonth #MLBBGoldenMonthEvent #MobileLegendsbangbang",3300000,61000,279
datasets/tiktok/mlbb/mobilelegends_id/7635561399384755477.mp4,True,0.6126830577850342,4,0.75,0.5569696969696969,0.46509353741496595,0.6836842105263157,0.07475477430555556,mobilelegends-id,7635561399384755477,https://www.tiktok.com/@mobilelegends_id/video/7635561399384755477,"Arghhhpipiiii🥰, kali ini korban nya KennzyySkie dari Yazukee🫣 #WeOwnThis #MPLIDS17 #WellPlayed #GameplayS17 #AE YAZUKEE GEEK KENNZYYSKIE",463400,8452,171
datasets/tiktok/mlbb/mlbbtopcreation/7235133105311436034.mp4,True,0.6122288703918457,4,0.75,0.4882828282828282,0.5625,0.75,0.0544140625,mlbb-top-creation,7235133105311436034,https://www.tiktok.com/@mlbbtopcreation/video/7235133105311436034,Sweet Revenge @shonechristopher28 #mobilelegends #mgl #mlbbcreatorcamp,17500,1068,14
datasets/tiktok/mlbb/nilunaa/7638969263323172114.mp4,True,0.6121343374252319,4,0.75,0.5931313131313131,0.7000000000000001,0.23789473684210527,0.08864691840277777,nilunaa,7638969263323172114,https://www.tiktok.com/@nilunaa/video/7638969263323172114,Tide Siege Endless Mode - Counter Alice ✅ #MLBB #MLBBALLSTAR #MLBBCreator #MLBBNewMode #nilunaa,25000,337,8
datasets/tiktok/mlbb/nilunaa/7624489295998455047.mp4,True,0.6119736433029175,4,0.75,0.5242424242424243,0.48026603498542275,0.7292982456140351,0.07027452256944444,nilunaa,7624489295998455047,https://www.tiktok.com/@nilunaa/video/7624489295998455047,Easy je kalau tahu trick Ninjutsu Training ✅ #MLBB #mobilelegends #MLBBxNARUTO #nilunaa #mobilelegendsbangbang,33500,494,18
datasets/tiktok/mlbb/saikyuun_/7158061749785201947.mp4,True,0.6111847162246704,4,0.75,0.7704040404040404,0.37423469387755104,0.5671929824561402,0.056379123263888886,saikyuun-,7158061749785201947,https://www.tiktok.com/@saikyuun_/video/7158061749785201947,my fave MLBB Halloween skins 🎃👻🧡 862765885 (10649) @MLBB TOP CREATION #mobilelegends #mlbbcreatorcamp #mccOctober #mcchalloween2022_ph #mcchalloween_ph #fyp #fypシ,114200,8005,125
datasets/tiktok/mlbb/bonitoflakesmlbb/7489675981427395858.mp4,True,0.6111207008361816,4,0.75,0.6465656565656566,0.5004078015134625,0.5359649122807018,0.06551974826388889,bonitoflakesmlbb,7489675981427395858,https://www.tiktok.com/@bonitoflakesmlbb/video/7489675981427395858,Not today Alucard 😉 #selenamlbb #selenahighlights #selenazenith #mobilelegends #mobilelegendsbangbang #mlb,687,13,1
datasets/tiktok/mlbb/mlbbttofficial/7615509360688598273.mp4,True,0.6109322309494019,4,0.75,0.5494949494949495,0.5734450923226434,0.4708771929824561,0.08808051215277778,mlbb-official,7615509360688598273,https://www.tiktok.com/@mlbbttofficial/video/7615509360688598273,"The darkroom, my secret garden of work, is open only for you. #MLBBMARCEL #MLBBNEWHERO #MLBBS40 #MLBBGoldenMonth #MobileLegendsBangBang",3600000,77300,834
datasets/tiktok/mlbb/nilunaa/7617744870152736007.mp4,True,0.6108861565589905,4,0.75,0.44393939393939397,0.6354834791059281,0.5710526315789473,0.08259006076388889,nilunaa,7617744870152736007,https://www.tiktok.com/@nilunaa/video/7617744870152736007,Franco Double Hook setting S40  #MLBBMarcel #MLBBS40 #MLBBNEWHERO #MLBBGoldenMonth #MLBB,713100,16200,116
datasets/tiktok/mlbb/saikyuun_/7446694838076099848.mp4,True,0.6099086999893188,4,0.75,0.6024242424242424,0.33916423712342075,0.8856140350877193,0.05085286458333334,saikyuun-,7446694838076099848,https://www.tiktok.com/@saikyuun_/video/7446694838076099848,Papa burst fade cut ko si @Yunan pag di nanalo FNOP ☺️😚 #MLBBM6WatchFest #MLBB #mobilelegends #pinaspinakamalakas #m6championteamprediction #mlbbm6,185500,6885,58
datasets/tiktok/mlbb/willdominateyougg/7571754554849627410.mp4,True,0.6092067956924438,4,0.75,0.6290909090909091,0.4020515348996742,0.7350877192982456,0.05500325520833334,willdominateyougg,7571754554849627410,https://www.tiktok.com/@willdominateyougg/video/7571754554849627410,Argus and alucard upcoming Bleach skin!!🥶  #MLBB #argus #alucard #aizen #ichigo,616400,52200,519
datasets/tiktok/mlbb/nilunaa/7602258887743491336.mp4,True,0.6089537739753723,4,0.75,0.5072727272727272,0.5809037900874636,0.4982456140350877,0.09073893229166667,nilunaa,7602258887743491336,https://www.tiktok.com/@nilunaa/video/7602258887743491336,New Starlight February 2026 - Hilda  #MLBBNewSkin #MLBB #mobilelegends #MLBBHilda #nilunaa,193200,4407,137
datasets/tiktok/mlbb/nilunaa/7643777761294683410.mp4,True,0.6084092855453491,4,0.75,0.476969696969697,0.6773566569484937,0.5,0.07197916666666668,nilunaa,7643777761294683410,https://www.tiktok.com/@nilunaa/video/7643777761294683410,Ling Allstar - Phantom Current  #MLBBALLSTAR #MLBBRollingTides #MLBB #mobilelegends #nilunaa,7511,123,7
datasets/tiktok/mlbb/willdominateyougg/7605907026627054856.mp4,True,0.6083678007125854,4,0.75,0.575050505050505,0.440634110787172,0.6456140350877193,0.0780978732638889,willdominateyougg,7605907026627054856,https://www.tiktok.com/@willdominateyougg/video/7605907026627054856,#MLBB #alucard #finn #jake #fyp,15200000,872000,2768
datasets/tiktok/mlbb/saikyuun_/7427053667536080146.mp4,True,0.6080742478370667,4,0.75,0.5345454545454545,0.48646744412050535,0.7271929824561403,0.060597873263888886,saikyuun-,7427053667536080146,https://www.tiktok.com/@saikyuun_/video/7427053667536080146,Wanwan tp gods 🗿 #mlbb8th #MLBB #mlbbcelebr8 #mlbbcr8torparty #recallevos #phonimarusaber,315500,13200,167
datasets/tiktok/mlbb/mlbbtopcreation/7233669602331364609.mp4,True,0.607366681098938,4,0.75,0.7024242424242424,0.2778425655976676,0.75,0.0616796875,mlbb-top-creation,7233669602331364609,https://www.tiktok.com/@mlbbtopcreation/video/7233669602331364609,The Jellyman is on RAMPAGE @shonechristopher28 #mobilelegends #mgl #mlbbcreatorcamp,9189,549,9
datasets/tiktok/mlbb/willdominateyougg/7599599484728888583.mp4,True,0.6064976453781128,4,0.75,0.7940404040404041,0.3943662107700223,0.43894736842105264,0.06354600694444446,willdominateyougg,7599599484728888583,https://www.tiktok.com/@willdominateyougg/video/7599599484728888583,#MLBB #argus #toji #willdominateyougg #fyp,3300000,169400,1359
datasets/tiktok/mlbb/saikyuun_/7275529507585461510.mp4,True,0.605881929397583,4,0.75,0.6192929292929292,0.38392857142857145,0.6340350877192983,0.07941189236111111,saikyuun-,7275529507585461510,https://www.tiktok.com/@saikyuun_/video/7275529507585461510,Alpha Starlight featuring 1v1 tank 😂 #MLBB #mobilelegends #phmcbacesleague #alphastarenforcerstarlight #mlbbalphastarenforcerstarlight #fyp #fypシ,134800,7061,118
datasets/tiktok/mlbb/mobilelegends_id/7644147282891279624.mp4,True,0.6050835847854614,4,0.75,0.5302020202020201,0.6064139941690962,0.47526315789473683,0.07609266493055555,mobilelegends-id,7644147282891279624,https://www.tiktok.com/@mobilelegends_id/video/7644147282891279624,"Kalo udah jadi, damage + attack speednya gak ada obat sih JUJUR! 🔥🔥  #MobileLegendsBangBang #samasamamain #serubarengmlbb #mobilelegends_id #Obsidia",76600,2571,124
datasets/tiktok/mlbb/mlbbesports_official/7637466020826959125.mp4,True,0.6046119332313538,4,0.75,0.5724242424242424,0.5791666666666666,0.4687719298245614,0.07142144097222222,mlbb-esports,7637466020826959125,https://www.tiktok.com/@mlbbesports_official/video/7637466020826959125,"Not all taunts are “rude”, it’s simply how we say “i love you” to each other in a different way! 😜 MWI 2025 was filled with heat, we can’t wait to see more of this in MWI at EWC26! 👀 #MLBBEsports #MWIatEWC26 #MLBB #MLBBEsportsWoman #MobileLegendsBangBang",74800,2632,19
datasets/tiktok/mlbb/saikyuun_/7464177818054708487.mp4,True,0.6038756370544434,4,0.75,0.6465656565656566,0.48981735104756186,0.5052631578947369,0.0651291232638889,saikyuun-,7464177818054708487,https://www.tiktok.com/@saikyuun_/video/7464177818054708487,"Layla, babaeng para sa lahat 🤨 #MLBB #mobilelegends #phmcbacesleague #phbloomofabundancerafaela #fyp #mlbbcreatorbase",504200,25700,608
datasets/tiktok/mlbb/mlbbttofficial/7611430088097156353.mp4,True,0.603679895401001,4,0.75,0.5506060606060607,0.46285228377065113,0.6471929824561404,0.07283094618055555,mlbb-official,7611430088097156353,https://www.tiktok.com/@mlbbttofficial/video/7611430088097156353,Fanny's first Legend Skin is coming soon. Are you ready? #MobileLegendsBangBang #MLBBFannyLegendSkin,101100,2599,61
datasets/tiktok/mlbb/mobilelegendsmy/7642932324765682964.mp4,True,0.6034718751907349,4,0.75,0.4583838383838384,0.42128279883381925,0.8170175438596492,0.07772677951388889,mobilelegendsmy,7642932324765682964,,,,,
datasets/tiktok/mlbb/cedxvi/7391824897657392391.mp4,True,0.6034173965454102,4,0.75,0.5396969696969697,0.4690962099125365,0.5712280701754386,0.08969075520833333,cedxvi,7391824897657392391,https://www.tiktok.com/@cedxvi/video/7391824897657392391,Hahahahah with @Choou and @Mizaki,140100,1067,36
datasets/tiktok/mlbb/willdominateyougg/7642261534030302482.mp4,True,0.6029973030090332,4,0.75,0.6072727272727272,0.2878556824515521,0.859298245614035,0.05991427951388889,willdominateyougg,7642261534030302482,https://www.tiktok.com/@willdominateyougg/video/7642261534030302482,#MLBB #argus #toji #willdominateyougg #fyp,188400,12600,110
datasets/tiktok/mlbb/mlbbtopcreation/7212413137922886913.mp4,True,0.6026925444602966,4,0.75,0.6328282828282827,0.39133191222917735,0.6475438596491228,0.06614366319444444,mlbb-top-creation,7212413137922886913,https://www.tiktok.com/@mlbbtopcreation/video/7212413137922886913,Benedetta Montage @rathana570  #mobilelegends #mgl #mlbbcreatorcamp,2057,83,2
datasets/tiktok/mlbb/willdominateyougg/7561359086655130887.mp4,True,0.602640688419342,4,0.75,0.6848484848484848,0.33038052274481217,0.608421052631579,0.08545572916666666,willdominateyougg,7561359086655130887,https://www.tiktok.com/@willdominateyougg/video/7561359086655130887,#MLBB #argus #aizensosuke #willdominateyougg #fyp,791000,129400,412
datasets/tiktok/mlbb/mlbbttofficial/7632599409859022101.mp4,True,0.6022657155990601,4,0.75,0.5599999999999999,0.3511236637512148,0.826140350877193,0.06259223090277778,mlbb-official,7632599409859022101,https://www.tiktok.com/@mlbbttofficial/video/7632599409859022101,"The ALLSTAR exclusive Rolling Tides series skins are arriving soon!! Yu Zhong ""Tidescale Sealord"": Clad in azure scales, the sea dragon emerges to dominate the Tidal Ruins from within the vortex! Pharsa ""Seasworn Oracle"": The purple flames from her scepter dance to the pulse of the deep sea! Ling ""Phantom Current"": A flash of his azure blade marks the beginning of the enemy's defeat! Tap the video to check out the visual effects and embark on a deep-sea adventure! #MLBBALLSTAR #MLBBNewSkin",900400,22900,366
datasets/tiktok/mlbb/nilunaa/7609623725872303378.mp4,True,0.6018588542938232,4,0.75,0.50989898989899,0.6290937803692905,0.43824561403508766,0.07929687499999999,nilunaa,7609623725872303378,https://www.tiktok.com/@nilunaa/video/7609623725872303378,Combo Chou flicker  Ulti #MLBBEternalSeasons #MLBBNEWSKIN #MLBBGoldenMonth #MLBB #mobilelegends,57200,1192,24
datasets/tiktok/mlbb/mlbbttofficial/7628865082360892693.mp4,True,0.601099967956543,4,0.75,0.6123232323232324,0.4888935484908249,0.5391228070175438,0.06528103298611111,mlbb-official,7628865082360892693,https://www.tiktok.com/@mlbbttofficial/video/7628865082360892693,"MLBB's new mode, Frozen Sea Showdown, brings the fun on 04/23! Tired of Ranked matches? Try this magical hook-fest brawl! Follow Franco as he hooks, hooks, hooks, and gets bigger, bigger, bigger! #MobileLegendsBangBang #MLBBNewMode #MLBBFrozenSeaShowdown #MLBBS40",636000,16300,384
datasets/tiktok/mlbb/mlbbttofficial/7642945579655499028.mp4,True,0.6000540852546692,4,0.75,0.45161616161616164,0.4200801749271137,0.8070175438596491,0.07764431423611111,mlbb-official,7642945579655499028,https://www.tiktok.com/@mlbbttofficial/video/7642945579655499028,"The Siren's arrival stole the Sigilborn of their treasures and their home. Now aboard the ALLSTAR, the surviving Sigilborn scions—Yu Zhong, Pharsa, and Ling—have gathered. Following the trail of dark power, they have arrived at... #MLBBAllstar #MobileLegendsBangBang #MLBBDreadsea",448800,3211,130
datasets/tiktok/mlbb/mobilelegends_id/7644481501479931144.mp4,True,0.5999151468276978,4,0.75,0.7,0.4968112244897959,0.4049122807017544,0.06203776041666667,mobilelegends-id,7644481501479931144,https://www.tiktok.com/@mobilelegends_id/video/7644481501479931144,"Efek yang cantik, tapi tetap bawa kesan magis! Skin Collector Alice emang gak ada duanya, user Alice udah punya belum nih?  🫵 #MobileLegendsBangBang #samasamamain #serubarengmlbb #mobilelegends_id",29000,525,59
datasets/tiktok/mlbb/mlbbtopcreation/7217631403414949122.mp4,True,0.5993790030479431,4,0.75,0.75,0.4054300291545189,0.3998245614035087,0.07255425347222222,mlbb-top-creation,7217631403414949122,https://www.tiktok.com/@mlbbtopcreation/video/7217631403414949122,Failed to win @leviatthn #mobilelegends #mgl #mlbbcreatorcamp,2005,107,4
datasets/tiktok/mlbb/cedxvi/7405167011099069714.mp4,True,0.5986120700836182,4,0.75,0.7477777777777777,0.42700437317784257,0.3850877192982456,0.06920138888888888,cedxvi,7405167011099069714,https://www.tiktok.com/@cedxvi/video/7405167011099069714,Bro has 54k matches on johnson w the f! 🥶 #mlbb,689400,36000,461
datasets/tiktok/mlbb/mobilelegends_id/7638545402731449620.mp4,True,0.5983961820602417,4,0.75,0.7784848484848484,0.3458454810495627,0.4971929824561403,0.059161241319444446,mobilelegends-id,7638545402731449620,https://www.tiktok.com/@mobilelegends_id/video/7638545402731449620,"""Ular"" yang terus memanjang di layar 🐍 sebenarnya adalah gambaran sempurna dari rutinitas harianku belakangan ini: Mengikuti berbagai event ALLSTAR di mana-mana untuk mengumpulkan Koin Perburuan Harta sedikit demi sedikit. Lalu terjun ke event [Perburuan Harta Ombak] untuk berkesempatan memenangkan emas asli, Diamond berlimpah, dan hadiah terbatas seperti skin eksklusif ALLSTAR! Login sekarang juga dan mulailah mengumpulkan Koin Perburuan Harta! 🎮 (Pengiriman hadiah emas asli saat ini tidak tersedia di beberapa wilayah. Dalam hal ini, Diamond dalam game dengan jumlah setara akan diberikan sebagai gantinya. Hasil akhir bergantung pada pengiriman hadiah yang sebenarnya.) #MLBBAllstar #MobileLegendsBangBang #MLBBrealgold #MLBBNewSkin #MLBBFreeSkin",65200,367,31
datasets/tiktok/mlbb/cedxvi/7062587001182211355.mp4,True,0.5981628894805908,4,0.75,0.6756565656565656,0.40958639705882355,0.5766666666666667,0.05635525173611111,cedxvi,7062587001182211355,https://www.tiktok.com/@cedxvi/video/7062587001182211355,Namura nnmn 🥺 #cedxvi,76300,6382,99
datasets/tiktok/mlbb/willdominateyougg/7582883492141321490.mp4,True,0.5980172753334045,4,0.75,0.600909090909091,0.739868804664723,0.07157894736842106,0.09041558159722222,willdominateyougg,7582883492141321490,https://www.tiktok.com/@willdominateyougg/video/7582883492141321490,#MLBBxSpongeBob #MLBBFriendfest #MLBB #willdominateyougg #fyp,218200,7639,116
datasets/tiktok/mlbb/willdominateyougg/7613710982455528722.mp4,True,0.5968523025512695,4,0.75,0.6261616161616161,0.445466941240782,0.5510526315789473,0.06506510416666667,willdominateyougg,7613710982455528722,https://www.tiktok.com/@willdominateyougg/video/7613710982455528722,#MLBB #willdominateyougg #argus #toji #fyp,399100,13900,186
datasets/tiktok/mlbb/cedxvi/6992422615038070043.mp4,True,0.5965304374694824,4,0.5,0.7165656565656565,0.5473551786786143,0.633859649122807,0.091259765625,cedxvi,6992422615038070043,https://www.tiktok.com/@cedxvi/video/6992422615038070043,police car to the rescue. 😁 #MLBB #CEDXVI #kewlsquad,102100,10300,190
datasets/tiktok/mlbb/mobilelegends_id/7643334522729139476.mp4,True,0.5961406230926514,4,0.75,0.7698989898989899,0.13793731778425655,0.83,0.04867621527777778,mobilelegends-id,7643334522729139476,https://www.tiktok.com/@mobilelegends_id/video/7643334522729139476,Apes banget babang Nnael kena De Javu sama babang Kelra😅🤭 #WeOwnThis #MPLIDS17 #WellPlayed #Gameplay,177300,3488,125
datasets/tiktok/mlbb/mlbbesports_official/7599207173964549383.mp4,True,0.5960404276847839,4,0.75,0.556969696969697,0.5237609329446065,0.5291228070175439,0.06787434895833333,mlbb-esports,7599207173964549383,https://www.tiktok.com/@mlbbesports_official/video/7599207173964549383,"The Cinderella Story of the M7 Go, go Alter Ego 🇮🇩 #MLBBEsports #MLBBM7 #MobileLegendsBangBang #M7 #LetTheWorldSeeUs",850200,36400,419
datasets/tiktok/mlbb/mlbbtopcreation/7220598644490161409.mp4,True,0.5958392024040222,4,0.75,0.5545454545454546,0.4177113702623907,0.75,0.05269314236111111,mlbb-top-creation,7220598644490161409,https://www.tiktok.com/@mlbbtopcreation/video/7220598644490161409,"Sorry Aldous, better luck nextime @.beruchan #mobilelegends #mgl #mlbbcreatorcamp",7307,441,6
datasets/tiktok/mlbb/saikyuun_/7371368329220590853.mp4,True,0.5958082675933838,4,0.75,0.4793939393939394,0.5644314868804665,0.6117543859649123,0.06310329861111111,saikyuun-,7371368329220590853,https://www.tiktok.com/@saikyuun_/video/7371368329220590853,"Granger, halimaw mag selos #MLBB #MobileLegends #phmcbacesleague #phmidnightjusticesilvanna #fyp",593700,60300,1111
datasets/tiktok/mlbb/willdominateyougg/7616672861561834770.mp4,True,0.5956181883811951,4,0.75,0.49606060606060604,0.4878103071585777,0.6685964912280702,0.06749891493055554,willdominateyougg,7616672861561834770,https://www.tiktok.com/@willdominateyougg/video/7616672861561834770,wait what?? #MLBB #argus #toji #willdominateyougg #fyp,68300,4556,70
datasets/tiktok/mlbb/mlbbesports_official/7599282945228164370.mp4,True,0.5955173969268799,4,0.75,0.7184848484848485,0.30143343051506316,0.6277192982456141,0.05943684895833334,mlbb-esports,7599282945228164370,https://www.tiktok.com/@mlbbesports_official/video/7599282945228164370,OH MY GOD LIGHTTTTTTTTT  🫣 #MLBBEsports #MLBBM7 #MobileLegendsBangBang #M7 #LetTheWorldSeeUs,865800,43000,339
datasets/tiktok/mlbb/mobilelegendsmy/7638246602875882770.mp4,True,0.5948391556739807,4,0.75,0.7649494949494949,0.33691690962099125,0.5096491228070175,0.05852973090277777,mobilelegendsmy,7638246602875882770,,,,,
datasets/tiktok/mlbb/saikyuun_/7466038984670547208.mp4,True,0.5944936275482178,4,0.75,0.7478787878787879,0.44854227405247815,0.3196491228070175,0.07108506944444444,saikyuun-,7466038984670547208,https://www.tiktok.com/@saikyuun_/video/7466038984670547208,@Yunan na nilalagnat 👀 #MLBB #mobilelegends #fyp #mlbbcreatorbase #phmcbacesleague,377600,9117,32
datasets/tiktok/mlbb/mlbbtopcreation/7217635056439807233.mp4,True,0.5937356352806091,4,0.75,0.38222222222222224,0.625,0.6408771929824562,0.06732964409722222,mlbb-top-creation,7217635056439807233,https://www.tiktok.com/@mlbbtopcreation/video/7217635056439807233,Annoying Enemy with Hilda @migosml  #mobilelegends #mgl #mllbbcreatorcamp,2457,101,1
datasets/tiktok/mlbb/saikyuun_/7141945350562139418.mp4,True,0.5934568643569946,4,0.75,0.7117171717171717,0.274198250728863,0.7035087719298245,0.05083767361111111,saikyuun-,7141945350562139418,https://www.tiktok.com/@saikyuun_/video/7141945350562139418,Odette at Johnson pag nakakabangga ng kalaban 💅🏻✨ 862765885 (10649) @mlbbtopcreation #mobilelegends #mlbbcreatorcamp #mccSeptember #mcc_0909ph #fyp,153100,9959,94
datasets/tiktok/mlbb/mlbbttofficial/7615136061856992533.mp4,True,0.593284547328949,4,0.75,0.4582828282828283,0.44927113702623905,0.7361403508771929,0.07294487847222222,mlbb-official,7615136061856992533,https://www.tiktok.com/@mlbbttofficial/video/7615136061856992533,"S40 New Patch ""Decisive Moment"" launches on 03/11! New Hero Marcel, the elegant and mysterious grotesque artist, is here to take control! A mysterious new mode is coming soon! Hooks everywhere will test your reflexes to the limit. What surprises await? The annual ALLSTAR event brings surprises! Tidal Ruins themed skins revealed, plus massive bonuses reimagined! #S40 #DecisiveMoment #MLBBNewPatch #MobileLegendsBangBang",68900,3621,78
datasets/tiktok/mlbb/mlbbttofficial/7637362205939338512.mp4,True,0.5930496454238892,4,0.75,0.491010101010101,0.5031705539358601,0.615438596491228,0.07224392361111111,mlbb-official,7637362205939338512,https://www.tiktok.com/@mlbbttofficial/video/7637362205939338512,"You claimed the treasure. But you didn't stop, continuing to dive deeper. The closer you get to the wealth, the closer you are to danger. And you didn't choose to stop. #MLBBALLSTAR #MLBBDreadsea",121500,4669,203
datasets/tiktok/mlbb/saikyuun_/7409261828557114631.mp4,True,0.5929875373840332,4,0.75,0.795959595959596,0.19898897058823528,0.6210526315789474,0.06225477430555556,saikyuun-,7409261828557114631,https://www.tiktok.com/@saikyuun_/video/7409261828557114631,"Very generous, very demure 🌸✨ #MLBB #mobilelegends #phmcbacesleague #mlbbin10spamigay #mlbbskingifts #phmyskinchoice #fyp",29200,2693,34
datasets/tiktok/mlbb/mlbbtopcreation/7217641490271587585.mp4,True,0.5929198265075684,4,0.75,0.461010101010101,0.4276587643986166,0.8310526315789474,0.05818142361111111,mlbb-top-creation,7217641490271587585,https://www.tiktok.com/@mlbbtopcreation/video/7217641490271587585,outplayed! @variuuz #mobilelegends #mgl #mllbbcreatorcamp,4783,320,4
datasets/tiktok/mlbb/mobilelegends_id/7644109328722513159.mp4,True,0.5918869376182556,4,0.5,0.7671717171717172,0.552350583090379,0.5663157894736842,0.08195203993055557,mobilelegends-id,7644109328722513159,https://www.tiktok.com/@mobilelegends_id/video/7644109328722513159,Setelah sekian lama… akhirnya Ling dapet skin lagi 😭 User Ling udah siap comeback belum nih 👇 #mobilelegends_id #serubarengmlbb #samasamamain #MobileLegendsBangBang  #Ling,17800,449,90
datasets/tiktok/mlbb/mobilelegends_id/7636005411795078420.mp4,True,0.5917383432388306,4,0.75,0.5007070707070707,0.565281827016521,0.503157894736842,0.07317274305555556,mobilelegends-id,7636005411795078420,https://www.tiktok.com/@mobilelegends_id/video/7636005411795078420,"Skin eksklusif ALLSTAR terbaru Yu Zhong ""Tidescale Sealord"" hadir secara GRATIS untuk waktu terbatas! Ikuti event ""Perburuan Harta Ombak"" dan mulai perjalanan berburu harta bersama Yu Zhong! #MLBBAllstar #MobileLegendsBangBang #MLBBFreeSkin #MLBBNewSkin",718700,4486,186
datasets/tiktok/mlbb/mobilelegendsmy/7637087535415463176.mp4,True,0.590751051902771,4,0.75,0.4902020202020202,0.5014941690962099,0.6105263157894737,0.07090603298611112,mobilelegendsmy,7637087535415463176,,,,,
datasets/tiktok/mlbb/saikyuun_/7451932343561964808.mp4,True,0.5904449224472046,4,0.75,0.2791919191919192,0.6458333333333334,0.7984210526315789,0.05649305555555556,saikyuun-,7451932343561964808,https://www.tiktok.com/@saikyuun_/video/7451932343561964808,"Moonton, wag niyo muna fix. Nag eenjoy pa ko 😚 #MLBBM6 #MLBBM6TorchRelay #GreaterThanEver #pinaspinakamalakas #mobilelegends #MLBB",28100,1862,42
datasets/tiktok/mlbb/nilunaa/7645599132882717959.mp4,True,0.5901504158973694,4,0.5,0.7045454545454546,0.6333333333333333,0.5270175438596492,0.08431966145833333,nilunaa,7645599132882717959,https://www.tiktok.com/@nilunaa/video/7645599132882717959,Combo Paqiuto 2026  #MLBBALLSTAR #MLBB #mobilelegends #MLBBPaquito #nilunaa,39800,1170,21
datasets/tiktok/mlbb/mlbbttofficial/7606258962991697172.mp4,True,0.5891126394271851,4,0.75,0.5306060606060606,0.5055758017492711,0.5468421052631579,0.06821072048611111,mlbb-official,7606258962991697172,https://www.tiktok.com/@mlbbttofficial/video/7606258962991697172,Where do you think they will meet Fanny? Can Hanabi catch up with Fanny? #MLBBGoldenMonth #MLBBGoldenMonthEvent #MobileLegendsbangbang,903900,4561,165
datasets/tiktok/mlbb/willdominateyougg/7560246325153893640.mp4,True,0.5881356000900269,4,0.75,0.5418181818181818,0.3541991752057966,0.7857894736842105,0.05677625868055555,willdominateyougg,7560246325153893640,https://www.tiktok.com/@willdominateyougg/video/7560246325153893640,#MLBB #argus #aizensosuke #willdominateyougg #fyp,2100000,143800,590
datasets/tiktok/mlbb/mlbbttofficial/7638565028664282369.mp4,True,0.5877529382705688,4,0.75,0.738989898989899,0.3364795918367347,0.5035087719298246,0.05846028645833333,mlbb-official,7638565028664282369,https://www.tiktok.com/@mlbbttofficial/video/7638565028664282369,"The ever-growing ""Snake"" on the screen 🐍 is actually a perfect representation of my daily routine lately: Joining various ALLSTAR events everywhere to save up Treasure Hunt Coins bit by bit. Then diving into the [Tidal Treasure Hunt] event for a chance to win real gold, tons of Diamonds, and limited rewards like ALLSTAR exclusive skins! Log in to the game now and start collecting those Treasure Hunt Coins! 🎮 (Real gold reward delivery is currently not available in certain regions. In such cases, an equivalent amount of in-game Diamonds will be issued instead. Final results are subject to the actual reward distribution.) #MLBBAllstar #MobileLegendsBangBang #MLBBrealgold #MLBBNewSkin #MLBBFreeSkin",410100,1968,135
datasets/tiktok/mlbb/saikyuun_/7454507176694926599.mp4,True,0.5877383947372437,4,0.75,0.6127272727272728,0.3486963848039215,0.7128070175438597,0.05093315972222222,saikyuun-,7454507176694926599,https://www.tiktok.com/@saikyuun_/video/7454507176694926599,"New year, new main 🥳🥰 Happy new year guys! #MLBB #mobilelegends #phmcbacesleague #pharcaneseeker #mlbbcreatorbase #pinaspinakamalakas #GreaterThanEver @Yunan",516700,24000,146
datasets/tiktok/mlbb/willdominateyougg/7613299780172680455.mp4,True,0.5876379609107971,4,0.75,0.6687878787878787,0.2629737609329446,0.72,0.056057942708333336,willdominateyougg,7613299780172680455,https://www.tiktok.com/@willdominateyougg/video/7613299780172680455,#MLBB #willdominateyougg #adventuretime #alucard #fyp,103300,5095,39
datasets/tiktok/mlbb/cedxvi/7066050989270322459.mp4,True,0.5872877240180969,4,0.75,0.5196969696969697,0.38884364013462525,0.7050877192982457,0.06932942708333333,cedxvi,7066050989270322459,https://www.tiktok.com/@cedxvi/video/7066050989270322459,🤪 #cedxvi,138100,9161,136
datasets/tiktok/mlbb/mlbbttofficial/7613235690310094096.mp4,True,0.5867674946784973,4,0.75,0.42777777777777776,0.5833333333333333,0.5426315789473684,0.0758474392361111,mlbb-official,7613235690310094096,https://www.tiktok.com/@mlbbttofficial/video/7613235690310094096,Invitation from Eternal Seasons: Spring & Fall | Miya & Floryn Cosplay | Eternal Seasons Skins #MLBBNewSkin #MLBBEternalSeasons,1000000,17000,131
datasets/tiktok/mlbb/willdominateyougg/7643742307182742802.mp4,True,0.5863105058670044,4,0.75,0.6291919191919192,0.3369255514705882,0.6091228070175438,0.06854383680555556,willdominateyougg,7643742307182742802,https://www.tiktok.com/@willdominateyougg/video/7643742307182742802,#MLBB #toji #mobilelegends #willdominateyougg #fyp,154500,15700,112
datasets/tiktok/mlbb/mobilelegends_id/7636765670025301268.mp4,True,0.5861943364143372,4,0.75,0.6546464646464646,0.22916666666666666,0.75,0.06179470486111111,mobilelegends-id,7636765670025301268,https://www.tiktok.com/@mobilelegends_id/video/7636765670025301268,"Heal jalan, crowd control dapet, tim tinggal follow up. Kalau Mino udah rage… masih berani deket? 👇 #mobilelegends_id #serubarengmlbb #samasamamain #MobileLegendsBangBang #MLBBGameplay",1500000,1970,150
datasets/tiktok/mlbb/saikyuun_/7588060100733013256.mp4,True,0.5854498147964478,4,0.75,0.826060606060606,0.3848275024295433,0.18245614035087718,0.08095703125,saikyuun-,7588060100733013256,https://www.tiktok.com/@saikyuun_/video/7588060100733013256,My MCGG Main heroes on this trend #MCGG #MagicChessGoGo #MCGGGO1 #MCGGxKOF #MCGGMinotaur,3346,67,4
datasets/tiktok/mlbb/mobilelegends_id/7642932603141491975.mp4,True,0.5852136015892029,4,0.75,0.4313131313131313,0.4017492711370263,0.7791228070175438,0.074970703125,mobilelegends-id,7642932603141491975,https://www.tiktok.com/@mobilelegends_id/video/7642932603141491975,"Siren datang merebut harta karun dan rumah para Sigilborn. Kini di atas ALLSTAR, keturunan Sigilborn yang selamat—Yu Zhong, Pharsa, dan Ling—telah berkumpul. Mengikuti jejak kekuatan gelap, mereka telah tiba di .... #MLBBAllstar  #MobileLegendsBangBang  #MLBBDreadsea",580300,4046,104
datasets/tiktok/mlbb/mobilelegendsmy/7638249390917831954.mp4,True,0.5851725339889526,4,0.75,0.56,0.34789475165066025,0.6940350877192982,0.06783094618055556,mobilelegendsmy,7638249390917831954,,,,,
datasets/tiktok/mlbb/mlbbttofficial/7641855585897434384.mp4,True,0.5850718021392822,4,0.75,0.5306060606060606,0.5986880466472303,0.2994736842105263,0.09292317708333334,mlbb-official,7641855585897434384,https://www.tiktok.com/@mlbbttofficial/video/7641855585897434384,"Rolling Tides series skins are here! Follow in the footsteps of Yu Zhong, Pharsa, and Ling, and head to the mysterious ALLSTAR deep-sea world to find treasure together! #MLBBAllstar #MobileLegendsBangBang #MLBBDreadsea #MLBBNewSkin",529500,9352,197
datasets/tiktok/mlbb/mlbbtopcreation/7204654585342905601.mp4,True,0.584514856338501,4,0.75,0.5852525252525252,0.5261054421768707,0.4033333333333333,0.06896809895833333,mlbb-top-creation,7204654585342905601,https://www.tiktok.com/@mlbbtopcreation/video/7204654585342905601,One Shot 😱 @sleepyhairman69 #mobilelegends #mgl #mlbbcreatorcamp,3540,232,5
datasets/tiktok/mlbb/mobilelegendsmy/7641885108508675348.mp4,True,0.5844391584396362,4,0.75,0.5284848484848486,0.5991618075801749,0.2980701754385965,0.09270616319444444,mobilelegendsmy,7641885108508675348,,,,,
datasets/tiktok/mlbb/saikyuun_/7575379292566195463.mp4,True,0.583754301071167,4,0.75,0.6013131313131312,0.5337099125364432,0.4035087719298246,0.06084201388888889,saikyuun-,7575379292566195463,https://www.tiktok.com/@saikyuun_/video/7575379292566195463,surprise Fredrinn #MLBB #mobilelegends #phmcbacesleague #Yunan,1100000,54800,331
datasets/tiktok/mlbb/mlbbtopcreation/7213231242936880385.mp4,True,0.5836691856384277,4,0.75,0.5794949494949495,0.5293367346938775,0.4670175438596491,0.05563259548611112,mlbb-top-creation,7213231242936880385,https://www.tiktok.com/@mlbbtopcreation/video/7213231242936880385,selena plays @mochii.ml #mobilelegends #mgl #mlbbcreatorcamp,2940,137,6
datasets/tiktok/mlbb/mlbbttofficial/7612872633142496529.mp4,True,0.5835572481155396,4,0.75,0.5166666666666667,0.44130223517978623,0.6084210526315789,0.07044921875,mlbb-official,7612872633142496529,https://www.tiktok.com/@mlbbttofficial/video/7612872633142496529,Fanny's first Legend Skin is coming soon. Are you ready? #MobileLegendsBangBang #MLBBFannyLegendSkin,1700000,15500,222
datasets/tiktok/mlbb/mobilelegends_id/7638867609743576340.mp4,True,0.5828882455825806,4,0.75,0.6941414141414142,0.35998542274052475,0.5536842105263158,0.04890299479166667,mobilelegends-id,7638867609743576340,https://www.tiktok.com/@mobilelegends_id/video/7638867609743576340,"Kasihan Balmond lawan, tapi Koin Perburuan Harta adalah milik kita! Efek medan tempur ALLSTAR waktu terbatas ""Perburuan Emas Ombak"" hadir mulai 30/04 - 28/06! Selama pertandingan, kamu bisa mendapatkan Koin Perburuan Harta dengan mengeliminasi Turtle, menghancurkan Turret, mendapatkan eliminasi atau assist, atau memicu Notifikasi Sorotan! #MLBBAllstar #MobileLegendsBangBang #MLBBTidalGoldRush",1000000,4347,118
datasets/tiktok/mlbb/shrxking_fear/7601378032745663752.mp4,True,0.5823392271995544,4,0.75,0.5424242424242425,0.45,0.63,0.05402560763888889,shrxking-fear,7601378032745663752,https://www.tiktok.com/@shrxking_fear/video/7601378032745663752,#attackontitan,8,0,0
datasets/tiktok/mlbb/saikyuun_/7431893167030439176.mp4,True,0.581246018409729,4,0.75,0.30333333333333334,0.41196550048590863,1.0,0.06088433159722222,saikyuun-,7431893167030439176,https://www.tiktok.com/@saikyuun_/video/7431893167030439176,Binabangga ko lang talaga si Brody 🗿 #MLBB #mlbb8th #mlbbcelebr8 #mlbbcr8torparty #MILPH #fyp @Yunan,693800,7554,118
datasets/tiktok/mlbb/mobilelegends_id/7644942547848105237.mp4,True,0.5811630487442017,4,0.75,0.4398989898989899,0.6766946064139941,0.4007017543859649,0.06764322916666667,mobilelegends-id,7644942547848105237,https://www.tiktok.com/@mobilelegends_id/video/7644942547848105237,Aldi x Pascol akrab banget ya.... #AdaApaDenganWendy #WendyAllStarParty #MLBB #MLBBALLSTAR,33400,413,88
datasets/tiktok/mlbb/mlbbttofficial/7615181892421209345.mp4,True,0.5806022882461548,4,0.75,0.6105050505050506,0.4317419825072886,0.5112280701754386,0.060240885416666674,mlbb-official,7615181892421209345,https://www.tiktok.com/@mlbbttofficial/video/7615181892421209345,"Clemar controls the composition, and Marcel peers into the soul. This is the dual depth of life. #MLBBMARCEL #MLBBNEWHERO #MLBBS40 #MLBBGoldenMonth #MobileLegendsBangBang",1000000,7494,93
datasets/tiktok/mlbb/shrxking_fear/7596662058377088274.mp4,True,0.5805560350418091,4,0.75,0.2792929292929293,0.6627915451895043,0.7463157894736843,0.049227430555555556,shrxking-fear,7596662058377088274,https://www.tiktok.com/@shrxking_fear/video/7596662058377088274,TikTok video #7596662058377088274,145,0,0
datasets/tiktok/mlbb/mobilelegendsmy/7638625546653535506.mp4,True,0.579890787601471,4,0.75,0.6874747474747476,0.35481049562682215,0.5647368421052631,0.04613932291666666,mobilelegendsmy,7638625546653535506,,,,,
datasets/tiktok/mlbb/mlbbttofficial/7634530921294728468.mp4,True,0.5792534351348877,4,0.75,0.5055555555555556,0.49808066083576286,0.5157894736842105,0.07125542534722222,mlbb-official,7634530921294728468,https://www.tiktok.com/@mlbbttofficial/video/7634530921294728468,"The all-new ALLSTAR exclusive skin Yu Zhong ""Tidescale Sealord"" is available for FREE for a limited time! Participate in the ""Tidal Treasure Hunt"" event and start your treasure hunting journey with Yu Zhong! #MLBBAllstar #MobileLegendsBangBang #MLBBFreeSkin #MLBBNewSkin",867100,5023,149
datasets/tiktok/mlbb/willdominateyougg/7643018145430572306.mp4,True,0.5786393880844116,4,0.75,0.5153535353535353,0.46876822157434395,0.6199999999999999,0.054228515625,willdominateyougg,7643018145430572306,https://www.tiktok.com/@willdominateyougg/video/7643018145430572306,#MLBB #mobilelegendsbangbang #MLBBALLSTAR #willdominateyougg #jjk,39700,4746,49
datasets/tiktok/mlbb/saikyuun_/7152352907768253722.mp4,True,0.5783330202102661,4,0.75,0.3970707070707071,0.6291666666666667,0.4949122807017543,0.07102430555555556,saikyuun-,7152352907768253722,https://www.tiktok.com/@saikyuun_/video/7152352907768253722,Iba rin topakin si Kagura 😂❤️ 862765885 (10649) @MLBB TOP CREATION #mobilelegends #mlbbcreatorcamp #mccOctober #mccexorcists_ph #fyp #Kagura,1400000,81200,410
datasets/tiktok/mlbb/mlbbtopcreation/7215499930566249729.mp4,True,0.5773954391479492,4,0.75,0.7293939393939394,0.30288564086348824,0.5364912280701755,0.05023980034722222,mlbb-top-creation,7215499930566249729,https://www.tiktok.com/@mlbbtopcreation/video/7215499930566249729,kadita plays @lovlymusixx #mobilelegends #mgl #mlbbcreatorcamp,1880,78,1
datasets/tiktok/mlbb/nilunaa/7635956732832845063.mp4,True,0.5771586894989014,4,0.5,0.4876767676767677,0.819946550048591,0.5,0.08708875868055554,nilunaa,7635956732832845063,https://www.tiktok.com/@nilunaa/video/7635956732832845063,Skin collector june apa ye? #MLBB #MLBBNewSkin #mobilelegends #MLBBAllStar #nilunaa,66300,1268,66
datasets/tiktok/mlbb/cedxvi/7458607539630984455.mp4,True,0.5769778490066528,4,0.75,0.4986868686868687,0.40074908088235295,0.6652631578947368,0.06703667534722221,cedxvi,7458607539630984455,https://www.tiktok.com/@cedxvi/video/7458607539630984455,I understand it now..🗿#MLBBSkinGifts #MobileLegendsBangBang #MLBB #cedxvi #Johnsontiktok,216300,16000,47
datasets/tiktok/mlbb/mobilelegends_id/7645180186836700437.mp4,True,0.5768694877624512,4,0.75,0.46171717171717175,0.6098032069970846,0.4008771929824561,0.07389214409722222,mobilelegends-id,7645180186836700437,https://www.tiktok.com/@mobilelegends_id/video/7645180186836700437,Bisikan Siren bergema di dasar laut. 30/05 - 31/05 - LIVE Pertandingan Puncak #ALLSTARShowdown  #MLBBTideClash5v5  #MLBBALLSTAR,139700,3263,172
datasets/tiktok/mlbb/cedxvi/7167628161771998491.mp4,True,0.5756542086601257,4,0.75,0.6638383838383838,0.428118635847196,0.3887719298245613,0.06337565104166668,cedxvi,7167628161771998491,https://www.tiktok.com/@cedxvi/video/7167628161771998491,5man tank in rank game! 😱#cedxvi,37300,3051,35
datasets/tiktok/mlbb/mlbbttofficial/7645191436794711312.mp4,True,0.5749796628952026,4,0.75,0.46070707070707073,0.6100947521865889,0.3931578947368421,0.07318684895833333,mlbb-official,7645191436794711312,https://www.tiktok.com/@mlbbttofficial/video/7645191436794711312,The Siren's whispers echo through the seabed. 05/30 - 05/31 - The Final Showdown LIVE #ALLSTARShowdown #MLBBTideClash5v5 #MLBBALLSTAR,175200,5635,181
datasets/tiktok/mlbb/mobilelegendsmy/7645203152161000722.mp4,True,0.5747864842414856,4,0.75,0.45616161616161616,0.6057580174927114,0.40192982456140347,0.07374240451388889,mobilelegendsmy,7645203152161000722,,,,,
datasets/tiktok/mlbb/mlbbdailyclips/7442510149064871189.mp4,True,0.5743939280509949,4,0.75,0.5504040404040405,0.45167638483965017,0.3835087719298246,0.09111762152777778,mlbbdailyclips,7442510149064871189,https://www.tiktok.com/@mlbbdailyclips/video/7442510149064871189,DOGIE NAGWALA SA FIRST BLOOD KAY AERONSHIIKI #teamliquid #mplph #rrq #mplpihilippines #kelra #rrqhoshi #rrqkingdom #mobazane #ohmyveenus #balacklistinternational #yawi #kairi #rrqalberttt #srg #sekys #mplmalaysia #mplcambodia #mlbb #aeronshikii #tlid,85700,940,6
datasets/tiktok/mlbb/saikyuun_/7615176137278344456.mp4,True,0.5737408399581909,4,0.75,0.581111111111111,0.24461856171039842,0.7578947368421052,0.061891276041666665,saikyuun-,7615176137278344456,https://www.tiktok.com/@saikyuun_/video/7615176137278344456,Parang may mali sa O @Yunan #mlbbgoldenmonth #mlbbcreator #MLBB #mobilelegends #fyp,19200,790,18
datasets/tiktok/mlbb/bonitoflakesmlbb/7499331571225251090.mp4,True,0.5734081268310547,4,0.75,0.4768686868686869,0.3472318882910307,0.7724561403508772,0.06183268229166667,bonitoflakesmlbb,7499331571225251090,https://www.tiktok.com/@bonitoflakesmlbb/video/7499331571225251090,Let's try the Pump it trend 😉 #selenamlbb #selenazenith #selenatiktok #mlbbhighlights #mobilelegends #mlbb #fyp,524,30,0
datasets/tiktok/mlbb/willdominateyougg/7585489131447340306.mp4,True,0.5729625225067139,4,0.75,0.761010101010101,0.12445381724118218,0.7685964912280702,0.03689344618055555,willdominateyougg,7585489131447340306,https://www.tiktok.com/@willdominateyougg/video/7585489131447340306,"""they found US bro"" #MLBBFriendfest #MLBBxSpongeBob #willdominateyougg #fyp #mlbbmeme",2400000,238100,851
datasets/tiktok/mlbb/mlbbttofficial/7625529921808682261.mp4,True,0.5727325081825256,4,0.75,0.5815151515151515,0.353167369626422,0.6543859649122807,0.051282552083333335,mlbb-official,7625529921808682261,https://www.tiktok.com/@mlbbttofficial/video/7625529921808682261,"Border Squad, I'll clear the way! #MobileLegendsBangBang #MLBBAULUS #MLBBREVAMPEDHERO #MLBBS40",431600,7361,223
datasets/tiktok/mlbb/saikyuun_/7176215821600001306.mp4,True,0.5718518495559692,4,0.5,0.6292929292929292,0.3924319727891157,0.8463157894736842,0.08498914930555555,saikyuun-,7176215821600001306,https://www.tiktok.com/@saikyuun_/video/7176215821600001306,"Ball is life muna sila 😂 Tara, laro na @Streetball Allstar #streetballallstar #streetbasketballgame #fyp #fypシ #mobilelegends #mlbbcreatorcamp #mccdecember #mcc_1209ph",1500000,86200,409
datasets/tiktok/mlbb/mlbbttofficial/7614027234520698113.mp4,True,0.5711137056350708,4,0.5,0.6021212121212122,0.6041666666666667,0.5424561403508772,0.11058268229166666,mlbb-official,7614027234520698113,https://www.tiktok.com/@mlbbttofficial/video/7614027234520698113,"To Marcel, there is no such thing as ""being late"". He freezes every moment into ""art"". #MLBBMARCEL #MLBBNEWHERO #MLBBS40 #MLBBGoldenMonth #MobileLegendsBangBang",8100000,173400,640
datasets/tiktok/mlbb/willdominateyougg/7643050017112083730.mp4,True,0.570425271987915,4,0.75,0.7207070707070706,0.12273485733579147,0.75,0.05022352430555556,willdominateyougg,7643050017112083730,https://www.tiktok.com/@willdominateyougg/video/7643050017112083730,#MLBB #argus #toji #willdominateyougg #fyp,44700,3687,54
datasets/tiktok/mlbb/mobilelegends_id/7637400504858840341.mp4,True,0.5704044103622437,4,0.75,0.466969696969697,0.4633381924198251,0.5803508771929824,0.0678125,mobilelegends-id,7637400504858840341,https://www.tiktok.com/@mobilelegends_id/video/7637400504858840341,"Kamu berhasil mendapatkan harta karun. Tapi kamu tidak berhenti, terus menyelam lebih dalam. Semakin dekat dengan kekayaan, semakin dekat pula dengan bahaya. Dan kamu memilih untuk tidak berhenti. #MLBBALLSTAR #MLBBDreadsea",81500,1697,89
datasets/tiktok/mlbb/bonitoflakesmlbb/7432883319265676552.mp4,True,0.5695242881774902,4,0.5,0.6174747474747475,0.4459548104956268,0.7873684210526316,0.08264322916666667,bonitoflakesmlbb,7432883319265676552,https://www.tiktok.com/@bonitoflakesmlbb/video/7432883319265676552,Trust your Tank 🛡️ Winning set by Tigreal 🥇 #mlbb #mlbbcelbr8 #mlbbcelbr8 #MLBBCr8torParty #mobilelegends #mobilelegendsbangbang #mlbbhighlights #fypviralシ,352,11,0
datasets/tiktok/mlbb/nilunaa/7624768636477066503.mp4,True,0.5691065192222595,4,0.5,0.5983838383838384,0.6767614188532556,0.45210526315789473,0.09218098958333334,nilunaa,7624768636477066503,https://www.tiktok.com/@nilunaa/video/7624768636477066503,Combo 5 orang RRQ TORA -  Dyrennn  #MYtimeMYera #mobilelegends #MPLMYS17 #MLBB #MPLMY,56200,775,9
datasets/tiktok/mlbb/saikyuun_/7317816848660040966.mp4,True,0.5689743757247925,4,0.75,0.24454545454545454,0.7258503401360544,0.3749122807017544,0.10309244791666666,saikyuun-,7317816848660040966,https://www.tiktok.com/@saikyuun_/video/7317816848660040966,Lakas maka twinning ng skin nila Guinevere at Odette 💚💚 #pinaslangmalakas #MLBBM5 #MLBB #bangbangbonusbeat #MobileLegends #phmcbacesleague #phguineverebutterflycorsage #fyp #m5cheer4u,943300,117400,1585
datasets/tiktok/mlbb/mlbbttofficial/7637361263735033105.mp4,True,0.568454384803772,4,0.75,0.4011111111111111,0.48537866039272853,0.6433333333333333,0.06639322916666666,mlbb-official,7637361263735033105,https://www.tiktok.com/@mlbbttofficial/video/7637361263735033105,You claimed the treasure. You chose to leave before deeper dangers arrive. But there's always more than one treasure beneath the sea. The voyage continues. #MLBBALLSTAR #MLBBDreadsea,60900,2579,69
datasets/tiktok/mlbb/mlbbtopcreation/7235132909680643329.mp4,True,0.568128764629364,4,0.75,0.75,0.21067784256559768,0.5682456140350877,0.050835503472222224,mlbb-top-creation,7235132909680643329,https://www.tiktok.com/@mlbbtopcreation/video/7235132909680643329,Lance x Chou Gameplay @misspredat #mobilelegends #mgl #mlbbcreatorcamp,16200,1214,23
datasets/tiktok/mlbb/mobilelegendsmy/7637087393991986439.mp4,True,0.5664811134338379,4,0.75,0.3992929292929293,0.4684933437660779,0.6587719298245613,0.06587999131944444,mobilelegendsmy,7637087393991986439,,,,,
datasets/tiktok/mlbb/shrxking_fear/7633346984761412882.mp4,True,0.5657466650009155,4,0.5,0.41,0.6164174107142857,0.7589473684210526,0.10466579861111111,shrxking-fear,7633346984761412882,https://www.tiktok.com/@shrxking_fear/video/7633346984761412882,#Godblessyouall,660,106,12
datasets/tiktok/mlbb/mlbbesports_official/7599621860275375378.mp4,True,0.565653920173645,4,0.75,0.2180808080808081,0.8125,0.35473684210526313,0.0866970486111111,mlbb-esports,7599621860275375378,https://www.tiktok.com/@mlbbesports_official/video/7599621860275375378,The magic of M7 Carnival still echoed. See you when we see you again? 🥰 #MLBBEsports #MLBBM7 #MobileLegendsBangBang #M7 #M7Carnival,108800,1841,56
datasets/tiktok/mlbb/mlbbttofficial/7618873527176809729.mp4,True,0.565463662147522,4,0.75,0.21929292929292926,0.75,0.2033333333333333,0.134658203125,mlbb-official,7618873527176809729,https://www.tiktok.com/@mlbbttofficial/video/7618873527176809729,🌙 Eid Mubarak! Hanabi wishes everyone a safe and joyous holiday! #MLBBGoldenMonth #MobileLegendsBangBang,156600,8639,256
datasets/tiktok/mlbb/saikyuun_/7350130035816221958.mp4,True,0.5646448731422424,4,0.5,0.4485858585858586,0.7596695821185617,0.5726315789473684,0.08440755208333334,saikyuun-,7350130035816221958,https://www.tiktok.com/@saikyuun_/video/7350130035816221958,How Khufra users flirt to Esmeralda users ❤️ #MLBB #MobileLegends #phmcbacesleague #mlbbtaralaro #mlbballstar #mobilelegends_id #mlbb_indonesia #fyp,938000,141300,1058
datasets/tiktok/mlbb/shrxking_fear/7612270012618820871.mp4,True,0.5638688802719116,4,0.75,0.5164646464646464,0.5833333333333334,0.37543859649122807,0.05233072916666667,shrxking-fear,7612270012618820871,https://www.tiktok.com/@shrxking_fear/video/7612270012618820871,Replying to @obitdjxj,266,4,7
datasets/tiktok/mlbb/mobilelegends_id/7637400385786776852.mp4,True,0.5632109642028809,4,0.75,0.40030303030303027,0.4630862523580861,0.6501754385964912,0.06448784722222223,mobilelegends-id,7637400385786776852,https://www.tiktok.com/@mobilelegends_id/video/7637400385786776852,Kamu berhasil mendapatkan harta karun. Kamu memilih pergi sebelum bahaya yang lebih besar tiba. Tapi selalu ada harta karun yang masih terpendam di dasar laut. Pelayaran pun berlanjut. #MLBBALLSTAR #MLBBDreadsea,53100,1077,63
datasets/tiktok/mlbb/mlbbttofficial/7612493096168819969.mp4,True,0.5630648732185364,4,0.75,0.47737373737373734,0.6082361516034986,0.2652631578947368,0.07894856770833333,mlbb-official,7612493096168819969,https://www.tiktok.com/@mlbbttofficial/video/7612493096168819969,"House Paxley, Ultimate Clash! The perfect collision of the Art of Pausing! #MLBBMARCEL #MLBBNEWHERO #MLBBS40 #MLBBGoldenMonth #MobileLegendsBangBang",2900000,53000,421
datasets/tiktok/mlbb/mlbbtopcreation/7212413439610801409.mp4,True,0.5626181364059448,4,0.75,0.6776767676767677,0.38994169096209913,0.363859649122807,0.05753689236111111,mlbb-top-creation,7212413439610801409,https://www.tiktok.com/@mlbbtopcreation/video/7212413439610801409,Valentina on MANIAC @__elanie  #mobilelegends #mgl #mlbbcreatorcamp,1917,108,0
datasets/tiktok/mlbb/saikyuun_/7358677744571436294.mp4,True,0.562528669834137,4,0.5,0.5076767676767677,0.5022230320699708,0.77,0.10587565104166666,saikyuun-,7358677744571436294,https://www.tiktok.com/@saikyuun_/video/7358677744571436294,Kulit nila @Yunan at @SHRX • Franca  sa personal ba HAHAHA #MLBB #MobileLegends #mlbbtaralaro #PHMIL #mlbballstar #mlbbxbarangay #fyp #phmcbacesleague #mobilelegends_id #mlbb_indonesia,898700,35200,312
datasets/tiktok/mlbb/cedxvi/7468340996628040967.mp4,True,0.5625137090682983,4,0.5,0.6933333333333334,0.4727040816326531,0.5980701754385964,0.08131076388888889,cedxvi,7468340996628040967,https://www.tiktok.com/@cedxvi/video/7468340996628040967,Dieeeeeeee🥶#MLBB #NewSkin #TerizlaCollectorSkin #cedxvi #MobileLegends,79100,5638,54
datasets/tiktok/mlbb/mlbbttofficial/7624006794305670420.mp4,True,0.5619264841079712,4,0.5,0.6316161616161615,0.6017594135868634,0.5033333333333333,0.08285373263888889,mlbb-official,7624006794305670420,https://www.tiktok.com/@mlbbttofficial/video/7624006794305670420,"""My foolish little brother."" #MLBBxNARUTO #MobileLegendsBangBang #MLBBNewSkin #NARUTO #MLBBFreeGaaraSkin #Valirfreeskin",1600000,17100,2049
datasets/tiktok/mlbb/willdominateyougg/7565069516535827730.mp4,True,0.5613729953765869,4,0.5,0.658989898989899,0.40935618443806093,0.7808771929824561,0.07056857638888889,willdominateyougg,7565069516535827730,https://www.tiktok.com/@willdominateyougg/video/7565069516535827730,2 vs 4 🥶 ichigo x aizen #MLBB #mobilelegendsbangbang #willdominateyougg #argus #fyp,160700,16200,119
datasets/tiktok/mlbb/saikyuun_/7461907250681056520.mp4,True,0.5611506700515747,4,0.75,0.391010101010101,0.37195624678442807,0.8131578947368421,0.056653645833333335,saikyuun-,7461907250681056520,https://www.tiktok.com/@saikyuun_/video/7461907250681056520,Nanliligaw ka sa anak ko? 🤨 #MLBB #mobilelegends #mlbbmyhero #fyp #phmcbacesleague #phsovereignofrealmsjohnson,649000,46400,996
datasets/tiktok/mlbb/nilunaa/7624805081770200328.mp4,True,0.5610079169273376,4,0.5,0.5903030303030303,0.6931486880466472,0.3917543859649123,0.09167534722222223,nilunaa,7624805081770200328,https://www.tiktok.com/@nilunaa/video/7624805081770200328,Cuba teka collector mei? #MLBBNEWSKIN #MLBB #mobilelegends #nilunaa,67500,827,45
datasets/tiktok/mlbb/saikyuun_/7431846732880727314.mp4,True,0.5589699745178223,4,0.5,0.6507070707070707,0.5286078717201167,0.6078947368421053,0.07204427083333334,saikyuun-,7431846732880727314,https://www.tiktok.com/@saikyuun_/video/7431846732880727314,They nerfed Ling's face ☹️ #MLBB #mlbb8th #mlbbcelebr8 #mlbbcr8torparty #MILPH #fyp,63400,9770,111
datasets/tiktok/mlbb/willdominateyougg/7643369818124586258.mp4,True,0.5579380393028259,4,0.75,0.6124242424242424,0.2154761904761905,0.6771929824561402,0.05590711805555556,willdominateyougg,7643369818124586258,https://www.tiktok.com/@willdominateyougg/video/7643369818124586258,#MLBB #mobilelegendsbangbang #fyp #willdominateyougg #chicken,179500,16800,201
datasets/tiktok/mlbb/cedxvi/7454177161344191751.mp4,True,0.5578359365463257,4,0.75,0.41666666666666663,0.4081499072843423,0.7087719298245614,0.05563151041666667,cedxvi,7454177161344191751,https://www.tiktok.com/@cedxvi/video/7454177161344191751,What if.. #GreaterThanEver #MLBBM6TorchRelay #MLBBM6,160900,15800,134
datasets/tiktok/mlbb/cedxvi/7509125950450191623.mp4,True,0.5565009713172913,4,0.75,0.5277777777777778,0.2658802628194135,0.7570175438596491,0.04955837673611111,cedxvi,7509125950450191623,https://www.tiktok.com/@cedxvi/video/7509125950450191623,How??🤨 #MLBBCreator #fyp,24500,1148,37
datasets/tiktok/mlbb/mlbbttofficial/7644781861666884880.mp4,True,0.5558749437332153,4,0.75,0.5535353535353535,0.5983965014577259,0.13877192982456138,0.07463216145833333,mlbb-official,7644781861666884880,https://www.tiktok.com/@mlbbttofficial/video/7644781861666884880,"Her silhouette remains hidden, yet her whispers already echo in your ears... Did you hear the soft chuckle of the new hero, Hirara? #MobileLegendsBangBang #MLBBNEWHERO #MLBBHIRARA #MLBBS41 #MLBBScarletEmbers",77500,6599,208
datasets/tiktok/mlbb/mlbbttofficial/7612616149271842068.mp4,True,0.555846631526947,4,0.75,0.5634343434343434,0.39707240038872693,0.4935087719298245,0.05507703993055556,mlbb-official,7612616149271842068,https://www.tiktok.com/@mlbbttofficial/video/7612616149271842068,Promo Carnival #MLBBGoldenMonth #MLBBGoldenMonthEvent #MobileLegendsbangbang,770500,8150,137
datasets/tiktok/mlbb/saikyuun_/7443066758254087432.mp4,True,0.5556244850158691,4,0.75,0.6139393939393939,0.41292279411764704,0.357719298245614,0.06266927083333333,saikyuun-,7443066758254087432,https://www.tiktok.com/@saikyuun_/video/7443066758254087432,"3 girls, 7 guys. Mukha ka kasing babae @Yunan 😭 #MLBB #mobilelegends #mlbbm6torchrelay #m6laysiaboleh #phm6claude #mlbbcreatorbase",274400,6702,99
datasets/tiktok/mlbb/saikyuun_/7211097755857505542.mp4,True,0.5552111864089966,4,0.5,0.38515151515151513,0.7852405247813411,0.5289473684210526,0.10700846354166667,saikyuun-,7211097755857505542,https://www.tiktok.com/@saikyuun_/video/7211097755857505542,Ano nga bang CLASS ang pinakamalakas? Tara laro nang magkaalaman na! #fyp #fypシ  #walkonlinemobile #pinoygames #mmorpg #gamer #ad @Walk Online,95400,4512,31
datasets/tiktok/mlbb/saikyuun_/7387627902206070037.mp4,True,0.5551654696464539,4,0.5,0.5151515151515151,0.6840747549019608,0.5726315789473684,0.07243272569444445,saikyuun-,7387627902206070037,https://www.tiktok.com/@saikyuun_/video/7387627902206070037,"Hala, may ads sa dulo 👹 #MLBB #MobileLegends #phmcbacesleague #mlbbzhuxin #zhuxindebut #fyp",78000,4603,67
datasets/tiktok/mlbb/mobilelegendsmy/7640392839494487304.mp4,True,0.5548756122589111,4,0.5,0.6353535353535353,0.43342895640399015,0.6692982456140351,0.08535590277777777,mobilelegendsmy,7640392839494487304,,,,,
datasets/tiktok/mlbb/willdominateyougg/7598490789320101127.mp4,True,0.5548108220100403,4,0.75,0.3683838383838384,0.5791796941991082,0.4577192982456141,0.07013020833333333,willdominateyougg,7598490789320101127,https://www.tiktok.com/@willdominateyougg/video/7598490789320101127,Best MLBB Skin Collab?? #MLBB #argus #aizen #willdominateyougg #fyp,1000000,68200,224
datasets/tiktok/mlbb/nilunaa/7633349871918959880.mp4,True,0.55474853515625,4,0.5,0.6768686868686868,0.43231292517006803,0.5456140350877193,0.09810872395833334,nilunaa,7633349871918959880,https://www.tiktok.com/@nilunaa/video/7633349871918959880,Aurora Combo & Item #MLBB #MLBBNewSkin #mobilelegends #nilunaa,46200,1051,13
datasets/tiktok/mlbb/cedxvi/7433421868830313736.mp4,True,0.5540639758110046,4,0.5,0.5715151515151515,0.5301020408163266,0.741578947368421,0.062025824652777777,cedxvi,7433421868830313736,https://www.tiktok.com/@cedxvi/video/7433421868830313736,🤭 #fypage #johnsontiktok #cedxvi #mlbb,1100000,55100,256
datasets/tiktok/mlbb/cedxvi/7472335159962979602.mp4,True,0.5537962913513184,4,0.75,0.6061616161616161,0.27722303206997084,0.495438596491228,0.07234483506944445,cedxvi,7472335159962979602,https://www.tiktok.com/@cedxvi/video/7472335159962979602,👍#MLBBSkinGifts #MobileLegendsBangBang #MLBB,3200000,220500,1136
datasets/tiktok/mlbb/mobilelegendsmy/7641901272571907346.mp4,True,0.5529407262802124,4,0.75,0.30666666666666664,0.5291666666666666,0.6307017543859649,0.06513020833333334,mobilelegendsmy,7641901272571907346,,,,,
datasets/tiktok/mlbb/mlbbttofficial/7616801379184610581.mp4,True,0.5526742935180664,4,0.75,0.7094949494949495,0.05161792395529641,0.7110526315789474,0.057918836805555554,mlbb-official,7616801379184610581,https://www.tiktok.com/@mlbbttofficial/video/7616801379184610581,"A strong beat drops, and mysterious heroes connected to Castle Aberleen or House Paxley make their dazzling entrance! #MLBBMARCEL #MLBBNEWHERO #MLBBS40 #MLBBGoldenMonth #MobileLegendsBangBang",1300000,76600,748
datasets/tiktok/mlbb/mobilelegends_id/7637062822211390741.mp4,True,0.5524258613586426,4,0.75,0.7792929292929293,0.30154817730663697,0.22771929824561402,0.06535373263888888,mobilelegends-id,7637062822211390741,https://www.tiktok.com/@mobilelegends_id/video/7637062822211390741,Aurora kalau udah dapet momentum emang nyebelin sih ❄️😮‍💨 #mobilelegends_id #serubarengmlbb #samasamamain #MobileLegendsBangBang #MLBBGameplay,31400,574,108
datasets/tiktok/mlbb/mobilelegendsmy/7644837901049761031.mp4,True,0.5517510175704956,4,0.75,0.5312121212121212,0.6021865889212829,0.1326315789473684,0.07620876736111112,mobilelegendsmy,7644837901049761031,,,,,
datasets/tiktok/mlbb/mlbbtopcreation/7217631778226326785.mp4,True,0.5516778230667114,4,0.75,0.2458585858585859,0.4618804664723032,0.7494736842105263,0.07662760416666667,mlbb-top-creation,7217631778226326785,https://www.tiktok.com/@mlbbtopcreation/video/7217631778226326785,"What a save! Oh, wait 🤣@Elanieee #mobilelegends #mgl #mlbbcreatorcamp",2437,160,4
datasets/tiktok/mlbb/saikyuun_/7329722035813371141.mp4,True,0.5514541268348694,4,0.5,0.5932323232323232,0.5874999999999999,0.5963157894736842,0.06561306423611112,saikyuun-,7329722035813371141,https://www.tiktok.com/@saikyuun_/video/7329722035813371141,Tanggal angas talaga 🎀 #MLBB #MobileLegends #phmcbacesleague #mlbbphnatantemporalvortex #natanxaamon #fyp #mlbbxaot,279100,31300,554
datasets/tiktok/mlbb/bonitoflakesmlbb/7452943157269908743.mp4,True,0.5510949492454529,4,0.75,0.19101010101010102,0.49294217687074837,0.7971929824561403,0.074248046875,bonitoflakesmlbb,7452943157269908743,https://www.tiktok.com/@bonitoflakesmlbb/video/7452943157269908743,Almost Savage! Zhuxin Best build and emblem set. #zhuxinmlbb #mlbb #mlbbhighlights #mlbbtiktok #fypシ゚viralシ #MobileLegendsBangBang,2983,42,2
datasets/tiktok/mlbb/mlbbesports_official/7598973000230243591.mp4,True,0.550838828086853,4,0.5,0.6231313131313131,0.4834912536443149,0.496140350877193,0.10944661458333334,mlbb-esports,7598973000230243591,https://www.tiktok.com/@mlbbesports_official/video/7598973000230243591,Fanny MASTERCLASS 😮‍💨 #MLBBEsports #MLBBM7 #MobileLegendsBangBang #M7 #LetTheWorldSeeUs,887700,51700,586
datasets/tiktok/mlbb/saikyuun_/7437082019273755922.mp4,True,0.5505032539367676,4,0.75,0.5394949494949495,0.46104227405247816,0.3270175438596491,0.07160047743055555,saikyuun-,7437082019273755922,https://www.tiktok.com/@saikyuun_/video/7437082019273755922,@Yunan disapproves 😭☹️ #MLBB #mobilelegends #phmcbacesleague #mlbbmegasale #mlbb1111ph24,304300,11900,90
datasets/tiktok/mlbb/mobilelegendsmy/7643452514939292949.mp4,True,0.5501774549484253,4,0.5,0.55,0.5915451895043732,0.5126315789473684,0.10546875,mobilelegendsmy,7643452514939292949,,,,,
datasets/tiktok/mlbb/nilunaa/7606587193917738258.mp4,True,0.549567699432373,4,0.5,0.43636363636363634,0.7489310009718172,0.5,0.08598958333333334,nilunaa,7606587193917738258,https://www.tiktok.com/@nilunaa/video/7606587193917738258,Cara Double Hook Franco  #MLBBxKOF #MLBBKOFSkinFreeTrial #MLBBxOPPO #MLBB #mobilelegends,51900,912,16
datasets/tiktok/mlbb/mlbbttofficial/7627435435555327233.mp4,True,0.5492215156555176,4,0.75,0.5709090909090909,0.3127906966357972,0.5798245614035087,0.04981662326388889,mlbb-official,7627435435555327233,https://www.tiktok.com/@mlbbttofficial/video/7627435435555327233,"Sweep the battlefield with massive AoE! Sprint and charge with Control Immunity, relentlessly pursuing enemies and growing stronger in battle! Revamped Aulus will be available on 04/22. Forge a legendary path on the battlefield with his fighting spirit and conviction! #MobileLegendsBangBang #MLBBAULUS #MLBBREVAMPEDHERO #MLBBS40",330000,6377,144
datasets/tiktok/mlbb/nilunaa/7613705223286181128.mp4,True,0.5491713285446167,4,0.5,0.603030303030303,0.5256681243926141,0.5226315789473683,0.09199435763888889,nilunaa,7613705223286181128,https://www.tiktok.com/@nilunaa/video/7613705223286181128,Lylia combo   #MLBBGoldenMonth #MLBBGoldenTurtle #MLBB #mobilelegends #nilunaa,174000,3246,19
datasets/tiktok/mlbb/mlbbttofficial/7643659564918836500.mp4,True,0.5490609407424927,4,0.5,0.5483838383838384,0.5928206997084549,0.5,0.1085036892361111,mlbb-official,7643659564918836500,https://www.tiktok.com/@mlbbttofficial/video/7643659564918836500,"Carrying the hopes of their people, Yu Zhong, Pharsa, and Ling rise against the Siren to reclaim their treasure and restore the Sigilborn's glory! Even the deepest seas hide treasure. Will you... join this game? #MLBBAllstar #MobileLegendsBangBang #MLBBDreadsea",767400,5006,163
datasets/tiktok/mlbb/mlbbtopcreation/7227725550603848962.mp4,True,0.5489785671234131,4,0.75,0.5706060606060606,0.3119897959183674,0.5094736842105263,0.06425564236111111,mlbb-top-creation,7227725550603848962,https://www.tiktok.com/@mlbbtopcreation/video/7227725550603848962,Bane Gameplay @misspredat #mobilelegends #mgl #mlbbcreatorcamp,5095,384,6
datasets/tiktok/mlbb/saikyuun_/7391321505889520914.mp4,True,0.5484609603881836,4,0.75,0.3697979797979798,0.6501579203109815,0.3494736842105263,0.06358072916666667,saikyuun-,7391321505889520914,https://www.tiktok.com/@saikyuun_/video/7391321505889520914,"MLBB Girlfriend nila @Fuego ONLY Account, @F11 • Trippings ^^, @Yunan, at @F11 • Gigadous_Tiktok 🌸 #MLBB #MobileLegends #fyp #phmcbacesleague #MLBBGF",2200000,151200,1748
datasets/tiktok/mlbb/mlbbttofficial/7629201994439232788.mp4,True,0.548290491104126,4,0.5,0.5272727272727272,0.5972910592808551,0.5742105263157895,0.08350802951388889,mlbb-official,7629201994439232788,https://www.tiktok.com/@mlbbttofficial/video/7629201994439232788,"Warrior of Ferocity - Aulus is getting a revamp on 04/22! The revamped Aulus now unleashes large-scale AOE damage, gaining Control Immunity and the ability to dash. His Ultimate, paired with the extra Movement Speed, allows him to move freely on the battlefield, easily pursuing and taking down enemies. Purchasing and using his own weapon, War Axe, will also trigger an easter egg interacting with the hero. It's waiting for you to discover! Want to know how to master Aulus quickly? Check out the revamped Aulus hero spotlight video! #MobileLegendsBangBang #MLBBAULUS #MLBBREVAMPEDHERO #MLBBS40",247800,14300,377
datasets/tiktok/mlbb/mlbbtopcreation/7217630575891336449.mp4,True,0.5478578805923462,4,0.75,0.3770707070707071,0.3688046647230321,0.7371929824561403,0.05970377604166666,mlbb-top-creation,7217630575891336449,https://www.tiktok.com/@mlbbtopcreation/video/7217630575891336449,Oopsie! 🤣 @pande.best #mobilelegends #mgl #mlbbcreatorcamp,2053,103,2
datasets/tiktok/mlbb/saikyuun_/7405905161320811783.mp4,True,0.5477253198623657,4,0.75,0.5955555555555556,0.42083333333333334,0.3731578947368421,0.05241427951388889,saikyuun-,7405905161320811783,https://www.tiktok.com/@saikyuun_/video/7405905161320811783,Play for fun 😚🎀 #MLBB #mobilelegends #phmcbacesleague #phcyberhackergord #fyp,45100,4641,70
datasets/tiktok/mlbb/mlbbttofficial/7606255125623295252.mp4,True,0.5470410585403442,4,0.75,0.43686868686868685,0.39313654033041795,0.6752631578947368,0.046100260416666664,mlbb-official,7606255125623295252,https://www.tiktok.com/@mlbbttofficial/video/7606255125623295252,"Don't rush to beat the drum, or that patient guy might catch you off guard! Participate in the ""Dazzling Golden Spin"" event to get a Battle Emote for FREE! #MLBBGoldenMonth #MLBBGoldenMonthEvent #MobileLegendsbangbang",2000000,23300,177
datasets/tiktok/mlbb/saikyuun_/7445476123732987144.mp4,True,0.5463436841964722,4,0.75,0.45484848484848484,0.542480563654033,0.39999999999999997,0.05433702256944445,saikyuun-,7445476123732987144,https://www.tiktok.com/@saikyuun_/video/7445476123732987144,We finally did this trend! 🥰😍 @Yunan #MLBB #mobilelegends #mlbbm6torchrelay #m6laysiaboleh #mcggmalaysia #pinaspinakamalakas #mlbbcreatorbase,655100,57900,571
datasets/tiktok/mlbb/cedxvi/7060451873676856603.mp4,True,0.5458606481552124,4,0.5,0.49757575757575756,0.5759404744040474,0.6350877192982456,0.08289279513888889,cedxvi,7060451873676856603,https://www.tiktok.com/@cedxvi/video/7060451873676856603,gwa mue yin? 😆 #cedxvi,77700,6074,62
datasets/tiktok/mlbb/saikyuun_/7442257587849956626.mp4,True,0.5422461032867432,4,0.75,0.584040404040404,0.26981332265048874,0.4649122807017544,0.07210069444444445,saikyuun-,7442257587849956626,https://www.tiktok.com/@saikyuun_/video/7442257587849956626,"Mama, a girl behind you 🧍‍♀️#MLBB #mobilelegends #mlbbm6torchrelay #m6laysiaboleh #phm6claude #mlbbcreatorbase",85900,6963,82
datasets/tiktok/mlbb/mobilelegends_id/7643367466457943314.mp4,True,0.5418761372566223,4,0.5,0.547979797979798,0.5537050534499515,0.5129824561403509,0.10585503472222221,mobilelegends-id,7643367466457943314,https://www.tiktok.com/@mobilelegends_id/video/7643367466457943314,"Membawa harapan kaumnya, Yu Zhong, Pharsa, dan Ling bangkit melawan Siren untuk merebut kembali harta karun mereka dan memulihkan kejayaan Sigilborn! Bahkan laut terdalam sekalipun menyembunyikan harta karun. Maukah kau ... ikut permainan ini? #MLBBAllstar #MobileLegendsBangBang #MLBBDreadsea",1800000,9780,198
datasets/tiktok/mlbb/bonitoflakesmlbb/7437717240360799543.mp4,True,0.5415767431259155,4,0.75,0.5856565656565657,0.5229094852226605,0.1933333333333333,0.055607638888888894,bonitoflakesmlbb,7437717240360799543,https://www.tiktok.com/@bonitoflakesmlbb/video/7437717240360799543,Terizla's Revenge?! ⚒️ #MLBB #MLBBCr8torParty #fypシ゚viralシ #MobileLegendsBangBang #mlbbhighlights #mobilelegends #mlbbtiktok,2045,76,5
datasets/tiktok/mlbb/nilunaa/7614835134222683399.mp4,True,0.5389235019683838,4,0.5,0.704949494949495,0.44124174669867944,0.5028070175438597,0.07464952256944446,nilunaa,7614835134222683399,https://www.tiktok.com/@nilunaa/video/7614835134222683399,Fanny legend 10/10🔥  #MLBBNEWSKIN #MLBB #MLBBFanny #MLBBGoldenMonth #mobilelegends,11200,298,21
datasets/tiktok/mlbb/willdominateyougg/7582511465836350728.mp4,True,0.5373984575271606,4,0.75,0.3447474747474748,0.41050170068027214,0.5519298245614035,0.08207899305555555,willdominateyougg,7582511465836350728,https://www.tiktok.com/@willdominateyougg/video/7582511465836350728,#MLBBxSpongeBob #MLBB #mlbbcreatorbase #willdominateyougg #fyp,666300,57700,294
datasets/tiktok/mlbb/mlbbtopcreation/7215500146031742209.mp4,True,0.5365132093429565,4,0.75,0.4713131313131313,0.3847579746184188,0.5275438596491228,0.05413194444444444,mlbb-top-creation,7215500146031742209,https://www.tiktok.com/@mlbbtopcreation/video/7215500146031742209,damage floryn @variuuz #mobilelegends #mgl #mlbbcreatorcamp,3044,203,7
datasets/tiktok/mlbb/nilunaa/7621942844290321672.mp4,True,0.5363329648971558,4,0.5,0.46646464646464647,0.7341107871720116,0.4570175438596491,0.07204752604166667,nilunaa,7621942844290321672,https://www.tiktok.com/@nilunaa/video/7621942844290321672,Julian as Uchiha Itachi effect skin  #MLBBxNaruto #MLBB #mobilelegends #MLBBCreator #MLBBNinja,638700,18900,203
datasets/tiktok/mlbb/saikyuun_/7323555812134194437.mp4,True,0.5356206893920898,4,0.5,0.6283838383838383,0.5419460641399417,0.3929824561403509,0.08818142361111111,saikyuun-,7323555812134194437,https://www.tiktok.com/@saikyuun_/video/7323555812134194437,Tas katapat mo counter sa hero mo 😭😭 #MLBB #MobileLegends #phmcbacesleague #freyagalacticvanquisher #fyp #mrs0101 #phkofreturn,109300,9028,137
datasets/tiktok/mlbb/mlbbtopcreation/7220597413822729473.mp4,True,0.5354994535446167,4,0.5,0.5293939393939394,0.5983236151603498,0.6303508771929824,0.05398328993055555,mlbb-top-creation,7220597413822729473,https://www.tiktok.com/@mlbbtopcreation/video/7220597413822729473,miya and eudora build @yt.luciotvofficial #mobilelegends #mgl #mlbbcreatorcamp,4200,212,4
datasets/tiktok/mlbb/mlbbtopcreation/7217630620871068930.mp4,True,0.5345774292945862,4,0.75,0.46565656565656566,0.2932024818856114,0.6303508771929824,0.05781901041666667,mlbb-top-creation,7217630620871068930,https://www.tiktok.com/@mlbbtopcreation/video/7217630620871068930,Hilarious! 🤣 @misspredat #mobilelegends #mgl #mlbbcreatorcamp,2246,118,2
datasets/tiktok/mlbb/bonitoflakesmlbb/7471874320873164039.mp4,True,0.5342852473258972,4,0.75,0.6276767676767677,0.36921768707482994,0.24052631578947367,0.06628689236111111,bonitoflakesmlbb,7471874320873164039,https://www.tiktok.com/@bonitoflakesmlbb/video/7471874320873164039,Luzon Regional Champion 😍 #mobilelegends #mlbb,168,8,2
datasets/tiktok/mlbb/mobilelegends_id/7641464435311136018.mp4,True,0.5339126586914062,4,0.5,0.6304040404040404,0.50522351797862,0.5470175438596492,0.063935546875,mobilelegends-id,7641464435311136018,https://www.tiktok.com/@mobilelegends_id/video/7641464435311136018,"Julian paling enak dipakai role apa nih? 👀🔥 Mid bisa zoning & rotasi cepet EXP kuat buat adu mekanik Roam? chaos banget Kalau kalian, tim Mid, EXP, atau Roam? 👇 #mobilelegends_id #serubarengmlbb #samasamamain #MobileLegendsBangBang #MLBBGameplay",1900000,12600,396
datasets/tiktok/mlbb/shrxking_fear/7603727224453270791.mp4,True,0.5336176753044128,4,0.75,0.34737373737373733,0.5080539358600583,0.5559649122807018,0.0480859375,shrxking-fear,7603727224453270791,https://www.tiktok.com/@shrxking_fear/video/7603727224453270791,TikTok video #7603727224453270791,9,1,0
datasets/tiktok/mlbb/mlbbtopcreation/7212413421654904065.mp4,True,0.5322226285934448,4,0.75,0.46959595959595957,0.20790816326530612,0.7001754385964912,0.06301106770833334,mlbb-top-creation,7212413421654904065,https://www.tiktok.com/@mlbbtopcreation/video/7212413421654904065,Can You Escape This? @migosml  #mobilelegends #mgl #mlbbcreatorcamp,2918,125,1
datasets/tiktok/mlbb/saikyuun_/7450770600982760722.mp4,True,0.5321671962738037,4,0.5,0.6038383838383838,0.543488824101069,0.5,0.06873046875000001,saikyuun-,7450770600982760722,https://www.tiktok.com/@saikyuun_/video/7450770600982760722,@Kelra's Irithel winning dance 🥳💛 Congrats ONIC~ #GreaterThanEver #MLBBM6TorchRelay #MLBBM6 #pinaspinakamalakas #mobilelegends #MLBB #m6 #mplphilippines #mlbbesports,34700,2193,30
datasets/tiktok/mlbb/saikyuun_/7411784672054758663.mp4,True,0.5319005250930786,4,0.5,0.6553535353535354,0.47089407191448,0.5489473684210526,0.06278428819444445,saikyuun-,7411784672054758663,https://www.tiktok.com/@saikyuun_/video/7411784672054758663,"Then counter them with Esme exp / core, very mindful very demure 😚🌸 #MLBB #mobilelegends #fyp #mlbb_indonesia #mobilelegends_id",126200,13600,180
datasets/tiktok/mlbb/saikyuun_/7411439307711450375.mp4,True,0.5312061905860901,4,0.5,0.6965656565656566,0.41083971981649803,0.5661403508771929,0.06245008680555556,saikyuun-,7411439307711450375,https://www.tiktok.com/@saikyuun_/video/7411439307711450375,Tamang rampa lang sa gold lane  😚🌸 #MLBB #mobilelegends #fyp #mlbb_indonesia #mobilelegends_id,100900,12100,130
datasets/tiktok/mlbb/mobilelegendsmy/7640832628295404808.mp4,True,0.5302402973175049,4,0.5,0.748989898989899,0.3543320855127765,0.44105263157894736,0.08652235243055556,mobilelegendsmy,7640832628295404808,,,,,
datasets/tiktok/mlbb/mlbbesports_official/7598971456579554568.mp4,True,0.5293755531311035,4,0.5,0.5705050505050505,0.6041909620991254,0.4950877192982456,0.059287109375,mlbb-esports,7598971456579554568,https://www.tiktok.com/@mlbbesports_official/video/7598971456579554568,"The Last Play of the Day of the Knockout Stage! Arfy's Freya has been TERRIFYING, always in perfect position and never stopped hitting the most CRUCIAL targets throughout the fight Let the world see us! Mark your calendars for the M7! 📅 January 3rd - 25th, 2026 📍 Tenis Indoor Senayan – Knockout Stage & Grand Finals (Jan 21st–25th, 2026) 📍Stadium Madya - M7 Carnival (Jan 23rd-25th, 2026) 🎟 Get your tickets at id-mpl.com/m7 #MLBBEsports #MLBB #M7 #LetTheWorldSeeUs #MobileLegendsBangBang",143100,3992,43
datasets/tiktok/mlbb/mlbbtopcreation/7212203454117317889.mp4,True,0.5285919904708862,4,0.75,0.37757575757575756,0.35,0.6140350877192982,0.06441406250000001,mlbb-top-creation,7212203454117317889,https://www.tiktok.com/@mlbbtopcreation/video/7212203454117317889,I die to be ALIVE! @migosml #mobilelegends #mgl #mlbbcreatorcamp,1661,85,3
datasets/tiktok/mlbb/willdominateyougg/7640403735331556616.mp4,True,0.5283833742141724,4,0.5,0.7169696969696969,0.2354342361944778,0.8071929824561402,0.052019314236111114,willdominateyougg,7640403735331556616,https://www.tiktok.com/@willdominateyougg/video/7640403735331556616,Argus anti runner build #MLBB #mobilelegendsbangbang #MLBBALLSTAR #willdominateyougg #fyp,190900,18700,163
datasets/tiktok/mlbb/nilunaa/7609233281556417799.mp4,True,0.5277182459831238,4,0.5,0.5014141414141414,0.5595966958211857,0.5,0.08983506944444444,nilunaa,7609233281556417799,https://www.tiktok.com/@nilunaa/video/7609233281556417799,Hanabi Skill Setting 2026  #MLBBGoldenMonth #MLBB #Mobilelegendsbangbang #MakeYourGoldenMoment #mobilelegends,536200,17000,64
datasets/tiktok/mlbb/saikyuun_/7441499848630668551.mp4,True,0.5276422500610352,4,0.75,0.3378787878787879,0.5409451593137254,0.2970175438596491,0.0870041232638889,saikyuun-,7441499848630668551,https://www.tiktok.com/@saikyuun_/video/7441499848630668551,Its always the level 10+ rose affinity (us) 👀 #MLBB #mobilelegends #mlbbm6torchrelay #m6laysiaboleh #phm6claude #mlbbcreatorbase @Yunan,49600,5474,67
datasets/tiktok/mlbb/nilunaa/7604421087228628231.mp4,True,0.5258955955505371,4,0.5,0.426969696969697,0.6556972789115646,0.5,0.08342556423611111,nilunaa,7604421087228628231,https://www.tiktok.com/@nilunaa/video/7604421087228628231,Lancelot Skill 1 unlimited 🔥 #MLBBValentines #MLBB #mobilelegends #MLBBLancelot #nilunaa,1000000,19000,90
datasets/tiktok/mlbb/mobilelegends_id/7636689433730878741.mp4,True,0.5255492925643921,4,0.75,0.5599999999999999,0.35979787450694567,0.3526315789473684,0.05510199652777778,mobilelegends-id,7636689433730878741,https://www.tiktok.com/@mobilelegends_id/video/7636689433730878741,Jangan berkedip. Ketuk dua kali dan lihat satu layar penuh bersih seketika. #MLBBTIDESIEGE #MLBBAllstar #MobileLegendsBangBang  #MLBBNewMode,163700,3804,129
datasets/tiktok/mlbb/nilunaa/7615214653685255442.mp4,True,0.5246964693069458,4,0.5,0.4071717171717172,0.7916666666666666,0.4124561403508772,0.06782877604166666,nilunaa,7615214653685255442,https://www.tiktok.com/@nilunaa/video/7615214653685255442,Fanny legend skin transformation🔥  #MLBBGoldenMonth #MLBBGoldenTurtle #MLBB #mobilelegends #nilunaa,39600,507,28
datasets/tiktok/mlbb/mlbbtopcreation/7207676643928804609.mp4,True,0.5243756771087646,4,0.75,0.30898989898989904,0.3953595724003887,0.6892982456140351,0.05176215277777778,mlbb-top-creation,7207676643928804609,https://www.tiktok.com/@mlbbtopcreation/video/7207676643928804609,Arlott and the kids ahaha @saikyuun_ #mobilelegends #mgl #mlbbcreatorcamp,3885,206,2
datasets/tiktok/mlbb/nilunaa/7621904301325159687.mp4,True,0.5242525935173035,4,0.5,0.37595959595959594,0.722837706511176,0.5,0.07814670138888888,nilunaa,7621904301325159687,https://www.tiktok.com/@nilunaa/video/7621904301325159687,Gusion as Minato Skill Effect #MLBBxNaruto #MLBB #mobilelegends #MLBBCreator #MLBBNinja,452300,8427,264
datasets/tiktok/mlbb/mlbbtopcreation/7217643667488558337.mp4,True,0.5240935683250427,4,0.75,0.4307070707070707,0.43613945578231295,0.4421052631578947,0.053235677083333335,mlbb-top-creation,7217643667488558337,https://www.tiktok.com/@mlbbtopcreation/video/7217643667488558337,atlas plays @benchincogaming #mobilelegends #mgl #mllbbcreatorcamp,3134,113,5
datasets/tiktok/mlbb/mobilelegends_id/7645224851354963207.mp4,True,0.5232751369476318,4,0.5,0.6238383838383839,0.512184159378037,0.38245614035087716,0.08658528645833333,mobilelegends-id,7645224851354963207,https://www.tiktok.com/@mobilelegends_id/video/7645224851354963207,"Yuk dibeli, dibeli, skin Ling edisi Tides lagi PROMO! 🤪 #MobileLegendsBangBang #samasamamain #serubarengmlbb #mobilelegends_id #LingSkin",191700,2849,300
datasets/tiktok/mlbb/willdominateyougg/7645232329593572626.mp4,True,0.5231478810310364,4,0.5,0.6663636363636364,0.28886474232550163,0.7549122807017543,0.05639973958333333,willdominateyougg,7645232329593572626,https://www.tiktok.com/@willdominateyougg/video/7645232329593572626,Chou X Michael Jackson #MLBB #chou #michaeljackson #fyp #willdominateyougg,3800000,358000,5131
datasets/tiktok/mlbb/shrxking_fear/7620696609881361672.mp4,True,0.5226839184761047,4,0.5,0.48898989898989903,0.6043245869776482,0.5559649122807018,0.06293402777777778,shrxking-fear,7620696609881361672,https://www.tiktok.com/@shrxking_fear/video/7620696609881361672,#viral #myedit #fyyyyyyyyyyyyyyyyp #plslike #edit,229,6,0
datasets/tiktok/mlbb/shrxking_fear/7615960706495663378.mp4,True,0.5226249098777771,4,0.75,0.5555555555555556,0.16666666666666666,0.7685964912280702,0.021236979166666666,shrxking-fear,7615960706495663378,https://www.tiktok.com/@shrxking_fear/video/7615960706495663378,#fyyyyyyyyyyyyyyyyp,118,2,0
datasets/tiktok/mlbb/mlbbttofficial/7641077455297563925.mp4,True,0.5221931338310242,4,0.5,0.7269696969696969,0.3400650349425484,0.4470175438596491,0.08534505208333332,mlbb-official,7641077455297563925,https://www.tiktok.com/@mlbbttofficial/video/7641077455297563925,New Rolling Tides series skins are here! #MLBBAllstar #MobileLegendsBangBang #MLBBNewSkin,1200000,13100,305
datasets/tiktok/mlbb/cedxvi/7110554656253775131.mp4,True,0.5212130546569824,4,0.5,0.536969696969697,0.4896015549076773,0.5968421052631578,0.07840711805555554,cedxvi,7110554656253775131,https://www.tiktok.com/@cedxvi/video/7110554656253775131,Durug kami 🥹🥲 #cedxvi,68700,6622,69
datasets/tiktok/mlbb/mobilelegendsmy/7637088413212003591.mp4,True,0.5208104848861694,4,0.5,0.6448484848484849,0.42328717201166177,0.5333333333333333,0.06776909722222223,mobilelegendsmy,7637088413212003591,,,,,
datasets/tiktok/mlbb/mlbbtopcreation/7239349587167726849.mp4,True,0.5197620987892151,4,0.75,0.75,0.30470116618075804,0.09999999999999998,0.056166449652777777,mlbb-top-creation,7239349587167726849,https://www.tiktok.com/@mlbbtopcreation/video/7239349587167726849,Karina x Selena @misspredat #mobilelegends #mgl #mlbbcreatorcamp,22900,1596,33
datasets/tiktok/mlbb/mobilelegendsmy/7640697010177264914.mp4,True,0.519502580165863,4,0.5,0.4909090909090909,0.45210155490767734,0.8024561403508772,0.05011067708333333,mobilelegendsmy,7640697010177264914,,,,,
datasets/tiktok/mlbb/nilunaa/7607772526122421522.mp4,True,0.518501877784729,4,0.5,0.5971717171717172,0.4868926141885326,0.4364912280701754,0.08145073784722223,nilunaa,7607772526122421522,https://www.tiktok.com/@nilunaa/video/7607772526122421522,Combo Freestyle Chou 🔥 #MLBelanjaBaik #OkKeTu #MobileLegendsBangbang #MLBB #nilunaa,10400000,39500,429
datasets/tiktok/mlbb/nilunaa/7604070289709845767.mp4,True,0.5176371335983276,4,0.5,0.5808080808080808,0.40614674441205056,0.6229824561403509,0.06965386284722222,nilunaa,7604070289709845767,https://www.tiktok.com/@nilunaa/video/7604070289709845767,Paquito Combo 2026  #MLBBxKOF #MLBBKOFSkinFreeTrial #MLBBxOPPO #MLBB #mobilelegends,478900,14600,81
datasets/tiktok/mlbb/nilunaa/7615509507736636690.mp4,True,0.5170637369155884,4,0.5,0.5982828282828283,0.47267978620019435,0.49473684210526314,0.0712109375,nilunaa,7615509507736636690,https://www.tiktok.com/@nilunaa/video/7615509507736636690,Skin fanny legend 2026 #MLBBGoldenMonth #MLBBGoldenTurtle #MLBB #mobilelegends #nilunaa,30600,486,21
datasets/tiktok/mlbb/mlbbttofficial/7616635943138741524.mp4,True,0.5164870023727417,4,0.5,0.5522222222222222,0.3576530612244898,0.7635087719298246,0.061648220486111106,mlbb-official,7616635943138741524,https://www.tiktok.com/@mlbbttofficial/video/7616635943138741524,"If you could turn back time, what would you choose to rewrite? I choose to rewrite the ending! #MLBBMARCEL #MLBBNEWHERO #MLBBS40 #MLBBGoldenMonth #MobileLegendsBangBang",105300,8712,81
datasets/tiktok/mlbb/shrxking_fear/7601377887840750856.mp4,True,0.5158748626708984,4,0.75,0.37696969696969695,0.34302721088435373,0.6119298245614035,0.050029296875000004,shrxking-fear,7601377887840750856,https://www.tiktok.com/@shrxking_fear/video/7601377887840750856,#attackontitan,9,0,0
datasets/tiktok/mlbb/willdominateyougg/7571764536928177416.mp4,True,0.5156043767929077,4,0.5,0.49969696969696964,0.4526278591793861,0.5889473684210527,0.08589952256944444,willdominateyougg,7571764536928177416,https://www.tiktok.com/@willdominateyougg/video/7571764536928177416,#MLBB #argus #aizen #willdominateyougg #fyp,2100000,189100,870
datasets/tiktok/mlbb/saikyuun_/7363861065395899653.mp4,True,0.5154625177383423,4,0.75,0.5358585858585859,0.38586974075344427,0.28491228070175434,0.055693359375,saikyuun-,7363861065395899653,https://www.tiktok.com/@saikyuun_/video/7363861065395899653,Maging chimera ant o ma jumpscare habang buhay? #MLBB #MobileLegends #phmcbacesleague #phmlbbkofxkof97 #fyp,109400,8153,117
datasets/tiktok/mlbb/nilunaa/7603263694344047879.mp4,True,0.515379786491394,4,0.5,0.4263636363636364,0.8016277939747328,0.25877192982456143,0.07826280381944445,nilunaa,7603263694344047879,https://www.tiktok.com/@nilunaa/video/7603263694344047879,Review skin Lancelot 9/10 ❤️ #MLBBValentines #MLBB #mobilelegends #MLBBLancelot #nilunaa,19600,386,22
datasets/tiktok/mlbb/saikyuun_/7460080406197505298.mp4,True,0.5153360962867737,4,0.5,0.5736363636363636,0.5828960155490768,0.4250877192982456,0.0599392361111111,saikyuun-,7460080406197505298,https://www.tiktok.com/@saikyuun_/video/7460080406197505298,Pano mag selos si Lukas? 🗿 Nakita niyo na ba yung MLBBMyHero #MLBB #mobilelegends #mlbbmyhero #fyp,1800000,120300,1421
datasets/tiktok/mlbb/mobilelegends_id/7641085462106410261.mp4,True,0.5147896409034729,4,0.5,0.7175757575757576,0.3458574456568342,0.42438596491228064,0.08139214409722223,mobilelegends-id,7641085462106410261,https://www.tiktok.com/@mobilelegends_id/video/7641085462106410261,Skin seri Rolling Tides baru telah hadir! #MLBBAllstar #MobileLegendsBangBang #MLBBNewSkin,743400,4494,141
datasets/tiktok/mlbb/nilunaa/7608487661442977031.mp4,True,0.5146340131759644,4,0.5,0.435959595959596,0.5981049562682216,0.47228070175438597,0.0874587673611111,nilunaa,7608487661442977031,https://www.tiktok.com/@nilunaa/video/7608487661442977031,Chou Double Dash 🔥  #MLBBGoldenMonth #MLBB #Mobilelegendsbangbang #MakeYourGoldenMoment #mobilelegends,57900,963,23
datasets/tiktok/mlbb/nilunaa/7609992348336016658.mp4,True,0.5146267414093018,4,0.5,0.35818181818181816,0.7333333333333334,0.41947368421052633,0.08438368055555556,nilunaa,7609992348336016658,https://www.tiktok.com/@nilunaa/video/7609992348336016658,Recall abyssal thunder #MLBBGoldenMonth #MLBB #Mobilelegendsbangbang #MakeYourGoldenMoment #mobilelegends,644500,23900,787
datasets/tiktok/mlbb/mlbbttofficial/7637795474363206928.mp4,True,0.5125253200531006,4,0.5,0.6287878787878788,0.39036686103012636,0.5492982456140351,0.06760850694444445,mlbb-official,7637795474363206928,https://www.tiktok.com/@mlbbttofficial/video/7637795474363206928,"Yu Zhong ""Tidescale Sealord"" vs Yu Zhong ""Fathomless Sealord"". Which one do you prefer? I want them all! ALLSTAR ""Tidal Treasure Hunt"" begins on 04/30. Get Yu Zhong ""Tidescale Sealord"" and ""Fathomless Sealord"" (Painted skin) for FREE! #MLBBAllstar #MobileLegendsBangBang #MLBBNewSkin #MLBBFreeSkin",529300,6357,341
datasets/tiktok/mlbb/saikyuun_/7186484334021332251.mp4,True,0.5125129818916321,4,0.5,0.5533333333333333,0.5117225461613217,0.4622807017543859,0.07472005208333334,saikyuun-,7186484334021332251,https://www.tiktok.com/@saikyuun_/video/7186484334021332251,pilaying kick at the end kaka love scars nyo yan #mlbbm4 #daretobegreat #pinaslangmalakas #mlbbcreatorcamp #mcc_0106ph #fyp,2300000,166400,822
datasets/tiktok/mlbb/saikyuun_/7576248806853889287.mp4,True,0.5115368366241455,4,0.5,0.4512121212121212,0.6267614188532555,0.43614035087719294,0.07802842881944445,saikyuun-,7576248806853889287,https://www.tiktok.com/@saikyuun_/video/7576248806853889287,quit ML Trippings #MCGG #MLBB #mobilelegends #magicchessgogo #fyp @Yunan @F11 • Trippings ^^,142200,7406,119
datasets/tiktok/mlbb/nilunaa/7615924025449041159.mp4,True,0.5113852620124817,4,0.5,0.45585858585858585,0.6051506316812438,0.5,0.0693337673611111,nilunaa,7615924025449041159,https://www.tiktok.com/@nilunaa/video/7615924025449041159,Hook + Flicker hero Franco #MLBBNEWSKIN #MLBB #MLBBFanny #mobilelegends #nilunaa,26800,423,8
datasets/tiktok/mlbb/mlbbtopcreation/7222805070793018625.mp4,True,0.5106143951416016,4,0.75,0.5964646464646465,0.24551749271137027,0.3440350877192982,0.05772135416666667,mlbb-top-creation,7222805070793018625,https://www.tiktok.com/@mlbbtopcreation/video/7222805070793018625,Edith Gameplay @misspredat  #mobilelegends #mgl #mlbbcreatorcamp,3786,247,3
datasets/tiktok/mlbb/mobilelegendsmy/7639978896795946260.mp4,True,0.5090407133102417,4,0.5,0.5383838383838384,0.5404488357843137,0.35473684210526313,0.08920030381944445,mobilelegendsmy,7639978896795946260,,,,,
datasets/tiktok/mlbb/willdominateyougg/7642641327557053714.mp4,True,0.5083328485488892,4,0.5,0.43727272727272726,0.4840379008746356,0.7147368421052631,0.060807291666666666,willdominateyougg,7642641327557053714,https://www.tiktok.com/@willdominateyougg/video/7642641327557053714,New hero🗿 #MLBB #mobilelegendsbangbang #willdominateyougg #fyp,29000,1172,27
datasets/tiktok/mlbb/cedxvi/7106740591681113370.mp4,True,0.5065149664878845,4,0.5,0.5436363636363636,0.4415548406862745,0.5898245614035088,0.07276367187499999,cedxvi,7106740591681113370,https://www.tiktok.com/@cedxvi/video/7106740591681113370,🤡 #cedxvi,170500,20800,206
datasets/tiktok/mlbb/saikyuun_/7440019418488261896.mp4,True,0.5058174133300781,4,0.75,0.4462626262626262,0.36328584558823523,0.42578947368421055,0.047825520833333336,saikyuun-,7440019418488261896,https://www.tiktok.com/@saikyuun_/video/7440019418488261896,"Our fan favorite, Balmond ✨ #MLBB #mobilelegends #phmcbacesleague #mlbbmegasale #mlbb1111ph24",14500,647,24
datasets/tiktok/mlbb/saikyuun_/7219590813699919109.mp4,True,0.5043985843658447,4,0.5,0.4538383838383838,0.6969873663751214,0.3554385964912281,0.064609375,saikyuun-,7219590813699919109,https://www.tiktok.com/@saikyuun_/video/7219590813699919109,holy week happenings #MLBBALLSTAR #BeTheSuperstar #MLBBxITZY,1000000,82100,193
datasets/tiktok/mlbb/saikyuun_/7139474114657488154.mp4,True,0.5043041706085205,4,0.5,0.5977777777777777,0.4088678328474247,0.5810526315789473,0.054497612847222224,saikyuun-,7139474114657488154,https://www.tiktok.com/@saikyuun_/video/7139474114657488154,Starlight Atlas & friends 😆✨ 862765885 (10649) @mlbbtopcreation #mobilelegends #mlbbcreatorcamp #mccSeptember #StarlightAtlas #mccstarlightatlas_ph #fyp,105700,4251,22
datasets/tiktok/mlbb/saikyuun_/7366829377478216966.mp4,True,0.5042181015014648,4,0.5,0.27505050505050505,0.8277089407191449,0.4270175438596491,0.06813585069444444,saikyuun-,7366829377478216966,https://www.tiktok.com/@saikyuun_/video/7366829377478216966,Inutusan yung naka collector skin #MLBB #MobileLegends #phmcbacesleague #phmechakingperseus #fyp #mobilelegends_id #mlbb_indonesia,76900,3505,44
datasets/tiktok/mlbb/nilunaa/7627030197103086856.mp4,True,0.5034579038619995,4,0.5,0.3181818181818182,0.6755102040816326,0.4978947368421052,0.08189995659722224,nilunaa,7627030197103086856,https://www.tiktok.com/@nilunaa/video/7627030197103086856,Layla basic Attack 💀 #MLBB #mobilelegends #MLBBNewSkin #MLBBxNaruto #nilunaa,64000,2236,24
datasets/tiktok/mlbb/shrxking_fear/7616310914735721735.mp4,True,0.502746045589447,4,0.5,0.632929292929293,0.4386548146044132,0.4189473684210526,0.06653862847222222,shrxking-fear,7616310914735721735,https://www.tiktok.com/@shrxking_fear/video/7616310914735721735,👁️👁️,111,1,0
datasets/tiktok/mlbb/mlbbttofficial/7631851913251654933.mp4,True,0.502498984336853,4,0.5,0.5651515151515152,0.48374635568513125,0.4396491228070175,0.07020833333333333,mlbb-official,7631851913251654933,https://www.tiktok.com/@mlbbttofficial/video/7631851913251654933,"Is this a Tidal Gold Rush, or a trap set by the Abyss? Diving deeper following the glimmering Gold, unaware you have already become the prey. Hold your breath! #MLBBALLSTAR arrives on 04/30. 🎬 Watch the teaser now! #MLBBDreadsea",134800,8889,146
datasets/tiktok/mlbb/mobilelegends_id/7641880800148983061.mp4,True,0.5021836161613464,4,0.5,0.5153535353535353,0.5866618075801749,0.2957894736842105,0.0909548611111111,mobilelegends-id,7641880800148983061,https://www.tiktok.com/@mobilelegends_id/video/7641880800148983061,"Skin seri Rolling Tides telah hadir! Ikuti jejak Yu Zhong, Pharsa, dan Ling, dan jelajahi dunia laut dalam ALLSTAR yang misterius untuk menemukan harta karun bersama! #MLBBAllstar #MobileLegendsBangBang #MLBBDreadsea #MLBBNewSkin",381600,3112,78
datasets/tiktok/mlbb/nilunaa/7626338672975056146.mp4,True,0.5013970136642456,4,0.5,0.23707070707070704,0.8,0.40175438596491225,0.08901801215277777,nilunaa,7626338672975056146,https://www.tiktok.com/@nilunaa/video/7626338672975056146,Combo Grock ulti + Flicker 🔥 #MLBBNewSkin #MLBB #mobilelegends #nilunaa,75100,1074,22
datasets/tiktok/mlbb/saikyuun_/7429994825182612743.mp4,True,0.5002143383026123,4,0.5,0.4809090909090909,0.49737609329446064,0.5947368421052631,0.05744791666666667,saikyuun-,7429994825182612743,https://www.tiktok.com/@saikyuun_/video/7429994825182612743,"Hanzo missing his bromance, Haya's too busy w/ his girls 👀 #MLBB #mlbb8th #mlbbcelebr8 #mlbbcr8torparty #MILPH #phjadeblossomkagura",231400,17700,509
datasets/tiktok/mlbb/willdominateyougg/7642987996584725778.mp4,True,0.4997238218784332,4,0.5,0.6873737373737373,0.3195882460126908,0.5087719298245614,0.060634765625,willdominateyougg,7642987996584725778,https://www.tiktok.com/@willdominateyougg/video/7642987996584725778,#MLBB #mobilelegendsbangbang #MLBBALLSTAR #willdominateyougg #fyp,70200,5031,82
datasets/tiktok/mlbb/nilunaa/7638212163483536648.mp4,True,0.4995284974575043,4,0.5,0.601010101010101,0.5189504373177842,0.22736842105263158,0.08893446180555556,nilunaa,7638212163483536648,https://www.tiktok.com/@nilunaa/video/7638212163483536648,Counter Pharsa - Tide Siege Endless Mode ✅ #MLBBALLSTAR #MLBB #mobilelegends #MLBBNewMode #nilunaa,21700,302,23
datasets/tiktok/mlbb/saikyuun_/7425139454907567367.mp4,True,0.4988546371459961,4,0.75,0.5734343434343434,0.34274419142657064,0.2124561403508772,0.04892903645833334,saikyuun-,7425139454907567367,https://www.tiktok.com/@saikyuun_/video/7425139454907567367,@Yunan looksmaxxing era 🗿#mlbb8th #MLBB #mlbbcelebr8 #mlbbcr8torparty #fyp,35800,3661,57
datasets/tiktok/mlbb/mlbbtopcreation/7241090553171987714.mp4,True,0.4961026608943939,4,0.75,0.4543434343434344,0.39374999999999993,0.18403508771929825,0.07349392361111111,mlbb-top-creation,7241090553171987714,https://www.tiktok.com/@mlbbtopcreation/video/7241090553171987714,Luo Yi Montage @shonechristopher28 #mobilelegends #mgl #mlbbcreatorcamp,257700,9234,843
datasets/tiktok/mlbb/saikyuun_/7397012503244426514.mp4,True,0.49446922540664673,4,0.5,0.5651515151515151,0.36580882352941174,0.5996491228070175,0.059671223958333325,saikyuun-,7397012503244426514,https://www.tiktok.com/@saikyuun_/video/7397012503244426514,Yunan sinubuan si Trippings easy blue comment 💙 #MLBB #MobileLegends #fyp #itsmorefuninmlbb #mlbbcreatorbase,604500,44500,707
datasets/tiktok/mlbb/saikyuun_/7578462622325017863.mp4,True,0.4938693046569824,4,0.5,0.5291919191919192,0.6504494655004859,0.2896491228070175,0.053900824652777776,saikyuun-,7578462622325017863,https://www.tiktok.com/@saikyuun_/video/7578462622325017863,Ayoko na ma surprise tama na 😭 #MLBB #mobilelegends #phmcbacesleague #fyp,81600,1813,27
datasets/tiktok/mlbb/saikyuun_/7333138424817339653.mp4,True,0.49280285835266113,4,0.5,0.3526262626262626,0.5843051506316812,0.622280701754386,0.05708116319444445,saikyuun-,7333138424817339653,https://www.tiktok.com/@saikyuun_/video/7333138424817339653,Novaria and Floryn twinning 💖💚 #MLBB #MobileLegends #phmcbacesleague #phstarlightnovaria #mlbbcreatorbase #fyp,85000,5665,58
datasets/tiktok/mlbb/nilunaa/7636305652960316679.mp4,True,0.49246516823768616,4,0.5,0.33979797979797977,0.6420432458697765,0.5,0.0695236545138889,nilunaa,7636305652960316679,https://www.tiktok.com/@nilunaa/video/7636305652960316679,Aim Setting Obsidia 2026 #MLBBStarlight #MLBBNewSkin #MLBB #mobilelegends #nilunaa,720700,27700,136
datasets/tiktok/mlbb/mobilelegendsmy/7644649219478883604.mp4,True,0.4923470914363861,4,0.5,0.4438383838383838,0.5682944606413994,0.44228070175438594,0.06982313368055555,mobilelegendsmy,7644649219478883604,,,,,
datasets/tiktok/mlbb/saikyuun_/7263685722949831942.mp4,True,0.49139824509620667,4,0.5,0.3347474747474748,0.5912900874635568,0.5654385964912281,0.07043077256944444,saikyuun-,7263685722949831942,https://www.tiktok.com/@saikyuun_/video/7263685722949831942,Yin unsint a message 😂 #phstarlightyin #itsmorefuninmlbb #fyp #fypシ,1100000,105200,619
datasets/tiktok/mlbb/nilunaa/7634519280251391240.mp4,True,0.4912327826023102,4,0.5,0.4702020202020202,0.7166666666666667,0.18877192982456142,0.07072699652777778,nilunaa,7634519280251391240,https://www.tiktok.com/@nilunaa/video/7634519280251391240,New Sea Demon Lord - Map AllStar 2026 #MLBBALLSTAR #MLBBDreadsea #MLBBCreator #MLBB #nilunaa,19600,377,20
datasets/tiktok/mlbb/nilunaa/7599947865221238024.mp4,True,0.4908807873725891,4,0.5,0.4815151515151515,0.44996355685131195,0.6014035087719298,0.05672309027777778,nilunaa,7599947865221238024,https://www.tiktok.com/@nilunaa/video/7599947865221238024,Chou Revamp 2026 🔥 #MLBB #mobilelegends #MLBBChou #nilunaa,288000,6659,148
datasets/tiktok/mlbb/mlbbtopcreation/7215501200156806401.mp4,True,0.4904564917087555,4,0.5,0.3528282828282828,0.5239325774952838,0.6931578947368421,0.056241319444444444,mlbb-top-creation,7215501200156806401,https://www.tiktok.com/@mlbbtopcreation/video/7215501200156806401,follow me HAHAHA @yt.luciotvofficial #mobilelegends #mgl #mlbbcreatorcamp,2364,142,2
datasets/tiktok/mlbb/mobilelegends_id/7637737608671644948.mp4,True,0.48924174904823303,4,0.5,0.6009090909090908,0.34715157938175273,0.5142105263157895,0.0644552951388889,mobilelegends-id,7637737608671644948,https://www.tiktok.com/@mobilelegends_id/video/7637737608671644948,"Yu Zhong ""Tidescale Sealord"" vs Yu Zhong ""Fathomless Sealord"". Mana yang lebih kamu suka? Aku mau semuanya! ""Perburuan Harta Ombak"" ALLSTAR dimulai pada 30/04. Dapatkan Yu Zhong ""Tidescale Sealord"" dan ""Fathomless Sealord"" (Painted skin) secara GRATIS! #MLBBAllstar #MobileLegendsBangBang #MLBBNewSkin #MLBBFreeSkin",297100,1887,128
datasets/tiktok/mlbb/mobilelegendsmy/7638537368022338834.mp4,True,0.489200621843338,4,0.5,0.2094949494949495,0.6973032069970846,0.3966666666666666,0.11104926215277777,mobilelegendsmy,7638537368022338834,,,,,
datasets/tiktok/mlbb/mobilelegendsmy/7642283589102538002.mp4,True,0.48887404799461365,4,0.5,0.3927272727272727,0.6861333819241981,0.2628070175438596,0.08479166666666667,mobilelegendsmy,7642283589102538002,,,,,
datasets/tiktok/mlbb/saikyuun_/7112648673145785626.mp4,True,0.48835912346839905,4,0.5,0.3531313131313132,0.8580174927113702,0.0692982456140351,0.08790690104166667,saikyuun-,7112648673145785626,https://www.tiktok.com/@saikyuun_/video/7112648673145785626,Na retri ng boybestfriend 👀 862765885 (10649) @mlbbtopcreation #mobilelegends #mlbbcreatorcamp #mccjune #mcc_0620ph,57600,2773,37
datasets/tiktok/mlbb/mlbbtopcreation/7207676459169729793.mp4,True,0.48753824830055237,4,0.5,0.34585858585858587,0.5135811467444121,0.6522807017543859,0.06578884548611111,mlbb-top-creation,7207676459169729793,https://www.tiktok.com/@mlbbtopcreation/video/7207676459169729793,slayed mages! @variuuz #mobilelegends #mgl #mlbbcreatorcamp,2631,160,5
datasets/tiktok/mlbb/mobilelegendsmy/7641175926595783943.mp4,True,0.4869253933429718,4,0.5,0.38171717171717173,0.4977022058823529,0.6742105263157895,0.053870442708333334,mobilelegendsmy,7641175926595783943,,,,,
datasets/tiktok/mlbb/mlbbttofficial/7611492130673921297.mp4,True,0.48676973581314087,4,0.5,0.4085858585858586,0.6041666666666666,0.46456140350877195,0.05862521701388888,mlbb-official,7611492130673921297,https://www.tiktok.com/@mlbbttofficial/video/7611492130673921297,That was close! Good thing I hit the pause button! #MLBBMARCEL #MLBBNEWHERO #MLBBS40 #MLBBGoldenMonth #MobileLegendsBangBang,687000,23500,178
datasets/tiktok/mlbb/mobilelegendsmy/7641931999124638996.mp4,True,0.4849347472190857,4,0.5,0.5211111111111111,0.17612973760932943,0.9143859649122807,0.04900716145833333,mobilelegendsmy,7641931999124638996,,,,,
datasets/tiktok/mlbb/saikyuun_/7306797239660301573.mp4,True,0.48435527086257935,4,0.5,0.42363636363636364,0.5416666666666666,0.4549122807017544,0.07025173611111112,saikyuun-,7306797239660301573,https://www.tiktok.com/@saikyuun_/video/7306797239660301573,YuZhong fave hero pagdating sa teamfights ✨ #m5yuzhong #mlbbm5 #pinaslangmalakas #mobilelegends #mlbb #fyp,196600,19800,148
datasets/tiktok/mlbb/mobilelegends_id/7637808292902751509.mp4,True,0.4830653965473175,4,0.5,0.5784848484848485,0.460818631023838,0.35140350877192983,0.06472981770833333,mobilelegends-id,7637808292902751509,https://www.tiktok.com/@mobilelegends_id/video/7637808292902751509,"Yu Zhong dengan skin terbaru siap turun, makin sangar, makin bikin war susah napas 😈 Belum mulai fight aja… vibes menangnya udah dapet. 👀 #mobilelegends_id #serubarengmlbb #samasamamain #MobileLegendsBangBang #MLBBNewSkin",1100000,1380,85
datasets/tiktok/mlbb/mlbbttofficial/7619310712573201665.mp4,True,0.48233282566070557,4,0.5,0.5297979797979798,0.3713678328474247,0.5798245614035087,0.05689236111111111,mlbb-official,7619310712573201665,https://www.tiktok.com/@mlbbttofficial/video/7619310712573201665,"MLBB × NARUTO Collab Round 2 is coming soon! Plus, 5 past collab skins are making a return! The Fourth Hokage of Hidden Leaf, Minato Namikaze, joins the collab! ""To be a parent is to have undying faith in one's child."" Gusion ""Minato Namikaze"" uses the Flying Raijin Jutsu to flash into the battlefield! Tap the video to check out the in-game effects. #MLBBxNARUTO #MobileLegendsBangBang #MLBBNewSkin #NARUTO #MLBBFreeGaaraSkin #Valirfreeskin",2400000,39300,537
datasets/tiktok/mlbb/mlbbttofficial/7632207522417347861.mp4,True,0.48228129744529724,4,0.5,0.6287878787878788,0.36716472303206993,0.4307017543859649,0.058131510416666664,mlbb-official,7632207522417347861,https://www.tiktok.com/@mlbbttofficial/video/7632207522417347861,"The ALLSTAR Exclusive Themed Battlefield will be available on 04/30! The new ocean-themed map, ""Dreadsea"", will take you deep underwater for a wondrous experience! The brand-new themed battlefield effect, ""Tidal Gold Rush"", will aid your gold rushing and treasure hunting! Come join us to defeat the Siren Lord and bring back abundant treasures from the deep sea! Team Up, Dive for Fortune! Tap the video to learn more! #MLBBAllstar #MLBBDreadsea #MLBBTidalGoldRush #MobileLegendsBangBang",936600,31600,1194
datasets/tiktok/mlbb/saikyuun_/7348650373571284230.mp4,True,0.48104605078697205,4,0.5,0.4019191919191919,0.5386054421768708,0.537719298245614,0.05638237847222222,saikyuun-,7348650373571284230,https://www.tiktok.com/@saikyuun_/video/7348650373571284230,Sapakin ko ilong mo e 😡 #MLBB #MobileLegends #phmcbacesleague #MLBBS32 #fyp #mlbbcreatorbase,265300,14000,92
datasets/tiktok/mlbb/shrxking_fear/7614481528780885255.mp4,True,0.48090508580207825,4,0.5,0.6422222222222222,0.42648202137998054,0.30280701754385964,0.06181098090277778,shrxking-fear,7614481528780885255,https://www.tiktok.com/@shrxking_fear/video/7614481528780885255,😁,189,2,0
datasets/tiktok/mlbb/cedxvi/7642291761812999442.mp4,True,0.4808353781700134,4,0.5,0.46424242424242423,0.47879748774509806,0.5296491228070175,0.05530924479166667,cedxvi,7642291761812999442,https://www.tiktok.com/@cedxvi/video/7642291761812999442,🤫#MLBBALLSTAR #MLBBTidalFishing #MLBBDreadsea #MLBB #MobileLegendsBangBang,24800,4824,72
datasets/tiktok/mlbb/mlbbtopcreation/7241090405075356930.mp4,True,0.4802287220954895,4,0.75,0.3936363636363636,0.40077745383867835,0.24175438596491228,0.05720703125,mlbb-top-creation,7241090405075356930,https://www.tiktok.com/@mlbbtopcreation/video/7241090405075356930,Luo Yi Gameplay @misspredat #mobilelegends #mgl #mlbbcreatorcamp,79500,5406,169
datasets/tiktok/mlbb/saikyuun_/7254140608195857669.mp4,False,0.479660302400589,4,0.5,0.3827272727272727,0.6239067055393586,0.39684210526315794,0.06548828125,saikyuun-,7254140608195857669,https://www.tiktok.com/@saikyuun_/video/7254140608195857669,Grabe naman yung duo sa Kadita na yarn 😂 #nextforu #mlbbixia #ixiadebut #fyp #mlbbcreatorcamp #mlbbcontentcreator,117000,8763,56
datasets/tiktok/mlbb/bonitoflakesmlbb/7433641403055344914.mp4,False,0.479439914226532,4,0.5,0.5075757575757576,0.5662536443148688,0.2592982456140351,0.07112630208333334,bonitoflakesmlbb,7433641403055344914,https://www.tiktok.com/@bonitoflakesmlbb/video/7433641403055344914,Selana Jungler 99% Accuracy 🎯 #MLBB #MLBBCr8torParty #mlbbhighlights #mobilelegends,483,7,0
datasets/tiktok/mlbb/mlbbttofficial/7606259831351119125.mp4,False,0.4793533682823181,4,0.5,0.23545454545454542,0.7728012633624879,0.3349122807017544,0.09296332465277778,mlbb-official,7606259831351119125,https://www.tiktok.com/@mlbbttofficial/video/7606259831351119125,I'm crying. I'm faking it. #MLBBGoldenMonth #MobileLegendsBangBang,1200000,5288,336
datasets/tiktok/mlbb/willdominateyougg/7553952869800480018.mp4,False,0.4792805314064026,4,0.5,0.4561616161616161,0.4900510204081633,0.4478947368421053,0.06936089409722222,willdominateyougg,7553952869800480018,https://www.tiktok.com/@willdominateyougg/video/7553952869800480018,#MLBBOBSIDIA #MLBBNEXT2025 #READYFORNEXT #mlbb #argus,427600,32800,212
datasets/tiktok/mlbb/willdominateyougg/7640775422808018194.mp4,False,0.47789421677589417,4,0.5,0.5453535353535354,0.24151032734522382,0.7382456140350877,0.05001410590277777,willdominateyougg,7640775422808018194,https://www.tiktok.com/@willdominateyougg/video/7640775422808018194,#MLBB #mobilelegendsbangbang #MLBBALLSTAR #willdominateyougg #fyp,88300,6879,135
datasets/tiktok/mlbb/nilunaa/7617433768894139666.mp4,False,0.4776870012283325,4,0.5,0.3063636363636364,0.5833333333333334,0.5,0.07655598958333333,nilunaa,7617433768894139666,https://www.tiktok.com/@nilunaa/video/7617433768894139666,Hero marcel  #MLBBMarcel #MLBBS40 #MLBBNEWHERO #MLBBGoldenMonth #MLBB,44000,549,12
datasets/tiktok/mlbb/nilunaa/7601388886891318546.mp4,False,0.4772005081176758,4,0.5,0.48393939393939395,0.5611151603498543,0.25,0.07876844618055556,nilunaa,7601388886891318546,https://www.tiktok.com/@nilunaa/video/7601388886891318546,New Eudora Revamp 2026 #MLBB #mobilelegends #MLBBEudora #nilunaa,22300,566,22
datasets/tiktok/mlbb/mlbbesports_official/7598960996555771154.mp4,False,0.4769189953804016,4,0.5,0.5887878787878787,0.3399824885311267,0.3392982456140351,0.08968098958333334,mlbb-esports,7598960996555771154,https://www.tiktok.com/@mlbbesports_official/video/7598960996555771154,"History has been made. Welcome to the Grand Finals, Alter Ego 🏆 #MLBBEsports #MLBBM7 #MobileLegendsBangBang #M7 #LetTheWorldSeeUs",3200000,43500,400
datasets/tiktok/mlbb/mlbbttofficial/7618482668652776724.mp4,False,0.476810097694397,4,0.5,0.4082828282828283,0.6099003887269192,0.36508771929824557,0.06425889756944445,mlbb-official,7618482668652776724,https://www.tiktok.com/@mlbbttofficial/video/7618482668652776724,It doesn't matter. I will save myself countless times. #MLBBMARCEL #MLBBNEWHERO #MLBBS40 #MLBBGoldenMonth #MobileLegendsBangBang,1200000,9715,104
datasets/tiktok/mlbb/saikyuun_/7163125788257127707.mp4,False,0.47650372982025146,4,0.5,0.43666666666666665,0.34312439261418853,0.7136842105263158,0.05822699652777778,saikyuun-,7163125788257127707,https://www.tiktok.com/@saikyuun_/video/7163125788257127707,Hindi pogi? 😷 862765885 (10649) @MLBB TOP CREATION #mobilelegends #mlbbcreatorcamp #mccnovember #mcc_1104ph #tyronetiaga #fypシ #fyp,522400,49700,403
datasets/tiktok/mlbb/mlbbesports_official/7598944093363866888.mp4,False,0.47607266902923584,4,0.5,0.6338383838383839,0.35830903790087465,0.3852631578947368,0.060107421875,mlbb-esports,7598944093363866888,https://www.tiktok.com/@mlbbesports_official/video/7598944093363866888,"Love on the weekend with spending your time with beloved ones at M7 Carnival! 💞  Be sure to come to Stadium Madya GBK from 12 PM until the end. Get a special goodie bag from us if you’re among our Top 1,000 first registrants! 👀 Don’t forget to buy the tickets here: https://id-mpl.com/m7?q=carnival 🎫 #MLBBEsports #MLBBM7 #MobileLegendsBangBang #M7 #M7Carnival",125200,2053,25
datasets/tiktok/mlbb/shrxking_fear/7635918937623923986.mp4,False,0.47354426980018616,4,0.5,0.5307070707070707,0.37995606724832787,0.41982456140350877,0.13350477430555557,shrxking-fear,7635918937623923986,https://www.tiktok.com/@shrxking_fear/video/7635918937623923986,send this to someone you love and say this is how perfect you are,207,3,0
datasets/tiktok/mlbb/saikyuun_/7159177339916586266.mp4,False,0.4728642404079437,4,0.5,0.1781818181818182,0.75,0.21596491228070175,0.12126085069444445,saikyuun-,7159177339916586266,https://www.tiktok.com/@saikyuun_/video/7159177339916586266,Isa nanamang bf ang napilitan mag tiktok 😝😂 Watch 'till the end kung gusto mo kiligin 💛 862765885 (10649) @MLBB TOP CREATION #mobilelegends #mlbbcreatorcamp #mccOctober #mcc_1021ph #fyp #fypシ #Lancelot #Odette,611400,55900,382
datasets/tiktok/mlbb/mlbbttofficial/7616253597759671573.mp4,False,0.4726978540420532,4,0.5,0.40575757575757576,0.40326865567655634,0.6157894736842104,0.06593315972222222,mlbb-official,7616253597759671573,https://www.tiktok.com/@mlbbttofficial/video/7616253597759671573,"Art is all about composition, lighting, emotion—and screams, fear, and chaos. #MLBBMARCEL #MLBBNEWHERO #MLBBS40 #MLBBGoldenMonth #MobileLegendsBangBang",867500,24500,189
datasets/tiktok/mlbb/saikyuun_/7445883273424833800.mp4,False,0.47254371643066406,4,0.5,0.4622222222222222,0.48123785228377064,0.3410526315789474,0.08582248263888889,saikyuun-,7445883273424833800,https://www.tiktok.com/@saikyuun_/video/7445883273424833800,"No voiceovers muna, paos kakasigaw sa M6 para sa ONIC PH 🥳🥰 #MLBB #mobilelegends #pinaspinakamalakas #MLBBM6WatchFest #mlbbm6torchrelay #m6laysiaboleh #mcggmalaysia @Yunan",23500,1223,44
datasets/tiktok/mlbb/mlbbtopcreation/7205857076818562306.mp4,False,0.47209709882736206,4,0.5,0.5,0.4422983479105928,0.47947368421052633,0.053167317708333335,mlbb-top-creation,7205857076818562306,https://www.tiktok.com/@mlbbtopcreation/video/7205857076818562306,another lato-lato game mlbb version  @saitamaml2 #mobilelegends #mgl #mlbbcreatorcamp,4685,233,6
datasets/tiktok/mlbb/mobilelegendsmy/7642965459620384018.mp4,False,0.47191333770751953,4,0.5,0.5717171717171717,0.5030126336248786,0.21421052631578946,0.06830078125,mobilelegendsmy,7642965459620384018,,,,,
datasets/tiktok/mlbb/saikyuun_/7592557475082128647.mp4,False,0.47064343094825745,4,0.5,0.406969696969697,0.654980563654033,0.25877192982456143,0.06564887152777778,saikyuun-,7592557475082128647,https://www.tiktok.com/@saikyuun_/video/7592557475082128647,Ayan karma 🙂 #MLBB #MLBBM7 #mobilelegends #fyp,13300,455,7
datasets/tiktok/mlbb/mlbbesports_official/7598968818387504402.mp4,False,0.4704526662826538,4,0.5,0.40575757575757576,0.4910896501457726,0.4396491228070175,0.07451714409722222,mlbb-esports,7598968818387504402,https://www.tiktok.com/@mlbbesports_official/video/7598968818387504402,ALTER EGO HAS DONE THE IMPOSSIBLE 😱 #MLBBEsports #MLBBM7 #MobileLegendsBangBang #M7 #LetTheWorldSeeUs,3000000,149200,1050
datasets/tiktok/mlbb/mlbbtopcreation/7213232313897880833.mp4,False,0.47042927145957947,4,0.5,0.5,0.560410592808552,0.2812280701754386,0.05857855902777778,mlbb-top-creation,7213232313897880833,https://www.tiktok.com/@mlbbtopcreation/video/7213232313897880833,poor harley @novarianttiktok #mobilelegends #mgl #mlbbcreatorcamp,4923,235,3
datasets/tiktok/mlbb/nilunaa/7619219116171332885.mp4,False,0.46885818243026733,4,0.5,0.3298989898989899,0.5200315840621963,0.48543859649122806,0.07824978298611111,nilunaa,7619219116171332885,https://www.tiktok.com/@nilunaa/video/7619219116171332885,Combo skill Esmeralda  #MLBB #MLBBS40 #mobilelegends #MLBBGoldenMonth #nilunaa,506900,18400,57
datasets/tiktok/mlbb/nilunaa/7637023609482988818.mp4,False,0.4687235355377197,4,0.5,0.3839393939393939,0.43173590864917394,0.5,0.08397135416666668,nilunaa,7637023609482988818,https://www.tiktok.com/@nilunaa/video/7637023609482988818,Tutorial Pasif Hero Yu Zhong  #MLBBALLSTAR #MLBBCreator #mobilelegends #MLBB #nilunaa,139200,3241,24
datasets/tiktok/mlbb/nilunaa/7632542505287830802.mp4,False,0.4678020179271698,4,0.5,0.5060606060606061,0.2790451895043732,0.7164912280701754,0.0426171875,nilunaa,7632542505287830802,https://www.tiktok.com/@nilunaa/video/7632542505287830802,Lesley Legend Revamped - Angelic Agent  #MLBB #mobilelegends #MLBBLesley #MLBBNewSkin #nilunaa,13300,252,21
datasets/tiktok/mlbb/mlbbesports_official/7639306574095338772.mp4,False,0.467582106590271,4,0.5,0.40929292929292926,0.5833333333333334,0.4280701754385965,0.046150173611111116,mlbb-esports,7639306574095338772,https://www.tiktok.com/@mlbbesports_official/video/7639306574095338772,The Champions of India 🇮🇳 True Rippers!  #MobileLegendsBangBang #MSCatEWC26 #MLBB #MLBBEsports #GoesToRiyadh,265100,11400,154
datasets/tiktok/mlbb/saikyuun_/7344687358916185350.mp4,False,0.4674408733844757,4,0.5,0.352020202020202,0.5266277939747327,0.45824561403508773,0.07328342013888889,saikyuun-,7344687358916185350,https://www.tiktok.com/@saikyuun_/video/7344687358916185350,Spent 5k diamonds just to miss my ults 💅🏻✨ #MLBB #MobileLegends #phmcbacesleague #lesleyxchange #mIbbtheaspirants #fyp #mlbbcreatorbase,57000,1868,10
datasets/tiktok/mlbb/mobilelegends_id/7644788274396974354.mp4,False,0.4671359360218048,4,0.5,0.563030303030303,0.5123542274052478,0.14350877192982459,0.07650824652777778,mobilelegends-id,7644788274396974354,https://www.tiktok.com/@mobilelegends_id/video/7644788274396974354,"Siluetnya masih tersembunyi, namun bisikannya sudah menggema di telingamu .... Apakah kamu mendengar tawa kecil yang lembut dari hero baru, Hirara? #MobileLegendsBangBang  #MLBBNEWHERO  #MLBBHIRARA  #MLBBS41  #MLBBScarletEmbers",91100,3331,282
datasets/tiktok/mlbb/mlbbttofficial/7616674821052566804.mp4,False,0.46684151887893677,4,0.5,0.30373737373737375,0.7795310981535472,0.3512280701754386,0.03851671006944444,mlbb-official,7616674821052566804,https://www.tiktok.com/@mlbbttofficial/video/7616674821052566804,Marcel combat tips made easy! #MLBBMARCEL #MLBBNEWHERO #MLBBS40 #MLBBGoldenMonth #MobileLegendsBangBang,1700000,8740,112
datasets/tiktok/mlbb/nilunaa/7609585173792886034.mp4,False,0.46582165360450745,4,0.5,0.32666666666666666,0.5166666666666667,0.5,0.07314887152777778,nilunaa,7609585173792886034,https://www.tiktok.com/@nilunaa/video/7609585173792886034,Skin Franco special Double Hook Setting 🔥  #MLBBEternalSeasons #MLBBNEWSKIN #MLBBGoldenMonth #MLBB #mobilelegends,2100000,40900,169
datasets/tiktok/mlbb/nilunaa/7640745032235945234.mp4,False,0.46536940336227417,4,0.5,0.42939393939393944,0.360198307001372,0.6692982456140351,0.049954427083333336,nilunaa,7640745032235945234,https://www.tiktok.com/@nilunaa/video/7640745032235945234,info spot gacor 🐟🐠🐡🫍🐬🎣 #MLBBALLSTAR #MLBBTidalFishing #MLBB #mobilelegends #nilunaa,161700,6586,228
datasets/tiktok/mlbb/mlbbtopcreation/7219186757542137089.mp4,False,0.46477681398391724,4,0.5,0.4789898989898991,0.34549319727891165,0.5217543859649123,0.06830186631944446,mlbb-top-creation,7219186757542137089,https://www.tiktok.com/@mlbbtopcreation/video/7219186757542137089,pretty harmonia @jazzentcabico #mobilelegends #mgl #mlbbcreatorcamp,4848,293,3
datasets/tiktok/mlbb/nilunaa/7620372076771298580.mp4,False,0.4647446572780609,4,0.5,0.3242424242424242,0.6255102040816327,0.36157894736842106,0.07040581597222223,nilunaa,7620372076771298580,https://www.tiktok.com/@nilunaa/video/7620372076771298580,Hero counter Marcel 🔥 #MLBBS40 #MLBBMarcel #MLBBGoldenMonth #MLBB #mobilelegends,12400,211,17
datasets/tiktok/mlbb/mlbbdailyclips/7442511277978602772.mp4,False,0.46364161372184753,4,0.5,0.3678787878787879,0.6453318380923799,0.2931578947368421,0.063994140625,mlbbdailyclips,7442511277978602772,https://www.tiktok.com/@mlbbdailyclips/video/7442511277978602772,KELRA TRASHTALK TO AERONSHIKKI! #teamliquid #mplph #rrq #mplpihilippines #kelra #rrqhoshi #rrqkingdom #mobazane #ohmyveenus #balacklistinternational #yawi #kairi #rrqalberttt #srg #sekys #mplmalaysia #mplcambodia #mlbb #aeronshikii #tlid,329300,13500,46
datasets/tiktok/mlbb/saikyuun_/7424778591403134215.mp4,False,0.46290576457977295,4,0.5,0.4407070707070707,0.4205174927113703,0.4219298245614035,0.07708875868055555,saikyuun-,7424778591403134215,https://www.tiktok.com/@saikyuun_/video/7424778591403134215,Acceptance. #mlbb8th #MLBB #mlbbcelebr8 #mlbbcr8torparty #mlbb_indonesia,11400,495,11
datasets/tiktok/mlbb/nilunaa/7626673981642296584.mp4,False,0.46283459663391113,4,0.5,0.3656565656565656,0.6060131195335277,0.4070175438596491,0.05123263888888889,nilunaa,7626673981642296584,https://www.tiktok.com/@nilunaa/video/7626673981642296584,"Domain Expansion Naruto, Itafeekz & Sasuke 🔥 #MLBBNewSkin #MLBB #mobilelegends #MLBBxNaruto #nilunaa",14800,446,27
datasets/tiktok/mlbb/mobilelegendsmy/7640480119064268040.mp4,False,0.462220698595047,4,0.5,0.333939393939394,0.44713970856199625,0.5749122807017544,0.07019314236111111,mobilelegendsmy,7640480119064268040,,,,,
datasets/tiktok/mlbb/mlbbttofficial/7640419726711065857.mp4,False,0.4620358645915985,4,0.5,0.3452525252525252,0.43812745187360663,0.5689473684210526,0.07021050347222223,mlbb-official,7640419726711065857,https://www.tiktok.com/@mlbbttofficial/video/7640419726711065857,"A miraculous adventure and a beautiful encounter in Tidal Ruins! The ALLSTAR event continues! Pharsa ""Seasworn Oracle"" is available now at a great value! #MLBBAllstar #MobileLegendsBangBang #MLBBNewSkin",3700000,130000,1651
datasets/tiktok/mlbb/saikyuun_/7182161082356665627.mp4,False,0.4601770341396332,4,0.5,0.34151515151515155,0.5132659715671983,0.49,0.06405490451388889,saikyuun-,7182161082356665627,https://www.tiktok.com/@saikyuun_/video/7182161082356665627,LuoYi na nag aapply bilang secretary ng Exorcist squad ☕❤️ 862765885 (10649) @MLBB TOP CREATION #mobilelegends #mlbbcreatorcamp #mccdecember #mcc_1223ph #fyp #fypシ,477100,46600,373
datasets/tiktok/mlbb/saikyuun_/7422618770537073927.mp4,False,0.4599975049495697,4,0.5,0.4167676767676768,0.6504008746355685,0.20578947368421052,0.060597873263888886,saikyuun-,7422618770537073927,https://www.tiktok.com/@saikyuun_/video/7422618770537073927,Shadowbanned nanaman ba ☹️ #mlbb8th #mlbbcelebr8 #mlbbcr8torparty #MLBB #phdeathsshadowzhask,15300,873,20
datasets/tiktok/mlbb/mlbbtopcreation/7221357616088288514.mp4,False,0.45983025431632996,4,0.5,0.4858585858585859,0.4043853255587949,0.4856140350877193,0.05052191840277778,mlbb-top-creation,7221357616088288514,https://www.tiktok.com/@mlbbtopcreation/video/7221357616088288514,starlight new squad?  @yunixqt #mobilelegends #mgl #mlbbcreatorcamp,7549,589,5
datasets/tiktok/mlbb/cedxvi/7110811823456226586.mp4,False,0.4597979187965393,4,0.5,0.5233333333333332,0.3989978134110787,0.3624561403508772,0.06573350694444445,cedxvi,7110811823456226586,https://www.tiktok.com/@cedxvi/video/7110811823456226586,Target lock natin mag jowa naka affinity!🤣#cedxvi,129600,15500,217
datasets/tiktok/mlbb/saikyuun_/7297918300565081349.mp4,False,0.4597971439361572,4,0.5,0.2162626262626263,0.5730442176870748,0.5708771929824561,0.06878146701388889,saikyuun-,7297918300565081349,https://www.tiktok.com/@saikyuun_/video/7297918300565081349,Ang gaan gamitin ng bagong starlight skin ni Melissa ☺️ matchy matchy skins~ 🥰💕 #MLBB #mobilelegends #phmcbacesleague #MLBBMelissa #MLBB1111ph #fyp #mlbbcreatorbase,701200,70000,630
datasets/tiktok/mlbb/bonitoflakesmlbb/7441873512689667346.mp4,False,0.45953279733657837,4,0.5,0.6487878787878787,0.2507896015549077,0.4007017543859649,0.06038519965277778,bonitoflakesmlbb,7441873512689667346,https://www.tiktok.com/@bonitoflakesmlbb/video/7441873512689667346,"""My Turn"" ~ Gloo 2024 #mlbbhighlights #mlbbfunnymoment #MLBB #fypシ゚viralシ #MobileLegendsBangBang #mlbbtiktok",723,16,2
datasets/tiktok/mlbb/mlbbesports_official/7598931394701626642.mp4,False,0.4589463770389557,4,0.5,0.39868686868686865,0.4349854227405248,0.45964912280701753,0.07295572916666666,mlbb-esports,7598931394701626642,https://www.tiktok.com/@mlbbesports_official/video/7598931394701626642,AE Newest Teammate 🔜 ? #MLBBEsports #MLBBM7 #MobileLegendsBangBang #M7 #LetTheWorldSeeUs,79700,2206,62
datasets/tiktok/mlbb/mobilelegends_id/7636725925027106069.mp4,False,0.4578915238380432,4,0.5,0.7506060606060606,0.37901654411764707,0.0,0.07321072048611112,mobilelegends-id,7636725925027106069,https://www.tiktok.com/@mobilelegends_id/video/7636725925027106069,Udah nemu pick andalan di patch ini? 👇 #mobilelegends_id #serubarengmlbb #samasamamain #MobileLegendsBangBang #MLBBPatch,32300,993,94
datasets/tiktok/mlbb/saikyuun_/7403687863570795783.mp4,False,0.45557206869125366,4,0.5,0.3804040404040404,0.5233357628765792,0.4082456140350877,0.059904513888888886,saikyuun-,7403687863570795783,https://www.tiktok.com/@saikyuun_/video/7403687863570795783,Hindi ata sila Yunan at Trippings yan #MLBB #MobileLegends #fyp #mlbbcreatorbase #phmcbacesleague #mobilelegendsbangbang,134400,15800,202
datasets/tiktok/mlbb/mlbbesports_official/7599214431364549895.mp4,False,0.45519065856933594,4,0.5,0.28474747474747475,0.6586491739552964,0.2112280701754386,0.09184027777777777,mlbb-esports,7599214431364549895,https://www.tiktok.com/@mlbbesports_official/video/7599214431364549895,"Day 2 of M7 Carnival was amazing and we can’t wait to spend more good times with you today! 🔥  Be sure to come to Stadium Madya GBK from 12 PM until the end because today is the LAST DAY! Get a special goodie bag from us if you’re among our Top 1,000 first registrants! 👀 Don’t forget to buy the tickets here: https://id-mpl.com/m7?q=carnival 🎫 #MLBBEsports #MLBBM7 #MobileLegendsBangBang #M7 #M7Carnival",78500,1671,47
datasets/tiktok/mlbb/shrxking_fear/7628582250975595783.mp4,False,0.45518988370895386,4,0.5,0.10919191919191919,0.5540816326530612,0.6987719298245613,0.07466471354166665,shrxking-fear,7628582250975595783,https://www.tiktok.com/@shrxking_fear/video/7628582250975595783,#Meme #MemeCut #CapCut,69,3,0
datasets/tiktok/mlbb/willdominateyougg/7598105992965950728.mp4,False,0.4543168246746063,4,0.5,0.5727272727272728,0.2476378676470588,0.5407017543859649,0.048993055555555554,willdominateyougg,7598105992965950728,https://www.tiktok.com/@willdominateyougg/video/7598105992965950728,best argus skin? #MLBB #argus #aizen #willdominateyougg #fyp,1800000,222700,1045
datasets/tiktok/mlbb/willdominateyougg/7639266996428901650.mp4,False,0.45427244901657104,4,0.5,0.468989898989899,0.414346452866861,0.45771929824561397,0.051245659722222225,willdominateyougg,7639266996428901650,https://www.tiktok.com/@willdominateyougg/video/7639266996428901650,#MLBBALLSTAR #MLBBDreadsea #MLBBSiren #MLBBTidalGoldRush #MLBB,10800,396,20
datasets/tiktok/mlbb/saikyuun_/7357181331656232198.mp4,False,0.45401912927627563,4,0.5,0.5331313131313131,0.3441569484936832,0.5187719298245613,0.03826931423611111,saikyuun-,7357181331656232198,https://www.tiktok.com/@saikyuun_/video/7357181331656232198,Hindi 'to creation camp 😖 #MLBB #MobileLegends #phmcbacesleague #astromalletlolita #fyp #mobilelegends_id #mlbb_indonesia,956000,50000,568
datasets/tiktok/mlbb/nilunaa/7633723990430747912.mp4,False,0.45255589485168457,4,0.5,0.35343434343434343,0.4873663751214772,0.3650877192982456,0.08312282986111111,nilunaa,7633723990430747912,https://www.tiktok.com/@nilunaa/video/7633723990430747912,Tutorial Hero Aulus revamp  #MLBBAulus #MLBB #mobilelegends #nilunaa,100100,2018,17
datasets/tiktok/mlbb/nilunaa/7622618169382800658.mp4,False,0.452298641204834,4,0.5,0.4350505050505051,0.437742954324587,0.3775438596491228,0.06897894965277777,nilunaa,7622618169382800658,https://www.tiktok.com/@nilunaa/video/7622618169382800658,Minato | Gusion Double Dash 2026 #MLBBxNaruto #MLBB #mobilelegends #nilunaa,56600,1344,25
datasets/tiktok/mlbb/saikyuun_/7576612720192113938.mp4,False,0.45017117261886597,4,0.5,0.2739393939393939,0.7380223517978621,0.19,0.0701953125,saikyuun-,7576612720192113938,https://www.tiktok.com/@saikyuun_/video/7576612720192113938,"""wag kana bumalik"" -Okata #MCGG #magicchessgogo #fyp #mobilelegends #MLBB",64600,2702,75
datasets/tiktok/mlbb/mlbbdailyclips/7167257964393417985.mp4,False,0.45013758540153503,4,0.5,0.5138383838383838,0.31980077745383867,0.48947368421052634,0.05187174479166666,mlbbdailyclips,7167257964393417985,https://www.tiktok.com/@mlbbdailyclips/video/7167257964393417985,"Kairi, is that your father? #kairi #onicesport #onic #dlar #kairirayosdelsol",618600,24000,102
datasets/tiktok/mlbb/willdominateyougg/7563592059458735378.mp4,False,0.44939136505126953,4,0.5,0.3132323232323232,0.4767249757045675,0.5596491228070175,0.054315321180555556,willdominateyougg,7563592059458735378,https://www.tiktok.com/@willdominateyougg/video/7563592059458735378,#MLBB #alucard #ichigokurosaki #aizen #fyp,117600,11600,128
datasets/tiktok/mlbb/bonitoflakesmlbb/7496404478258580754.mp4,False,0.4485604166984558,4,0.5,0.6101010101010101,0.3011647784113645,0.37982456140350873,0.04785264756944445,bonitoflakesmlbb,7496404478258580754,https://www.tiktok.com/@bonitoflakesmlbb/video/7496404478258580754,Turtle + Tripple Kill 😍 #fyp #mlbb #mlbbhighlights #MobileLegendsBangBang #selenazenith #selenamlbb,610,13,1
datasets/tiktok/mlbb/bonitoflakesmlbb/7435930499845000466.mp4,False,0.4484184682369232,4,0.5,0.5574747474747475,0.4087342079689018,0.1707017543859649,0.07669270833333333,bonitoflakesmlbb,7435930499845000466,https://www.tiktok.com/@bonitoflakesmlbb/video/7435930499845000466,Unbelievable 1 vs 5 + Lord Steal!!! 😱 Beatrix Savage 🔫 #mlbb #mlbbhighlights #mobilelegends #mlbbtiktok,523,19,2
datasets/tiktok/mlbb/mlbbttofficial/7612870862827490580.mp4,False,0.4483506977558136,4,0.5,0.531010101010101,0.3365572434330875,0.39614035087719296,0.058672960069444446,mlbb-official,7612870862827490580,https://www.tiktok.com/@mlbbttofficial/video/7612870862827490580,Can Marcel's Ultimate affect heroes in any state? Can he only freeze heroes? YES... or NO? 5 fun quizzes to reveal the mysterious photography of Marcel and Clemar! #MLBBMARCEL #MLBBNEWHERO #MLBBS40 #MLBBGoldenMonth #MobileLegendsBangBang,217500,11300,119
datasets/tiktok/mlbb/mlbbesports_official/7599273624696229138.mp4,False,0.4475160241127014,4,0.5,0.44525252525252523,0.2837220602526725,0.6189473684210527,0.053017578125000006,mlbb-esports,7599273624696229138,https://www.tiktok.com/@mlbbesports_official/video/7599273624696229138,Alter Ego start the Grand Finals with ANOTHER early fight 😏  #MLBBEsports #MLBBM7 #MobileLegendsBangBang #M7 #LetTheWorldSeeUs,769800,19200,1219
datasets/tiktok/mlbb/mlbbtopcreation/7205857731817868546.mp4,False,0.44679760932922363,4,0.5,0.6292929292929292,0.29507191715972103,0.3757894736842105,0.04212565104166667,mlbb-top-creation,7205857731817868546,https://www.tiktok.com/@mlbbtopcreation/video/7205857731817868546,"eyyy, the dodge @12_blades #mobilelegends #mgl #mlbbcreatorcamp",2488,114,2
datasets/tiktok/mlbb/mobilelegends_id/7644470787637873927.mp4,False,0.4466436505317688,4,0.5,0.6014141414141414,0.3979556688746927,0.22543859649122805,0.05257161458333333,mobilelegends-id,7644470787637873927,https://www.tiktok.com/@mobilelegends_id/video/7644470787637873927,"Skin Seasworn Oracle Pharsa yang secantik ini masa belum punya? Kesempatan terbatas, yuk user Pharsa ngumpul sini! 🤩 #MobileLegendsBangBang #samasamamain #serubarengmlbb #mobilelegends_id #Pharsa",23000,430,39
datasets/tiktok/mlbb/shrxking_fear/7597701907397856519.mp4,False,0.44602885842323303,4,0.5,0.41171717171717176,0.6076530612244898,0.1801754385964912,0.06075737847222222,shrxking-fear,7597701907397856519,https://www.tiktok.com/@shrxking_fear/video/7597701907397856519,TikTok video #7597701907397856519,2924,21,6
datasets/tiktok/mlbb/saikyuun_/7588484166488952071.mp4,False,0.44477397203445435,4,0.5,0.6302020202020202,0.32999271137026237,0.2824561403508772,0.04853407118055556,saikyuun-,7588484166488952071,https://www.tiktok.com/@saikyuun_/video/7588484166488952071,KOF Guinevereee #MCGG #MagicChessGoGo #MCGGGO1 #MCGGxKOF #MCGGMinotaur,5208,196,8
datasets/tiktok/mlbb/cedxvi/7287925718548319493.mp4,False,0.4446718990802765,4,0.5,0.5396969696969697,0.4003126607785971,0.32192982456140345,0.04847873263888889,cedxvi,7287925718548319493,https://www.tiktok.com/@cedxvi/video/7287925718548319493,Ducati x optimum pride #cedxvi,553900,35000,381
datasets/tiktok/mlbb/shrxking_fear/7641962643665898759.mp4,False,0.44451138377189636,4,0.5,0.2691919191919192,0.5187499999999999,0.5252631578947368,0.056666666666666664,shrxking-fear,7641962643665898759,https://www.tiktok.com/@shrxking_fear/video/7641962643665898759,####################################fypシ,246,3,0
datasets/tiktok/mlbb/shrxking_fear/7633286029406932231.mp4,False,0.44307830929756165,4,0.5,0.5101010101010102,0.42940012165580516,0.1287719298245614,0.08698676215277779,shrxking-fear,7633286029406932231,https://www.tiktok.com/@shrxking_fear/video/7633286029406932231,#jesuslovesyou,233,13,0
datasets/tiktok/mlbb/saikyuun_/7439299151193476359.mp4,False,0.4426642060279846,4,0.5,0.4758585858585858,0.4164613970588235,0.3831578947368421,0.04837022569444444,saikyuun-,7439299151193476359,https://www.tiktok.com/@saikyuun_/video/7439299151193476359,"But fr tho, the most handsome MLBB hero is Argus no cap 😍🥰 #MLBB #mobilelegends #phmcbacesleague #mlbbmegasale #mlbb1111ph24",21200,1523,39
datasets/tiktok/mlbb/mlbbtopcreation/7208094389099416833.mp4,False,0.44231879711151123,4,0.5,0.3804040404040404,0.4278188864831647,0.42701754385964913,0.06512369791666667,mlbb-top-creation,7208094389099416833,https://www.tiktok.com/@mlbbtopcreation/video/7208094389099416833,"your tank, tigreal @_yuenaaa #mobilelegends #mgl #mlbbcreatorcamp",5526,294,11
datasets/tiktok/mlbb/mlbbttofficial/7627083174496980245.mp4,False,0.4421519339084625,4,0.5,0.29292929292929293,0.4705717688861259,0.537719298245614,0.05714192708333333,mlbb-official,7627083174496980245,https://www.tiktok.com/@mlbbttofficial/video/7627083174496980245,"Once a hero protected the village, and his name became a legend. Now a young Leonin steps forward, carrying on the hero's legacy in the name of Aulus! #MobileLegendsBangBang #MLBBAULUS #MLBBREVAMPEDHERO #MLBBS40",612800,24300,279
datasets/tiktok/mlbb/mlbbttofficial/7634523575260613908.mp4,False,0.441435307264328,4,0.5,0.41909090909090907,0.38582361516034985,0.5096491228070176,0.046821831597222224,mlbb-official,7634523575260613908,https://www.tiktok.com/@mlbbttofficial/video/7634523575260613908,Watch out! This axe-wielding Leonin is built differently! #MobileLegendsBangBang #MLBBAULUS #MLBBREVAMPEDHERO #MLBBS40,388100,6490,165
datasets/tiktok/mlbb/saikyuun_/7223297994370714886.mp4,False,0.4411103427410126,4,0.5,0.2407070707070707,0.6157798833819242,0.3270175438596491,0.074443359375,saikyuun-,7223297994370714886,https://www.tiktok.com/@saikyuun_/video/7223297994370714886,"Uhaw na uhaw, Miya? 😂 #mlbballstar #bethesuperstar #mlbbxitzy #mlbbcreatorcamp #fyp",101600,6806,59
datasets/tiktok/mlbb/mlbbtopcreation/7205040406889778434.mp4,False,0.4410436153411865,4,0.5,0.26262626262626265,0.46047133138969876,0.6047368421052631,0.05406467013888888,mlbb-top-creation,7205040406889778434,https://www.tiktok.com/@mlbbtopcreation/video/7205040406889778434,my partner @_yuenaaa #mobilelegends #mgl #mlbbcreatorcamp,5882,295,9
datasets/tiktok/mlbb/mobilelegendsmy/7636000372741524754.mp4,False,0.43985792994499207,4,0.5,0.32292929292929295,0.39862730806608354,0.5356140350877193,0.065419921875,mobilelegendsmy,7636000372741524754,,,,,
datasets/tiktok/mlbb/saikyuun_/7578846076837301512.mp4,False,0.43928468227386475,4,0.5,0.35171717171717176,0.5256195335276969,0.3682456140350877,0.05459743923611111,saikyuun-,7578846076837301512,https://www.tiktok.com/@saikyuun_/video/7578846076837301512,Post gusto Live ayaw? #MLBB #mobilelegends #phmcbacesleague #fyp,12600,453,17
datasets/tiktok/mlbb/saikyuun_/7343439701531053317.mp4,False,0.4392256736755371,4,0.5,0.2374747474747475,0.5051384839650146,0.5343859649122806,0.061325954861111115,saikyuun-,7343439701531053317,https://www.tiktok.com/@saikyuun_/video/7343439701531053317,Waiting for Moonton to make this ship official 😭💕 #MLBB #MobileLegends #phmcbacesleague #phixiadynamicstreak #mlbbcreatorbase #fyp #ixiaxlayla,202800,21500,292
datasets/tiktok/mlbb/saikyuun_/7329058207119314182.mp4,False,0.4379045367240906,4,0.5,0.3787878787878788,0.45462827988338195,0.37982456140350873,0.061919487847222225,saikyuun-,7329058207119314182,https://www.tiktok.com/@saikyuun_/video/7329058207119314182,friendship no more 😤😡 #MLBB #MobileLegends #phmcbacesleague #phauroraaquariuszodiacmlbb #phauroraaquariusskin #fyp #mlbbxaot,1000000,140200,1288
datasets/tiktok/mlbb/saikyuun_/7159799359620582683.mp4,False,0.437101811170578,4,0.5,0.23424242424242422,0.6868440233236152,0.16614035087719298,0.08422526041666667,saikyuun-,7159799359620582683,https://www.tiktok.com/@saikyuun_/video/7159799359620582683,Chou and the boys flexing their anime skin 😎✨ 862765885 (10649) @MLBB TOP CREATION #mobilelegends #mlbbcreatorcamp #mccOctober #MLBBxSaintSeiya #mccsaintseiya_ph #fyp #fypシ,119200,6841,27
datasets/tiktok/mlbb/mlbbtopcreation/7211051068271201537.mp4,False,0.43705034255981445,4,0.5,0.48878787878787877,0.31630673251443436,0.3896491228070175,0.06361328125,mlbb-top-creation,7211051068271201537,https://www.tiktok.com/@mlbbtopcreation/video/7211051068271201537,aurora plays @suneogaming_ #mobilelegends #mgl #mlbbcreatorcamp,2611,126,4
datasets/tiktok/mlbb/mobilelegendsmy/7641587066031213845.mp4,False,0.43703341484069824,4,0.25,0.43696969696969695,0.6723639455782313,0.3192982456140351,0.1002951388888889,mobilelegendsmy,7641587066031213845,,,,,
datasets/tiktok/mlbb/mlbbphilippines/6987211989630094619.mp4,False,0.4367929995059967,4,0.5,0.4295959595959596,0.3871598639455782,0.41350877192982455,0.05676323784722222,mlbbphilippines,6987211989630094619,https://www.tiktok.com/@mlbbphilippines/video/6987211989630094619,Try ko lng😀... Phingi ka duo😬🥺#ml#tiktoktrend#fypシ#fypシ #fypシ #foryoupage #ml #fypシ゚viral #tiktoktrend #fypシ #fypシ #fypシ #fypシ #foryoupage #fypシ,93,3,0
datasets/tiktok/mlbb/willdominateyougg/7599213358394477831.mp4,False,0.43570733070373535,4,0.5,0.4317171717171717,0.33734500943234436,0.45,0.06408311631944444,willdominateyougg,7599213358394477831,https://www.tiktok.com/@willdominateyougg/video/7599213358394477831,mind=controlled🗿 #MLBB #mobilelegendsbangbang #argus #aizen #willdominateyougg,187900,14100,182
datasets/tiktok/mlbb/mobilelegendsmy/7637434819999173896.mp4,False,0.43390774726867676,4,0.5,0.4778787878787879,0.4358843537414966,0.22333333333333333,0.06345160590277778,mobilelegendsmy,7637434819999173896,,,,,
datasets/tiktok/mlbb/shrxking_fear/7609252799427153159.mp4,False,0.4332323372364044,4,0.5,0.44393939393939397,0.3297141356542617,0.5068421052631579,0.044518229166666666,shrxking-fear,7609252799427153159,https://www.tiktok.com/@shrxking_fear/video/7609252799427153159,.,252,2,0
datasets/tiktok/mlbb/mlbbtopcreation/7220605576370310401.mp4,False,0.4331488311290741,4,0.5,0.4413131313131313,0.34740646258503394,0.4692982456140351,0.04797092013888889,mlbb-top-creation,7220605576370310401,https://www.tiktok.com/@mlbbtopcreation/video/7220605576370310401,poor atlas HAHAHA @arnold92700 #mobilelegends #mgl #mlbbcreatorcamp,11200,1031,28
datasets/tiktok/mlbb/saikyuun_/7439645829125737735.mp4,False,0.4327790141105652,4,0.5,0.44252525252525254,0.4271737132352941,0.35719298245614034,0.04778862847222222,saikyuun-,7439645829125737735,https://www.tiktok.com/@saikyuun_/video/7439645829125737735,Dedma sa shadowban 😝 #MLBB #mobilelegends #phmcbacesleague #mlbbmegasale #mlbb1111ph24,316400,47700,459
datasets/tiktok/mlbb/bonitoflakesmlbb/7478129398898494728.mp4,False,0.43101292848587036,4,0.5,0.6336363636363637,0.13467367304064481,0.5461403508771929,0.02967447916666667,bonitoflakesmlbb,7478129398898494728,https://www.tiktok.com/@bonitoflakesmlbb/video/7478129398898494728,Ni Let Go ang pera 😂 Getting Guardian of the Shrine on its last day. #MobileLegendsBangBang #MLBB #lancelot #fypシ゚viralシ,138,3,0
datasets/tiktok/mlbb/mobilelegendsmy/7645487628556750098.mp4,False,0.4304969310760498,4,0.5,0.24353535353535355,0.5516034985422741,0.40807017543859647,0.060747612847222215,mobilelegendsmy,7645487628556750098,,,,,
datasets/tiktok/mlbb/bonitoflakesmlbb/7438051951729823032.mp4,False,0.430408775806427,4,0.5,0.434040404040404,0.625,0.01649122807017544,0.06180772569444444,bonitoflakesmlbb,7438051951729823032,https://www.tiktok.com/@bonitoflakesmlbb/video/7438051951729823032,Layla super reflex ☕ #mlbbtiktok #mobilelegends #mlbbhighlights #MobileLegendsBangBang #fypシ゚viralシ,3155,55,6
datasets/tiktok/mlbb/saikyuun_/7451075338785885447.mp4,False,0.43020954728126526,4,0.5,0.48656565656565653,0.44871452152289487,0.16964912280701752,0.06327582465277777,saikyuun-,7451075338785885447,https://www.tiktok.com/@saikyuun_/video/7451075338785885447,Replying to @Justine. sigma bois during M6 Livestream 🗿 #MLBBM6 #MLBBM6TorchRelay #GreaterThanEver #pinaspinakamalakas #mobilelegends #MLBB #m6 #mplphilippines #mlbbesports @Yunan @F11 • Trippings ^^,1500000,96900,676
datasets/tiktok/mlbb/mlbbtopcreation/7212836325987257602.mp4,False,0.43016716837882996,4,0.5,0.3398989898989899,0.5423100490196079,0.3031578947368421,0.05477213541666666,mlbb-top-creation,7212836325987257602,https://www.tiktok.com/@mlbbtopcreation/video/7212836325987257602,"paquito is lagging , lmao @xihporyz_ #mobilelegends #mgl #mlbbcreatorcamp",5678,360,3
datasets/tiktok/mlbb/mobilelegends_id/7639288225441336584.mp4,False,0.4287307560443878,4,0.5,0.415959595959596,0.2619644732893157,0.6119298245614035,0.04452582465277778,mobilelegends-id,7639288225441336584,https://www.tiktok.com/@mobilelegends_id/video/7639288225441336584,"Sejauh apa pun jalannya, ujung-ujungnya Hayabusa tetap pilih Kagura 😮‍💨✨ #mobilelegends_id #serubarengmlbb #samasamamain #MobileLegendsBangBang #MLBBGameplay",1400000,10400,1351
datasets/tiktok/mlbb/mobilelegends_id/7645592381579873554.mp4,False,0.42643821239471436,4,0.5,0.23404040404040405,0.5433309037900875,0.41385964912280704,0.05938802083333333,mobilelegends-id,7645592381579873554,https://www.tiktok.com/@mobilelegends_id/video/7645592381579873554,"Ikuti arah kipas kembar dan bersiaplah memasuki season baru. S41 Daun Gugur Membara akan hadir pada 17/06, nantikan! #MLBBHirara  #MLBBS41  #MLBBScarletEmbers  #MLBBNewHero  #MobileLegendsBangBang",90100,2985,179
datasets/tiktok/mlbb/shrxking_fear/7630492810231254280.mp4,False,0.4259447157382965,4,0.5,0.5303030303030303,0.3192308753858686,0.3443859649122807,0.04449435763888889,shrxking-fear,7630492810231254280,https://www.tiktok.com/@shrxking_fear/video/7630492810231254280,#fyyyyyyyyyyyyyyyyp #plslike #viral #,98,2,1
datasets/tiktok/mlbb/mlbbtopcreation/7205856810341895425.mp4,False,0.42515137791633606,4,0.5,0.04636363636363636,0.7291666666666666,0.38631578947368417,0.06909830729166666,mlbb-top-creation,7205856810341895425,https://www.tiktok.com/@mlbbtopcreation/video/7205856810341895425,this hurts @grooose #mobilelegends #mgl #mlbbcreatorcamp,2500,145,1
datasets/tiktok/mlbb/saikyuun_/7486318851123186952.mp4,False,0.42377880215644836,4,0.5,0.3401010101010101,0.4291666666666667,0.38421052631578945,0.061229383680555555,saikyuun-,7486318851123186952,https://www.tiktok.com/@saikyuun_/video/7486318851123186952,cute cute naman ng Kalea na yan 😆 #MLBB #mobilelegends #fyp #mlbbkalea #kaleadebut #mobilelegendsbangbang,1000000,28000,786
datasets/tiktok/mlbb/mobilelegendsmy/7639678089739488520.mp4,False,0.4233759641647339,4,0.25,0.32848484848484844,0.7083211856171039,0.3057894736842105,0.1082107204861111,mobilelegendsmy,7639678089739488520,,,,,
datasets/tiktok/mlbb/saikyuun_/7465292631736651026.mp4,False,0.4226418733596802,4,0.5,0.35777777777777775,0.625,0.14719298245614035,0.04810329861111111,saikyuun-,7465292631736651026,https://www.tiktok.com/@saikyuun_/video/7465292631736651026,Happy Lunar New Year~ 🥰🎉 suggest kayo hero 🌸 #MLBB #mobilelegends #phmcbacesleague #phbloomofabundancerafaela #fyp #mlbbmyhero,366200,47400,466
datasets/tiktok/mlbb/mobilelegends_id/7635297495186148628.mp4,False,0.4224095344543457,4,0.5,0.5071717171717172,0.16666666666666666,0.5573684210526315,0.045890842013888884,mobilelegends-id,7635297495186148628,https://www.tiktok.com/@mobilelegends_id/video/7635297495186148628,"Paham? Kalau belum, putar ulang sambil nikmatin BGM-nya! #MLBBTIDESIEGE #MLBBAllstar #MobileLegendsBangBang  #MLBBNewMode",1100000,4908,183
datasets/tiktok/mlbb/saikyuun_/7593633747417730322.mp4,False,0.42233794927597046,4,0.5,0.3371717171717172,0.3439233550563082,0.5417543859649123,0.05172960069444444,saikyuun-,7593633747417730322,https://www.tiktok.com/@saikyuun_/video/7593633747417730322,Pano daw #MLBB #MLBBM7 #mobilelegends #fyp,70000,7974,158
datasets/tiktok/mlbb/saikyuun_/7275181852405648645.mp4,False,0.4221626818180084,4,0.5,0.3977777777777778,0.4848760932944607,0.2729824561403509,0.04855034722222222,saikyuun-,7275181852405648645,https://www.tiktok.com/@saikyuun_/video/7275181852405648645,Tapang Lylia ah. Isang palo kalang ni Fredrinn 😂🤭 #phfredrinnlilia #neobeastsph #MLBB #mobilelegends #fyp,657000,41900,586
datasets/tiktok/mlbb/nilunaa/7644860241988816136.mp4,False,0.4211357831954956,4,0.5,0.21646464646464647,0.5875,0.29982456140350877,0.06877929687499999,nilunaa,7644860241988816136,https://www.tiktok.com/@nilunaa/video/7644860241988816136,Novaria Aim Setting 2026 🔥 #MLBBALLSTAR #MLBB #mobilelegends #MLBBNovaria #nilunaa,17800,361,7
datasets/tiktok/mlbb/shrxking_fear/7632306243108883720.mp4,False,0.42106983065605164,4,0.5,0.3749494949494949,0.4625,0.38403508771929823,0.03758680555555556,shrxking-fear,7632306243108883720,https://www.tiktok.com/@shrxking_fear/video/7632306243108883720,#funny,129,2,1
datasets/tiktok/mlbb/mlbbttofficial/7645219445178141972.mp4,False,0.4205400347709656,4,0.5,0.6175757575757577,0.20345885229091637,0.3231578947368421,0.04718315972222222,mlbb-official,7645219445178141972,https://www.tiktok.com/@mlbbttofficial/video/7645219445178141972,A Shadow Strikes! Who Is She? What's Her Weapon? What Skill Did She Use to One-Shot Hanabi? #MobileLegendsBangBang #MLBBNEWHERO #MLBBHIRARA #MLBBS41 #MLBBScarletEmbers,76800,5439,176
datasets/tiktok/mlbb/saikyuun_/7405173210771148040.mp4,False,0.4200059771537781,4,0.5,0.2891919191919192,0.47481331818441663,0.42263157894736836,0.051208767361111115,saikyuun-,7405173210771148040,https://www.tiktok.com/@saikyuun_/video/7405173210771148040,@Yunan sinubuan si @F11 • Trippings ^^ #MLBB #mobilelegends #fyp #phmcbacesleague #mlbbcreatorbase #phroguetalonmasha,342300,32500,490
datasets/tiktok/mlbb/mlbbttofficial/7614106709216316673.mp4,False,0.4198729693889618,4,0.5,0.19686868686868686,0.49999999999999994,0.4282456140350877,0.07126193576388888,mlbb-official,7614106709216316673,https://www.tiktok.com/@mlbbttofficial/video/7614106709216316673,"I'm waiting for the launch of Fanny ""Galactic Starhawk"" Legend Skin in MLBB. Are you ready? #MobileLegendsBangBang #MLBBFannyLegendSkin",75100,3739,69
datasets/tiktok/mlbb/mobilelegends_id/7638914531657403669.mp4,False,0.4198015630245209,4,0.5,0.4761616161616161,0.1508731617647059,0.5785964912280701,0.052027994791666664,mobilelegends-id,7638914531657403669,https://www.tiktok.com/@mobilelegends_id/video/7638914531657403669,Berapa gelombang yang bisa kamu lewati sebelum hitung mundur eliminasi berakhir? #MLBBTIDESIEGE #MLBBAllstar #MobileLegendsBangBang  #MLBBNewMode,2300000,15900,433
datasets/tiktok/mlbb/mlbbttofficial/7614100628532448528.mp4,False,0.4196062982082367,4,0.5,0.4901010101010101,0.27368804664723034,0.41491228070175434,0.04669596354166666,mlbb-official,7614100628532448528,https://www.tiktok.com/@mlbbttofficial/video/7614100628532448528,"On the gold-panning road of artistic creation, the most touching scenery is often scattered in the gravel known as ""behind the scenes."" #MLBBMARCEL #MLBBNEWHERO #MLBBS40 #MLBBGoldenMonth #MobileLegendsBangBang",1500000,10900,75
datasets/tiktok/mlbb/mlbbttofficial/7645217441718537493.mp4,False,0.4195074141025543,4,0.5,0.22272727272727272,0.5612609329446064,0.35561403508771927,0.060570746527777775,mlbb-official,7645217441718537493,https://www.tiktok.com/@mlbbttofficial/video/7645217441718537493,"Follow the trajectory of the twin fans and step into a brand new season. S41 Scarlet Embers will be available on 06/17, stay tuned! #MLBBHirara #MLBBS41 #MLBBScarletEmbers #MLBBNewHero #MobileLegendsBangBang",46200,4025,81
datasets/tiktok/mlbb/saikyuun_/7442604211457494280.mp4,False,0.41795021295547485,4,0.5,0.2403030303030303,0.54067055393586,0.4207017543859649,0.04548177083333334,saikyuun-,7442604211457494280,https://www.tiktok.com/@saikyuun_/video/7442604211457494280,Fever dream #MLBB #mobilelegends #mlbbm6torchrelay #m6laysiaboleh #phm6claude #mlbbcreatorbase,15900,622,26
datasets/tiktok/mlbb/mobilelegendsmy/7634169092177448209.mp4,False,0.4160594046115875,4,0.5,0.5073737373737374,0.16666666666666666,0.5199999999999999,0.04503472222222222,mobilelegendsmy,7634169092177448209,,,,,
datasets/tiktok/mlbb/mobilelegends_id/7645622743689415943.mp4,False,0.4153081774711609,4,0.5,0.6190909090909091,0.190064896494312,0.30666666666666664,0.046877170138888896,mobilelegends-id,7645622743689415943,https://www.tiktok.com/@mobilelegends_id/video/7645622743689415943,Bayangan Menyerang! Siapa Dia? Apa Senjatanya? Pakai Skill Apa untuk Langsung Mengeliminasi Hanabi? #MobileLegendsBangBang  #MLBBNEWHERO  #MLBBHIRARA  #MLBBS41  #MLBBScarletEmbers,150300,3663,304
datasets/tiktok/mlbb/mlbbttofficial/7634061545852407061.mp4,False,0.4117392897605896,4,0.5,0.35101010101010105,0.4341350826044704,0.34912280701754383,0.04763020833333333,mlbb-official,7634061545852407061,https://www.tiktok.com/@mlbbttofficial/video/7634061545852407061,"That play left me speechless, but the new skins are absolutely amazing! 👇 ALLSTAR ""Tidal Treasure Hunt"" begins on 04/30. Get Yu Zhong ""Tidescale Sealord"" and Yu Zhong ""Fathomless Sealord"" skins for FREE! #MLBBAllstar #MobileLegendsBangBang #MLBBNewSkin #MLBBFreeSkin",474000,8112,208
datasets/tiktok/mlbb/mobilelegendsmy/7638626554280561928.mp4,False,0.4111868739128113,4,0.5,0.46474747474747474,0.1372012867647059,0.57,0.04965060763888889,mobilelegendsmy,7638626554280561928,,,,,
datasets/tiktok/mlbb/mlbbcreator/7259339516509457669.mp4,False,0.41082563996315,4,0.5,0.26484848484848483,0.34811682708797803,0.5652631578947368,0.05265407986111111,mlbbcreator,7259339516509457669,https://www.tiktok.com/@mlbbcreator/video/7259339516509457669,Pasukan Abyss ☠️ #kisahheromobilegend #idedmuhammad,70500,3251,101
datasets/tiktok/mlbb/nilunaa/7623784332146101512.mp4,False,0.4105340242385864,4,0.25,0.5783838383838383,0.5140306122448979,0.25,0.073974609375,nilunaa,7623784332146101512,https://www.tiktok.com/@nilunaa/video/7623784332146101512,Bagus Starlight Mei 2026? #MLBB #mobilelegends #MLBBStarlight #nilunaa,285200,7996,253
datasets/tiktok/mlbb/mlbbtopcreation/7211050499213118721.mp4,False,0.40874460339546204,4,0.5,0.37717171717171716,0.2938775510204082,0.5,0.04387152777777778,mlbb-top-creation,7211050499213118721,https://www.tiktok.com/@mlbbtopcreation/video/7211050499213118721,gusion vs gusion @official.kichiro #mobilelegends #mgl #mlbbcreatorcamp,854,45,1
datasets/tiktok/mlbb/saikyuun_/7294921704474823941.mp4,False,0.4053357243537903,4,0.5,0.34404040404040404,0.48406219630709424,0.246140350877193,0.04840494791666666,saikyuun-,7294921704474823941,https://www.tiktok.com/@saikyuun_/video/7294921704474823941,"Pandesal ni Chou, Ling, at daddy Nolan 🥵😩💕 #MLBB #mobilelegends #phmcbacesleague #mlbbcreatorbase #mpl #fyp #mrs1020",1500000,181100,2472
datasets/tiktok/mlbb/mlbbesports_official/7602188229533551890.mp4,False,0.4046395421028137,4,0.5,0.3276767676767677,0.3553206997084548,0.44157894736842107,0.048434244791666664,mlbb-esports,7602188229533551890,https://www.tiktok.com/@mlbbesports_official/video/7602188229533551890,M7 Mid Game Show - no na LIVE Performance A SIZZLING Performance to the M7 Opening Ceremony. no na's queens absolutely SLAYED and lit up Tennis Indoor Stadium with this performance 🫶 #MLBBEsports #MLBB #M7 #LetTheWorldSeeUs #MobileLegendsBangBang,34400,595,18
datasets/tiktok/mlbb/mlbbesports_official/7598901608461733127.mp4,False,0.4045350253582001,4,0.5,0.2811111111111111,0.5603012633624879,0.20421052631578945,0.05398220486111112,mlbb-esports,7598901608461733127,https://www.tiktok.com/@mlbbesports_official/video/7598901608461733127,Final Boss. Conquered  #MLBBEsports #MLBBM7 #MobileLegendsBangBang #M7 #LetTheWorldSeeUs,4500000,99800,694
datasets/tiktok/mlbb/saikyuun_/7419540029644541191.mp4,False,0.4021543264389038,4,0.25,0.5333333333333333,0.40658406219630705,0.48175438596491227,0.05917534722222222,saikyuun-,7419540029644541191,https://www.tiktok.com/@saikyuun_/video/7419540029644541191,"Happy 8th Birthday, MLBB~ 🥳🥰 @Yunan @Fuego ONLY Account @F11 • Trippings ^^ @F11 • Gigadous_Tiktok @Lux @SHRX • Shaira Ortile @SHRX • Franca #mlbb8th #mlbbcelebr8 #mlbbcr8torparty #MLBB #phmcbacesleague #phmarvelousmaestroakai",1900000,154700,3248
datasets/tiktok/mlbb/mlbbesports_official/7644097568162532629.mp4,False,0.4009808897972107,4,0.5,0.35464646464646465,0.41251214771622935,0.2475438596491228,0.05907769097222222,mlbb-esports,7644097568162532629,https://www.tiktok.com/@mlbbesports_official/video/7644097568162532629,"FORGE THE NEW PATH | MCT EA · Ulaanbaatar Officially Announced On October 31, 2026, the MCT EA x ESN Grand Final will be held in Ulaanbaatar, opening a brand-new chapter for MCT EA. Here, the loudest crowd ignites the arena. Fearless competitors fight for glory. Every clash writes a new page in MLBB East Asia history. See you in Ulaanbaatar, where the path continues. #MCTEA #MLBBEsports #MobileLegendsBangBang",142000,4116,24
datasets/tiktok/mlbb/mobilelegendsmy/7638238914075020562.mp4,False,0.4004010856151581,4,0.5,0.534949494949495,0.19460641399416911,0.34543859649122804,0.043683810763888886,mobilelegendsmy,7638238914075020562,,,,,
datasets/tiktok/mlbb/mlbbesports_official/7599213486660406535.mp4,False,0.399999737739563,4,0.25,0.5297979797979798,0.48236151603498545,0.2850877192982456,0.07655598958333334,mlbb-esports,7599213486660406535,https://www.tiktok.com/@mlbbesports_official/video/7599213486660406535,"Pro Player reaction times just hit diff >>> Let the world see us! Mark your calendars for the M7! 📅 January 3rd - 25th, 2026 📍 Tenis Indoor Senayan – Knockout Stage & Grand Finals (Jan 21st–25th, 2026) 📍Stadium Madya - M7 Carnival (Jan 23rd-25th, 2026) 🎟 Get your tickets at id-mpl.com/m7 #MLBBEsports #MLBB #M7 #LetTheWorldSeeUs #MobileLegendsBangBang",1600000,84200,302
datasets/tiktok/mlbb/cedxvi/7062677129158249755.mp4,False,0.3989865779876709,4,0.25,0.45969696969696966,0.42309842687074833,0.5556140350877192,0.057841796875,cedxvi,7062677129158249755,https://www.tiktok.com/@cedxvi/video/7062677129158249755,Bonk #cedxvi,316600,39100,220
datasets/tiktok/mlbb/saikyuun_/7455896377701174546.mp4,False,0.39839208126068115,4,0.25,0.3097979797979798,0.6496112730806608,0.3587719298245614,0.0802126736111111,saikyuun-,7455896377701174546,https://www.tiktok.com/@saikyuun_/video/7455896377701174546,Zhuxin na gusto ay bad boy 🚩 #MLBB #mobilelegends #phmcbacesleague #phemberwispmysticzhuxin #mlbbcreatorbase,43900,4167,49
datasets/tiktok/mlbb/mlbbttofficial/7623737833664171285.mp4,False,0.3945564031600952,4,0.25,0.4542424242424242,0.5708008783870692,0.19456140350877194,0.08639431423611112,mlbb-official,7623737833664171285,https://www.tiktok.com/@mlbbttofficial/video/7623737833664171285,"Melissa, say cheese! Marcel & Melissa, precious photo #MLBBMARCEL #MLBBNEWHERO #MLBBS40 #MLBBGoldenMonth #MobileLegendsBangBang",3900000,60300,605
datasets/tiktok/mlbb/mobilelegendsmy/7645488648179174663.mp4,False,0.3944782316684723,4,0.5,0.5859595959595959,0.14474915859200824,0.30245614035087715,0.042861328125,mobilelegendsmy,7645488648179174663,,,,,
datasets/tiktok/mlbb/mlbbtopcreation/7213233632843009281.mp4,False,0.3941449522972107,4,0.5,0.28888888888888886,0.3142857142857143,0.5,0.045882161458333334,mlbb-top-creation,7213233632843009281,https://www.tiktok.com/@mlbbtopcreation/video/7213233632843009281,nana highlights @variuuz #mobilelegends #mgl #mlbbcreatorcamp,5896,260,9
datasets/tiktok/mlbb/shrxking_fear/7612225852599848199.mp4,False,0.3939319849014282,4,0.5,0.47545454545454546,0.1997448979591837,0.35035087719298247,0.050935329861111114,shrxking-fear,7612225852599848199,https://www.tiktok.com/@shrxking_fear/video/7612225852599848199,TikTok video #7612225852599848199,141,3,0
datasets/tiktok/mlbb/gosu.general/7108676101366385946.mp4,False,0.3931885361671448,4,0.5,0.49050505050505055,0.12524509803921569,0.5035087719298246,0.034720052083333335,gosu-general,7108676101366385946,https://www.tiktok.com/@gosu.general/video/7108676101366385946,TikTok video #7108676101366385946,134,1,0
datasets/tiktok/mlbb/saikyuun_/7271442382808304902.mp4,False,0.3927595615386963,4,0.25,0.32191919191919194,0.6583333333333333,0.4436842105263158,0.049091796874999996,saikyuun-,7271442382808304902,https://www.tiktok.com/@saikyuun_/video/7271442382808304902,First skill ni Minotaur sa dulo 👀 revamp zodiacs pwera kay Lunox 😭 #MLBB #mobilelegends #phmcbacesleague #mlbbphodettezodiacvirgo,661100,60600,573
datasets/tiktok/mlbb/mobilelegends_id/7644169765874961685.mp4,False,0.39150720834732056,4,0.25,0.40898989898989896,0.4189625850340136,0.5652631578947368,0.08140625,mobilelegends-id,7644169765874961685,https://www.tiktok.com/@mobilelegends_id/video/7644169765874961685,Tingkah aneh pascol pas dituduh dorong Wendy #AdaApaDenganWendy #WendyAllStarParty #MLBB #MLBBALLSTAR,25500,582,42
datasets/tiktok/mlbb/mlbbtopcreation/7221358183426559233.mp4,False,0.3914943337440491,4,0.5,0.3098989898989899,0.38815597667638485,0.40228070175438596,0.03525824652777778,mlbb-top-creation,7221358183426559233,https://www.tiktok.com/@mlbbtopcreation/video/7221358183426559233,16 best mage @ilybudangnikkay #mobilelegends #mgl #mlbbcreatorcamp,4609,313,7
datasets/tiktok/mlbb/mlbbttofficial/7637931077541104913.mp4,False,0.3913952708244324,4,0.5,0.5119191919191919,0.1856049562682216,0.3354385964912281,0.04334309895833333,mlbb-official,7637931077541104913,https://www.tiktok.com/@mlbbttofficial/video/7637931077541104913,Treasure Hunt Coins are actually dropping on the battlefield! 💰 The all-new battlefield effect [Tidal Gold Rush] is available for a limited time from 04/30 to 06/28! ⚔️ Gather your friends and head to the Dreadsea to start your Tidal Gold Rush journey! #MLBBAllstar #MobileLegendsBangBang #MLBBDreadsea,1500000,8288,284
datasets/tiktok/mlbb/gosu.general/7110793084677508378.mp4,False,0.39118286967277527,4,0.5,0.45101010101010097,0.2729956268221575,0.2828070175438596,0.04815755208333333,gosu-general,7110793084677508378,https://www.tiktok.com/@gosu.general/video/7110793084677508378,TikTok video #7110793084677508378,188,4,0
datasets/tiktok/mlbb/saikyuun_/7280846809742839045.mp4,False,0.38924795389175415,4,0.25,0.37050505050505056,0.5479713313896988,0.40438596491228074,0.0684157986111111,saikyuun-,7280846809742839045,https://www.tiktok.com/@saikyuun_/video/7280846809742839045,Revamp heroes + Bruno face reveal 😂 hanapan niyo ng jowa si Bruno!! 😭🙏 #NEXTFORU #mlbbann7versaya #mobilelegends #mlbb,954600,73000,459
datasets/tiktok/mlbb/nilunaa/7627122243029536008.mp4,False,0.38712942600250244,4,0.25,0.4802020202020202,0.47512147716229347,0.25,0.08390299479166667,nilunaa,7627122243029536008,https://www.tiktok.com/@nilunaa/video/7627122243029536008,Combo Yumss/Guinevere - Lompat bersama Flicker #MLBB #mobilelegends #MLBBMPL #MYtimeMYera #MPLMYS17,31900,528,8
datasets/tiktok/mlbb/mlbbtopcreation/7207270362348801281.mp4,False,0.3865705728530884,4,0.5,0.3854545454545455,0.13077016520894072,0.5396491228070175,0.04928385416666666,mlbb-top-creation,7207270362348801281,https://www.tiktok.com/@mlbbtopcreation/video/7207270362348801281,"Fear Me, If You DARE! @migosml #mobilelegends #mgl #mlbbcreatorcamp",4900,156,2
datasets/tiktok/mlbb/mlbbttofficial/7634453594447564052.mp4,False,0.38653135299682617,4,0.25,0.3801010101010101,0.36177701884325153,0.6863157894736842,0.05608289930555556,mlbb-official,7634453594447564052,https://www.tiktok.com/@mlbbttofficial/video/7634453594447564052,"Dive For Fortune | 2026 ALLSTAR Official Story Trailer | Mobile Legends: Bang Bang The ALLSTAR ship has sailed into the Dreadsea... Beneath the deep sea, there's more than just treasure. The closer you get to fortune, the closer you get to danger. Getting the treasure isn't the end; the real choice has just begun! Stay or leave? It's up to you. 🗓️ Witness the ending together on 05/08. Team Up, Dive for Fortune! 👀 Watch closely, the Siren's bounty is waiting for you to unlock. #MLBBALLSTAR #MLBBDreadsea",3600000,139800,3399
datasets/tiktok/mlbb/mlbbttofficial/7641443146106211604.mp4,False,0.3860103487968445,4,0.25,0.24898989898989898,0.5482238118461671,0.43157894736842106,0.09587131076388888,mlbb-official,7641443146106211604,https://www.tiktok.com/@mlbbttofficial/video/7641443146106211604,"Will you use the all-new ALLSTAR skin, Pharsa ""Seasworn Oracle""? #MLBBAllstar #MobileLegendsBangBang #MLBBNewSkin",428800,4649,150
datasets/tiktok/mlbb/mobilelegendsmy/7641435252841319701.mp4,False,0.3860103487968445,4,0.25,0.24898989898989898,0.5482238118461671,0.43157894736842106,0.09587131076388888,mobilelegendsmy,7641435252841319701,,,,,
datasets/tiktok/mlbb/mlbbtopcreation/7212905909398342914.mp4,False,0.38500940799713135,4,0.5,0.2511111111111111,0.4668217331575487,0.3510526315789474,0.03321072048611111,mlbb-top-creation,7212905909398342914,https://www.tiktok.com/@mlbbtopcreation/video/7212905909398342914,chou vs chou @xihporyz_ #mobilelegends #mgl #mlbbcreatorcamp,3024,221,3
datasets/tiktok/mlbb/mlbbesports_official/7599281996128374024.mp4,False,0.38436299562454224,4,0.5,0.23414141414141412,0.3342123009918253,0.4745614035087719,0.04934570312500001,mlbb-esports,7599281996128374024,https://www.tiktok.com/@mlbbesports_official/video/7599281996128374024,Edward X Light connection 🤝 #MLBBEsports #MLBBM7 #MobileLegendsBangBang #M7 #LetTheWorldSeeUs,403100,11000,118
datasets/tiktok/mlbb/cedxvi/7608179074313276679.mp4,False,0.3836480975151062,4,0.5,0.31606060606060604,0.3200072886297376,0.41035087719298247,0.04032335069444444,cedxvi,7608179074313276679,https://www.tiktok.com/@cedxvi/video/7608179074313276679,Never celebrate too ealy.. #mlbb #cedxvi,1200000,84800,223
datasets/tiktok/mlbb/cedxvi/7450090822554438930.mp4,False,0.38285863399505615,4,0.5,0.3685858585858586,0.38078231292517006,0.23649122807017545,0.041775173611111105,cedxvi,7450090822554438930,https://www.tiktok.com/@cedxvi/video/7450090822554438930,Johnson Legend skin!😳 #MLBB #cedxvi,65700,4081,85
datasets/tiktok/mlbb/mlbbtopcreation/7207270898615733506.mp4,False,0.3828182816505432,4,0.5,0.3791919191919192,0.26603498542274057,0.29210526315789476,0.05916449652777777,mlbb-top-creation,7207270898615733506,https://www.tiktok.com/@mlbbtopcreation/video/7207270898615733506,I Will Not Have MERCY! #mobilelegends #mgl #mlbbcreatorcamp,2695,103,1
datasets/tiktok/mlbb/mlbbdailyclips/7047025940404260122.mp4,False,0.3825007677078247,4,0.25,0.30272727272727273,0.875,0.0,0.07176106770833333,mlbbdailyclips,7047025940404260122,https://www.tiktok.com/@mlbbdailyclips/video/7047025940404260122,BTK MobaZane Getting Trolled by BTK SHARK by Stealing his Purple Buff,35,1,0
datasets/tiktok/mlbb/saikyuun_/7276021803330456838.mp4,False,0.3823659420013428,4,0.25,0.26161616161616164,0.7583333333333332,0.343859649122807,0.04630425347222222,saikyuun-,7276021803330456838,https://www.tiktok.com/@saikyuun_/video/7276021803330456838,Neobeast Fredrinn looks so fineee 😩💕 bagay na bagay yung trend sa kanila 😂 #phfredrinnlilia #neobeastsph #MLBB #mobilelegends #fyp,222200,19600,261
datasets/tiktok/mlbb/mlbbdailyclips/7047027471224491290.mp4,False,0.3820854425430298,4,0.25,0.1501010101010101,1.0,0.0,0.08321614583333334,mlbbdailyclips,7047027471224491290,https://www.tiktok.com/@mlbbdailyclips/video/7047027471224491290,BTK MobaZane Casually Smurfing,37,1,0
datasets/tiktok/mlbb/mlbbtopcreation/7220598890238643458.mp4,False,0.38174372911453247,4,0.25,0.3741414141414141,0.5690719144800778,0.3943859649122807,0.05343532986111112,mlbb-top-creation,7220598890238643458,https://www.tiktok.com/@mlbbtopcreation/video/7220598890238643458,poor moscov @jsa.mlbb #mobilelegends #mgl #mlbbcreatorcamp,5137,320,6
datasets/tiktok/mlbb/saikyuun_/7366164693947256069.mp4,False,0.38125747442245483,4,0.25,0.15393939393939396,0.8288265306122449,0.24403508771929822,0.07875000000000001,saikyuun-,7366164693947256069,https://www.tiktok.com/@saikyuun_/video/7366164693947256069,Every jungler's nightmare; a feeder marksman 😭 #MLBB #MobileLegends #phmcbacesleague #phfashionmogul #fyp #mobilelegends_id #mlbb_indonesia,93600,6660,110
datasets/tiktok/mlbb/mlbbdailyclips/7047365220041231643.mp4,False,0.3793741464614868,4,0.25,0.3021212121212121,0.8333333333333334,0.0,0.07944552951388889,mlbbdailyclips,7047365220041231643,https://www.tiktok.com/@mlbbdailyclips/video/7047365220041231643,BTK MobaZane Getting a Flashback on Dlarskie's YuZhong #mlb #mobilelegends #ohmyv33nus #wisegaming #blacklistinternational #mlbb #ml #gaming #tiktok #,275,0,0
datasets/tiktok/mlbb/mlbbdailyclips/7047023667422727451.mp4,False,0.3793153166770935,4,0.25,0.30252525252525253,0.8333333333333334,0.0,0.07924262152777778,mlbbdailyclips,7047023667422727451,https://www.tiktok.com/@mlbbdailyclips/video/7047023667422727451,BTK MobaZane Getting a Flashback on Dlarskie's Yu Zhong,72,1,0
datasets/tiktok/mlbb/shrxking_fear/7606326207851842834.mp4,False,0.3783199191093445,4,0.25,0.5496969696969697,0.3205253842608472,0.4594736842105263,0.05102756076388889,shrxking-fear,7606326207851842834,https://www.tiktok.com/@shrxking_fear/video/7606326207851842834,TikTok video #7606326207851842834,353,11,2
datasets/tiktok/mlbb/mobilelegends_id/7639656311814130952.mp4,False,0.3782353401184082,4,0.25,0.24232323232323233,0.6458333333333334,0.49543859649122807,0.04711480034722222,mobilelegends-id,7639656311814130952,https://www.tiktok.com/@mobilelegends_id/video/7639656311814130952,"Masih bingung sama event ALLSTAR? 👀✨ Tenang, di video ini dibahas dari cara main, misi, sampai reward yang bisa kamu dapet 😈 Jangan asal login doang, siapa tau ada hadiah yang kelewat 😭🔥 Udah ada yg dapet hadiahnya? 👇 #mobilelegends_id #serubarengmlbb #samasamamain #MobileLegendsBangBang  #MLBBAllStar",1400000,4459,298
datasets/tiktok/mlbb/mobilelegends_id/7641448165878598933.mp4,False,0.37754637002944946,4,0.25,0.22858585858585856,0.5444166371905905,0.41719298245614034,0.09489040798611112,mobilelegends-id,7641448165878598933,https://www.tiktok.com/@mobilelegends_id/video/7641448165878598933,"Apakah kamu akan menggunakan skin ALLSTAR terbaru, Pharsa ""Seasworn Oracle""? #MLBBAllstar #MobileLegendsBangBang #MLBBNewSkin",322200,1809,76
datasets/tiktok/mlbb/bonitoflakesmlbb/7465893624849435922.mp4,False,0.3745582103729248,4,0.25,0.45474747474747473,0.6329203109815354,0.0,0.08213107638888889,bonitoflakesmlbb,7465893624849435922,https://www.tiktok.com/@bonitoflakesmlbb/video/7465893624849435922,Lunox Savage!  Best build for Lunox #mlbbhighlights #mlbb #MOBILELEGENDSBANGBANG #mobilelegends #lunoxmlbb,378,17,0
datasets/tiktok/mlbb/saikyuun_/7588815200808176914.mp4,False,0.3735871911048889,4,0.25,0.50010101010101,0.41111516034985424,0.2919298245614035,0.06902994791666667,saikyuun-,7588815200808176914,https://www.tiktok.com/@saikyuun_/video/7588815200808176914,MCGG bulalo #MCGG #MagicChessGoGo #MCGGMinotaur #MCGGGO1 #MCGGxKOF,4912,114,8
datasets/tiktok/mlbb/gosu.general/7110766830423215386.mp4,False,0.37339359521865845,4,0.25,0.2535353535353535,0.39613051470588234,0.743157894736842,0.05625759548611112,gosu-general,7110766830423215386,https://www.tiktok.com/@gosu.general/video/7110766830423215386,TikTok video #7110766830423215386,25,2,0
datasets/tiktok/mlbb/mobilelegendsmy/7640417015408200967.mp4,False,0.3733740448951721,4,0.25,0.37,0.26912035349854224,0.7721052631578946,0.04997938368055556,mobilelegendsmy,7640417015408200967,,,,,
datasets/tiktok/mlbb/shrxking_fear/7615483316543687943.mp4,False,0.37288224697113037,4,0.25,0.3,0.48343051506316814,0.5070175438596491,0.06530815972222222,shrxking-fear,7615483316543687943,https://www.tiktok.com/@shrxking_fear/video/7615483316543687943,#fyyyyyyyyyyyyyyyyp #edit,142,1,0
datasets/tiktok/mlbb/shrxking_fear/7624911210470788370.mp4,False,0.3726769685745239,4,0.25,0.6252525252525252,0.27151501225490193,0.39017543859649123,0.048184678819444444,shrxking-fear,7624911210470788370,https://www.tiktok.com/@shrxking_fear/video/7624911210470788370,#groupchat,126,2,0
datasets/tiktok/mlbb/saikyuun_/7431485130364964103.mp4,False,0.37241750955581665,4,0.25,0.43898989898989904,0.4997962622549019,0.311578947368421,0.05742730034722222,saikyuun-,7431485130364964103,https://www.tiktok.com/@saikyuun_/video/7431485130364964103,Replying to @moontoon_asaan_si_souyou_💪💪 Turon Tiaga inspired animations 👹 #MLBB #mlbb8th #mlbbcelebr8 #mlbbcr8torparty #MILPH,214500,12900,187
datasets/tiktok/mlbb/saikyuun_/7398746206182182162.mp4,False,0.37113428115844727,4,0.25,0.3648484848484848,0.44099854227405255,0.42263157894736847,0.07635199652777779,saikyuun-,7398746206182182162,https://www.tiktok.com/@saikyuun_/video/7398746206182182162,Yunan girlfriend easy blue basket 💙 #MLBB #MobileLegends #fyp #mlbbskingifts #mobilelegendsbangbang,265200,24900,307
datasets/tiktok/mlbb/shrxking_fear/7615481221182688519.mp4,False,0.3709796667098999,4,0.25,0.29767676767676765,0.4861637512147716,0.4940350877192982,0.06538736979166666,shrxking-fear,7615481221182688519,https://www.tiktok.com/@shrxking_fear/video/7615481221182688519,#fyyyyyyyyyyyyyyyyp #edit,113,2,0
datasets/tiktok/mlbb/saikyuun_/7592920507469679890.mp4,False,0.3708100914955139,4,0.25,0.25191919191919193,0.7323129251700681,0.1714035087719298,0.0765798611111111,saikyuun-,7592920507469679890,https://www.tiktok.com/@saikyuun_/video/7592920507469679890,Swerte ko sa viewers ko ehe #MLBB #MLBBM7 #mobilelegends #fyp,15700,437,18
datasets/tiktok/mlbb/mlbbttofficial/7619300900540124433.mp4,False,0.37000948190689087,4,0.5,0.4892929292929293,0.2864795918367347,0.0,0.06242947048611111,mlbb-official,7619300900540124433,https://www.tiktok.com/@mlbbttofficial/video/7619300900540124433,Will you return with a full haul or seeing stars?💫 The brand-new mode is coming soon. Are you ready? #MLBBS40 #DecisiveMoment #MLBBNewPatch #MobileLegendsBangBang #MLBBNewMode,76300,4722,63
datasets/tiktok/mlbb/bonitoflakesmlbb/7480721991725485330.mp4,False,0.3689187169075012,4,0.5,0.324040404040404,0.26830660835762876,0.41982456140350877,0.03075737847222222,bonitoflakesmlbb,7480721991725485330,https://www.tiktok.com/@bonitoflakesmlbb/video/7480721991725485330,The Bomb has been planted. 💣 #selena #ml #mlbbhighlights  #mobilelegendsbangbang #mlbb #selenahighlights #fypシ゚viralシ,978,11,1
datasets/tiktok/mlbb/saikyuun_/7205900558367018267.mp4,False,0.368457555770874,4,0.25,0.14414141414141415,0.7375,0.44157894736842107,0.049710286458333336,saikyuun-,7205900558367018267,https://www.tiktok.com/@saikyuun_/video/7205900558367018267,Uyy may bagong Mobile MMORPG! Gawang Pinoy pa. Tara! Laro na ng Walk Online Mobile! #fyp #walkonlinemobile #pinoygames #mmorpg #gamer #ad,71700,2551,14
datasets/tiktok/mlbb/mobilelegends_id/7637772339828002069.mp4,False,0.36813998222351074,4,0.25,0.6780808080808081,0.3791909620991254,0.043859649122807015,0.06682508680555556,mobilelegends-id,7637772339828002069,https://www.tiktok.com/@mobilelegends_id/video/7637772339828002069,"Hook kanan, hook kiri… chaos bos! 🧊🌊😈 Franco di Frozen Sea + Tide Siege emang gak pernah dikasih napas 😭🔥 #mobilelegends_id #serubarengmlbb #samasamamain #MobileLegendsBangBang #FrozenSeaShowdown",1100000,1531,70
datasets/tiktok/mlbb/saikyuun_/7435254604662689042.mp4,False,0.36717766523361206,4,0.25,0.4663636363636363,0.3618440233236152,0.42122807017543856,0.05812174479166667,saikyuun-,7435254604662689042,https://www.tiktok.com/@saikyuun_/video/7435254604662689042,Replying to @How to Use Julian waiting sa edit ni @Yunan #MLBB #mobilelegends #mlbbcreatorbase #fyp #phmcbacesleague,351100,3520,56
datasets/tiktok/mlbb/mlbbdailyclips/7167257173595131138.mp4,False,0.36656051874160767,4,0.25,0.4628282828282828,0.37499999999999994,0.45228070175438595,0.048327907986111106,mlbbdailyclips,7167257173595131138,https://www.tiktok.com/@mlbbdailyclips/video/7167257173595131138,Dlar don't have a chill to her camera #dlar #dlarskie #evos #evosroar #kairi,372100,10000,14
datasets/tiktok/mlbb/mobilelegends_id/7640736964148202770.mp4,False,0.3661591410636902,4,0.25,0.3071717171717172,0.41345402000085746,0.5398245614035088,0.0669921875,mobilelegends-id,7640736964148202770,https://www.tiktok.com/@mobilelegends_id/video/7640736964148202770,"Petualangan ajaib dan pertemuan indah di Reruntuhan Ombak! Event ALLSTAR terus berlanjut! Pharsa ""Seasworn Oracle"" hadir dengan promo luar biasa! #MLBBAllstar  #MobileLegendsBangBang  #MLBBNewSkin",1100000,10700,341
datasets/tiktok/mlbb/mlbbtopcreation/7210393486690962690.mp4,False,0.36547887325286865,4,0.5,0.29323232323232323,0.4041666666666667,0.2089473684210526,0.04091905381944444,mlbb-top-creation,7210393486690962690,https://www.tiktok.com/@mlbbtopcreation/video/7210393486690962690,non-stop immobilize @variuuz #mobilelegends #mgl #mlbbcreatorcamp,2832,173,5
datasets/tiktok/mlbb/saikyuun_/7134633328061287706.mp4,False,0.3647063374519348,4,0.25,0.3524242424242424,0.7179133885697135,0.025964912280701753,0.07138129340277778,saikyuun-,7134633328061287706,https://www.tiktok.com/@saikyuun_/video/7134633328061287706,May sari-sariling mundo habang nag lolord 🥲 862765885 (10649) @mlbbtopcreation #mobilelegends #mlbbcreatorcamp #mccaugust #mcc_0819ph #fyp,573100,34600,381
datasets/tiktok/mlbb/shrxking_fear/7613352662200798471.mp4,False,0.3628113865852356,4,0.25,0.2598989898989899,0.6041666666666666,0.4259649122807017,0.04706814236111111,shrxking-fear,7613352662200798471,https://www.tiktok.com/@shrxking_fear/video/7613352662200798471,TikTok video #7613352662200798471,109,1,0
datasets/tiktok/mlbb/mlbbttofficial/7620336761142594832.mp4,False,0.3618120551109314,4,0.25,0.3957575757575758,0.2934488214928828,0.6473684210526316,0.04543077256944445,mlbb-official,7620336761142594832,https://www.tiktok.com/@mlbbttofficial/video/7620336761142594832,"MLBB × NARUTO Collab Round 2 is coming soon! Plus, 5 past collab skins are making a return! ""My foolish little brother."" With a cold glint in his crimson Mangekyo Sharingan, Itachi Uchiha engulfs the battlefield in fireballs spewed from his mouth. Turn the tide of battle with the all-new skin ""Itachi Uchiha"" now! Tap the video for an in-game sneak peek! #MLBBxNARUTO #MobileLegendsBangBang #MLBBNewSkin #NARUTO #MLBBFreeGaaraSkin #Valirfreeskin",7800000,155300,3278
datasets/tiktok/mlbb/nilunaa/7640781476556049672.mp4,False,0.3610392212867737,4,0.25,0.38626262626262625,0.6666666666666666,0.15,0.04495008680555555,nilunaa,7640781476556049672,https://www.tiktok.com/@nilunaa/video/7640781476556049672,5 Legendary Fish 🐟  #MLBBALLSTAR #MLBBTidalFishing #MLBB #mobilelegends #nilunaa,313800,12200,326
datasets/tiktok/mlbb/mlbbesports_official/7599115296703646984.mp4,False,0.35941433906555176,4,0.25,0.29858585858585857,0.5440597667638485,0.3878947368421053,0.055270182291666664,mlbb-esports,7599115296703646984,https://www.tiktok.com/@mlbbesports_official/video/7599115296703646984,"Let's hear what our guest star, DJ Viloid, thoughts about M7 Carnival and her wish for Indonesian' team! 🔥  Be sure to come to Stadium Madya GBK from 12 PM until the end because today is the LAST DAY! Get a special goodie bag from us if you’re among our Top 1,000 first registrants! 👀 Don’t forget to buy the tickets here: https://id-mpl.com/m7?q=carnival 🎫 #MLBBEsports #MLBBM7 #MobileLegendsBangBang #M7 #M7Carnival",461700,23200,142
datasets/tiktok/mlbb/mlbbttofficial/7617788188102233361.mp4,False,0.35823988914489746,4,0.25,0.38787878787878793,0.46437682215743437,0.34105263157894733,0.058131510416666664,mlbb-official,7617788188102233361,https://www.tiktok.com/@mlbbttofficial/video/7617788188102233361,Wait... did he just come out of the screen? 👀 #MLBBMARCEL #MLBBNEWHERO #MLBBS40 #MLBBGoldenMonth #MobileLegendsBangBang,1500000,24200,171
datasets/tiktok/mlbb/mobilelegendsmy/7634168444534918416.mp4,False,0.358162522315979,4,0.25,0.4034343434343435,0.3809402332361516,0.4926315789473684,0.04547526041666667,mobilelegendsmy,7634168444534918416,,,,,
datasets/tiktok/mlbb/mlbbesports_official/7599505516506664210.mp4,False,0.35793131589889526,4,0.25,0.2673737373737374,0.5469023323615161,0.35157894736842105,0.06956705729166666,mlbb-esports,7599505516506664210,https://www.tiktok.com/@mlbbesports_official/video/7599505516506664210,Even DJ Dipha Barus was amazed by the M7 Carnival's atmosphere! 💫 #MLBBEsports #MLBBM7 #MobileLegendsBangBang #M7 #M7Carnival,115900,2711,47
datasets/tiktok/mlbb/willdominateyougg/7553929901846383890.mp4,False,0.35737180709838867,4,0.25,0.5080808080808081,0.29678756323958155,0.44824561403508767,0.044866536458333335,willdominateyougg,7553929901846383890,https://www.tiktok.com/@willdominateyougg/video/7553929901846383890,mlbb anime ep 1 🗿 #MLBBNEXT2025 #READYFORNEXT #mlbb #argus #fyp,977600,103500,533
datasets/tiktok/mlbb/mobilelegends_id/7644085283176369428.mp4,False,0.3572956323623657,4,0.25,0.49767676767676766,0.2837268344837935,0.5010526315789473,0.04078342013888889,mobilelegends-id,7644085283176369428,https://www.tiktok.com/@mobilelegends_id/video/7644085283176369428,"Aku kira Luo Yi menjebakku, tapi ternyata ... Apakah ini semua bagian dari rencana Luo Yi!? Ikuti event ""Perburuan Harta Ombak"" untuk mendapatkan skin eksklusif terbaru Yu Zhong ""Tidescale Sealord"" secara GRATIS! #MLBBAllstar #MobileLegendsBangBang #MLBBFreeSkin #MLBBNewSkin",824900,3619,70
datasets/tiktok/mlbb/mlbbesports_official/7599209744930180359.mp4,False,0.3561583161354065,4,0.25,0.287979797979798,0.5395455458969303,0.36719298245614035,0.05971028645833333,mlbb-esports,7599209744930180359,https://www.tiktok.com/@mlbbesports_official/video/7599209744930180359,"One of the M7's Rising Stars, Nino 🤩 Let the world see us! Mark your calendars for the M7! 📅 January 3rd - 25th, 2026 📍 Tenis Indoor Senayan – Knockout Stage & Grand Finals (Jan 21st–25th, 2026) 📍Stadium Madya - M7 Carnival (Jan 23rd-25th, 2026) 🎟 Get your tickets at id-mpl.com/m7 #MLBBEsports #MLBB #M7 #LetTheWorldSeeUs #MobileLegendsBangBang",409400,9238,121
datasets/tiktok/mlbb/mlbbttofficial/7612608932997025045.mp4,False,0.3561532497406006,4,0.25,0.36353535353535354,0.4139844017964328,0.3812280701754386,0.06870768229166666,mlbb-official,7612608932997025045,https://www.tiktok.com/@mlbbttofficial/video/7612608932997025045,"Fanny ""Galactic Starhawk"", Fanny's first dual-form Legend Skin, is launching soon! Cast skills in-match to accumulate light blade energy. Reach 400 light blade energy to permanently transform in the current match! Plus, tons of exclusive items for the skin are also available. Don't miss out! #MobileLegendsBangBang#MLBBNewSkin#MLBBFannyLegendSkin",688900,36500,769
datasets/tiktok/mlbb/mlbbttofficial/7644097883519683861.mp4,False,0.3557007908821106,4,0.25,0.5073737373737374,0.246466653625736,0.524561403508772,0.041276041666666666,mlbb-official,7644097883519683861,https://www.tiktok.com/@mlbbttofficial/video/7644097883519683861,"I thought Luo Yi was setting me up, but to my surprise... Was this all part of Luo Yi's plan!? Join the ""Tidal Treasure Hunt"" event to get the all-new exclusive Yu Zhong ""Tidescale Sealord"" skin for FREE! #MLBBAllstar #MobileLegendsBangBang #MLBBFreeSkin #MLBBNewSkin",1100000,7694,244
datasets/tiktok/mlbb/mobilelegendsmy/7643856021278018837.mp4,False,0.3557007908821106,4,0.25,0.5073737373737374,0.246466653625736,0.524561403508772,0.041276041666666666,mobilelegendsmy,7643856021278018837,,,,,
datasets/tiktok/mlbb/saikyuun_/7284824386958396677.mp4,False,0.35560667514801025,4,0.25,0.2511111111111111,0.554701166180758,0.41789473684210526,0.05567599826388889,saikyuun-,7284824386958396677,https://www.tiktok.com/@saikyuun_/video/7284824386958396677,"Nolan, the new dzaddy hero in MLBB 😩💕 #NEXTFORU #MLBBNOLAN #nolandebut #mobilelegends #mlbb #fyp",2700000,266100,2506
datasets/tiktok/mlbb/mlbbtopcreation/7219185939338251522.mp4,False,0.35526007413864136,4,0.25,0.19414141414141411,0.4438001807866004,0.6107017543859649,0.06422309027777777,mlbb-top-creation,7219185939338251522,https://www.tiktok.com/@mlbbtopcreation/video/7219185939338251522,annoying nana hahaha @variuuz #mobilelegends #mgl #mlbbcreatorcamp,4988,315,5
datasets/tiktok/mlbb/mlbbesports_official/7599244725744438536.mp4,False,0.35036760568618774,4,0.25,0.33505050505050504,0.5754365808823529,0.07877192982456141,0.08666449652777777,mlbb-esports,7599244725744438536,https://www.tiktok.com/@mlbbesports_official/video/7599244725744438536,Two Captains 🤝 Two Different Games #MLBBEsports #MLBBM7 #MobileLegendsBangBang #M7 #LetTheWorldSeeUs,1000000,75400,221
datasets/tiktok/mlbb/bonitoflakesmlbb/7442217761234849032.mp4,False,0.3499114513397217,4,0.25,0.3886868686868687,0.5971292892156862,0.14385964912280702,0.05009765625,bonitoflakesmlbb,7442217761234849032,https://www.tiktok.com/@bonitoflakesmlbb/video/7442217761234849032,Sana lahat ng kampe ganito 🫶 (This kind of Teammate please) #mlbb #mlbbhighlights #mobilelegends #fypシ゚viralシ #MobileLegendsBangBang #mlbbfunnymoment,90,7,0
datasets/tiktok/mlbb/saikyuun_/7419312958322347271.mp4,False,0.3498201370239258,4,0.25,0.33090909090909093,0.3761418853255588,0.6103508771929824,0.03386176215277778,saikyuun-,7419312958322347271,https://www.tiktok.com/@saikyuun_/video/7419312958322347271,Lowkey best ship in MLBB 👀 #mlbb8th #mlbbcelebr8 #mlbbcr8torparty #MLBB #fyp,74300,5252,180
datasets/tiktok/mlbb/saikyuun_/7408098087987694856.mp4,False,0.34917938709259033,4,0.25,0.29525252525252527,0.49713608657748815,0.46456140350877195,0.04004665798611111,saikyuun-,7408098087987694856,https://www.tiktok.com/@saikyuun_/video/7408098087987694856,Teh bili ako tsikolet 🍫 #MLBB  #mobilelegends  #phmcbacesleague #fyp #phvirgoodette,128400,10400,168
datasets/tiktok/mlbb/nilunaa/7606955705421073672.mp4,False,0.34901630878448486,4,0.25,0.44636363636363635,0.5160228377065111,0.0,0.08338867187500001,nilunaa,7606955705421073672,https://www.tiktok.com/@nilunaa/video/7606955705421073672,Franco MPL Double Hook #MLBBxKOF #MLBBKOFSkinFreeTrial #MLBBxOPPO #MLBB #mobilelegends,164300,3733,39
datasets/tiktok/mlbb/mlbbttofficial/7634525482532261140.mp4,False,0.3477679491043091,4,0.25,0.492020202020202,0.16666666666666666,0.588421052631579,0.044659288194444445,mlbb-official,7634525482532261140,https://www.tiktok.com/@mlbbttofficial/video/7634525482532261140,"Got it? If not, run it back with the BGM. #MLBBTIDESIEGE #MLBBAllstar #MobileLegendsBangBang #MLBBNewMode",780700,8001,233
datasets/tiktok/mlbb/nilunaa/7623026119045958919.mp4,False,0.347431480884552,4,0.25,0.36696969696969695,0.5798360906862745,0.14526315789473684,0.05803385416666667,nilunaa,7623026119045958919,https://www.tiktok.com/@nilunaa/video/7623026119045958919,Ril minato kah?  #MLBBxNaruto #MLBB #mobilelegends #nilunaa,17100,596,24
datasets/tiktok/mlbb/gosu.general/7108902716080000283.mp4,False,0.34654104709625244,4,0.25,0.5066666666666667,0.08091104298862402,0.68,0.04371961805555555,gosu-general,7108902716080000283,https://www.tiktok.com/@gosu.general/video/7108902716080000283,sooo sad,145,0,0
datasets/tiktok/mlbb/mlbbttofficial/7606266538470968597.mp4,False,0.34524810314178467,4,0.25,0.2406060606060606,0.41305621355685135,0.5301754385964912,0.06170572916666667,mlbb-official,7606266538470968597,https://www.tiktok.com/@mlbbttofficial/video/7606266538470968597,"New Season 40 is coming soon. Press the shutter—every ""decisive moment"" is yours to create. #MLBBNEWHERO #MLBBS40 #MLBBDECISIVEMOMENT #MLBBGoldenMonth #MobileLegendsBangBang",42900,834,229
datasets/tiktok/mlbb/shrxking_fear/7612616815373520135.mp4,False,0.3449668288230896,4,0.25,0.2787878787878788,0.5921282798833819,0.15859649122807018,0.07572808159722222,shrxking-fear,7612616815373520135,https://www.tiktok.com/@shrxking_fear/video/7612616815373520135,#Sonic,136,2,0
datasets/tiktok/mlbb/saikyuun_/7309769443985411333.mp4,False,0.3435215353965759,4,0.25,0.20101010101010103,0.5922376093294461,0.3208771929824561,0.064404296875,saikyuun-,7309769443985411333,https://www.tiktok.com/@saikyuun_/video/7309769443985411333,"Arlott, just passing by 🫣💕 #pinaslangmalakas #bangbangbonusbeat #MLBBM5 #MLBB #MobileLegends #phmcbacesleague #pharlottfuryofthedeep #fyp #fypシ",104100,6597,62
datasets/tiktok/mlbb/saikyuun_/7322059418508545285.mp4,False,0.3430700898170471,4,0.25,0.18444444444444444,0.6472546161321671,0.3503508771929824,0.047447916666666666,saikyuun-,7322059418508545285,https://www.tiktok.com/@saikyuun_/video/7322059418508545285,Bruno girlfriend reveal 2024 🫢💕 #MLBB #MobileLegends #phmcbacesleague #phbrunostreethype #fyp #MLBBCICI #cicidebut,264500,30200,341
datasets/tiktok/mlbb/saikyuun_/7591029919681875207.mp4,False,0.3430131673812866,4,0.25,0.6047474747474747,0.3691145833333333,0.0,0.06773654513888888,saikyuun-,7591029919681875207,https://www.tiktok.com/@saikyuun_/video/7591029919681875207,Walang nakakita #MLBB #MLBBM7 #mobilelegends  #mlbbcreatorbase  #fyp,79300,2129,78
datasets/tiktok/mlbb/mlbbttofficial/7634519662126009621.mp4,False,0.34198230504989624,4,0.25,0.30313131313131314,0.44906250000000003,0.39771929824561403,0.05566948784722222,mlbb-official,7634519662126009621,https://www.tiktok.com/@mlbbttofficial/video/7634519662126009621,"Treasure Awaits in the Deep Sea! Participate in the ALLSTAR ""Tidal Treasure Hunt"" event to get ALLSTAR-exclusive gold accessory, massive Diamonds, all-new exclusive skins, and exclusive items for FREE! Team Up, Dive for Fortune! Note: Physical gold reward delivery is currently not available in certain regions. In such cases, an equivalent amount of in-game Diamonds will be issued instead. Final results are subject to the actual reward distribution. #MLBBAllstar #MLBBrealgold #MobileLegendsBangBang #MLBBFreeSkin #MLBBNewSkin",196100,1209,97
datasets/tiktok/mlbb/saikyuun_/7441129037088541960.mp4,False,0.33954960107803345,4,0.25,0.2556565656565657,0.5324617034313726,0.24315789473684207,0.07497287326388888,saikyuun-,7441129037088541960,https://www.tiktok.com/@saikyuun_/video/7441129037088541960,"He is, without a doubt, the most handsome guy in MLBB 🗿#MLBB #mobilelegends #mlbbm6torchrelay #m6laysiaboleh #phm6claude #mlbbcreatorbase",420000,28300,379
datasets/tiktok/mlbb/willdominateyougg/7635599010580942087.mp4,False,0.33940207958221436,4,0.25,0.42737373737373735,0.2434390318627451,0.527719298245614,0.044383680555555555,willdominateyougg,7635599010580942087,https://www.tiktok.com/@willdominateyougg/video/7635599010580942087,argus buff💀 #MLBBALLSTAR #MLBBDreadsea #MLBBSiren #MLBBTidalGoldRush #willdominateyougg,657900,35700,363
datasets/tiktok/mlbb/gosu.general/7108677883282885915.mp4,False,0.33900076150894165,4,0.25,0.08242424242424243,0.5902696793002916,0.4429824561403508,0.07037977430555556,gosu-general,7108677883282885915,https://www.tiktok.com/@gosu.general/video/7108677883282885915,TikTok video #7108677883282885915,1778,33,0
datasets/tiktok/mlbb/shrxking_fear/7623784348990360850.mp4,False,0.3389461636543274,4,0.5,0.31707070707070706,0.22717830882352938,0.26929824561403504,0.03536458333333334,shrxking-fear,7623784348990360850,https://www.tiktok.com/@shrxking_fear/video/7623784348990360850,#fyyyyyyyyyyyyyyyyp,200,3,1
datasets/tiktok/mlbb/shrxking_fear/7625084399373045000.mp4,False,0.33874863386154175,4,0.5,0.26686868686868687,0.34682291666666665,0.0968421052631579,0.052473958333333334,shrxking-fear,7625084399373045000,https://www.tiktok.com/@shrxking_fear/video/7625084399373045000,#fyyyyyyyyyyyyyyyyp #followme #myedit,240,5,0
datasets/tiktok/mlbb/shrxking_fear/7605078805908065543.mp4,False,0.3366542458534241,4,0.25,0.2582828282828283,0.6225218658892128,0.3056140350877192,0.03226236979166666,shrxking-fear,7605078805908065543,https://www.tiktok.com/@shrxking_fear/video/7605078805908065543,just bored,136,1,0
datasets/tiktok/mlbb/mobilelegendsmy/7643354079170809095.mp4,False,0.3358040452003479,4,0.25,0.26141414141414143,0.5499878522837707,0.24280701754385964,0.06337022569444445,mobilelegendsmy,7643354079170809095,,,,,
datasets/tiktok/mlbb/cedxvi/7575517826778287367.mp4,False,0.3357633352279663,4,0.25,0.39282828282828286,0.3110058309037901,0.3419298245614035,0.06940212673611112,cedxvi,7575517826778287367,https://www.tiktok.com/@cedxvi/video/7575517826778287367,Who will win?✋💀🤚#MLBB #MLBBNewMode #MLBBChaosClash,1400000,61400,344
datasets/tiktok/mlbb/saikyuun_/7454529475015953672.mp4,False,0.33573490381240845,4,0.25,0.19737373737373737,0.4479227405247813,0.4619298245614035,0.06658745659722222,saikyuun-,7454529475015953672,https://www.tiktok.com/@saikyuun_/video/7454529475015953672,"nasobrahan sa tp, naging pet peeve tuloy 😣😭 #MLBB #mobilelegends #phmcbacesleague #ph2024starlightfest #mlbbcreatorbase #pinaspinakamalakas #GreaterThanEver",71300,3901,89
datasets/tiktok/mlbb/nilunaa/7634489344333499666.mp4,False,0.33521950244903564,4,0.25,0.25,0.5975704567541302,0.1943859649122807,0.06272569444444445,nilunaa,7634489344333499666,https://www.tiktok.com/@nilunaa/video/7634489344333499666,AllStar Map - Dread Sea  #MLBBALLSTAR #MLBBDreadsea #MLBBCreator #MLBB #nilunaa,62600,1137,31
datasets/tiktok/mlbb/mlbbttofficial/7640357733094427924.mp4,False,0.3336206078529358,4,0.25,0.2325252525252525,0.4375876377336649,0.4470175438596491,0.05889756944444445,mlbb-official,7640357733094427924,https://www.tiktok.com/@mlbbttofficial/video/7640357733094427924,An invitation from Tidal Ruins! Join Pharsa and find your deep-sea treasure in the ALLSTAR event! #MLBBAllstar #MobileLegendsBangBang #MLBBNewSkin,533000,7712,179
datasets/tiktok/mlbb/mobilelegendsmy/7640419086870039826.mp4,False,0.3336206078529358,4,0.25,0.2325252525252525,0.4375876377336649,0.4470175438596491,0.05889756944444445,mobilelegendsmy,7640419086870039826,,,,,
datasets/tiktok/mlbb/saikyuun_/7402199241331952903.mp4,False,0.3322700262069702,4,0.25,0.37727272727272726,0.39636182598039216,0.3075438596491228,0.05269639756944444,saikyuun-,7402199241331952903,https://www.tiktok.com/@saikyuun_/video/7402199241331952903,iisa lang talaga boses nila Layla at Anne😭💕 #MLBB #MobileLegends #fyp #mlbbcreatorbase #phmcbacesleague,644800,70800,634
datasets/tiktok/mlbb/mobilelegends_id/7643722644336037127.mp4,False,0.3321780562400818,4,0.25,0.4133333333333334,0.4853498542274053,0.0,0.0796994357638889,mobilelegends-id,7643722644336037127,https://www.tiktok.com/@mobilelegends_id/video/7643722644336037127,"Skin cakep, damage tetep sakit 😭🔥 #mobilelegends_id #serubarengmlbb #samasamamain #MobileLegendsBangBang  #Obsidia",69300,908,75
datasets/tiktok/mlbb/gosu.general/7110794923267378459.mp4,False,0.33193618059158325,4,0.25,0.3378787878787879,0.3556851311953353,0.44526315789473686,0.04749565972222223,gosu-general,7110794923267378459,https://www.tiktok.com/@gosu.general/video/7110794923267378459,TikTok video #7110794923267378459,20,0,0
datasets/tiktok/mlbb/mlbbesports_official/7643796660874661141.mp4,False,0.3288807272911072,4,0.25,0.46050505050505053,0.24742373288601155,0.33807017543859647,0.05797634548611111,mlbb-esports,7643796660874661141,https://www.tiktok.com/@mlbbesports_official/video/7643796660874661141,The Champions of Thailand🇹🇭 🥶 #MobileLegendsBangBang #MLBBEsports #MSCatEWC2026 #MPLHighlight,25200,485,16
datasets/tiktok/mlbb/mlbbtopcreation/7227726458758712578.mp4,False,0.32809239625930786,4,0.25,0.37535353535353533,0.2977891156462585,0.3884210526315789,0.05871093750000001,mlbb-top-creation,7227726458758712578,https://www.tiktok.com/@mlbbtopcreation/video/7227726458758712578,Fighter Bane @myatminkhantws  #mobilelegends #mgl #mlbbcreatorcamp,9696,575,13
datasets/tiktok/mlbb/mlbbtopcreation/7205040526259768578.mp4,False,0.3265547752380371,4,0.25,0.3136363636363636,0.5475218658892128,0.16210526315789472,0.05221462673611112,mlbb-top-creation,7205040526259768578,https://www.tiktok.com/@mlbbtopcreation/video/7205040526259768578,flexing @kopinokopi #mobilelegends #mgl #mlbbcreatorcamp,3424,155,10
datasets/tiktok/mlbb/shrxking_fear/7623671859963383047.mp4,False,0.32402706146240234,4,0.25,0.39101010101010103,0.5112852283770651,0.0,0.06861111111111111,shrxking-fear,7623671859963383047,https://www.tiktok.com/@shrxking_fear/video/7623671859963383047,#fyyyyyyyyyyyyyyyyp #plslike #myedit #followme,227,5,1
datasets/tiktok/mlbb/mlbbtopcreation/7211363897113087234.mp4,False,0.32285013794898987,4,0.25,0.38,0.43298104956268224,0.27157894736842103,0.03642795138888889,mlbb-top-creation,7211363897113087234,https://www.tiktok.com/@mlbbtopcreation/video/7211363897113087234,yin vs julian @pnx.ladymikuro #mobilelegends #mgl #mlbbcreatorcamp,2595,94,3
datasets/tiktok/mlbb/mobilelegends_id/7644448823288302855.mp4,False,0.3225014805793762,4,0.25,0.35909090909090907,0.48002450980392153,0.1501754385964912,0.05415907118055555,mobilelegends-id,7644448823288302855,https://www.tiktok.com/@mobilelegends_id/video/7644448823288302855,Starlight bulan Mei sudah di penghujung hari! Beli member starlight untuk dapetin skin eksklusif Obsidia sebelum kelewatan 👀 #mobilelegends_id #Obsidia #serubarengmlbb #samasamamain #MobileLegendsBangBang,32500,768,54
datasets/tiktok/mlbb/saikyuun_/7356439521686277382.mp4,False,0.3222101330757141,4,0.25,0.28545454545454546,0.47266077859715316,0.29473684210526313,0.04882921006944444,saikyuun-,7356439521686277382,https://www.tiktok.com/@saikyuun_/video/7356439521686277382,Moskov's human form 😍 #MLBB #MobileLegends #phmcbacesleague #phluckydrawmoskov #mlbbtaralaro #mlbballstar #fyp #mobilelegends_id #mlbb_indonesia,73100,3912,69
datasets/tiktok/mlbb/saikyuun_/7286770746439830789.mp4,False,0.3222029209136963,4,0.25,0.03878787878787879,0.6708333333333334,0.35999999999999993,0.05590386284722222,saikyuun-,7286770746439830789,https://www.tiktok.com/@saikyuun_/video/7286770746439830789,"Sige na Nolan, uwi na kita 🥰💕 Tats by Tats cover ni Nolan 😂 #nextforu #MLBBNOLAN #nolandebut #fyp #mobilelegends #mlbb #mlbbann7versaya",1400000,136200,1820
datasets/tiktok/mlbb/saikyuun_/7265893628470463749.mp4,False,0.3215118944644928,4,0.25,0.2675757575757576,0.54328231292517,0.12666666666666665,0.06814127604166667,saikyuun-,7265893628470463749,https://www.tiktok.com/@saikyuun_/video/7265893628470463749,"Aldous nag ulti, may sumanib, may naka invi, may sirena 👀 #MLBB #mobilelegends #phmcbacesleague  #mlbbphlesleystellarisghost #fyp #fypシ",91000,5493,79
datasets/tiktok/mlbb/mobilelegends_id/7640056264147406101.mp4,False,0.32046160101890564,4,0.25,0.32484848484848483,0.3922497570456754,0.29140350877192983,0.058190104166666666,mobilelegends-id,7640056264147406101,https://www.tiktok.com/@mobilelegends_id/video/7640056264147406101,"ADA APA DENGAN WENDY?  Perjamuan mewah berubah jadi petaka. Saat lampu padam, Wendy Walters mendadak hilang!!! Siapa pelakunya? Ada clue eksklusif dari para KOL. Tulis user ID kamu di komentar & vote siapa pelakunya di TikTok. Log in MLBB dan cek mailboxmu sekarang! 📮 #AdaApaDenganWendy #SiapaMencelakaiWendy #WendyAllStarParty #MLBB #MLBBALLSTAR",176400000,219200,53400
datasets/tiktok/mlbb/mobilelegends_id/7645164219469466898.mp4,False,0.32039815187454224,4,0.25,0.5494949494949495,0.30587949465500486,0.0,0.07230685763888889,mobilelegends-id,7645164219469466898,https://www.tiktok.com/@mobilelegends_id/video/7645164219469466898,Setuju gak nih sama list ini? 👀 #mobilelegends_id #serubarengmlbb #samasamamain #MobileLegendsBangBang  #MLBBLore,56600,837,64
datasets/tiktok/mlbb/bonitoflakesmlbb/7443990086326160647.mp4,False,0.32038143277168274,4,0.25,0.3847474747474747,0.40654761904761905,0.15438596491228068,0.06313910590277778,bonitoflakesmlbb,7443990086326160647,https://www.tiktok.com/@bonitoflakesmlbb/video/7443990086326160647,Unkillable! #MobileLegendsBangBang #fypシ゚viralシ #selenamlbbtiktok #MLBB #mlbbhighlights #mobilelegends,4613,139,2
datasets/tiktok/mlbb/mlbbesports_official/7601139244228201746.mp4,False,0.3201286792755127,4,0.25,0.39323232323232327,0.27531584062196307,0.3975438596491228,0.04700520833333333,mlbb-esports,7601139244228201746,https://www.tiktok.com/@mlbbesports_official/video/7601139244228201746,Still miss the M7? We'll roast our way through that 👍 #MLBBEsports #MLBBM7 #MobileLegendsBangBang #M7 #LetTheWorldSeeUs,315200,7185,43
datasets/tiktok/mlbb/mlbbttofficial/7620403395244952848.mp4,False,0.31935957074165344,4,0.25,0.3196969696969697,0.21431806204624707,0.5371929824561403,0.05703342013888889,mlbb-official,7620403395244952848,https://www.tiktok.com/@mlbbttofficial/video/7620403395244952848,What happens when two Marcels snap each other at the same time? #MLBBMARCEL #MLBBNEWHERO #MLBBS40 #MLBBGoldenMonth #MobileLegendsBangBang,541300,3760,199
datasets/tiktok/mlbb/mobilelegends_id/7640429760174329109.mp4,False,0.31860649585723877,4,0.25,0.21797979797979797,0.41997770536786144,0.40438596491228074,0.05704318576388889,mobilelegends-id,7640429760174329109,https://www.tiktok.com/@mobilelegends_id/video/7640429760174329109,Ada undangan dari Reruntuhan Ombak! Ayo bergabung bersama Pharsa dan temukan harta karun laut dalam di event ALLSTAR! #MLBBAllstar #MobileLegendsBangBang #MLBBNewSkin,537400,4583,126
datasets/tiktok/mlbb/mlbbesports_official/7599264207460158728.mp4,False,0.31823867559432983,4,0.25,0.30646464646464644,0.4293610301263362,0.3180701754385965,0.04439561631944444,mlbb-esports,7599264207460158728,https://www.tiktok.com/@mlbbesports_official/video/7599264207460158728,"MLBB Esports 2026 Roadmap Ready for a HUGE Year Ahead... The MLBB Roadmap for the 2026 Season. Continuing our collab with the EWC for the Mid Season Cup, and the first ever M Series outside of Asia 🤩 Are you ready? Let the world see us! Mark your calendars for the M7! 📅 January 3rd - 25th, 2026 📍 Tenis Indoor Senayan – Knockout Stage & Grand Finals (Jan 21st–25th, 2026) 📍Stadium Madya - M7 Carnival (Jan 23rd-25th, 2026) 🎟 Get your tickets at id-mpl.com/m7 #MLBBEsports #MLBB #M7 #LetTheWorldSeeUs #MobileLegendsBangBang",272700,7465,125
datasets/tiktok/mlbb/mlbbttofficial/7606325986681949460.mp4,False,0.3173910677433014,4,0.25,0.14656565656565657,0.5291666666666667,0.32035087719298244,0.06410047743055555,mlbb-official,7606325986681949460,https://www.tiktok.com/@mlbbttofficial/video/7606325986681949460,"Some bring friends, some bring partners, and some bring... themselves? #MLBBMARCEL #MLBBNEWHERO #MLBBS40 #MLBBGoldenMonth #MobileLegendsBangBang",3200000,26100,417
datasets/tiktok/mlbb/nilunaa/7641470804374392082.mp4,False,0.31675606966018677,4,0.25,0.22929292929292927,0.5799805636540329,0.16350877192982455,0.055750868055555555,nilunaa,7641470804374392082,https://www.tiktok.com/@nilunaa/video/7641470804374392082,Fungsi Legendary Fish ?! #MLBBALLSTAR #MLBBTidalFishing #MLBB #mobilelegends #nilunaa,13500,241,10
datasets/tiktok/mlbb/mlbbttofficial/7644513280131747093.mp4,False,0.31663745641708374,4,0.25,0.24373737373737375,0.4823736637512148,0.2880701754385965,0.052897135416666664,mlbb-official,7644513280131747093,https://www.tiktok.com/@mlbbttofficial/video/7644513280131747093,"ALLSTAR Showdown: Siren's Bounty Gold Hunters, welcome to the real-life Dreadsea. 10 regions and 10 ALLSTARs will clash face-to-face here for the very first time. There is no turning back. The rules of the game are the only law of survival. Who will defend their region's ultimate honor? The Siren's Bounty is ready. Who will emerge as the final winner? @elizabethtsm @khinwintwahml @ortileshaira @Kazuki  @mrbrandonkent @paranoidosman @remixbacon @phankhanh0501 @woodskiyded 05/30 - 05/31 | Global Premiere Tune in to the official channel to witness this global battle for fortune. Join us to unlock exclusive ALLSTAR permanent rewards. #ALLSTARShowdown #MLBBTideClash5v5 #MLBBALLSTAR",161000,5721,207
datasets/tiktok/mlbb/mobilelegendsmy/7642268190575250695.mp4,False,0.3164912164211273,4,0.25,0.15646464646464642,0.5561103012633625,0.2231578947368421,0.07226453993055557,mobilelegendsmy,7642268190575250695,,,,,
datasets/tiktok/mlbb/mlbbphilippines/6987307509115555098.mp4,False,0.316279798746109,4,0.25,0.3935353535353535,0.4968051506316812,0.09596491228070175,0.04168728298611111,mlbbphilippines,6987307509115555098,https://www.tiktok.com/@mlbbphilippines/video/6987307509115555098,Not forcing🙁#fypシ#browthisup,39,3,0
datasets/tiktok/mlbb/mlbbttofficial/7611494867809701141.mp4,False,0.3155149221420288,4,0.25,0.3203030303030303,0.4728134110787172,0.2275438596491228,0.04292317708333333,mlbb-official,7611494867809701141,https://www.tiktok.com/@mlbbttofficial/video/7611494867809701141,Focus! Capture! Battle moments worth capturing! #MLBBMARCEL #MLBBNEWHERO #MLBBS40 #MLBBGoldenMonth #MobileLegendsBangBang,607800,12900,124
datasets/tiktok/mlbb/mlbbesports_official/7599196321244925192.mp4,False,0.3150688409805298,4,0.25,0.24747474747474746,0.4473517978620019,0.3391228070175438,0.048977864583333336,mlbb-esports,7599196321244925192,https://www.tiktok.com/@mlbbesports_official/video/7599196321244925192,Let their lights shine bright. Our first finalist. Aurora Gaming PH 🇵🇭 #MLBBEsports #MLBBM7 #MobileLegendsBangBang #M7 #LetTheWorldSeeUs,457600,24700,195
datasets/tiktok/mlbb/mlbbttofficial/7628861828835183888.mp4,False,0.31426864862442017,4,0.25,0.27575757575757576,0.5360058309037902,0.09912280701754385,0.06365668402777777,mlbb-official,7628861828835183888,https://www.tiktok.com/@mlbbttofficial/video/7628861828835183888,Challenge Me? Say Hi to My Axe First! ψ(｀∇´)ψ #MobileLegendsBangBang #MLBBAULUS #MLBBREVAMPEDHERO #MLBBS40,193600,2680,88
datasets/tiktok/mlbb/mlbbtopcreation/7211365823229807873.mp4,False,0.3140239119529724,4,0.25,0.3529292929292929,0.26275675002143717,0.42438596491228064,0.04928385416666666,mlbb-top-creation,7211365823229807873,https://www.tiktok.com/@mlbbtopcreation/video/7211365823229807873,meet the forsaken light members @msdreah_ #mobilelegends #mgl #mlbbcreatorcamp,2162,106,9
datasets/tiktok/mlbb/bonitoflakesmlbb/7438415806565961016.mp4,False,0.31362515687942505,4,0.25,0.3921212121212121,0.47551020408163275,0.036491228070175435,0.056757812500000004,bonitoflakesmlbb,7438415806565961016,https://www.tiktok.com/@bonitoflakesmlbb/video/7438415806565961016,Aurora ambush! ❄️🧊 #MLBB #mlbbhighlights #fypシ゚viralシ #MobileLegendsBangBang #mobilelegends #mlbbtiktok,1470,49,7
datasets/tiktok/mlbb/saikyuun_/7253416451762343173.mp4,False,0.3135890066623688,4,0.25,0.1087878787878788,0.6844509232264335,0.20280701754385963,0.05132269965277778,saikyuun-,7253416451762343173,https://www.tiktok.com/@saikyuun_/video/7253416451762343173,Ixia x Layla? 😍❤️ Bigay niyo nalang si Clint kay Mathilda #nextforu #mlbbixia #ixiadebut #fyp #mlbbcontentcreator #mlbbcreatorcamp,2800000,224900,1702
datasets/tiktok/mlbb/saikyuun_/7593302771118378258.mp4,False,0.31203603744506836,4,0.25,0.2627272727272727,0.513397751957926,0.17508771929824563,0.05542534722222223,saikyuun-,7593302771118378258,https://www.tiktok.com/@saikyuun_/video/7593302771118378258,surprise Fredrinn 🫠 #MLBB #MLBBM7 #mobilelegends #fyp,202700,8357,100
datasets/tiktok/mlbb/mlbbesports_official/7599159413798161671.mp4,False,0.3118212819099426,4,0.25,0.3906060606060606,0.306511175898931,0.34245614035087724,0.03931423611111111,mlbb-esports,7599159413798161671,https://www.tiktok.com/@mlbbesports_official/video/7599159413798161671,The trash talk begins. One is crowned the favorite. The other is doubted to even belong here. But history says expectations mean nothing. 🗓 25 January ⏱️ 12:30 PM (GMT+7) 📍Live at Stadion Madya 📺 Livestreamed at MCGG / MLBB Official Watch live & win FREE prizes 📱💎 #MCGGGO1 #MCGGMRSS4 #MCGGRisingStars,173600,4302,30
datasets/tiktok/mlbb/saikyuun_/7272204095304338693.mp4,False,0.3114115595817566,4,0.25,0.2178787878787879,0.49891885325558794,0.20789473684210527,0.06572374131944445,saikyuun-,7272204095304338693,https://www.tiktok.com/@saikyuun_/video/7272204095304338693,"Ang bango tingnan ni Bruno sa NeymarJr skin 🥰 Hanabi, nag silos sa dulo 🫣 #MLBB #mobilelegends #phmcbacesleague  #mlbbphneymarjrskinencore #itsmorefuninmlbb #fyp",120000,6642,190
datasets/tiktok/mlbb/mobilelegendsmy/7639684985753996551.mp4,False,0.3111479878425598,4,0.25,0.3702020202020202,0.3631924198250729,0.14859649122807017,0.06863606770833333,mobilelegendsmy,7639684985753996551,,,,,
datasets/tiktok/mlbb/mlbbtopcreation/7219185102058769665.mp4,False,0.31111806631088257,4,0.25,0.28595959595959597,0.33594509232264336,0.40035087719298246,0.050478515625000005,mlbb-top-creation,7219185102058769665,https://www.tiktok.com/@mlbbtopcreation/video/7219185102058769665,YES I'M SAD @peachaiofficial #mobilelegends #mgl #mlbbcreatorcamp,3150,192,2
datasets/tiktok/mlbb/mobilelegends_id/7638139811924086036.mp4,False,0.30974239110946655,4,0.25,0.5043434343434343,0.1756924198250729,0.31982456140350873,0.04278754340277778,mobilelegends-id,7638139811924086036,https://www.tiktok.com/@mobilelegends_id/video/7638139811924086036,Koin Perburuan Harta benar-benar berjatuhan di medan tempur! 💰 Efek medan tempur terbaru [Perburuan Emas Ombak] hadir untuk waktu terbatas mulai 30/04 - 28/06! ⚔️ Ajak teman-temanmu dan pergi ke Dreadsea untuk memulai perjalanan Perburuan Emas Ombak! #MLBBAllstar #MobileLegendsBangBang #MLBBDreadsea,1200000,5474,120
datasets/tiktok/mlbb/bonitoflakesmlbb/7483690035242487058.mp4,False,0.309736430644989,4,0.25,0.4936363636363636,0.1783106590850626,0.2654385964912281,0.056511501736111115,bonitoflakesmlbb,7483690035242487058,https://www.tiktok.com/@bonitoflakesmlbb/video/7483690035242487058,Naubos ang kampe 🤣 #selenatiktok #selenamlbb #mlbbhighlights #fypシ゚  #selenamontage #mobilelegendsbangbang,643,7,1
datasets/tiktok/mlbb/mlbbttofficial/7621860397053644053.mp4,False,0.3092494010925293,4,0.25,0.20020202020202021,0.3708090379008746,0.48649122807017536,0.04695095486111111,mlbb-official,7621860397053644053,https://www.tiktok.com/@mlbbttofficial/video/7621860397053644053,"The ""Flying Raijin"" filter is now available on TikTok. Follow the guide, tap to record, and become the fastest legend in MLBB! #MLBBxNARUTO #MobileLegendsBangBang #MLBBNewSkin #NARUTO #MLBBFreeGaaraSkin #ValirFreeSkin",1200000,7512,244
datasets/tiktok/mlbb/mobilelegendsmy/7636011027833949458.mp4,False,0.3090859651565552,4,0.25,0.31353535353535356,0.36257288629737616,0.2578947368421053,0.06107096354166667,mobilelegendsmy,7636011027833949458,,,,,
datasets/tiktok/mlbb/mlbbttofficial/7637923250697243925.mp4,False,0.3082830309867859,4,0.25,0.323030303030303,0.3335034013605442,0.362280701754386,0.04378146701388889,mlbb-official,7637923250697243925,https://www.tiktok.com/@mlbbttofficial/video/7637923250697243925,"Cleave the Sky, Annihilate the Monsters! #MobileLegendsBangBang #MLBBAULUS #MLBBREVAMPEDHERO #MLBBS40",340500,3825,121
datasets/tiktok/mlbb/mobilelegendsmy/7638239232993119506.mp4,False,0.3082830309867859,4,0.25,0.323030303030303,0.3335034013605442,0.362280701754386,0.04378146701388889,mobilelegendsmy,7638239232993119506,,,,,
datasets/tiktok/mlbb/nilunaa/7642227630732856583.mp4,False,0.307445764541626,4,0.25,0.3498989898989899,0.46492954324586977,0.07701754385964912,0.05616427951388889,nilunaa,7642227630732856583,https://www.tiktok.com/@nilunaa/video/7642227630732856583,Review Skin Martis - Wild Renegade  #MLBB #MLBBNewSkin #mobilelegends #MLBBMartis #nilunaa,19600,394,21
datasets/tiktok/mlbb/mlbbtopcreation/7211365394093739266.mp4,False,0.3056141138076782,4,0.25,0.17070707070707072,0.3809204708669182,0.5410526315789473,0.03715386284722222,mlbb-top-creation,7211365394093739266,https://www.tiktok.com/@mlbbtopcreation/video/7211365394093739266,the forsaken light @jssmrkm #mobilelegends #mgl #mlbbcreatorcamp,1017,39,2
datasets/tiktok/mlbb/bonitoflakesmlbb/7450326480866905351.mp4,False,0.3054814338684082,4,0.25,0.313030303030303,0.40716525896072714,0.23157894736842102,0.04933810763888889,bonitoflakesmlbb,7450326480866905351,https://www.tiktok.com/@bonitoflakesmlbb/video/7450326480866905351,Dodge level 9999 #mlbb #fypシ゚viralシ #mlbbtiktok #mlbbhighlights #MobileLegendsBangBang,836,5,1
datasets/tiktok/mlbb/mlbbtopcreation/7214999931025673474.mp4,False,0.30541521310806274,4,0.25,0.3524242424242424,0.2912202827559595,0.29140350877192983,0.05729709201388889,mlbb-top-creation,7214999931025673474,https://www.tiktok.com/@mlbbtopcreation/video/7214999931025673474,Floryn As A Mage @myatminkhant_0 #mobilelegends #mgl #mlbbcreatorcamp,2402,114,2
datasets/tiktok/mlbb/saikyuun_/7392855968247205138.mp4,False,0.30495935678482056,4,0.25,0.2797979797979798,0.3891088176341965,0.3645614035087719,0.03662760416666667,saikyuun-,7392855968247205138,https://www.tiktok.com/@saikyuun_/video/7392855968247205138,Pabili nga po 👹 #MLBB #MobileLegends #phmcbacesleague #phparanormaloperativelayla #fyp #mlbbnextcreator,1400000,70900,607
datasets/tiktok/mlbb/mobilelegendsmy/7643467300007365895.mp4,False,0.3048028349876404,4,0.25,0.2768686868686869,0.4074786164465786,0.2631578947368421,0.052999131944444444,mobilelegendsmy,7643467300007365895,,,,,
datasets/tiktok/mlbb/mlbbttofficial/7612945620336233744.mp4,False,0.30413997173309326,4,0.25,0.22424242424242427,0.2923291236137312,0.5394736842105262,0.043829210069444444,mlbb-official,7612945620336233744,https://www.tiktok.com/@mlbbttofficial/video/7612945620336233744,"You read that right! We made a real-life Hanabi ""Neonscape Icon"" ninja tool! It's super cool! Hanabi ""Neonscape Icon"" available on 02/17! Get it for FREE! Remember to claim it! #MLBBGoldenMonth #MLBBGoldenMonthEvent #MobileLegendsbangbang",754800,9490,124
datasets/tiktok/mlbb/bonitoflakesmlbb/7442173343958043912.mp4,False,0.30410149693489075,4,0.25,0.3877777777777778,0.4152332361516035,0.0,0.0697677951388889,bonitoflakesmlbb,7442173343958043912,https://www.tiktok.com/@bonitoflakesmlbb/video/7442173343958043912,Lunox Best Build. Savage Gameplay! #lunoxtiktok #mlbb #MobileLegendsBangBang #fypシ゚viralシ #mlbbhighlights #mobilelegends,740,26,1
datasets/tiktok/mlbb/nilunaa/7619327518385982740.mp4,False,0.3040066361427307,4,0.25,0.18353535353535352,0.45136661807580175,0.3198245614035088,0.05675998263888889,nilunaa,7619327518385982740,https://www.tiktok.com/@nilunaa/video/7619327518385982740,Cara Skill 2 Marcel check semak ☺️ #MLBBS40 #MLBBMarcel #MLBB #mobilelegends #MLBBGoldenMonth,12100,270,14
datasets/tiktok/mlbb/shrxking_fear/7601154388299681031.mp4,False,0.30341118574142456,4,0.25,0.16979797979797978,0.34650275735294117,0.5705263157894737,0.03808159722222222,shrxking-fear,7601154388299681031,https://www.tiktok.com/@shrxking_fear/video/7601154388299681031,#lokal,8,0,0
datasets/tiktok/mlbb/saikyuun_/7420265581938789640.mp4,False,0.3031173348426819,4,0.25,0.2821212121212121,0.39346890541931057,0.25,0.055758463541666664,saikyuun-,7420265581938789640,https://www.tiktok.com/@saikyuun_/video/7420265581938789640,Canon event of every midlaner 🤧 #mlbb8th #mlbbcelebr8 #mlbbcr8torparty #MLBB #phjoinMLBBparty #mlbb_indonesia #mobilelegends_id,29800,1115,38
datasets/tiktok/mlbb/nilunaa/7606288920132750610.mp4,False,0.3024514317512512,4,0.25,0.06393939393939393,0.5904640427599611,0.23333333333333334,0.07033420138888889,nilunaa,7606288920132750610,https://www.tiktok.com/@nilunaa/video/7606288920132750610,Franco Double Hook Setting 2026  #MLBBxKOF #MLBBKOFSkinFreeTrial #MLBBxOPPO #MLBB #mobilelegends,947400,25700,135
datasets/tiktok/mlbb/mlbbttofficial/7634520805195517204.mp4,False,0.30172911286354065,4,0.25,0.33272727272727276,0.45981535471331386,0.10017543859649122,0.0505078125,mlbb-official,7634520805195517204,https://www.tiktok.com/@mlbbttofficial/video/7634520805195517204,"That's right, it's real gold! We're doing something different this time! You can now pan for real gold in Tidal Ruins during ALLSTAR! Log in to the game now and complete matches to win exclusive gold accessory and tons of Diamonds! Note: Physical gold is not available in some regions. In such cases, the equivalent value in Diamonds will be issued instead. Final results are subject to the actual reward distribution. #MLBBALLSTAR #MLBBRealGold",177500,1952,85
datasets/tiktok/mlbb/mobilelegends_id/7637893653389741332.mp4,False,0.30012568831443787,4,0.25,0.30313131313131314,0.3046161321671526,0.37631578947368416,0.04424045138888889,mobilelegends-id,7637893653389741332,https://www.tiktok.com/@mobilelegends_id/video/7637893653389741332,"Belah Langit, Hancurkan Monster! #MobileLegendsBangBang  #MLBBAULUS #MLBBREVAMPEDHERO #MLBBS40",678300,3384,94
datasets/tiktok/mlbb/saikyuun_/7349016278251638022.mp4,False,0.30000269412994385,4,0.25,0.06535353535353536,0.6467930029154518,0.2324561403508772,0.051041666666666666,saikyuun-,7349016278251638022,https://www.tiktok.com/@saikyuun_/video/7349016278251638022,Melissa's rizz 💕 #MLBB #MobileLegends #phmcbacesleague #mlbbtaralaro #mlbballstar #melissaxjulian #fyp,770800,42500,759
datasets/tiktok/mlbb/mobilelegends_id/7640396862301965586.mp4,False,0.29974114894866943,4,0.25,0.2633333333333333,0.4190626473803807,0.21824561403508771,0.05639756944444444,mobilelegends-id,7640396862301965586,https://www.tiktok.com/@mobilelegends_id/video/7640396862301965586,"Congratulations untuk ONIC, menjadi Tim Pertama yang mengamankan slot Upper Bracket setelah mendapatkan kemenangan hari ini melawan tim DEWA dengan total 11 Match Win🤩🔥 #WeOwnThis #MPLIDS17 #WellPlayed #GameplayS17 #MingguBerdarah ONIC UPPER BRACKET SECURED",197500,2575,95
datasets/tiktok/mlbb/nilunaa/7642256128767954194.mp4,False,0.2983703017234802,4,0.25,0.3107070707070707,0.4217289594409192,0.16298245614035084,0.050579427083333336,nilunaa,7642256128767954194,https://www.tiktok.com/@nilunaa/video/7642256128767954194,Tutorial hero Pharsa  #MLBB #MLBBALLSTAR #MLBBTidalFishing #mobilelegends #nilunaa,17200,447,5
datasets/tiktok/mlbb/bonitoflakesmlbb/7446229128199638290.mp4,False,0.2983189523220062,4,0.25,0.3326262626262626,0.3261297376093294,0.22929824561403506,0.05691080729166667,bonitoflakesmlbb,7446229128199638290,https://www.tiktok.com/@bonitoflakesmlbb/video/7446229128199638290,Dead or Alive? #mlbbtiktok #mlbb #MobileLegendsBangBang #mlbbhighlights #fypシ゚viralシ,943,65,4
datasets/tiktok/mlbb/saikyuun_/7436703974608178440.mp4,False,0.29827213287353516,4,0.25,0.19707070707070706,0.6145165208940719,0.0,0.06493381076388889,saikyuun-,7436703974608178440,https://www.tiktok.com/@saikyuun_/video/7436703974608178440,Tito Nolan looking for single titas in ur area 🔥 #MLBB #mobilelegends #phmcbacesleague #mlbb1111ph24 #phthenavigatornolan #mlbbmegasale,77400,11800,169
datasets/tiktok/mlbb/saikyuun_/7431779766836923666.mp4,False,0.2976002097129822,4,0.25,0.2921212121212121,0.34662293488824103,0.21964912280701754,0.06467122395833333,saikyuun-,7431779766836923666,https://www.tiktok.com/@saikyuun_/video/7431779766836923666,Replying to @Leonaᥫ᭡. Reference sa old animation vids 👀 #MLBB #mlbb8th #mlbbcelebr8 #mlbbcr8torparty #MILPH,76900,6821,72
datasets/tiktok/mlbb/saikyuun_/7365353007363525894.mp4,False,0.2974521517753601,4,0.25,0.1891919191919192,0.4593642769607843,0.30263157894736836,0.04756944444444444,saikyuun-,7365353007363525894,https://www.tiktok.com/@saikyuun_/video/7365353007363525894,"Eren Paxley, Guinevere's fiancé in lore 🥰 #MLBB #MobileLegends #phmcbacesleague #fyp #mobilelegends_id #mlbb_indonesia #erenpaxleymlbb",933000,88500,1009
datasets/tiktok/mlbb/bonitoflakesmlbb/7434049950620699922.mp4,False,0.2967890501022339,4,0.25,0.33959595959595956,0.21058181754844796,0.4007017543859649,0.0498828125,bonitoflakesmlbb,7434049950620699922,https://www.tiktok.com/@bonitoflakesmlbb/video/7434049950620699922,Selena vs Lancelot Epic Battle ⚔️ #mobilelegends #mlbbhighlights #MLBBCr8torParty #MLBB #mlbbttofficial,945,13,0
datasets/tiktok/mlbb/mlbbesports_official/7645174820996484373.mp4,False,0.29654616117477417,4,0.25,0.31232323232323234,0.295262390670554,0.3296491228070175,0.048837890625,mlbb-esports,7645174820996484373,https://www.tiktok.com/@mlbbesports_official/video/7645174820996484373,K1ngkong 🛞🛞🛞  #MLBBEsports #MobileLegendsBangBang #MSCatEWC2026 #MPLHighlight,89000,3250,37
datasets/tiktok/mlbb/cedxvi/7278999142855085317.mp4,False,0.2931671738624573,4,0.25,0.3051515151515152,0.3064261418853256,0.28017543859649124,0.05357421875,cedxvi,7278999142855085317,https://www.tiktok.com/@cedxvi/video/7278999142855085317,My simple set up. 🖤💛🤍,17000,721,22
datasets/tiktok/mlbb/cedxvi/7273494611887197446.mp4,False,0.2931479811668396,4,0.25,0.391010101010101,0.30341350826044705,0.18912280701754386,0.046643880208333335,cedxvi,7273494611887197446,https://www.tiktok.com/@cedxvi/video/7273494611887197446,Solo Warrior to mythic #cedxvi,133100,5086,34
datasets/tiktok/mlbb/willdominateyougg/7624827970800078087.mp4,False,0.29221129417419434,4,0.25,0.37757575757575756,0.2712185990467616,0.18929824561403508,0.05851128472222222,willdominateyougg,7624827970800078087,https://www.tiktok.com/@willdominateyougg/video/7624827970800078087,triple slash combo #MLBB #argus #toji #willdominateyougg #fyp,4700000,207500,980
datasets/tiktok/mlbb/mlbbesports_official/7604857930994765074.mp4,False,0.2905226945877075,4,0.25,0.36888888888888893,0.22564513751929344,0.3231578947368421,0.044210069444444444,mlbb-esports,7604857930994765074,https://www.tiktok.com/@mlbbesports_official/video/7604857930994765074,"Rise As One | M7 Recap Video Art is a form of communication, it's a form of expression. It's an artists' legacy, left in print for the world to see and enjoy. From the street walls to the main stage. A lot of work went into M7 to let the world see us. #MLBBEsports #MLBB #M7 #LetTheWorldSeeUs #RiseAsOne",281200,9218,39
datasets/tiktok/mlbb/mlbbesports_official/7642976172900420884.mp4,False,0.28981128334999084,4,0.25,0.26303030303030306,0.3309766763848397,0.3007017543859649,0.05098415798611111,mlbb-esports,7642976172900420884,https://www.tiktok.com/@mlbbesports_official/video/7642976172900420884,🔥 Geekay Esports are heading to MSC at EWC 2026! The journey through MENA is complete and the Paris dream is now reality. One more team joins the battle on the biggest stage. ⚔️ Next stop: MSC at EWC 2026. 👀 #MSCatEWC2026 #MLBBEsports #MLBB #MobileLegendsBangBang #RoadToParis,95300,2108,29
datasets/tiktok/mlbb/mobilelegends_id/7642715787517529364.mp4,False,0.2896978259086609,4,0.25,0.2367676767676768,0.4077259475218659,0.23578947368421052,0.050760633680555556,mobilelegends-id,7642715787517529364,https://www.tiktok.com/@mobilelegends_id/video/7642715787517529364,"WENDY KEMBALI DARI DASAR LAUT! 🧜‍♀️🌊 Semua orang kira dia hilang, tapi Wendy Walters bangkit dengan wujud baru untuk balas dendam! Bukan cuma bawa rahasia, dia juga bawa ""harta karun"" MLBB buat kamu: 💎 55 Juta Diamonds 🏆 2000 Hadiah Gold 🐲 Skin Yu Zhong GRATIS! Log in sekarang sebelum hartanya lenyap! 🏃💨 #AdaApaDenganWendy #WendyAllStarParty #MLBB #MLBBALLSTAR",34000000,23900,413
datasets/tiktok/mlbb/mobilelegendsmy/7643752059329727751.mp4,False,0.28739133477211,4,0.25,0.2777777777777778,0.39271137026239067,0.1463157894736842,0.057630208333333335,mobilelegendsmy,7643752059329727751,,,,,
datasets/tiktok/mlbb/mlbbdailyclips/7047026541275909403.mp4,False,0.2867915630340576,4,0.0,0.25515151515151513,0.8333333333333334,0.0,0.07046875000000001,mlbbdailyclips,7047026541275909403,https://www.tiktok.com/@mlbbdailyclips/video/7047026541275909403,BTK MobaZane Being Lucky,44,1,0
datasets/tiktok/mlbb/mlbbttofficial/7639584470147861777.mp4,False,0.284652978181839,4,0.25,0.3848484848484849,0.252368804664723,0.25280701754385965,0.03843098958333334,mlbb-official,7639584470147861777,https://www.tiktok.com/@mlbbttofficial/video/7639584470147861777,"You are surrounded by me! ALLSTAR ""Tidal Treasure Hunt"" begins on 04/30. Get Yu Zhong's new skins for free and team up to try them out! #MLBBAllstar #MobileLegendsBangBang #MLBBNewSkin #MLBBFreeSkin",295900,2488,179
datasets/tiktok/mlbb/mlbbdailyclips/7047360003832909083.mp4,False,0.28432074189186096,4,0.0,0.3090909090909091,0.75,0.0,0.07389431423611112,mlbbdailyclips,7047360003832909083,https://www.tiktok.com/@mlbbdailyclips/video/7047360003832909083,OHMYV33NUS Clutch Save on Wise's Lesley #mlb #mobilelegends #mobilelegend #ohmyv33nus #blacklistinternational #wisegaming #mlbb #ml #gaming #tiktok,176,2,0
datasets/tiktok/mlbb/mobilelegendsmy/7639575785950465287.mp4,False,0.2828330993652344,4,0.25,0.384040404040404,0.2377186588921283,0.26210526315789473,0.038446180555555556,mobilelegendsmy,7639575785950465287,,,,,
datasets/tiktok/mlbb/mobilelegends_id/7639592617096793365.mp4,False,0.2823716998100281,4,0.25,0.3874747474747475,0.24241982507288629,0.2480701754385965,0.03833875868055556,mobilelegends-id,7639592617096793365,https://www.tiktok.com/@mobilelegends_id/video/7639592617096793365,"Kalian semua sudah kukepung! ""Perburuan Harta Ombak"" ALLSTAR dimulai pada 30/04. Dapatkan skin baru Yu Zhong secara gratis dan ajak teman main bareng! #MLBBAllstar #MobileLegendsBangBang #MLBBNewSkin #MLBBFreeSkin",515800,3270,111
datasets/tiktok/mlbb/shrxking_fear/7622288056669719816.mp4,False,0.2818581461906433,4,0.0,0.6681818181818182,0.4375,0.0,0.04751085069444444,shrxking-fear,7622288056669719816,https://www.tiktok.com/@shrxking_fear/video/7622288056669719816,#trending #viral #fyyyyyyyyyyyyyyyyp #plslike,221,2,5
datasets/tiktok/mlbb/nilunaa/7640375037756820744.mp4,False,0.280972957611084,4,0.25,0.18595959595959596,0.5708333333333334,0.0,0.05752170138888889,nilunaa,7640375037756820744,https://www.tiktok.com/@nilunaa/video/7640375037756820744,Legendary fish - ikan emas  #MLBBALLSTAR #MLBBTidalFishing #MLBB #mobilelegends #nilunaa,127400,4117,238
datasets/tiktok/mlbb/saikyuun_/7256743148498554117.mp4,False,0.28031736612319946,4,0.25,0.20020202020202016,0.38601354827645346,0.20175438596491227,0.06258355034722222,saikyuun-,7256743148498554117,https://www.tiktok.com/@saikyuun_/video/7256743148498554117,"Kahit ganyan si Balmond, luv na luv ni Moonton yan 🥺❤️ #MLBB  #mobilelegends #phmcbacesleague  #MLBBPHBalmondInfernalWarlord #fyp #fypシ",321600,19100,173
datasets/tiktok/mlbb/saikyuun_/7454196480396578056.mp4,False,0.27988696098327637,4,0.0,0.4206060606060606,0.5749392614188532,0.0,0.08265299479166666,saikyuun-,7454196480396578056,https://www.tiktok.com/@saikyuun_/video/7454196480396578056,Pustahan tayo puro trauma nanaman comsec ko 😭😭 #MLBBM6 #GreaterThanEver #pinaspinakamalakas #mobilelegends #MLBB #mlbbcreatorbase #phmcbacesleague #pharcaneseeker,202200,5285,64
datasets/tiktok/mlbb/nilunaa/7640029935691746568.mp4,False,0.2794633209705353,4,0.0,0.45646464646464646,0.2541002427756817,0.6066666666666667,0.03630967881944445,nilunaa,7640029935691746568,https://www.tiktok.com/@nilunaa/video/7640029935691746568,Tidal Fishing dah release guys! #MLBBALLSTAR #MLBBTidalFishing #MLBB #mobilelegends #nilunaa,9341,175,19
datasets/tiktok/mlbb/mlbbttofficial/7611848034502167828.mp4,False,0.2782512307167053,4,0.25,0.3107070707070707,0.3514447564740182,0.15368421052631578,0.04534288194444444,mlbb-official,7611848034502167828,https://www.tiktok.com/@mlbbttofficial/video/7611848034502167828,"On the eve of Marcel's ""See Yourself"" special photography exhibition, a mysterious visitor broke into the gallery, taking some photos but leaving only one thing behind—a blue-haired doll that closely resembled Marcel. In the ensuing chase, Marcel and Clemar faced a fork in their fate: for the first time, he stood before his half-sister, Melissa. Resentment, or long-lost joy? And how will Aamon mediate between the siblings? —Everything will freeze in this moment. #MLBBMARCEL #MLBBNEWHERO #MLBBS40 #MLBBGoldenMonth #MobileLegendsBangBang",15700000,522900,2778
datasets/tiktok/mlbb/saikyuun_/7359041180149042438.mp4,False,0.2764049768447876,4,0.0,0.24525252525252528,0.562985908649174,0.3659649122807017,0.06022135416666667,saikyuun-,7359041180149042438,https://www.tiktok.com/@saikyuun_/video/7359041180149042438,Tantanan mo na kase #MLBB #MobileLegends #fyp #phmcbacesleague #mobilelegends_id #mlbb_indonesia,673500,75600,572
datasets/tiktok/mlbb/nilunaa/7604827676385365266.mp4,False,0.27514660358428955,4,0.25,0.32585858585858585,0.3125,0.14912280701754385,0.04837782118055556,nilunaa,7604827676385365266,https://www.tiktok.com/@nilunaa/video/7604827676385365266,3 COMBO HERO PAQUITO 🔥  #MLBBxKOF #MLBBKOFSkinFreeTrial #MLBBxOPPO #MLBB #mobilelegends,129700,4029,37
datasets/tiktok/mlbb/mlbbttofficial/7611849433944231169.mp4,False,0.2750483751296997,4,0.25,0.40585858585858586,0.2738338192419825,0.15421052631578946,0.033388671875,mlbb-official,7611849433944231169,https://www.tiktok.com/@mlbbttofficial/video/7611849433944231169,"What? Is a new figurine coming out? No, no! Then what exactly is this? Guess what we've made? #MLBBGoldenMonth #MLBBGoldenMonthEvent #MobileLegendsbangbang",2800000,43200,214
datasets/tiktok/mlbb/gosu.general/7110819642846989595.mp4,False,0.27493950724601746,4,0.0,0.564949494949495,0.18173866421568624,0.48350877192982455,0.04241427951388889,gosu-general,7110819642846989595,https://www.tiktok.com/@gosu.general/video/7110819642846989595,TikTok video #7110819642846989595,24,0,0
datasets/tiktok/mlbb/shrxking_fear/7599579659717807368.mp4,False,0.27174773812294006,4,0.25,0.24555555555555555,0.2708005925584519,0.40824561403508774,0.027048611111111114,shrxking-fear,7599579659717807368,https://www.tiktok.com/@shrxking_fear/video/7599579659717807368,TikTok video #7599579659717807368,14,0,0
datasets/tiktok/mlbb/mlbbttofficial/7621864600094493968.mp4,False,0.27130722999572754,4,0.25,0.22989898989898988,0.2006681243926142,0.4905263157894736,0.034025607638888886,mlbb-official,7621864600094493968,https://www.tiktok.com/@mlbbttofficial/video/7621864600094493968,"The ""Sharingan"" filter is now available on TikTok. Follow the guide, and this time, you'll possess a Mangekyo Sharingan as powerful as Itachi's! #MLBBxNARUTO #MobileLegendsBangBang #MLBBNewSkin #NARUTO #MLBBFreeGaaraSkin #ValirFreeSkin",132300,2639,307
datasets/tiktok/mlbb/shrxking_fear/7606327464976977160.mp4,False,0.27100807428359985,4,0.0,0.5124242424242424,0.21595294367747098,0.49017543859649115,0.042401258680555554,shrxking-fear,7606327464976977160,https://www.tiktok.com/@shrxking_fear/video/7606327464976977160,TikTok video #7606327464976977160,214,6,1
datasets/tiktok/mlbb/saikyuun_/7450443647453121810.mp4,False,0.2709435820579529,4,0.0,0.40313131313131306,0.4410349854227405,0.17912280701754385,0.0768240017361111,saikyuun-,7450443647453121810,https://www.tiktok.com/@saikyuun_/video/7450443647453121810,Kelra's Irithel winning play while they focused on Kingkong 😝☺️ #MLBB #mobilelegends #mlbbm6 #pinaspinakamalakas #greaterthanever #m6 #mplphilippines #mlbbesports @Kelra,51800,3842,53
datasets/tiktok/mlbb/shrxking_fear/7641807800733093138.mp4,False,0.2698975205421448,4,0.25,0.28040404040404043,0.2792274052478134,0.3096491228070175,0.03173394097222222,shrxking-fear,7641807800733093138,https://www.tiktok.com/@shrxking_fear/video/7641807800733093138,#myedit #fyppppppppppppppppppppppp #mj,952,53,9
datasets/tiktok/mlbb/bonitoflakesmlbb/7481888303675903239.mp4,False,0.26850736141204834,4,0.0,0.5183838383838384,0.4132531584062197,0.0,0.08263671875,bonitoflakesmlbb,7481888303675903239,https://www.tiktok.com/@bonitoflakesmlbb/video/7481888303675903239,Where's my Savage? #selena #selenamlbb #selenahighlights #mlbb  #mobilelegends #selenatiktok,1873,231,3
datasets/tiktok/mlbb/saikyuun_/7594430850150829320.mp4,False,0.26850026845932007,4,0.0,0.31333333333333335,0.24213121409277996,0.6828070175438596,0.05349392361111111,saikyuun-,7594430850150829320,https://www.tiktok.com/@saikyuun_/video/7594430850150829320,Advice daw #MLBB #MLBBM7 #mobilelegends #fyp,159900,3612,95
datasets/tiktok/mlbb/bonitoflakesmlbb/7459571775244930322.mp4,False,0.2681598663330078,4,0.25,0.4536363636363636,0.23997549019607842,0.024385964912280702,0.04562608506944445,bonitoflakesmlbb,7459571775244930322,https://www.tiktok.com/@bonitoflakesmlbb/video/7459571775244930322,Teamwork 🫡 #tigreal #MobileLegendsBangBang #mlbb #mlbbhighlights #fypシ゚viralシ #mlbbtiktok,2164,209,13
datasets/tiktok/mlbb/mlbbtopcreation/7211054107744800002.mp4,False,0.2679421305656433,4,0.0,0.20646464646464646,0.5,0.5564912280701755,0.039398871527777775,mlbb-top-creation,7211054107744800002,https://www.tiktok.com/@mlbbtopcreation/video/7211054107744800002,new hero arlott @holyblade.official #mobilelegends #mgl #mlbbcreatorcamp,949,38,2
datasets/tiktok/mlbb/mlbbtopcreation/7212905737410923778.mp4,False,0.2673625648021698,4,0.25,0.27444444444444444,0.25819970845481055,0.2928070175438596,0.039535590277777775,mlbb-top-creation,7212905737410923778,https://www.tiktok.com/@mlbbtopcreation/video/7212905737410923778,funny chou @yunan_tiktok #mobilelegends #mgl #mlbbcreatorcamp,3356,174,3
datasets/tiktok/mlbb/bonitoflakesmlbb/7448119543102229768.mp4,False,0.26709115505218506,4,0.25,0.3276767676767677,0.2955759089350026,0.0712280701754386,0.05781032986111111,bonitoflakesmlbb,7448119543102229768,https://www.tiktok.com/@bonitoflakesmlbb/video/7448119543102229768,Jusko po 😭 #mlbb #mlbbhighlights #MobileLegendsBangBang #mlbbhighlights #mlbbtiktok,1044,18,0
datasets/tiktok/mlbb/mlbbttofficial/7619290424095575297.mp4,False,0.2666585147380829,4,0.25,0.3180808080808081,0.1697684609558109,0.41175438596491226,0.025493706597222224,mlbb-official,7619290424095575297,https://www.tiktok.com/@mlbbttofficial/video/7619290424095575297,"Father and son united, fists joined, overcoming strong enemies together. ""Am I late?"" ""No, you're just in time!"" #MLBBxNARUTO #MobileLegendsBangBang #MLBBNewSkin #NARUTO #MLBBFreeGaaraSkin #ValirFreeSkin",2300000,71300,1650
datasets/tiktok/mlbb/mlbbdailyclips/7047363313847536922.mp4,False,0.26596304774284363,4,0.0,0.2904040404040404,0.6749999999999999,0.0,0.07617296006944445,mlbbdailyclips,7047363313847536922,https://www.tiktok.com/@mlbbdailyclips/video/7047363313847536922,BlackList Wise Aamon One Shot Enemy Beatrix at 3mins #mlb #mobilelegends #ohmyv33nus #blacklistinternational #wisegaming #mlbb #ml #gaming #tiktok #e,269,0,0
datasets/tiktok/mlbb/saikyuun_/7584735531729227016.mp4,False,0.26589542627334595,4,0.0,0.28242424242424247,0.5996720116618076,0.15789473684210525,0.06721137152777777,saikyuun-,7584735531729227016,https://www.tiktok.com/@saikyuun_/video/7584735531729227016,nae nae #MCGG #magicchessgogo #gochessgo #mcggphcreators #mcggfightersreborn,4798,185,7
datasets/tiktok/mlbb/nilunaa/7644115382311374087.mp4,False,0.2656111717224121,4,0.25,0.19414141414141417,0.48344266277939746,0.0,0.058988715277777784,nilunaa,7644115382311374087,https://www.tiktok.com/@nilunaa/video/7644115382311374087,Franco Double Hook Setting 2026 #MLBBALLSTAR #MLBB #mobilelegends #MLBBFranco #nilunaa,99600,1610,15
datasets/tiktok/mlbb/mlbbtopcreation/7207270753908067585.mp4,False,0.2638567090034485,4,0.25,0.25727272727272726,0.31406705539358604,0.13842105263157894,0.056207682291666665,mlbb-top-creation,7207270753908067585,https://www.tiktok.com/@mlbbtopcreation/video/7207270753908067585,Arlott 🥵 @yumenesstrawberry #mobilelegends #mgl #mlbbcreatorcamp,2431,73,1
datasets/tiktok/mlbb/bonitoflakesmlbb/7480337712835284231.mp4,False,0.2628982365131378,4,0.25,0.21030303030303032,0.43371629901960784,0.03666666666666667,0.05678819444444445,bonitoflakesmlbb,7480337712835284231,https://www.tiktok.com/@bonitoflakesmlbb/video/7480337712835284231,What a turn of events. #odette #odettemobilelegends #mlbb #mlbbhighlights #ml #mobilelegendsbangbang #fypシ゚viralシ,196,8,0
datasets/tiktok/mlbb/nilunaa/7626371681602260232.mp4,False,0.2621646225452423,4,0.0,0.27868686868686865,0.6890184645286687,0.0,0.07079210069444444,nilunaa,7626371681602260232,https://www.tiktok.com/@nilunaa/video/7626371681602260232,Trick Skill 2 Zetian  #MLBBStarlight #MLBBNewSkin #MLBB #mobilelegends #nilunaa,30000,430,18
datasets/tiktok/mlbb/mobilelegends_id/7638210635301506325.mp4,False,0.26064440608024597,4,0.0,0.5163636363636364,0.4388119533527697,0.0,0.06561848958333334,mobilelegends-id,7638210635301506325,https://www.tiktok.com/@mobilelegends_id/video/7638210635301506325,Lance Kairi emang beda server 😮‍💨🔥 #mobilelegends_id #serubarengmlbb #samasamamain #MobileLegendsBangBang #MPL,1500000,4080,134
datasets/tiktok/mlbb/bonitoflakesmlbb/7485532223026892040.mp4,False,0.2606234848499298,4,0.25,0.15646464646464647,0.42865646258503404,0.07157894736842105,0.06458550347222222,bonitoflakesmlbb,7485532223026892040,https://www.tiktok.com/@bonitoflakesmlbb/video/7485532223026892040,Stop chasing me Pt. 2 #selenamlbb #selenamontage #selenatiktok #mlbbhighlights #mlbb #fyp #mobilelegends  #MobileLegendsBangBang,4693,318,12
datasets/tiktok/mlbb/mlbbtopcreation/7207270122946333954.mp4,False,0.25980550050735474,4,0.25,0.27636363636363637,0.3578109815354713,0.0,0.06110026041666666,mlbb-top-creation,7207270122946333954,https://www.tiktok.com/@mlbbtopcreation/video/7207270122946333954,Arlott Montage @jleomlbb #mobilelegends #mgl #mlbbcreatorcamp,2913,114,2
datasets/tiktok/mlbb/saikyuun_/7404819308251008264.mp4,False,0.25826138257980347,4,0.0,0.3376767676767677,0.4146744412050534,0.2987719298245614,0.06288736979166666,saikyuun-,7404819308251008264,https://www.tiktok.com/@saikyuun_/video/7404819308251008264,"Replying to @loid forger Side by side reference, may cute sa taas 😚 #MLBB #mobilelegends #fyp #mlbbcreatorbase #phmcbacesleague #phaspirantstokens",649100,20600,314
datasets/tiktok/mlbb/mobilelegendsmy/7644578458722405648.mp4,False,0.25636205077171326,4,0.25,0.2629292929292929,0.22864431486880465,0.28298245614035084,0.03870768229166667,mobilelegendsmy,7644578458722405648,,,,,
datasets/tiktok/mlbb/mlbbttofficial/7616639690388688148.mp4,False,0.255183607339859,4,0.25,0.24181818181818182,0.21153425655976676,0.2773684210526316,0.04958224826388889,mlbb-official,7616639690388688148,https://www.tiktok.com/@mlbbttofficial/video/7616639690388688148,Your final frame was exquisite. #MLBBMARCEL #MLBBNEWHERO #MLBBS40 #MLBBGoldenMonth #MobileLegendsBangBang,2300000,12400,179
datasets/tiktok/mlbb/shrxking_fear/7617759617963003154.mp4,False,0.2550739049911499,4,0.0,0.5637373737373738,0.16269974954267422,0.2828070175438596,0.062841796875,shrxking-fear,7617759617963003154,https://www.tiktok.com/@shrxking_fear/video/7617759617963003154,made by me,177,8,0
datasets/tiktok/mlbb/saikyuun_/7461162295163391239.mp4,False,0.25482305884361267,4,0.25,0.24303030303030304,0.36056851311953353,0.006842105263157894,0.06254665798611111,saikyuun-,7461162295163391239,https://www.tiktok.com/@saikyuun_/video/7461162295163391239,Replying to @grinder eto original ni Arnel bato #MLBB #mobilelegends #mlbbmyhero #fyp,185600,3265,65
datasets/tiktok/mlbb/shrxking_fear/7619980132765175058.mp4,False,0.2536173164844513,4,0.0,0.19515151515151516,0.5649416909620992,0.29561403508771933,0.059166666666666666,shrxking-fear,7619980132765175058,https://www.tiktok.com/@shrxking_fear/video/7619980132765175058,#plslike #fyyyyyyyyyyyyyyyyp #myedit #viral,507,5,1
datasets/tiktok/mlbb/bonitoflakesmlbb/7481461665817578770.mp4,False,0.25290635228157043,4,0.0,0.23303030303030303,0.7083333333333333,0.0,0.06710177951388889,bonitoflakesmlbb,7481461665817578770,https://www.tiktok.com/@bonitoflakesmlbb/video/7481461665817578770,Selena highlights Pt. 2 #selena #selenatiktok #mlbb #mobilelegendsbangbang #mlbbhighlights #fypシ゚viralシ,688,3,0
datasets/tiktok/mlbb/saikyuun_/7521312102125128967.mp4,False,0.2527659833431244,4,0.25,0.26868686868686864,0.29094995140913504,0.1543859649122807,0.041099175347222225,saikyuun-,7521312102125128967,https://www.tiktok.com/@saikyuun_/video/7521312102125128967,Naging Jurassic park na ang ML 😭 #MLBBALLSTAR #mlbbdinoacademy #MLBB #fyp #MLBBZetian,8112,441,21
datasets/tiktok/mlbb/mobilelegends_id/7644525359366442260.mp4,False,0.25186967849731445,4,0.25,0.2512121212121212,0.22769679300291545,0.2691228070175439,0.03943793402777778,mobilelegends-id,7644525359366442260,https://www.tiktok.com/@mobilelegends_id/video/7644525359366442260,"ALLSTAR Showdown: Hadiah Siren Para Pemburu Emas, selamat datang di Dreadsea dunia nyata. Sepuluh wilayah dan sepuluh ALLSTAR akan bertarung secara langsung di sini untuk pertama kalinya. Tidak ada jalan kembali. Aturan permainan menjadi satu-satunya hukum bertahan hidup. Siapa yang akan mempertahankan kehormatan tertinggi wilayah mereka? Hadiah Siren sudah siap. Siapa yang akan menjadi pemenang terakhir? @Elizabeth Tan @Khin Wint Wah @SHRX • Shaira Ortile @Kazuki  @Brandon Kent @paranoidosman @remixbacon @Tốp Mỡ @Вудский Дед   30/05 - 31/05 | Perilisan Perdana Global Pantau terus saluran resmi untuk menyaksikan pertarungan memperebutkan harta dari berbagai penjuru dunia. Yuk gabung dan dapatkan hadiah permanen eksklusif ALLSTAR. #ALLSTARShowdown #MLBBTideClash5v5 #MLBBALLSTAR",43900,945,80
datasets/tiktok/mlbb/saikyuun_/7124253074729798938.mp4,False,0.25067800283432007,4,0.0,0.4080808080808081,0.4432014770193791,0.16649122807017544,0.050265842013888895,saikyuun-,7124253074729798938,https://www.tiktok.com/@saikyuun_/video/7124253074729798938,Reply to @na0mmss I tried 🙈 Tinry ko gawin yung version ni @JOSHUA GARCIA. Pati setup ng kwarto niya ginaya ko na din 😂 862765885 (10649) @mlbbtopcreation #mobilelegends #mlbbcreatorcamp #mccjuly #mcc_0722ph #joshuagarcia #ling #mlbb #fyp,117800,7161,151
datasets/tiktok/mlbb/saikyuun_/7280505592349871365.mp4,False,0.2502490282058716,4,0.0,0.0607070707070707,0.6875,0.26263157894736844,0.06854058159722222,saikyuun-,7280505592349871365,https://www.tiktok.com/@saikyuun_/video/7280505592349871365,"Revamp Layla and X-borg 😍 ganda ng glow up, si XB kamukha si Buggy 😩💕 #NEXTFORU #mlbbann7versaya #mobilelegends #mlbb",168200,10600,72
datasets/tiktok/mlbb/mlbbttofficial/7606267980191665429.mp4,False,0.2500220835208893,4,0.0,0.32141414141414143,0.47163508260447035,0.2196491228070175,0.057208116319444446,mlbb-official,7606267980191665429,https://www.tiktok.com/@mlbbttofficial/video/7606267980191665429,"Hey, Melissa, Aamon! Three, two, one—Smile! #MLBBMARCEL #MLBBNEWHERO  #MLBBS40 #MLBBGoldenMonth #MobileLegendsBangBang",1900000,60200,364
datasets/tiktok/mlbb/saikyuun_/7349382822148230406.mp4,False,0.2474675327539444,4,0.0,0.47919191919191917,0.2239310009718173,0.37543859649122807,0.04257486979166667,saikyuun-,7349382822148230406,https://www.tiktok.com/@saikyuun_/video/7349382822148230406,Chip dancing for Tempe chips #MLBB #MobileLegends #phmcbacesleague #mlbbchip #chillaschip #mobilelegends_id #mlbb_indonesia #fyp,2900000,204800,1909
datasets/tiktok/mlbb/shrxking_fear/7605593816787176711.mp4,False,0.24563391506671906,4,0.0,0.36797979797979796,0.6166788143828961,0.017719298245614034,0.037865668402777775,shrxking-fear,7605593816787176711,https://www.tiktok.com/@shrxking_fear/video/7605593816787176711,😂😂😂,202,3,0
datasets/tiktok/mlbb/shrxking_fear/7607743627263200519.mp4,False,0.24372883141040802,4,0.0,0.0,1.0,0.0,0.044971788194444445,shrxking-fear,7607743627263200519,https://www.tiktok.com/@shrxking_fear/video/7607743627263200519,I'm switching to YouTube,15,1,0
datasets/tiktok/mlbb/saikyuun_/7326094424528653573.mp4,False,0.24318601191043854,4,0.0,0.09898989898989899,0.7196793002915453,0.2119298245614035,0.04873263888888889,saikyuun-,7326094424528653573,https://www.tiktok.com/@saikyuun_/video/7326094424528653573,Miya na nag bubudots 👀 #MLBB #MobileLegends #phmcbacesleague #phvalentineskinmlbb #phvalentinereturnskin #fyp #phkofreturn,70100,3980,92
datasets/tiktok/mlbb/shrxking_fear/7606288158011034898.mp4,False,0.24278010427951813,4,0.0,0.6647474747474748,0.022886297376093295,0.327719298245614,0.04526475694444444,shrxking-fear,7606288158011034898,https://www.tiktok.com/@shrxking_fear/video/7606288158011034898,ty,130,2,1
datasets/tiktok/mlbb/saikyuun_/7408515631752006930.mp4,False,0.24246345460414886,4,0.0,0.4134343434343434,0.25335324754901956,0.313859649122807,0.06056206597222223,saikyuun-,7408515631752006930,https://www.tiktok.com/@saikyuun_/video/7408515631752006930,Replying to @dogo RIP Old Tyrone Tiaga #MLBB #mobilelegends #phmcbacesleague #fyp #phvirgoodette,248900,2706,63
datasets/tiktok/mlbb/shrxking_fear/7597694300213857544.mp4,False,0.24151821434497833,4,0.25,0.23848484848484852,0.2960062194520665,0.21245614035087718,0.02206488715277778,shrxking-fear,7597694300213857544,https://www.tiktok.com/@shrxking_fear/video/7597694300213857544,TikTok video #7597694300213857544,131,0,1
datasets/tiktok/mlbb/cedxvi/7149912405806468378.mp4,False,0.24134503304958344,4,0.0,0.3702020202020202,0.506304664723032,0.0,0.066005859375,cedxvi,7149912405806468378,https://www.tiktok.com/@cedxvi/video/7149912405806468378,@YT MIZAKI 😱#cedxvi,1500000,121500,501
datasets/tiktok/mlbb/mlbbttofficial/7612518493950446869.mp4,False,0.2406875640153885,4,0.0,0.34101010101010104,0.40267249757045676,0.16771929824561402,0.0686990017361111,mlbb-official,7612518493950446869,https://www.tiktok.com/@mlbbttofficial/video/7612518493950446869,"""Half embraced by Spring, half holding Autumn."" The left hand holds the gentle weave of Spring, while the right holds the passionate clash of Autumn. Which season's colors do you prefer? #MobileLegendsBangBang #MLBBNewSkin #MLBBEternalSeasons",780600,16600,122
datasets/tiktok/mlbb/saikyuun_/7154306430546300187.mp4,False,0.24039296805858612,4,0.0,0.11141414141414141,0.6366618075801749,0.17385964912280702,0.07224392361111112,saikyuun-,7154306430546300187,https://www.tiktok.com/@saikyuun_/video/7154306430546300187,Hanabi and Kagura vibing 🥰 di muna kasali si Hayabusa bahala siya diyan 😂 862765885 (10649) @MLBB TOP CREATION #mobilelegends #mlbbcreatorcamp #mccOctober #mcc_1014ph #fyp #fypシ #Kagura  #Hanabi,146000,11700,63
datasets/tiktok/mlbb/mlbbttofficial/7615555672775658773.mp4,False,0.2372651994228363,4,0.25,0.24525252525252528,0.2904916073572286,0.10666666666666666,0.037575954861111115,mlbb-official,7615555672775658773,https://www.tiktok.com/@mlbbttofficial/video/7615555672775658773,"Perfect focus, the art within the art! #MLBBMARCEL #MLBBNEWHERO #MLBBS40 #MLBBGoldenMonth #MobileLegendsBangBang",1100000,10000,127
datasets/tiktok/mlbb/mlbbdailyclips/7047126997713112346.mp4,False,0.23669788241386414,4,0.0,0.11383838383838384,0.75,0.0,0.07053493923611111,mlbbdailyclips,7047126997713112346,https://www.tiktok.com/@mlbbdailyclips/video/7047126997713112346,BTK MoboZane Giving Mercy by Accident,110,1,0
datasets/tiktok/mlbb/shrxking_fear/7612259746443300103.mp4,False,0.23231178522109985,3,0.0,0.30626262626262624,0.38732593037214885,0.25005847953216376,0.055623553240740746,shrxking-fear,7612259746443300103,https://www.tiktok.com/@shrxking_fear/video/7612259746443300103,first edit in life promice,595,5,5
datasets/tiktok/mlbb/nilunaa/7618504766737403156.mp4,False,0.23129117488861084,4,0.25,0.10848484848484848,0.3608479105928085,0.13017543859649122,0.04720811631944445,nilunaa,7618504766737403156,https://www.tiktok.com/@nilunaa/video/7618504766737403156,Ethereal Butterfly Recall #MLBBGoldenMonth #MLBelanjaBaik #SayangItsOk #MLBBMarcel #MLBBS40,7147,169,8
datasets/tiktok/mlbb/nilunaa/7640035406452428050.mp4,False,0.22955231368541718,4,0.0,0.3205050505050505,0.3155566958926428,0.3231578947368421,0.052643229166666666,nilunaa,7640035406452428050,https://www.tiktok.com/@nilunaa/video/7640035406452428050,Tidal Fishing - Memory Clam  #MLBBALLSTAR #MLBBTidalFishing #MLBB #mobilelegends #nilunaa,49500,867,57
datasets/tiktok/mlbb/mobilelegendsmy/7640473743520828690.mp4,False,0.2294752299785614,4,0.0,0.19737373737373737,0.23752429543245868,0.6654385964912282,0.04203233506944445,mobilelegendsmy,7640473743520828690,,,,,
datasets/tiktok/mlbb/mlbbdailyclips/7047124356903865627.mp4,False,0.22859464585781097,4,0.0,0.12303030303030303,0.7,0.0,0.07089952256944444,mlbbdailyclips,7047124356903865627,https://www.tiktok.com/@mlbbdailyclips/video/7047124356903865627,BTK MobaZane Became a Statue after Eating a Lot of CC's,77,1,0
datasets/tiktok/mlbb/saikyuun_/7121188083701189915.mp4,False,0.22773995995521545,4,0.0,0.08595959595959596,0.875,0.0,0.032177734375,saikyuun-,7121188083701189915,https://www.tiktok.com/@saikyuun_/video/7121188083701189915,Beatrix fit na fit 862765885 (10649) @mlbbtopcreation #mcc_0715ph #mobilelegends #mlbbcreatorcamp #mccjuly #fyp #benedetta #beatrix #benetrix,59600,2265,31
datasets/tiktok/mlbb/saikyuun_/7408913894221040904.mp4,False,0.22618140280246735,4,0.0,0.23888888888888887,0.3762755102040816,0.18877192982456137,0.0838791232638889,saikyuun-,7408913894221040904,https://www.tiktok.com/@saikyuun_/video/7408913894221040904,Sinong hero bagay sa dance trend na 'to? 🌸 #MLBB #mobilelegends #phmcbacesleague #fyp #phvirgoodette,55000,4894,71
datasets/tiktok/mlbb/mlbbtopcreation/7239350228581747970.mp4,False,0.22617267072200775,4,0.25,0.18686868686868685,0.1416482843137255,0.26929824561403504,0.04905056423611111,mlbb-top-creation,7239350228581747970,https://www.tiktok.com/@mlbbtopcreation/video/7239350228581747970,Odette Gameplay @myatminkhantws #mobilelegends #mgl #mlbbcreatorcamp,43500,2558,75
datasets/tiktok/mlbb/saikyuun_/7464904186681904392.mp4,False,0.22505898773670197,4,0.0,0.3355555555555555,0.45416666666666666,0.14385964912280702,0.040021701388888886,saikyuun-,7464904186681904392,https://www.tiktok.com/@saikyuun_/video/7464904186681904392,Weakness ni Layla 😫💛 #MLBB #mobilelegends #phmcbacesleague #phbloomofabundancerafaela #fyp #mlbbmyhero,116300,13500,151
datasets/tiktok/mlbb/shrxking_fear/7637459286301445383.mp4,False,0.22482456266880035,4,0.0,0.12858585858585858,0.6569241982507289,0.0,0.0762228732638889,shrxking-fear,7637459286301445383,https://www.tiktok.com/@shrxking_fear/video/7637459286301445383,just bored,168,2,0
datasets/tiktok/mlbb/saikyuun_/7240338951620398341.mp4,False,0.2245955467224121,4,0.0,0.12383838383838383,0.5527939747327503,0.21473684210526314,0.06244357638888889,saikyuun-,7240338951620398341,https://www.tiktok.com/@saikyuun_/video/7240338951620398341,My fave skins so far 👀 ganda ng revamp zodiac ❤️❤️ #geminiinmlbb #fyp #fypシ #mlbb,117700,11600,91
datasets/tiktok/mlbb/saikyuun_/7440676274739088648.mp4,False,0.223236545920372,4,0.0,0.1792929292929293,0.31488095238095243,0.40508771929824555,0.07108181423611111,saikyuun-,7440676274739088648,https://www.tiktok.com/@saikyuun_/video/7440676274739088648,She's still bitter i guess 👀 #MLBB #mobilelegends #phmcbacesleague #phsagittariusirithel #mlbbcreatorbase,66500,6740,148
datasets/tiktok/mlbb/mlbbesports_official/7599267389519252744.mp4,False,0.22202754020690918,4,0.25,0.19424242424242427,0.30458197564740186,0.08140350877192983,0.03421223958333333,mlbb-esports,7599267389519252744,https://www.tiktok.com/@mlbbesports_official/video/7599267389519252744,"The M7 Grand Finals Opening Ceremony A ceremony worthy to celebrate the BIGGEST MLBB match of the year. Let the world see us! Mark your calendars for the M7! 📅 January 3rd - 25th, 2026 📍 Tenis Indoor Senayan – Knockout Stage & Grand Finals (Jan 21st–25th, 2026) 📍Stadium Madya - M7 Carnival (Jan 23rd-25th, 2026) 🎟 Get your tickets at id-mpl.com/m7 #MLBBEsports #MLBB #M7 #LetTheWorldSeeUs #MobileLegendsBangBang",530300,21500,181
datasets/tiktok/mlbb/shrxking_fear/7604065365252902151.mp4,False,0.22149476408958435,4,0.0,0.261010101010101,0.5231020220588235,0.02543859649122807,0.06324327256944444,shrxking-fear,7604065365252902151,https://www.tiktok.com/@shrxking_fear/video/7604065365252902151,TikTok video #7604065365252902151,9,2,0
datasets/tiktok/mlbb/saikyuun_/7192789811990711579.mp4,False,0.22110339999198914,4,0.0,0.24696969696969698,0.55,0.07964912280701754,0.04838324652777778,saikyuun-,7192789811990711579,https://www.tiktok.com/@saikyuun_/video/7192789811990711579,M4 funny moments review with chikitings #PinasLangMalakas #mlbbm4 #daretobegreat #m4worldchampionship #mlbb #mobilelegends #fyp,482800,30200,106
datasets/tiktok/mlbb/saikyuun_/7460360788608290055.mp4,False,0.2200552225112915,4,0.0,0.09717171717171717,0.5303206997084549,0.2926315789473684,0.05490125868055555,saikyuun-,7460360788608290055,https://www.tiktok.com/@saikyuun_/video/7460360788608290055,Ba't kasi ang arte ng classmate 🥲 Check niyo yung MLBBMyHero #MLBB #mobilelegends #mlbbmyhero #fyp,405900,32700,497
datasets/tiktok/mlbb/shrxking_fear/7601377665026804999.mp4,False,0.21912211179733276,4,0.25,0.11979797979797979,0.35742225461613214,0.13228070175438594,0.028025173611111114,shrxking-fear,7601377665026804999,https://www.tiktok.com/@shrxking_fear/video/7601377665026804999,TikTok video #7601377665026804999,8,0,0
datasets/tiktok/mlbb/mlbbttofficial/7613650522398035220.mp4,False,0.21902307868003845,4,0.0,0.11777777777777779,0.6292395529640428,0.0,0.07956814236111112,mlbb-official,7613650522398035220,https://www.tiktok.com/@mlbbttofficial/video/7613650522398035220,"Dazzling Shop available for a limited time from 02/17 to 04/02! Participate in the event to get Dazzling Coins and exchange them for amazing rewards in the Dazzling Shop! Select from 48 skins (choose 1), massive heroes, and various items. You can even exchange for a Special skin! Log in to the game to collect Dazzling Coins! #MLBBGoldenMonth #MLBBGoldenMonthEvent #MobileLegendsbangbang #MLBBFreeSkin",224200,2572,59
datasets/tiktok/mlbb/nilunaa/7616667469184273671.mp4,False,0.2189277857542038,4,0.0,0.19757575757575757,0.6096695821185617,0.0,0.06034288194444445,nilunaa,7616667469184273671,https://www.tiktok.com/@nilunaa/video/7616667469184273671,Trick hero Marcel  #MLBBNEWSKIN #MLBB #MLBBFanny #MLBBMarcel #MLBBS40,20600,669,8
datasets/tiktok/mlbb/mlbbttofficial/7617790959232814352.mp4,False,0.21767203509807587,4,0.0,0.039292929292929296,0.75,0.0,0.06812717013888889,mlbb-official,7617790959232814352,https://www.tiktok.com/@mlbbttofficial/video/7617790959232814352,"New limited Hanabi skin? Grand prize (Phone or Diamonds)? Demonkite says: They're all here! 🎁 ""Dazzling Golden Spin"" is available for a limited time. Demonkite is waiting for you in MLBB. Come and take home your favorite rewards! #MLBBGoldenMonth #MLBBGoldenMonthEvent #MLBBFreeSkin #MLBBNewSkin #MobileLegendsBangBang",669400,3371,153
datasets/tiktok/mlbb/saikyuun_/7125686272357600539.mp4,False,0.21731124818325043,4,0.0,0.4598989898989899,0.31367608203995884,0.08982456140350877,0.041826171875,saikyuun-,7125686272357600539,https://www.tiktok.com/@saikyuun_/video/7125686272357600539,Reply to @iyuichan POV: Papansin yung kapatid mo pag nag t-tiktok ka 😂 Mas na popogi-an ako kay Aamon kesa kay Gusion skl 😚 862765885 (10649) @mlbbtopcreation #mobilelegends #mlbbcreatorcamp #mccjuly #mcc_0722ph #Aamon #Gusion #fyp,112400,6808,139
datasets/tiktok/mlbb/saikyuun_/7289756662338997509.mp4,False,0.21571679413318634,4,0.0,0.0,0.7296890184645287,0.16122807017543858,0.050203993055555556,saikyuun-,7289756662338997509,https://www.tiktok.com/@saikyuun_/video/7289756662338997509,Sana ma fix na in game glitches nung skin 😌💕 #MLBB #mobilelegends  #phmcbacesleague #mlbbxducati  #irithelmonstersprider #benedettapanigalev4srider #nextforu #fyp #MLBBNOLAN,143700,8175,114
datasets/tiktok/mlbb/saikyuun_/7319055582818946310.mp4,False,0.21530544757843018,4,0.0,0.17272727272727273,0.42608043663894135,0.3321052631578947,0.046379123263888884,saikyuun-,7319055582818946310,https://www.tiktok.com/@saikyuun_/video/7319055582818946310,"Cici and kuya Aamon~ 2024 na, wala pading jowa si Chou 😔🫶 #MLBBCICI #cicidebut #MLBB #MobileLegends #fyp #Happynewyear2024",1100000,84100,1718
datasets/tiktok/mlbb/saikyuun_/7270836566333951238.mp4,False,0.21495330333709717,4,0.0,0.03494949494949495,0.6919825072886298,0.12192982456140351,0.057048611111111105,saikyuun-,7270836566333951238,https://www.tiktok.com/@saikyuun_/video/7270836566333951238,"Palong palo Chou, ganda ng M4 skin 🥰 #MLBB  #mobilelegends #phmcbacesleague  #mlbbphchoum4championskin  #mlbbphchampionskin  #itsmorefuninmlbb #fyp #fypシ",253700,23500,443
datasets/tiktok/mlbb/saikyuun_/7203151826953227546.mp4,False,0.21268683671951294,4,0.0,0.26343434343434347,0.35680272108843536,0.29666666666666663,0.041624348958333335,saikyuun-,7203151826953227546,https://www.tiktok.com/@saikyuun_/video/7203151826953227546,Pinagtatampal ba naman ni Franco sa dulo 😆✨ 862765885 (10649) @MLBB TOP CREATION #mobilelegends #mlbbcreatorcamp #mccfebruary2023 #mccforsakenlight_ph #fyp #fypシ #jujutsukaisen #jujutsukaisenxmobilelegends,90300,7951,91
datasets/tiktok/mlbb/mlbbdailyclips/7047122856651656474.mp4,False,0.2124089002609253,4,0.0,0.12494949494949495,0.6416666666666666,0.0,0.06506076388888889,mlbbdailyclips,7047122856651656474,https://www.tiktok.com/@mlbbdailyclips/video/7047122856651656474,BTK MobaZane Last Minute Maniac using Karina,79,1,0
datasets/tiktok/mlbb/shrxking_fear/7624791906618264839.mp4,False,0.21063260734081268,4,0.0,0.15727272727272726,0.3067298347910593,0.5743859649122807,0.028578559027777777,shrxking-fear,7624791906618264839,https://www.tiktok.com/@shrxking_fear/video/7624791906618264839,#fyyyyyyyyyyyyyyyyp #myedit #plslike,151,2,2
datasets/tiktok/mlbb/hororo_chan/6887082870666562817.mp4,False,0.2094833254814148,4,0.0,0.11010101010101009,0.6125,0.11736842105263158,0.04980034722222222,hororo-chan,6887082870666562817,https://www.tiktok.com/@hororo_chan/video/6887082870666562817,#mentalhealthmovement,746,9,1
datasets/tiktok/mlbb/mlbbdailyclips/7047367335367298331.mp4,False,0.20892022550106049,4,0.0,0.12343434343434342,0.625,0.0,0.06554253472222221,mlbbdailyclips,7047367335367298331,https://www.tiktok.com/@mlbbdailyclips/video/7047367335367298331,BTK MobaZane Getting a Free Mukbang on Lylia's Bombs #mlb #mobilelegends #ohmyv33nus #wisegaming #Mobazane #BTK  #mlbb #ml #gaming #tiktok #Moba,315,1,0
datasets/tiktok/mlbb/mlbbttofficial/7628094549721648404.mp4,False,0.2089124172925949,4,0.25,0.25,0.14085606564054193,0.13543859649122808,0.034300130208333335,mlbb-official,7628094549721648404,https://www.tiktok.com/@mlbbttofficial/video/7628094549721648404,"Red and Blue Intertwined! Under Your Name, Aulus, Fighting Spirit Burns! #MobileLegendsBangBang #MLBBAULUS #MLBBREVAMPEDHERO #MLBBS40",364500,13800,170
datasets/tiktok/mlbb/saikyuun_/7519430094968884487.mp4,False,0.20869983732700348,4,0.25,0.06313131313131312,0.3958547794117646,0.12052631578947368,0.02323459201388889,saikyuun-,7519430094968884487,https://www.tiktok.com/@saikyuun_/video/7519430094968884487,Zetian o Pharsa? 👀 #MLBBZetian #Zetiandebut #phoenixempressrising #mlbb #fyp,9192,550,36
datasets/tiktok/mlbb/mlbbcreator/7274596745856830725.mp4,False,0.20821546018123627,4,0.0,0.6057575757575758,0.10346209912536444,0.039649122807017545,0.053936631944444445,mlbbcreator,7274596745856830725,https://www.tiktok.com/@mlbbcreator/video/7274596745856830725,survive,7385,174,1
datasets/tiktok/mlbb/nilunaa/7640418746913410312.mp4,False,0.20778346061706543,4,0.0,0.2502020202020202,0.49583333333333335,0.0,0.06114908854166666,nilunaa,7640418746913410312,https://www.tiktok.com/@nilunaa/video/7640418746913410312,Legendary Fish Completed ✅  #MLBBALLSTAR #MLBBTidalFishing #MLBB #mobilelegends #nilunaa,48400,797,40
datasets/tiktok/mlbb/shrxking_fear/7624551548659518738.mp4,False,0.2064809799194336,4,0.0,0.5081818181818182,0.10307337220602525,0.34368421052631576,0.01935763888888889,shrxking-fear,7624551548659518738,https://www.tiktok.com/@shrxking_fear/video/7624551548659518738,#ppllllsssssss,167,2,2
datasets/tiktok/mlbb/saikyuun_/7404449848709156103.mp4,False,0.20627059042453766,4,0.0,0.09404040404040404,0.4878644314868805,0.28649122807017546,0.050634765625,saikyuun-,7404449848709156103,https://www.tiktok.com/@saikyuun_/video/7404449848709156103,Boys at the back! 😡😡 #MLBB #mobilelegends #fyp #mlbbcreatorbase #phmcbacesleague,371500,46700,691
datasets/tiktok/mlbb/saikyuun_/7128231307531914523.mp4,False,0.20455758273601532,4,0.0,0.16010101010101008,0.5726554907677356,0.03666666666666667,0.05555989583333333,saikyuun-,7128231307531914523,https://www.tiktok.com/@saikyuun_/video/7128231307531914523,The captain and his medic✨ 862765885 (10649) @mlbbtopcreation #mobilelegends #mlbbcreatorcamp #natanstarlight #mccaugust #mccnatanstarlight_ph #fyp #rafaela #natan,86900,3625,14
datasets/tiktok/mlbb/saikyuun_/7126745730575781146.mp4,False,0.20343250036239624,4,0.0,0.08020202020202019,0.6666666666666667,0.0663157894736842,0.04625759548611111,saikyuun-,7126745730575781146,https://www.tiktok.com/@saikyuun_/video/7126745730575781146,Pogi nung naka facemask hehe 862765885 (10649) @mlbbtopcreation #mobilelegends #mlbbcreatorcamp #mccjuly #mcc_0729ph #fyp #hayabusa #hanzo #gravy #yunggravy,102400,5150,59
datasets/tiktok/mlbb/mlbbttofficial/7606277591154183445.mp4,False,0.202895388007164,4,0.0,0.2597979797979798,0.3242103984450923,0.24368421052631575,0.04969401041666667,mlbb-official,7606277591154183445,https://www.tiktok.com/@mlbbttofficial/video/7606277591154183445,"I thought he was here to dominate, but he just wanted to be a master thief... Battlefield Draft special effect: Golden Turtle will be available for a limited time from 02/27 to 03/09! #MLBBGoldenMonth #MLBBGoldenMonthEvent #MobileLegendsbangbang",1900000,11300,190
datasets/tiktok/mlbb/saikyuun_/7121544716910365979.mp4,False,0.20276781916618347,4,0.0,0.3811111111111111,0.43358843537414965,0.0,0.03157009548611111,saikyuun-,7121544716910365979,https://www.tiktok.com/@saikyuun_/video/7121544716910365979,Reply to @fb.imathso unmask ko starwars skin ni Kimmy pag maganda araw ko 862765885 (10649) @mlbbtopcreation #mobilelegends #mlbbcreatorcamp #mccjuly #mccstarwar_ph #fyp #kimmy #starwars #stormtrooper,60400,1709,32
datasets/tiktok/mlbb/mlbbttofficial/7629380444055850241.mp4,False,0.20251931250095367,4,0.0,0.28949494949494947,0.24715743440233234,0.3121052631578947,0.04757161458333333,mlbb-official,7629380444055850241,https://www.tiktok.com/@mlbbttofficial/video/7629380444055850241,Wait! Give me one more chance! I promise I'll melt them all! 😭 #MobileLegendsBangBang #MLBBAULUS #MLBBREVAMPEDHERO #MLBBS40,113500,3882,211
datasets/tiktok/mlbb/mlbbttofficial/7615128417880640784.mp4,False,0.20243926346302032,4,0.25,0.2311111111111111,0.10051020408163266,0.21350877192982454,0.02675347222222222,mlbb-official,7615128417880640784,https://www.tiktok.com/@mlbbttofficial/video/7615128417880640784,"At this moment, I am not sure which me you are looking at. It makes no difference... You like both, right? #MLBBMARCEL #MLBBNEWHERO #MLBBS40 #MLBBGoldenMonth #MobileLegendsBangBang",1300000,14400,107
datasets/tiktok/mlbb/saikyuun_/7420343146103508231.mp4,False,0.20048101246356964,4,0.0,0.2682828282828283,0.38919983171840167,0.0,0.07570095486111111,saikyuun-,7420343146103508231,https://www.tiktok.com/@saikyuun_/video/7420343146103508231,Veewise animation reference~ 🥰 #mlbb8th #mlbbcelebr8 #mlbbcr8torparty #MLBB #phjoinMLBBparty #veewise,60300,2961,34
datasets/tiktok/mlbb/mlbbdailyclips/7047369759989566747.mp4,False,0.2001555860042572,4,0.0,0.12373737373737373,0.5833333333333334,0.0,0.0654296875,mlbbdailyclips,7047369759989566747,https://www.tiktok.com/@mlbbdailyclips/video/7047369759989566747,BTK MobaZane Hard Inting Engaging 5 Enemies #mlb #mobilelegends #ohmyv33nus #wisegaming #Mobazane #BTK  #mlbb #ml #gaming #tiktok #Moba,412,0,0
datasets/tiktok/mlbb/bonitoflakesmlbb/7441450621351382279.mp4,False,0.20004431903362274,4,0.0,0.31595959595959594,0.3668681267149717,0.06947368421052631,0.052421875,bonitoflakesmlbb,7441450621351382279,https://www.tiktok.com/@bonitoflakesmlbb/video/7441450621351382279,This Fanny is too strong! How did we win this? #tiktok #mlbb #mlbbtiktok #mobilelegends #mobilelegendsbangbang #fypシ゚viralシ,737,20,2
datasets/tiktok/mlbb/mlbbdailyclips/7047119547865845019.mp4,False,0.20002184808254242,4,0.0,0.12323232323232322,0.5833333333333334,0.0,0.06540690104166666,mlbbdailyclips,7047119547865845019,https://www.tiktok.com/@mlbbdailyclips/video/7047119547865845019,BTK MobaZane Hard Inting Engaging 5 Enemies,53,1,0
datasets/tiktok/mlbb/mlbbdailyclips/7047110261777485082.mp4,False,0.1995794177055359,4,0.0,0.12343434343434342,0.5833333333333333,0.0,0.06475477430555555,mlbbdailyclips,7047110261777485082,https://www.tiktok.com/@mlbbdailyclips/video/7047110261777485082,BTK MobaZane Getting a Free Mukbang on Lylia's Bombs,38,1,0
datasets/tiktok/mlbb/saikyuun_/7394017812685098247.mp4,False,0.19870485365390778,4,0.0,0.07343434343434344,0.7112973760932945,0.06,0.030838758680555557,saikyuun-,7394017812685098247,https://www.tiktok.com/@saikyuun_/video/7394017812685098247,Yunan 1 bai 1 Saikyuun sa MLBB Victory night 🥳 #MLBB #MobileLegends #fyp #phmcbacesleague,1100000,68700,711
datasets/tiktok/mlbb/saikyuun_/7255556666706382086.mp4,False,0.19850066304206848,4,0.0,0.01292929292929293,0.6397959183673468,0.13964912280701752,0.05286783854166667,saikyuun-,7255556666706382086,https://www.tiktok.com/@saikyuun_/video/7255556666706382086,"Grabe glow up ni Faramis, di na siya kinakalimutan ni Moonton 😂 #MLBB #mobilelegends #phmcbacesleague #mlbbphsummersparks #mlbbphfaramissummersparks #itsmorefuninmlbb #fyp",122000,10100,160
datasets/tiktok/mlbb/shrxking_fear/7624905305629003026.mp4,False,0.19758827984333038,4,0.0,0.2804040404040404,0.36100583090379007,0.08912280701754385,0.057705078124999996,shrxking-fear,7624905305629003026,https://www.tiktok.com/@shrxking_fear/video/7624905305629003026,#plslike #myedit #fyyyyyyyyyyyyyyyyp #followme,273,4,0
datasets/tiktok/mlbb/mobilelegends_id/7644563612920548628.mp4,False,0.19461220502853394,4,0.25,0.1096969696969697,0.2331332800977534,0.1463157894736842,0.03037543402777778,mobilelegends-id,7644563612920548628,https://www.tiktok.com/@mobilelegends_id/video/7644563612920548628,"🔥 MCGG MRS Crew Clash— Perang Seratus Resimen telah berkobar. Dua kubu besar saling berhadapan! Setiap pemain strategi berhak membuktikan kehormatannya. Bentuk atau temukan Crew-mu, bergabung dengan MRS, dan rebut hadiah serta takhta  Tonton film lengkapnya sekarang dan pilih pihakmu! *Please put the caption below on comment zone and pin:* Rp 880 juta menantimu! Klik https://magicchessgogo.com/s6mrscrewclash/?utm_source=kol&utm_medium=timcocvstimmcgg untuk berpartisipasi dalam acara, buat atau temukan Crew, Anda juga dapat mencari nama Crew berikut di halaman di atas untuk bergabung dengan tim para KOL (cepat, karena terbatas!) Ciduk: Clash-of-Chess Bangskot：TeamHama Chief Rian Gaming：BarbaRian MiceMaylou：TeamMicemaylou JayTV：TeamJayTV Bass Klemens：Checkmate-01 Kelvin Gaming：TeamKelvin Jeremy Archer: TeamJeremy Budiono Wong: BudionoWong-02 Fan Lee: X-FANLEE-01 Game Download: https://app.adjust.com/1hbnfn1z_1hsahd65?campaign=MCGG1YEAR&adgroup=PR&deeplink=mobilechess%3A%2F%2Fappinvites  #MCGGS6 #MRSTimCOC #MRSTimMCGG #MRSCrewClash #MCGG # Magic Chess: GO GO",21200,368,58
datasets/tiktok/mlbb/saikyuun_/7122646998959803675.mp4,False,0.1936401128768921,4,0.0,0.41555555555555557,0.3290245696492883,0.03368421052631579,0.03115234375,saikyuun-,7122646998959803675,https://www.tiktok.com/@saikyuun_/video/7122646998959803675,"Reply to @doa.kristel If you're wondering why girls main Tigreal, this is why :> 862765885 (10649) @mlbbtopcreation #mobilelegends #mlbbcreatorcamp #mccjuly #mcc_0715ph #fyp #Tigreal",80500,2890,86
datasets/tiktok/mlbb/mlbbttofficial/7630123695918337297.mp4,False,0.19331619143486023,4,0.0,0.16,0.5211127308066084,0.04350877192982456,0.05362955729166666,mlbb-official,7630123695918337297,https://www.tiktok.com/@mlbbttofficial/video/7630123695918337297,"I don't know, but my dancing is graceful anyway~≡^ˇ^≡ #MobileLegendsBangBang #MLBBAULUS #MLBBREVAMPEDHERO #MLBBS40",489700,22200,260
datasets/tiktok/mlbb/mlbbesports_official/7598904258083228936.mp4,False,0.19289280474185944,4,0.0,0.07616161616161615,0.5083819241982508,0.07228070175438596,0.07654405381944446,mlbb-esports,7598904258083228936,https://www.tiktok.com/@mlbbesports_official/video/7598904258083228936,Heartbreak 💔 The Golden Road ends. #MLBBEsports #MLBBM7 #MobileLegendsBangBang #M7 #LetTheWorldSeeUs,1100000,58900,892
datasets/tiktok/mlbb/mobilelegendsmy/7643043728034106631.mp4,False,0.1927281618118286,4,0.0,0.11000000000000001,0.44704322800548796,0.1743859649122807,0.06211154513888889,mobilelegendsmy,7643043728034106631,,,,,
datasets/tiktok/mlbb/mlbbtopcreation/7204654123243883778.mp4,False,0.19262006878852844,4,0.25,0.14595959595959596,0.16596209912536444,0.18701754385964914,0.027000868055555557,mlbb-top-creation,7204654123243883778,https://www.tiktok.com/@mlbbtopcreation/video/7204654123243883778,Layla 😳 @yumenesstrawberry #mobilelegends #mgl #mlbbcreatorcamp,2458,84,5
datasets/tiktok/mlbb/nilunaa/7631958524503051527.mp4,False,0.19129110872745514,4,0.0,0.23393939393939392,0.42299562682215747,0.0,0.0645627170138889,nilunaa,7631958524503051527,https://www.tiktok.com/@nilunaa/video/7631958524503051527,Tips Frozen Sea  #MLBBFrozensea #MLBB #mobilelegends #nilunaa,25500,364,9
datasets/tiktok/mlbb/saikyuun_/7413341512819297554.mp4,False,0.1912773847579956,4,0.0,0.23858585858585862,0.38739067055393583,0.0,0.07308268229166666,saikyuun-,7413341512819297554,https://www.tiktok.com/@saikyuun_/video/7413341512819297554,"Ah talaga po, @Yunan 🗿 #MLBB #mobilelegends #fyp #mlbb_indonesia #mobilelegends_id",97600,7493,62
datasets/tiktok/mlbb/shrxking_fear/7635250036971998471.mp4,False,0.1907891184091568,4,0.0,0.46292929292929286,0.175,0.1854385964912281,0.024726562500000004,shrxking-fear,7635250036971998471,https://www.tiktok.com/@shrxking_fear/video/7635250036971998471,#class #girls,255,10,2
datasets/tiktok/mlbb/saikyuun_/7242222222474005766.mp4,False,0.1898704171180725,4,0.0,0.0197979797979798,0.5287969071557194,0.15421052631578946,0.06733506944444444,saikyuun-,7242222222474005766,https://www.tiktok.com/@saikyuun_/video/7242222222474005766,Tiktok muna bago i leash buff ni Karina 💙 #geminiinmlbb #mlbbcreatorcamp #mlbbcontentcreator #fyp #fypシ,78900,4217,16
datasets/tiktok/mlbb/mlbbdailyclips/7047361398707375386.mp4,False,0.18944212794303894,4,0.0,0.07727272727272727,0.6125,0.0,0.05728949652777778,mlbbdailyclips,7047361398707375386,https://www.tiktok.com/@mlbbdailyclips/video/7047361398707375386,BlackList Hadji Displaying his Insane Lunox Mechanics #mlb #mobilelegends #ohmyv33nus #blacklistinternational #wisegaming #mlbb #ml #gaming #tiktok #,184,1,0
datasets/tiktok/mlbb/saikyuun_/7468258979240594706.mp4,False,0.1879829317331314,4,0.0,0.17262626262626263,0.5833333333333333,0.0,0.03414171006944445,saikyuun-,7468258979240594706,https://www.tiktok.com/@saikyuun_/video/7468258979240594706,Isekai truck trend on Layla 💛 #MLBB #mobilelegends #fyp #phmcbacesleague #mlbbshiningph,145400,13700,419
datasets/tiktok/mlbb/cedxvi/7334171819722820870.mp4,False,0.187908336520195,4,0.0,0.24595959595959596,0.39370748299319724,0.0,0.06455078125,cedxvi,7334171819722820870,https://www.tiktok.com/@cedxvi/video/7334171819722820870,😢,180700,8434,143
datasets/tiktok/mlbb/shrxking_fear/7599962488800644360.mp4,False,0.18645428121089935,4,0.0,0.38919191919191914,0.21106656948493685,0.10526315789473684,0.04802191840277778,shrxking-fear,7599962488800644360,https://www.tiktok.com/@shrxking_fear/video/7599962488800644360,I random,85,1,0
datasets/tiktok/mlbb/saikyuun_/7402586607020281096.mp4,False,0.1851940155029297,4,0.0,0.16585858585858587,0.28669648663036645,0.3087719298245614,0.05216471354166667,saikyuun-,7402586607020281096,https://www.tiktok.com/@saikyuun_/video/7402586607020281096,"Side by side reference, may ads sa taas #MLBB #MobileLegends #fyp #mlbbcreatorbase #phmcbacesleague",576500,43500,293
datasets/tiktok/mlbb/saikyuun_/7292327694472072454.mp4,False,0.18436452746391296,4,0.0,0.04515151515151515,0.513544703595724,0.2145614035087719,0.044063585069444446,saikyuun-,7292327694472072454,https://www.tiktok.com/@saikyuun_/video/7292327694472072454,"🐍 skin ni Khufra + 🌷 skin ni Esme, parehong libre 💕 #MLBB #mobilelegends #phmcbacesleague #phkhufraapophis #lover #taylorswift #fyp",504900,46300,520
datasets/tiktok/mlbb/mlbbttofficial/7620402268923251969.mp4,False,0.18422603607177734,4,0.0,0.03373737373737373,0.38446775585234094,0.38438596491228066,0.048665364583333336,mlbb-official,7620402268923251969,https://www.tiktok.com/@mlbbttofficial/video/7620402268923251969,"House Paxley, born of the cold night. Here, the heroes bound by its blood forge ahead. #MLBBMARCEL #MLBBNEWHERO #MLBBS40 #MLBBGoldenMonth #MobileLegendsBangBang #MLBBWovenDawn",7700000,143700,603
datasets/tiktok/mlbb/mobilelegendsmy/7638545192613727506.mp4,False,0.18392568826675415,4,0.0,0.0902020202020202,0.4921282798833819,0.15157894736842104,0.048531901041666665,mobilelegendsmy,7638545192613727506,,,,,
datasets/tiktok/mlbb/saikyuun_/7167902359715073307.mp4,False,0.18343570828437805,4,0.0,0.1573737373737374,0.5281541053921568,0.05614035087719298,0.036699218750000005,saikyuun-,7167902359715073307,https://www.tiktok.com/@saikyuun_/video/7167902359715073307,May snatcher sa dulo ng video 😂 862765885 (10649) @MLBB TOP CREATION #mobilelegends #mlbbcreatorcamp #mccnovember #mcc_1118ph #zilong #fyp #fypシ,1100000,101000,1157
datasets/tiktok/mlbb/mobilelegendsmy/7635160582005460245.mp4,False,0.1832670420408249,4,0.0,0.3511111111111111,0.17880450841050705,0.22421052631578947,0.04011067708333334,mobilelegendsmy,7635160582005460245,,,,,
datasets/tiktok/mlbb/saikyuun_/7409879482984566023.mp4,False,0.18325430154800415,4,0.0,0.045454545454545456,0.49803206997084554,0.1870175438596491,0.05248914930555555,saikyuun-,7409879482984566023,https://www.tiktok.com/@saikyuun_/video/7409879482984566023,Beware of Odette mains 👀 #MLBB #mobilelegends #phmcbacesleague #phvirgoodette #fyp #mlbb_indonesia #mlbbcreatorbase #mobilelegends_id,26100,1775,23
datasets/tiktok/mlbb/saikyuun_/7132689271445654811.mp4,False,0.1825355440378189,4,0.0,0.17929292929292928,0.5131444586763277,0.0,0.04447808159722222,saikyuun-,7132689271445654811,https://www.tiktok.com/@saikyuun_/video/7132689271445654811,"Sa lahat ng mlbb 3D models, siya pinaka maganda skl ❤️ 862765885 (10649) @mlbbtopcreation #mobilelegends #mlbbcreatorcamp #mccaugust #mcc_0812ph #fyp",91900,3989,26
datasets/tiktok/mlbb/saikyuun_/7269963629649317125.mp4,False,0.18235808610916138,4,0.0,0.38212121212121214,0.05206939472217459,0.4501754385964912,0.01843532986111111,saikyuun-,7269963629649317125,https://www.tiktok.com/@saikyuun_/video/7269963629649317125,Natalia's thirst trap 🫣🍑 #MLBB #mobilelegends #phmcbacesleague #itsmorefuninmlbb #phsummerskingift #nataliaskingift #fyp #smoothoperator,73400,3397,28
datasets/tiktok/mlbb/saikyuun_/7361264720642362629.mp4,False,0.17814530432224274,4,0.0,0.05323232323232323,0.49129008746355685,0.21263157894736842,0.039909939236111115,saikyuun-,7361264720642362629,https://www.tiktok.com/@saikyuun_/video/7361264720642362629,Lunox villain arc 😈 #MLBB #MobileLegends #fyp #mobilelegends_id #mlbb_indonesia #phmcbacesleague,129000,12800,489
datasets/tiktok/mlbb/mlbbttofficial/7634532284422425877.mp4,False,0.17754536867141724,4,0.0,0.33797979797979794,0.17941637815840622,0.20894736842105263,0.03948893229166667,mlbb-official,7634532284422425877,https://www.tiktok.com/@mlbbttofficial/video/7634532284422425877,Come experience the overwhelming pressure of the Tide Siege bosses. #MLBBTIDESIEGE #MLBBAllstar #MobileLegendsBangBang #MLBBNewMode,2400000,31600,540
datasets/tiktok/mlbb/mlbbtopcreation/7219188426053094658.mp4,False,0.1774214208126068,4,0.0,0.4202020202020202,0.12574101068999027,0.10105263157894737,0.051182725694444445,mlbb-top-creation,7219188426053094658,https://www.tiktok.com/@mlbbtopcreation/video/7219188426053094658,BADANG VS  BADANG @nd_mlbb #mobilelegends #mgl #mlbbcreatorcamp,5202,262,3
datasets/tiktok/mlbb/nilunaa/7628198475452271879.mp4,False,0.17698708176612854,4,0.0,0.2474747474747475,0.342201166180758,0.0,0.06394422743055556,nilunaa,7628198475452271879,https://www.tiktok.com/@nilunaa/video/7628198475452271879,Gempak Map baru Allstar 2026 #MLBBALLSTAR #MLBB #mobilelegends #nilunaa,5087,89,15
datasets/tiktok/mlbb/cedxvi/6993567192310697243.mp4,False,0.17570501565933228,4,0.0,0.4757575757575757,0.10598882410106901,0.0,0.058063151041666664,cedxvi,6993567192310697243,https://www.tiktok.com/@cedxvi/video/6993567192310697243,Reply to @neilandreidelmundo Yes po. 💯 #cedxvi #mlbb,217700,21500,257
datasets/tiktok/mlbb/saikyuun_/7430399731949391111.mp4,False,0.17526127398014069,4,0.0,0.10505050505050505,0.4856528236294518,0.1175438596491228,0.041207682291666665,saikyuun-,7430399731949391111,https://www.tiktok.com/@saikyuun_/video/7430399731949391111,Hanzo can't flirt 👀 #MLBB #mlbb8th #mlbbcelebr8 #mlbbcr8torparty #mlbb_indonesia #mobilelegends_id,194500,19300,212
datasets/tiktok/mlbb/saikyuun_/7524309768647855368.mp4,False,0.17501716315746307,4,0.0,0.1206060606060606,0.45962778414937405,0.10543859649122808,0.04586371527777778,saikyuun-,7524309768647855368,https://www.tiktok.com/@saikyuun_/video/7524309768647855368,Ah talaga po #MLBB #MLBBALLSTAR #mlbbdinoacademy #fyp,20600,699,25
datasets/tiktok/mlbb/shrxking_fear/7613623856934259986.mp4,False,0.1741722822189331,4,0.25,0.20575757575757575,0.16703737745098038,0.04526315789473684,0.012791883680555555,shrxking-fear,7613623856934259986,https://www.tiktok.com/@shrxking_fear/video/7613623856934259986,#math,285,11,1
datasets/tiktok/mlbb/cedxvi/7357980501396819205.mp4,False,0.17339231073856354,4,0.0,0.33222222222222225,0.25191933916423714,0.0,0.05832790798611111,cedxvi,7357980501396819205,https://www.tiktok.com/@cedxvi/video/7357980501396819205,Top 1 Global code bug everywhere..💀 #mlbb,1600000,69500,621
datasets/tiktok/mlbb/mlbbttofficial/7618527414020230416.mp4,False,0.17256702482700348,4,0.0,0.13565656565656567,0.4916909620991254,0.0,0.05063368055555556,mlbb-official,7618527414020230416,https://www.tiktok.com/@mlbbttofficial/video/7618527414020230416,"Erlan brings good news! 🤫 ""Dazzling Shop"" is open for a limited time. Collect Dazzling Coins to exchange for up to a Special skin (Choose 1 of 48) for FREE! There are also massive amounts of heroes and items to exchange! #MLBBGoldenMonth #MLBBGoldenMonthEvent #MLBBFreeSkin #MobileLegendsBangBang",290900,1757,75
datasets/tiktok/mlbb/saikyuun_/7358302578544872709.mp4,False,0.17224785685539246,4,0.0,0.06575757575757576,0.4643828960155491,0.2040350877192982,0.03748806423611111,saikyuun-,7358302578544872709,https://www.tiktok.com/@saikyuun_/video/7358302578544872709,Nana's cute best friend reveal 🤭 #MLBB #MobileLegends #phmcbacesleague #fyp #mobilelegends_id #mlbb_indonesia,680900,77500,424
datasets/tiktok/mlbb/shrxking_fear/7617087894288715026.mp4,False,0.17175067961215973,4,0.0,0.22171717171717173,0.23889463821242785,0.3126315789473684,0.029627821180555555,shrxking-fear,7617087894288715026,https://www.tiktok.com/@shrxking_fear/video/7617087894288715026,#myedit #fyyyyyyyyyyyyyyyyp #viral,236,4,1
datasets/tiktok/mlbb/mobilelegends_id/7644820367005076754.mp4,False,0.17136366665363312,4,0.0,0.28868686868686866,0.2845966958211856,0.10350877192982455,0.038628472222222224,mobilelegends-id,7644820367005076754,https://www.tiktok.com/@mobilelegends_id/video/7644820367005076754,Selena yang dulu bukanlah Selena yang sekarang 😢 #mobilelegends_id #serubarengmlbb #samasamamain #MobileLegendsBangBang  #MLBBLore,85600,1591,88
datasets/tiktok/mlbb/mlbbtopcreation/7239350416880782594.mp4,False,0.16988849639892578,4,0.0,0.30787878787878786,0.22288629737609328,0.13333333333333333,0.04190538194444445,mlbb-top-creation,7239350416880782594,https://www.tiktok.com/@mlbbtopcreation/video/7239350416880782594,Dance Novaria! @yumenesstrawberry #mobilelegends #mgl #mlbbcreatorcamp,51500,3099,56
datasets/tiktok/mlbb/mlbbtopcreation/7211054506287648002.mp4,False,0.1693255454301834,4,0.0,0.26333333333333336,0.3368417456268222,0.0,0.050345052083333335,mlbb-top-creation,7211054506287648002,https://www.tiktok.com/@mlbbtopcreation/video/7211054506287648002,tutorial how to use arlott @tokuchiigaming #mobilelegends #mgl #mlbbcreatorcamp,3338,108,1
datasets/tiktok/mlbb/mlbbesports_official/7602196806071569672.mp4,False,0.16900964081287384,4,0.0,0.08545454545454545,0.468512690790602,0.1319298245614035,0.040753038194444445,mlbb-esports,7602196806071569672,https://www.tiktok.com/@mlbbesports_official/video/7602196806071569672,"M7 Carnival - Stephanie Poetri - LIVE Performance We Love You 3000, Stephanie 🫶 Thanks for attending the M7 Carnival! #MLBBEsports #MLBB #M7 #LetTheWorldSeeUs #MobileLegendsBangBang",244000,8169,69
datasets/tiktok/mlbb/mobilelegends_id/7636345504971934997.mp4,False,0.16870266199111938,4,0.0,0.32545454545454544,0.18454497423969587,0.17105263157894735,0.03790147569444444,mobilelegends-id,7636345504971934997,https://www.tiktok.com/@mobilelegends_id/video/7636345504971934997,Rasakan sendiri tekanan luar biasa dari boss Tide Siege. #MLBBTIDESIEGE #MLBBAllstar #MobileLegendsBangBang  #MLBBNewMode,1200000,9937,378
datasets/tiktok/mlbb/cedxvi/6993264264215547163.mp4,False,0.16745704412460327,4,0.0,0.4053535353535353,0.1780733722060253,0.0,0.04856662326388889,cedxvi,6993264264215547163,https://www.tiktok.com/@cedxvi/video/6993264264215547163,Reply to @karltzystudent 💯💥#cedxvi #mlbb,1000000,73400,479
datasets/tiktok/mlbb/shrxking_fear/7621082930575625479.mp4,False,0.1670781970024109,4,0.0,0.20343434343434344,0.35,0.10526315789473684,0.04049913194444445,shrxking-fear,7621082930575625479,https://www.tiktok.com/@shrxking_fear/video/7621082930575625479,#viral #plslike #fyyyyyyyyyyyyyyyyp #myedit,154,3,1
datasets/tiktok/mlbb/shrxking_fear/7615923204661464327.mp4,False,0.1661936640739441,4,0.0,0.0397979797979798,0.5833333333333334,0.0,0.04600043402777777,shrxking-fear,7615923204661464327,https://www.tiktok.com/@shrxking_fear/video/7615923204661464327,😁😁😁,206,3,1
datasets/tiktok/mlbb/mlbbtopcreation/7213231034211618050.mp4,False,0.16618028283119202,4,0.0,0.22353535353535356,0.33749999999999997,0.0,0.05822482638888889,mlbb-top-creation,7213231034211618050,https://www.tiktok.com/@mlbbtopcreation/video/7213231034211618050,what you think??? @yt.luciotvofficial #mobilelegends #mgl #mlbbcreatorcamp,6056,228,3
datasets/tiktok/mlbb/shrxking_fear/7628448792227876114.mp4,False,0.16508401930332184,4,0.0,0.3793939393939394,0.1793002915451895,0.09789473684210526,0.03295355902777778,shrxking-fear,7628448792227876114,https://www.tiktok.com/@shrxking_fear/video/7628448792227876114,#viral #plslike #fyyyyyyyyyyyyyyyyp,1018,21,5
datasets/tiktok/mlbb/shrxking_fear/7616344663770860807.mp4,False,0.16445456445217133,4,0.0,0.1762626262626263,0.2283275542359801,0.31859649122807016,0.035633680555555554,shrxking-fear,7616344663770860807,https://www.tiktok.com/@shrxking_fear/video/7616344663770860807,#fyyyyyyyyyyyyyyyyp,115,4,0
datasets/tiktok/mlbb/saikyuun_/7390667669042875656.mp4,False,0.16444364190101624,4,0.0,0.06999999999999999,0.4084730320699708,0.2087719298245614,0.04045789930555556,saikyuun-,7390667669042875656,https://www.tiktok.com/@saikyuun_/video/7390667669042875656,"Out of all the Zhuxin videos I animated for MLBB, this is my fave 🥰 #MLBB #MobileLegends #mlbbzhuxin #zhuxindebut #fyp #phmcbacesleague #mlbb_indonesia #mobilelegends_id",197600,13800,132
datasets/tiktok/mlbb/mlbbtopcreation/7219188090126994689.mp4,False,0.16413772106170654,4,0.0,0.19181818181818183,0.27416592083261876,0.2628070175438596,0.029040798611111113,mlbb-top-creation,7219188090126994689,https://www.tiktok.com/@mlbbtopcreation/video/7219188090126994689,you can't catch me XD @aireen3_mlbb #mobilelegends #mgl #mlbbcreatorcamp,2675,143,2
datasets/tiktok/mlbb/mlbbtopcreation/7205857236894207234.mp4,False,0.16272231936454773,4,0.0,0.049090909090909095,0.5288265306122449,0.09245614035087718,0.03478732638888889,mlbb-top-creation,7205857236894207234,https://www.tiktok.com/@mlbbtopcreation/video/7205857236894207234,the promise @grooose #mobilelegends #mgl #mlbbcreatorcamp,3416,174,2
datasets/tiktok/mlbb/cedxvi/7175389448052477210.mp4,False,0.1624549776315689,4,0.0,0.26686868686868687,0.20031623810238383,0.19298245614035087,0.03869683159722222,cedxvi,7175389448052477210,https://www.tiktok.com/@cedxvi/video/7175389448052477210,Angas neto pramis!! #cedxvi,27300,1646,51
datasets/tiktok/mlbb/saikyuun_/7281517194905783558.mp4,False,0.16174320876598358,4,0.0,0.0,0.5038751214771623,0.1489473684210526,0.04398871527777778,saikyuun-,7281517194905783558,https://www.tiktok.com/@saikyuun_/video/7281517194905783558,COMMENT NIYO SINO NEXT KAKALBUHIN. HAWIG NI BADANG SI RENDON IWAN PATI PAMILYA MOTIVATIONAL RICE #mlbbann7versaya #NEXTFORU #mobilelegends #mlbb #phmcbacesleague #fyp,127900,6440,120
datasets/tiktok/mlbb/mlbbcreator/7333905041964748037.mp4,False,0.16102704405784607,4,0.0,0.3404040404040404,0.18266520894071916,0.0,0.05871202256944445,mlbbcreator,7333905041964748037,https://www.tiktok.com/@mlbbcreator/video/7333905041964748037,takut ketemu skin Martis Levi #CapCut #mobilelegendsbangbang  #attackontitan #mlbbxaot,11800,191,6
datasets/tiktok/mlbb/mobilelegends_id/7635943565092195604.mp4,False,0.1603039801120758,4,0.0,0.0013131313131313131,0.5970238095238095,0.0,0.04616753472222222,mobilelegends-id,7635943565092195604,https://www.tiktok.com/@mobilelegends_id/video/7635943565092195604,"🔥Perhatikan baik-baik, setiap hook menciptakan momen epik! #MobileLegendsBangBang #MLBBNewMode #MLBBFrozenSeaShowdown #MLBBS40",1100000,4005,84
datasets/tiktok/mlbb/bonitoflakesmlbb/7433186483529338120.mp4,False,0.15891477465629578,4,0.0,0.2947474747474747,0.22674927113702625,0.042631578947368416,0.04886067708333333,bonitoflakesmlbb,7433186483529338120,https://www.tiktok.com/@bonitoflakesmlbb/video/7433186483529338120,25-0 Lunox + Savage!!! #mobilelegendsbangbang #mlbbhighlights #MLBBCr8torParty #MLBB #fypviralシ #mlbbttofficial,371,6,1
datasets/tiktok/mlbb/mlbbesports_official/7598903580455603463.mp4,False,0.15806926786899567,4,0.0,0.023535353535353538,0.5179421768707483,0.0,0.05848632812500001,mlbb-esports,7598903580455603463,https://www.tiktok.com/@mlbbesports_official/video/7598903580455603463,Arfy's #1 Fan 🥺 🫶 #MLBBEsports #MLBBM7 #MobileLegendsBangBang #M7,1100000,100600,431
datasets/tiktok/mlbb/mlbbcreator/7274990171282590981.mp4,False,0.1578407883644104,4,0.0,0.38969696969696965,0.11067784256559766,0.0,0.05943793402777778,mlbbcreator,7274990171282590981,https://www.tiktok.com/@mlbbcreator/video/7274990171282590981,Aldous adalah satu-satunya Hero yang berhasil bertahan hidup dan memukul mundur Selena di Minos Labirin.,11900,265,5
datasets/tiktok/mlbb/mlbbtopcreation/7212766317860916482.mp4,False,0.15767568349838257,4,0.0,0.08333333333333334,0.45833333333333337,0.063859649122807,0.043121744791666666,mlbb-top-creation,7212766317860916482,https://www.tiktok.com/@mlbbtopcreation/video/7212766317860916482,Floryn's here! @veltfx #mobilelegends #mgl #mlbbcreatorcamp,1952,80,1
datasets/tiktok/mlbb/saikyuun_/7429286378254421255.mp4,False,0.15764766931533813,4,0.0,0.06686868686868687,0.3122813411078717,0.1612280701754386,0.06905707465277779,saikyuun-,7429286378254421255,https://www.tiktok.com/@saikyuun_/video/7429286378254421255,"Replying to @grayham na may ham Lakas ng ulan, ingat sa lahat 🤍 #MLBB #mlbb8th #mlbbcelebr8 #mlbbcr8torparty #fyp #phjadeblossomkagura",146600,11100,60
datasets/tiktok/mlbb/nilunaa/7644142043740097800.mp4,False,0.15747541189193726,4,0.0,0.06595959595959597,0.4473275024295432,0.0,0.06439995659722222,nilunaa,7644142043740097800,https://www.tiktok.com/@nilunaa/video/7644142043740097800,Hanabi Setting - Hero Lock  #MLBB #mobilelegends #MLBBALLSTAR #nilunaa,88300,1584,17
datasets/tiktok/mlbb/mlbbtopcreation/7211363509827915010.mp4,False,0.15712815523147583,4,0.0,0.13252525252525252,0.3431851311953352,0.12964912280701751,0.04597330729166666,mlbb-top-creation,7211363509827915010,https://www.tiktok.com/@mlbbtopcreation/video/7211363509827915010,LT Franco hahaaha @saikyuun_ #mobilelegends #mgl #mlbbcreatorcamp,3155,142,7
datasets/tiktok/mlbb/mlbbttofficial/7606258315277962517.mp4,False,0.15691304206848145,4,0.0,0.14323232323232324,0.40914066519464926,0.10035087719298245,0.029937065972222225,mlbb-official,7606258315277962517,https://www.tiktok.com/@mlbbttofficial/video/7606258315277962517,Who do you think is the strongest MLBB hero in a 1VS1? #MLBBGoldenMonth #MLBBGoldenMonthEvent #MobileLegendsbangbang,1800000,15900,336
datasets/tiktok/mlbb/cedxvi/6996125206020394267.mp4,False,0.15690022706985474,4,0.0,0.0,0.5416666666666666,0.0,0.05753363715277778,cedxvi,6996125206020394267,https://www.tiktok.com/@cedxvi/video/6996125206020394267,Mention nyo mga kilala nyong JS gods! #cedxvi #mlbb,322300,22500,1650
datasets/tiktok/mlbb/mlbbtopcreation/7220597170448174337.mp4,False,0.15661707520484924,4,0.0,0.13727272727272724,0.13141399416909622,0.3970175438596491,0.04822591145833333,mlbb-top-creation,7220597170448174337,https://www.tiktok.com/@mlbbtopcreation/video/7220597170448174337,would you try this build for eudora? @horikyouko25 #mobilelegends #mgl #mlbbcreatorcamp,3648,194,4
datasets/tiktok/mlbb/mlbbtopcreation/7235133158855937282.mp4,False,0.1556352972984314,4,0.0,0.31727272727272726,0.21698250728862978,0.0,0.04903862847222223,mlbb-top-creation,7235133158855937282,https://www.tiktok.com/@mlbbtopcreation/video/7235133158855937282,This is how to play Ling properly ✅ @nova_ml #mobilelegends #mgl #mlbbcreatorcamp,32800,2048,45
datasets/tiktok/mlbb/nilunaa/7631847837134753031.mp4,False,0.15303944051265717,4,0.0,0.07585858585858586,0.48333333333333334,0.0,0.045354817708333335,nilunaa,7631847837134753031,https://www.tiktok.com/@nilunaa/video/7631847837134753031,Auction House - mencari emote dyrroth 😞 #MLBB #mobilelegends #nilunaa,163700,3931,204
datasets/tiktok/mlbb/bonitoflakesmlbb/7457095995315342610.mp4,False,0.15292207896709442,4,0.0,0.20484848484848486,0.1994680327488138,0.31140350877192985,0.021010199652777777,bonitoflakesmlbb,7457095995315342610,https://www.tiktok.com/@bonitoflakesmlbb/video/7457095995315342610,Zhuxin Starlight Skin 😍 #mlbbhighlights #mlbb #mlbbtiktok #zhuxinmlbb #MobileLegendsBangBang #fypシ゚viralシ,531,2,1
datasets/tiktok/mlbb/saikyuun_/7359777756881734918.mp4,False,0.15265783667564392,4,0.0,0.06303030303030303,0.3327745383867833,0.1636842105263158,0.05734375,saikyuun-,7359777756881734918,https://www.tiktok.com/@saikyuun_/video/7359777756881734918,"Guinevere and her ex ships, she's too pretty to be single 😭 #MLBB #MobileLegends #fyp #mobilelegends_id #mlbb_indonesia #phmcbacesleague",623700,86600,1421
datasets/tiktok/mlbb/willdominateyougg/7642610787403517192.mp4,False,0.15258458256721497,4,0.0,0.21424242424242426,0.0505054879094495,0.504561403508772,0.019714626736111112,willdominateyougg,7642610787403517192,https://www.tiktok.com/@willdominateyougg/video/7642610787403517192,#MLBB #mobilelegendsbangbang #argus #toji #fyp,38000,3255,65
datasets/tiktok/mlbb/shrxking_fear/7620778667148397831.mp4,False,0.15248072147369385,4,0.0,0.4182828282828283,0.10737366375121477,0.0,0.044411892361111115,shrxking-fear,7620778667148397831,https://www.tiktok.com/@shrxking_fear/video/7620778667148397831,Replying to @caleigh2017,230,6,0
datasets/tiktok/mlbb/bonitoflakesmlbb/7463768953123310856.mp4,False,0.15232472121715546,4,0.0,0.37575757575757573,0.13561341054278855,0.0,0.04939453125,bonitoflakesmlbb,7463768953123310856,https://www.tiktok.com/@bonitoflakesmlbb/video/7463768953123310856,"Malakas na, Gwapo pa, Gastador pa 🤣 Nakuha na natin si Killua 😍 #mlbb #mlbbhighlights #mobilelegends #fypシ゚viralシ  #MOBILELEGENDSBANGBANG #killua",617,18,2
datasets/tiktok/mlbb/bonitoflakesmlbb/7485201709489294610.mp4,False,0.1521778553724289,4,0.0,0.028484848484848484,0.4373299319727891,0.012807017543859649,0.06904839409722222,bonitoflakesmlbb,7485201709489294610,https://www.tiktok.com/@bonitoflakesmlbb/video/7485201709489294610,Panissss 🤣 #selenaMLBB #selenamontage #mlbb #mobilelegends #mobilelegendsbangbang,918,23,1
datasets/tiktok/mlbb/mobilelegends_id/7641118781141421330.mp4,False,0.15202364325523376,4,0.0,0.3086868686868687,0.15383867832847425,0.06719298245614036,0.05075086805555556,mobilelegends-id,7641118781141421330,https://www.tiktok.com/@mobilelegends_id/video/7641118781141421330,"Marcell kalau udah dapet momentum… susah diajak kompromi 😮‍💨🔥 Geraknya cepat, damage-nya nyicil terus 😭 #mobilelegends_id #serubarengmlbb #samasamamain #MobileLegendsBangBang #MLBBGameplay",48900,751,76
datasets/tiktok/mlbb/mlbbcreator/7267554580416695557.mp4,False,0.1514303833246231,4,0.0,0.12575757575757576,0.45833333333333337,0.0,0.03484049479166667,mlbbcreator,7267554580416695557,https://www.tiktok.com/@mlbbcreator/video/7267554580416695557,Karakter MLBB yang pada awalnya baik menjadi jahat karena beberapa alasan dan peristiwa di masa lalunya yang begitu kelam #CapCut #beyondthecloudsmlbb #beyondtheclouds #idedmuhammad #fypidedmuhammad #kisahheromobilegend #kisahheromobilelegends #fypided #storyidedmuhammad #idedmlbb #mlbbcreatorcamp #mlbbcreatorcamp #mlbbidcreator,275800,5425,94
datasets/tiktok/mlbb/saikyuun_/7362377808028421382.mp4,False,0.15093250572681427,4,0.0,0.08808080808080808,0.41683673469387755,0.0,0.057400173611111105,saikyuun-,7362377808028421382,https://www.tiktok.com/@saikyuun_/video/7362377808028421382,"Masha, nagsalita na 👀 #MLBB #MobileLegends #phmcbacesleague #phmlbbkofxkofmai #fyp #mobilelegends_id #mlbb_indonesia",68700,3044,71
datasets/tiktok/mlbb/mobilelegendsgame/6814841303831039233.mp4,False,0.15055418014526367,4,0.0,0.015353535353535354,0.17886297376093294,0.37228070175438593,0.06948676215277778,mobile-legends-game,6814841303831039233,https://www.tiktok.com/@mobilelegendsgame/video/6814841303831039233,TikTok video #6814841303831039233,107,7,1
datasets/tiktok/mlbb/mlbbttofficial/7628185211733347585.mp4,False,0.15039129555225372,4,0.0,0.3146464646464646,0.13570213799805636,0.11175438596491227,0.042667100694444446,mlbb-official,7628185211733347585,https://www.tiktok.com/@mlbbttofficial/video/7628185211733347585,War Axe Cleaves Through Enemies Like Butter! #MobileLegendsBangBang #MLBBAULUS #MLBBREVAMPEDHERO #MLBBS40,171700,1784,192
datasets/tiktok/mlbb/nilunaa/7620735191727885588.mp4,False,0.14837434887886047,4,0.0,0.020303030303030302,0.4292759961127308,0.060350877192982454,0.05898980034722222,nilunaa,7620735191727885588,https://www.tiktok.com/@nilunaa/video/7620735191727885588,User Marcel wajib tengok ni 😡 #MLBBS40 #MLBBMarcel #MLBBGoldenMonth #MLBB #mobilelegends,10600,229,3
datasets/tiktok/mlbb/mlbbttofficial/7627418212073753857.mp4,False,0.14795802533626556,4,0.0,0.2005050505050505,0.16814138155262104,0.30245614035087715,0.026337890625,mlbb-official,7627418212073753857,https://www.tiktok.com/@mlbbttofficial/video/7627418212073753857,"Enemy: Airborne, Stun, Frost... Why is nothing working? Aulus: CC Immunity, got it? (¬‿¬) #MobileLegendsBangBang #MLBBAULUS #MLBBREVAMPEDHERO #MLBBS40",651300,10300,323
datasets/tiktok/mlbb/mobilelegendsmy/7635156574956227860.mp4,False,0.14755575358867645,4,0.0,0.0,0.5336856171039844,0.0,0.047309027777777776,mobilelegendsmy,7635156574956227860,,,,,
datasets/tiktok/mlbb/nilunaa/7637115216366521608.mp4,False,0.1474398523569107,4,0.0,0.0,0.519849368318756,0.0,0.05102864583333333,nilunaa,7637115216366521608,https://www.tiktok.com/@nilunaa/video/7637115216366521608,Mode - Tide Siege dan release guys #MLBBALLSTAR #MLBBNewMode #MLBBCreator #MLBB #mobilelegends,34700,566,38
datasets/tiktok/mlbb/shrxking_fear/7601139979045080327.mp4,False,0.14741754531860352,4,0.0,0.13212121212121214,0.33148688046647234,0.04333333333333333,0.054149305555555555,shrxking-fear,7601139979045080327,https://www.tiktok.com/@shrxking_fear/video/7601139979045080327,#Dakestan,15,0,0
datasets/tiktok/mlbb/mlbbtopcreation/7217640614249401602.mp4,False,0.146495521068573,4,0.0,0.20838383838383837,0.26220845481049565,0.0,0.05772677951388889,mlbb-top-creation,7217640614249401602,https://www.tiktok.com/@mlbbtopcreation/video/7217640614249401602,poor lesley @_seleneqt #mobilelegends #mgl #mllbbcreatorcamp,1170,67,1
datasets/tiktok/mlbb/shrxking_fear/7605594918521769223.mp4,False,0.14610318839550018,4,0.0,0.34545454545454546,0.16666666666666666,0.13157894736842105,0.014720052083333334,shrxking-fear,7605594918521769223,https://www.tiktok.com/@shrxking_fear/video/7605594918521769223,POV playing with low signal,157,2,0
datasets/tiktok/mlbb/cedxvi/7508737740897307922.mp4,False,0.14598448574543,4,0.0,0.24282828282828284,0.19518950437317786,0.0,0.06520182291666667,cedxvi,7508737740897307922,https://www.tiktok.com/@cedxvi/video/7508737740897307922,Truck-kun no counter🗿#MLBBCreator #cedxvi #mlbb #fyp,43200,3074,40
datasets/tiktok/mlbb/bonitoflakesmlbb/7482939425370950920.mp4,False,0.14575719833374023,4,0.0,0.2390909090909091,0.24682947732664492,0.0061403508771929825,0.05032986111111111,bonitoflakesmlbb,7482939425370950920,https://www.tiktok.com/@bonitoflakesmlbb/video/7482939425370950920,You can run but you can't hide. #selenatiktok #selenamlbb #mlbb #mobilelegends #mobilelegendsbangbang #mlbbhighlights #fypシ゚viralシ,961,6,0
datasets/tiktok/mlbb/gosu.general/7110781856139791642.mp4,False,0.14421528577804565,4,0.0,0.21343434343434342,0.28984450923226435,0.0,0.045392795138888886,gosu-general,7110781856139791642,https://www.tiktok.com/@gosu.general/video/7110781856139791642,TikTok video #7110781856139791642,17,0,0
datasets/tiktok/mlbb/mlbbttofficial/7637053921998966033.mp4,False,0.14387772977352142,4,0.0,0.0014141414141414141,0.5132167152575315,0.0,0.04770073784722222,mlbb-official,7637053921998966033,https://www.tiktok.com/@mlbbttofficial/video/7637053921998966033,"🔥Watch closely, every hook makes an epic moment! #MobileLegendsBangBang #MLBBNewMode #MLBBFrozenSeaShowdown #MLBBS40",265100,2152,96
datasets/tiktok/mlbb/shrxking_fear/7614501909868645639.mp4,False,0.14313381910324097,4,0.0,0.20070707070707072,0.264030612244898,0.0,0.055098741319444436,shrxking-fear,7614501909868645639,https://www.tiktok.com/@shrxking_fear/video/7614501909868645639,👍,16,2,0
datasets/tiktok/mlbb/bonitoflakesmlbb/7437371418691587384.mp4,False,0.14276549220085144,4,0.0,0.24383838383838385,0.1853377065111759,0.0,0.06335720486111111,bonitoflakesmlbb,7437371418691587384,https://www.tiktok.com/@bonitoflakesmlbb/video/7437371418691587384,Deleted ⚡ #MLBBCr8torParty #mlbb #mlbbhighlights #mlbbtiktok #mobilelegends,985900,69200,2713
datasets/tiktok/mlbb/saikyuun_/7464503208442858760.mp4,False,0.1411556899547577,4,0.0,0.1387878787878788,0.32916666666666666,0.0,0.05329427083333334,saikyuun-,7464503208442858760,https://www.tiktok.com/@saikyuun_/video/7464503208442858760,Replying to @daps Malupiton reference 👀 #MLBB #mobilelegends #phmcbacesleague #phbloomofabundancerafaela #fyp #mlbbcreatorbase,37900,1356,37
datasets/tiktok/mlbb/shrxking_fear/7605081017916886279.mp4,False,0.1402406543493271,4,0.0,0.23727272727272725,0.3126480502915452,0.0,0.02636610243055556,shrxking-fear,7605081017916886279,https://www.tiktok.com/@shrxking_fear/video/7605081017916886279,👍😎👍,233,4,1
datasets/tiktok/mlbb/shrxking_fear/7641961450956770578.mp4,False,0.13859480619430542,4,0.0,0.0,0.45619533527696793,0.0,0.05705837673611111,shrxking-fear,7641961450956770578,https://www.tiktok.com/@shrxking_fear/video/7641961450956770578,true,290,12,2
datasets/tiktok/mlbb/cedxvi/7354398216256851205.mp4,False,0.13794609904289246,4,0.0,0.13101010101010102,0.2891034985422741,0.0,0.06262803819444444,cedxvi,7354398216256851205,https://www.tiktok.com/@cedxvi/video/7354398216256851205,999 iq #mlbb,959800,39000,380
datasets/tiktok/mlbb/nilunaa/7601837332290931976.mp4,False,0.1370951533317566,4,0.0,0.19818181818181818,0.20455130712999486,0.0,0.06447916666666667,nilunaa,7601837332290931976,https://www.tiktok.com/@nilunaa/video/7601837332290931976,Eudora No Cooldown Item 🔥 #MLBB #mobilelegends #MLBBEudora #nilunaa,32400,769,8
datasets/tiktok/mlbb/mlbbttofficial/7611456180057083137.mp4,False,0.13617873191833496,4,0.0,0.25767676767676767,0.19879965379008746,0.06368421052631579,0.033466796875,mlbb-official,7611456180057083137,https://www.tiktok.com/@mlbbttofficial/video/7611456180057083137,"New Legend Skin Fanny ""Galactic Starhawk"" Skin Trailer Released! Fanny ""Galactic Starhawk"" Flight Log: Today, I followed the signal of Freya ""Galactic Vanquisher"" and finally arrived at the ""Eden"", only to find a barren planet full of Nihilus. Freya ""Galactic Vanquisher"" appeared before me with a cold face, speaking indifferent words... Wait, is this really my friend? Is this the ""Eden"" we were looking forward to? I don't believe it. Tip: The new skin will be available on 03/08. Stay tuned! #MobileLegendsBangBang #MLBBNewSkin #MLBBFannyLegendSkin",1500000,79600,808
datasets/tiktok/mlbb/saikyuun_/7430733734812437778.mp4,False,0.13565073907375336,4,0.0,0.2011111111111111,0.24856656948493686,0.005789473684210527,0.048138020833333336,saikyuun-,7430733734812437778,https://www.tiktok.com/@saikyuun_/video/7430733734812437778,Replying to @CN Reference video 🫶🏻 #MLBB #mlbb8th #mlbbcelebr8 #mlbbcr8torparty #mlbb_indonesia,17100,628,34
datasets/tiktok/mlbb/cedxvi/7510191136938544392.mp4,False,0.134015753865242,4,0.0,0.2733333333333333,0.14395043731778426,0.0,0.05419487847222222,cedxvi,7510191136938544392,https://www.tiktok.com/@cedxvi/video/7510191136938544392,W combo☠️ #TopGlobalJohnson #Cedxvi #MLBBCreator,213300,11800,115
datasets/tiktok/mlbb/mlbbttofficial/7614023791978548501.mp4,False,0.13392792642116547,4,0.0,0.12444444444444444,0.2778890529426056,0.16210526315789472,0.029147135416666664,mlbb-official,7614023791978548501,https://www.tiktok.com/@mlbbttofficial/video/7614023791978548501,"Marcel never stopped exploring art. It was during an emergency, while saving a life, that he realized the truth: art allows for imperfection. #MLBBMARCEL #MLBBNEWHERO #MLBBS40 #MLBBGoldenMonth #MobileLegendsBangBang",7600000,200800,2156
datasets/tiktok/mlbb/mlbbttofficial/7634461713710042388.mp4,False,0.1339000016450882,4,0.0,0.21727272727272728,0.18435040980677986,0.12035087719298246,0.035283203125,mlbb-official,7634461713710042388,https://www.tiktok.com/@mlbbttofficial/video/7634461713710042388,"🎉 The Destination: Zer0 stood out from numerous incredible game soundtracks worldwide, winning the 2026 NYX Mobile Game ""Best Music"" & ""Best Audio Design"" awards! 🎵 Tap the video to hear the sounds behind this honor.",112700,8127,157
datasets/tiktok/mlbb/shrxking_fear/7609252382135864583.mp4,False,0.13379700481891632,4,0.0,0.10535353535353537,0.36497813411078717,0.0,0.043753255208333335,shrxking-fear,7609252382135864583,https://www.tiktok.com/@shrxking_fear/video/7609252382135864583,true btw,155,6,2
datasets/tiktok/mlbb/shrxking_fear/7621024566231534855.mp4,False,0.13303929567337036,4,0.0,0.19444444444444445,0.18177842565597666,0.18017543859649124,0.029602864583333333,shrxking-fear,7621024566231534855,https://www.tiktok.com/@shrxking_fear/video/7621024566231534855,#fyyyyyyyyyyyyyyyyp #plslike #viral,97,1,0
datasets/tiktok/mlbb/mlbbttofficial/7611408022924971280.mp4,False,0.13260029256343842,4,0.0,0.22979797979797978,0.1917517006802721,0.10684210526315788,0.030393880208333335,mlbb-official,7611408022924971280,https://www.tiktok.com/@mlbbttofficial/video/7611408022924971280,"Before truly seeing himself, a mirror in his heart always stood in the way, hiding the brokenness beneath a calm surface. When chaos arrived, for the first time, he chose not to run. Instead, he stopped and asked himself: ""What exactly is influencing me?"" For the first time, his gaze truly fell upon the camera that had always been by his side. At that moment, Marcel was not a photographer; he was a wanderer trying to see himself clearly. How will Marcel and Clemar grow and get along in the future? More stories will be gradually revealed in the upcoming Cinematic Trailer and other content. #MLBBMARCEL #MLBBNEWHERO #MLBBS40 #MLBBGoldenMonth #MobileLegendsBangBang",2700000,147500,942
datasets/tiktok/mlbb/mlbbdailyclips/7443695949676940564.mp4,False,0.1318718045949936,4,0.0,0.0,0.41017978620019435,0.0,0.060978732638888894,mlbbdailyclips,7443695949676940564,https://www.tiktok.com/@mlbbdailyclips/video/7443695949676940564,Zapnu nagulat sa Pinick ni KELRA vs BTK #ohmyv33nus #ohmyveenus #mobazane #teamliquid #mplph #mplpihilippines #kelra #rrqhoshi #rrqkingdom #balacklistinternational #yawi #kairi #rrqalberttt #rrq #srg #sekys #mplmalaysia #mplcambodia #mlbb #aeronshikii,768,8,0
datasets/tiktok/mlbb/shrxking_fear/7615504385312902407.mp4,False,0.13015945255756378,4,0.0,0.09707070707070706,0.3333333333333333,0.09350877192982456,0.031114366319444448,shrxking-fear,7615504385312902407,https://www.tiktok.com/@shrxking_fear/video/7615504385312902407,#fyyyyyyyyyyyyyyyyp,263,7,0
datasets/tiktok/mlbb/mlbbesports_official/7598975023159807250.mp4,False,0.1291525512933731,4,0.0,0.10535353535353537,0.2738824101068999,0.133859649122807,0.03558159722222222,mlbb-esports,7598975023159807250,https://www.tiktok.com/@mlbbesports_official/video/7598975023159807250,🥺 M2 ➡️ M7 🥺 Celiboy’s so proud of his Alter Ego boys 🥺 #MLBBEsports #MLBBM7 #MobileLegendsBangBang #M7 #LetTheWorldSeeUs,977500,97900,381
datasets/tiktok/mlbb/cedxvi/7476039524758375687.mp4,False,0.12876489758491516,4,0.0,0.06060606060606061,0.3291059280855199,0.0,0.060870225694444446,cedxvi,7476039524758375687,https://www.tiktok.com/@cedxvi/video/7476039524758375687,What yr. did you start playing MLBB? #cedxvi #mlbb #nostalgia,62200,4573,110
datasets/tiktok/mlbb/saikyuun_/7264038866523344133.mp4,False,0.12859365344047546,4,0.0,0.04565656565656566,0.39213082107843134,0.0894736842105263,0.029227430555555555,saikyuun-,7264038866523344133,https://www.tiktok.com/@saikyuun_/video/7264038866523344133,Yin joined the group chat 👀 #phstarlightyin #itsmorefuninmlbb #fyp #fypシ #antiselos #jakroberto,67600,2699,18
datasets/tiktok/mlbb/mobilelegends_id/7645608227429715218.mp4,False,0.12842360138893127,4,0.0,0.29474747474747476,0.12930029154518952,0.09456140350877193,0.02482855902777778,mobilelegends-id,7645608227429715218,https://www.tiktok.com/@mobilelegends_id/video/7645608227429715218,Dek Harley JJ dulu bos 🃏🔥 #MobileLegendsBangBang #samasamamain #serubarengmlbb #mlbbindonesia,87500,1903,177
datasets/tiktok/mlbb/saikyuun_/7372473205233143045.mp4,False,0.12684203684329987,4,0.0,0.012424242424242423,0.3112244897959183,0.1294736842105263,0.051567925347222224,saikyuun-,7372473205233143045,https://www.tiktok.com/@saikyuun_/video/7372473205233143045,Ranked game with @Yunan 🥰 #MLBB #MobileLegends #phmcbacesleague #mlbbletsrankup #fyp,334200,14700,143
datasets/tiktok/mlbb/cedxvi/7394086244717841671.mp4,False,0.12683378159999847,4,0.0,0.0,0.3708819241982507,0.0,0.06526475694444445,cedxvi,7394086244717841671,https://www.tiktok.com/@cedxvi/video/7394086244717841671,*Yung nanalo kayo dahil sa SET mo..🦸‍♂️✨📸,35500,1468,28
datasets/tiktok/mlbb/saikyuun_/7588123923078712584.mp4,False,0.126764714717865,4,0.0,0.0,0.39299076773566566,0.0,0.05898220486111111,saikyuun-,7588123923078712584,https://www.tiktok.com/@saikyuun_/video/7588123923078712584,MCGG cuties #MCGG #MagicChessGoGo #MCGGGO1 #MCGGxKOF #MCGGMinotaur,4765,171,9
datasets/tiktok/mlbb/cedxvi/7500541561541872904.mp4,False,0.12647312879562378,4,0.0,0.16121212121212122,0.2326530612244898,0.0,0.053834635416666665,cedxvi,7500541561541872904,https://www.tiktok.com/@cedxvi/video/7500541561541872904,Normal day as Truck-Kun🥰One Love🫶 #MLBBShinobi #MLBBxNARUTO #NarutoCreatorParty #MLBBCreator,530800,47500,855
datasets/tiktok/mlbb/hororo_chan/6858073869991841029.mp4,False,0.1238841861486435,4,0.0,0.10757575757575757,0.20833333333333331,0.2494736842105263,0.022486979166666664,hororo-chan,6858073869991841029,https://www.tiktok.com/@hororo_chan/video/6858073869991841029,TikTok video #6858073869991841029,1260,26,5
datasets/tiktok/mlbb/mlbbtopcreation/7208436162493566210.mp4,False,0.12265661358833313,4,0.0,0.19101010101010102,0.1505952380952381,0.18666666666666668,0.024215494791666667,mlbb-top-creation,7208436162493566210,https://www.tiktok.com/@mlbbtopcreation/video/7208436162493566210,yu zhong vs yin @lorinzooo.ml #mobilelegends #mgl #mllbcreatorcamp,3304,211,3
datasets/tiktok/mlbb/saikyuun_/7582552685329534215.mp4,False,0.12182718515396118,4,0.0,0.0037373737373737376,0.3560495626822157,0.01807017543859649,0.05788085937500001,saikyuun-,7582552685329534215,https://www.tiktok.com/@saikyuun_/video/7582552685329534215,ML YuZhong meets MCGG YuZhong #MCGG #magicchessgogo #gochessgo #mcggphcreators #mcggfightersreborn,16200,733,19
datasets/tiktok/mlbb/mlbbttofficial/7624374296671964417.mp4,False,0.12117470800876617,4,0.0,0.18464646464646467,0.21044937617904302,0.11719298245614035,0.021705729166666663,mlbb-official,7624374296671964417,https://www.tiktok.com/@mlbbttofficial/video/7624374296671964417,"""I'm sure you'll be a great warrior."" Call it an old Leonin's intuition. #MobileLegendsBangBang #MLBBAULUS #MLBBREVAMPEDHERO #MLBBS40",2000000,134400,1804
datasets/tiktok/mlbb/shrxking_fear/7601155572897058055.mp4,False,0.12072380632162094,4,0.0,0.0916161616161616,0.3224862132352941,0.0,0.042451171875,shrxking-fear,7601155572897058055,https://www.tiktok.com/@shrxking_fear/video/7601155572897058055,TikTok video #7601155572897058055,9,0,0
datasets/tiktok/mlbb/shrxking_fear/7622283765850672392.mp4,False,0.12051992863416672,4,0.0,0.1703030303030303,0.25567298347910594,0.0,0.03665147569444445,shrxking-fear,7622283765850672392,https://www.tiktok.com/@shrxking_fear/video/7622283765850672392,#myedit #fyyyyyyyyyyyyyyyyp #plslike #viral #trending,530,3,1
datasets/tiktok/mlbb/bonitoflakesmlbb/7488138059217751314.mp4,False,0.11916817724704742,4,0.0,0.11515151515151514,0.2932701652089407,0.0,0.04130859375,bonitoflakesmlbb,7488138059217751314,https://www.tiktok.com/@bonitoflakesmlbb/video/7488138059217751314,Sticker kapa ah? #selenamlbb #mobilelegends  #MobileLegendsBangBang #mlbb #selenahighlights #fyp  #selenafunnymoments,451,25,0
datasets/tiktok/mlbb/saikyuun_/7123123173599612186.mp4,False,0.11913905292749405,4,0.0,0.0,0.45355928085519925,0.0,0.031855468750000004,saikyuun-,7123123173599612186,https://www.tiktok.com/@saikyuun_/video/7123123173599612186,"Reply to @sarls16 as requested, ni reupload pero this time, you guys can download it and use it sa I'm addicted trend. Wag lang tanggalin watermark tas pa credits 👉🏻👈🏻 @mlbbtopcreation 862765885 (10649) #mobilelegends #mlbbcreatorcamp #mccjuly #mcc_0722ph #fyp #imaddictedto #kagura",71900,2733,40
datasets/tiktok/mlbb/gosu.general/7110772508751564058.mp4,False,0.11836530268192291,4,0.0,0.13535353535353534,0.35000000000000003,0.0,0.018131510416666666,gosu-general,7110772508751564058,https://www.tiktok.com/@gosu.general/video/7110772508751564058,TikTok video #7110772508751564058,16,1,0
datasets/tiktok/mlbb/cedxvi/7358122271518493958.mp4,False,0.117813840508461,4,0.0,0.06858585858585858,0.25670553935860063,0.0,0.06408311631944444,cedxvi,7358122271518493958,https://www.tiktok.com/@cedxvi/video/7358122271518493958,Broooooooooooo wt- 💀,575100,28300,119
datasets/tiktok/mlbb/cedxvi/7375952395043458309.mp4,False,0.11740205436944962,4,0.0,0.2388888888888889,0.11998299319727891,0.0,0.049363064236111115,cedxvi,7375952395043458309,https://www.tiktok.com/@cedxvi/video/7375952395043458309,Prank0.mp4 #mlbb,2800000,30500,91
datasets/tiktok/mlbb/mobilelegends_id/7642265919628037394.mp4,False,0.1173740029335022,4,0.0,0.23959595959595958,0.12614188532555878,0.05596491228070175,0.03589192708333334,mobilelegends-id,7642265919628037394,https://www.tiktok.com/@mobilelegends_id/video/7642265919628037394,"Damage masih dapet, tebel juga dapet 😮‍💨 Udah pernah coba build Alice kayak gini belum? 👇 #mobilelegends_id #serubarengmlbb #samasamamain #MobileLegendsBangBang #MLBBGameplay",27500,492,55
datasets/tiktok/mlbb/bonitoflakesmlbb/7449284661328497938.mp4,False,0.11594017595052719,4,0.0,0.04141414141414142,0.3027107003515692,0.02631578947368421,0.051668836805555556,bonitoflakesmlbb,7449284661328497938,https://www.tiktok.com/@bonitoflakesmlbb/video/7449284661328497938,Leomord TP 🏇 😭 #MobileLegendsBangBang #joymlbb #mlbb #mlbbtiktok #mlbbhighlights #fypシ゚viralシ,3328,452,5
datasets/tiktok/mlbb/mlbbttofficial/7625214250361031957.mp4,False,0.11560414731502533,4,0.0,0.12353535353535353,0.12862745098039216,0.23736842105263156,0.031334635416666666,mlbb-official,7625214250361031957,https://www.tiktok.com/@mlbbttofficial/video/7625214250361031957,Sneak Peek at Revamped Aulus Skills and In-game Visual Effects!! #MobileLegendsBangBang #MLBBAULUS #MLBBREVAMPEDHERO #MLBBS40,759500,22000,553
datasets/tiktok/mlbb/shrxking_fear/7606732648471743762.mp4,False,0.11499115824699402,4,0.0,0.05797979797979798,0.3161443148688047,0.0,0.046943359375,shrxking-fear,7606732648471743762,https://www.tiktok.com/@shrxking_fear/video/7606732648471743762,TikTok video #7606732648471743762,461,17,3
datasets/tiktok/mlbb/mlbbcreator/7314958318181551365.mp4,False,0.1108432412147522,4,0.0,0.24818181818181817,0.13109668420939807,0.07649122807017544,0.01893771701388889,mlbbcreator,7314958318181551365,https://www.tiktok.com/@mlbbcreator/video/7314958318181551365,"Siapakah wanita misterius yang menyambut Martis itu? Jika wanita misterius itu adalah karakter yang pernah disebut dalam alur cerita Hero, maka ada beberapa nama yang memiliki kemungkinan. Wanita misterius itu mungkin saja: 1. Lilian Diceritakan bahwa Lilian menghilang setelah dia terhisap Endless Calamity. Nolan pun menganggap bahwa Lilian telah tiada. Namun diceritakan bahwa ketika Nolan berhasil menghentikan Endless Calamity, ia terombang-ambing di luar angkasa selama 16 tahun.  apakah saat itu Nolan benar-benar menghentikan Endless Calamity? Ini sangat aneh, jika Nolan telah berhasil menghentikan Endless Calamity. Kenapa dia bisa terombang-ambing selama 16 tahun? Akan lebih masuk akal bahwa Nolan gagal menghentikan Endless Calamity dan ia terhisap ke dalamnya lalu terombang-ambing di alam semesta. Itulah mengapa ketika Nolan berhasil kembali ke Eruditio.Dia tidak menetap dengan Layla di Eruditio tapi Nolan kembali ke luar angkasa untuk menghentikan Endless Calamity. kembali ke Lilian. Jika Lilian yang terhisap oleh Endless Calamity itu tidak terbunuh dan Lilian hanya terlempar ke suatu dimensi atau alam semesta lain. Ini memiliki kemungkinan bahwa wanita misterius yang menyambut Martis itu bisa saja adalah Lilian. 2. Ibunya Novaria Seperti yang kita tahu bahwa Novaria dan ibunya terhisap sebuah gerbang seperti Blackhole. Novaria terlempar jauh ke suatu alam semesta lain dan selama ribuan tahun Novaria mengapung di alam semesta sehingga menyebabkan tubuhnya berevolusi menjadi setengah bintang, meskipun begitu ibunya Novaria terlempar ke alam semesta yang berbeda dengan Novaria. Jika kita melihat dari alur cerita Novaria, bisa saja wanita misterius yang menyambut Martis itu adalah ibunya Novaria. 3. Ancient Ones Ancient Ones adalah makhluk paling misterius di dalam alur cerita. Setelah ia berhasil menyegel Lord of Light dan Lord of Abyss, dia kemudian menghilang dari Land of Dawn. apakah wanita misterius itu adalah Ancient ones? #mlbbm5 #gamingontiktok #mlbbhighlights",899500,54300,738
datasets/tiktok/mlbb/saikyuun_/7213947557670653190.mp4,False,0.1093309298157692,4,0.0,0.1288888888888889,0.17909215471903045,0.0,0.05593098958333333,saikyuun-,7213947557670653190,https://www.tiktok.com/@saikyuun_/video/7213947557670653190,"Reference video ❤️ Eudora, Miya, and Rafaela as ITZY. Hawig ni Rafa si Yeji 😂 862765885 (10649) @MLBB TOP CREATION #MLBBMiyaEudora #BeTheBida #mccmiyaeudora #mlbbcreatorcamp #mccmarch2023 #duet #itzyofficial",135900,5587,30
datasets/tiktok/mlbb/mlbbtopcreation/7217642236530494721.mp4,False,0.10762468725442886,4,0.0,0.016767676767676768,0.35922011661807585,0.07807017543859648,0.021723090277777777,mlbb-top-creation,7217642236530494721,https://www.tiktok.com/@mlbbtopcreation/video/7217642236530494721,beautiful guinevere  @mydiory #mobilelegends #mgl #mllbbcreatorcamp,8273,618,16
datasets/tiktok/mlbb/cedxvi/7345147316145229062.mp4,False,0.10698717832565308,4,0.0,0.0,0.2676627793974733,0.0,0.06770399305555555,cedxvi,7345147316145229062,https://www.tiktok.com/@cedxvi/video/7345147316145229062,5man set... #mlbb,5700000,374700,8410
datasets/tiktok/mlbb/shrxking_fear/7618587663624441096.mp4,False,0.10613564401865005,4,0.0,0.07222222222222222,0.3125,0.0,0.03176974826388889,shrxking-fear,7618587663624441096,https://www.tiktok.com/@shrxking_fear/video/7618587663624441096,😔😔😔,112,3,0
datasets/tiktok/mlbb/shrxking_fear/7623788030205201672.mp4,False,0.10592713207006454,4,0.0,0.07838383838383839,0.2108114674441205,0.14385964912280702,0.02852756076388889,shrxking-fear,7623788030205201672,https://www.tiktok.com/@shrxking_fear/video/7623788030205201672,#fyyyyyyyyyyyyyyyyp,240,4,1
datasets/tiktok/mlbb/bonitoflakesmlbb/7486284391757483271.mp4,False,0.10524676740169525,4,0.0,0.06121212121212122,0.23746355685131196,0.0,0.05498589409722222,bonitoflakesmlbb,7486284391757483271,https://www.tiktok.com/@bonitoflakesmlbb/video/7486284391757483271,Selena Maniac 😍 #MobileLegendsBangBang #mobilelegends #mlbb #mlbbhighlights #fyp  #selenamlbb,580,34,7
datasets/tiktok/mlbb/shrxking_fear/7617087192686415111.mp4,False,0.10509847849607468,4,0.0,0.05070707070707071,0.2934402332361516,0.0,0.04235026041666667,shrxking-fear,7617087192686415111,https://www.tiktok.com/@shrxking_fear/video/7617087192686415111,true,244,9,0
datasets/tiktok/mlbb/cedxvi/7499773329151134994.mp4,False,0.10506512969732285,4,0.0,0.05494949494949495,0.2667274052478134,0.0,0.04847873263888889,cedxvi,7499773329151134994,https://www.tiktok.com/@cedxvi/video/7499773329151134994,Full skin draw naruto collab skin #mlbb #fyp #cedxvi,29700,777,61
datasets/tiktok/mlbb/mobilelegends_id/7639252771593702663.mp4,False,0.10480406880378723,4,0.0,0.19646464646464648,0.16190476190476188,0.0,0.03389431423611111,mobilelegends-id,7639252771593702663,https://www.tiktok.com/@mobilelegends_id/video/7639252771593702663,Aulus sekarang enak banget buat rusuh 😮‍💨🔥 Yang dulu sering di-skip… sekarang mulai dilirik lagi gak sih? 👇 #mobilelegends_id #serubarengmlbb #samasamamain #MobileLegendsBangBang #Aulus,1500000,2849,121
datasets/tiktok/mlbb/cedxvi/7321233433798167814.mp4,False,0.10479389131069183,4,0.0,0.03909090909090909,0.18916423712342081,0.16228070175438594,0.04139756944444444,cedxvi,7321233433798167814,https://www.tiktok.com/@cedxvi/video/7321233433798167814,When tank had enough of being blamed and decided to fight back. 💀 #cedxvi #fyp #mlbb,292500,9576,80
datasets/tiktok/mlbb/saikyuun_/7406302324492225810.mp4,False,0.1036641001701355,4,0.0,0.12707070707070706,0.21758384603841535,0.0,0.03815755208333334,saikyuun-,7406302324492225810,https://www.tiktok.com/@saikyuun_/video/7406302324492225810,Kasi akin ka 😚💕 #MLBB #mobilelegends #phmcbacesleague #phcyberhackergord #fyp,29200,2514,73
datasets/tiktok/mlbb/mlbbcreator/7314318531099692293.mp4,False,0.10336987674236298,4,0.0,0.21505050505050505,0.080466472303207,0.0,0.04906032986111111,mlbbcreator,7314318531099692293,https://www.tiktok.com/@mlbbcreator/video/7314318531099692293,Winrate 100%  #mlbbm5 #betterthangreat #5ekarangindonesia,49400,1871,270
datasets/tiktok/mlbb/mobilelegends_id/7635881694763027733.mp4,False,0.10264603048563004,4,0.0,0.0,0.3432944606413994,0.0,0.04073893229166667,mobilelegends-id,7635881694763027733,https://www.tiktok.com/@mobilelegends_id/video/7635881694763027733,"Mode baru Tide Siege akan hadir pada 07/05! Makhluk laut yang terkontaminasi telah berada di gerbang, mendekati Base dari tiga lane. Jangan takut. Bentuk tim bersama 2 player lainnya untuk menghalau musuh. Di mode baru ini, hero akan mendapatkan peningkatan menyeluruh. Lampaui batas level, tingkatkan kekuatan dengan berbagai kartu, buka peningkatan skill tambahan, dan musnahkan musuh dengan satu ketukan! Ketuk video untuk selengkapnya! #TideSiege #MobileLegendsBangBang #MLBBNewMode",684800,2386,84
datasets/tiktok/mlbb/cedxvi/7391008663873277191.mp4,False,0.10158832371234894,4,0.0,0.0,0.3214042759961127,0.0,0.045457899305555556,cedxvi,7391008663873277191,https://www.tiktok.com/@cedxvi/video/7391008663873277191,Bro had enough.. 😥#mlbb,72600,2684,27
datasets/tiktok/mlbb/mlbbtopcreation/7205858038199143682.mp4,False,0.10133993625640869,4,0.0,0.07393939393939394,0.2108114674441205,0.1807017543859649,0.01621527777777778,mlbb-top-creation,7205858038199143682,https://www.tiktok.com/@mlbbtopcreation/video/7205858038199143682,the battle of swords @jazzentcabico #mobilelegends #mgl #mlbbcreatorcamp,4210,243,4
datasets/tiktok/mlbb/saikyuun_/7418529639804521746.mp4,False,0.10016068816184998,4,0.0,0.043939393939393945,0.2153802949751329,0.14859649122807017,0.029195963541666665,saikyuun-,7418529639804521746,https://www.tiktok.com/@saikyuun_/video/7418529639804521746,Max stacks Sky piercer on Suyou 🗿 #mlbb8th #mlbbsuyou #MLBB #mobilelegendsbangbang #phsuyou #mlbbcelebr8 #mlbbcr8torparty,39800,2625,37
datasets/tiktok/mlbb/cedxvi/7305410872040590598.mp4,False,0.09965705126523972,4,0.0,0.0,0.33798590864917394,0.0,0.03824001736111111,cedxvi,7305410872040590598,https://www.tiktok.com/@cedxvi/video/7305410872040590598,🥶#cedxvi,83000,5036,29
datasets/tiktok/mlbb/cedxvi/6994813508697230619.mp4,False,0.09741347283124924,4,0.0,0.17616161616161616,0.1152332361516035,0.0,0.043361545138888895,cedxvi,6994813508697230619,https://www.tiktok.com/@cedxvi/video/6994813508697230619,Ayaw ko nlng mag talk. 😅 #mlbb #cedxvi #TopPHjohnson,1200000,96600,1640
datasets/tiktok/mlbb/cedxvi/7505384847238565127.mp4,False,0.09709373861551285,4,0.0,0.1488888888888889,0.12669447243182988,0.0,0.04812608506944444,cedxvi,7505384847238565127,https://www.tiktok.com/@cedxvi/video/7505384847238565127,Grabeng stun yan🥲 #MLBBCreator #mlbb #cedxvi #fyp,24100,874,20
datasets/tiktok/mlbb/cedxvi/7345147208053951750.mp4,False,0.09588193148374557,4,0.0,0.06696969696969697,0.2253036929057337,0.0,0.044130859375,cedxvi,7345147208053951750,https://www.tiktok.com/@cedxvi/video/7345147208053951750,Bug or BoId 💀 #mlbb,3200000,194900,940
datasets/tiktok/mlbb/shrxking_fear/7615895989831896328.mp4,False,0.09449286758899689,4,0.0,0.13464646464646463,0.1761418853255588,0.0,0.03519965277777778,shrxking-fear,7615895989831896328,https://www.tiktok.com/@shrxking_fear/video/7615895989831896328,#myedit,153,3,1
datasets/tiktok/mlbb/mlbbttofficial/7634525916974026005.mp4,False,0.09409189969301224,4,0.0,0.056969696969696976,0.24985422740524785,0.012982456140350877,0.035284288194444444,mlbb-official,7634525916974026005,https://www.tiktok.com/@mlbbttofficial/video/7634525916974026005,Warning! Corrupted sea creatures are closing in. The last line of defense won't hold! #MLBBTIDESIEGE #MLBBAllstar #MobileLegendsBangBang #MLBBNewMode,1000000,14600,587
datasets/tiktok/mlbb/shrxking_fear/7606557194015821063.mp4,False,0.09404414147138596,4,0.0,0.027575757575757573,0.20833333333333331,0.0,0.05856553819444445,shrxking-fear,7606557194015821063,https://www.tiktok.com/@shrxking_fear/video/7606557194015821063,😭😭😭 guys help me please,180,1,1
datasets/tiktok/mlbb/shrxking_fear/7605186106899909895.mp4,False,0.09320105612277985,4,0.0,0.24414141414141416,0.039613702623906705,0.0,0.03798068576388888,shrxking-fear,7605186106899909895,https://www.tiktok.com/@shrxking_fear/video/7605186106899909895,#CapCut,263,5,0
datasets/tiktok/mlbb/cedxvi/7456437201828597000.mp4,False,0.09257518500089645,4,0.0,0.0,0.2564382896015549,0.0,0.051630859375,cedxvi,7456437201828597000,https://www.tiktok.com/@cedxvi/video/7456437201828597000,Johnson All around😅 #MLBB #Cedxvi #Johnsontiktok,319100,39000,229
datasets/tiktok/mlbb/shrxking_fear/7621957386911173895.mp4,False,0.09172629565000534,4,0.0,0.20424242424242423,0.06560981535471332,0.0,0.04102430555555556,shrxking-fear,7621957386911173895,https://www.tiktok.com/@shrxking_fear/video/7621957386911173895,TikTok video #7621957386911173895,229,4,2
datasets/tiktok/mlbb/cedxvi/7509047384391863570.mp4,False,0.09144663065671921,4,0.0,0.10282828282828282,0.11954567541302236,0.0,0.05678493923611111,cedxvi,7509047384391863570,https://www.tiktok.com/@cedxvi/video/7509047384391863570,Was bro missing skills on purpose? 😭#MLBBCreator #cedxvi #mlbb #fyp,84300,1966,32
datasets/tiktok/mlbb/mlbbtopcreation/7212906511167655169.mp4,False,0.09137102216482162,4,0.0,0.07717171717171717,0.2521015549076774,0.0,0.027470703124999996,mlbb-top-creation,7212906511167655169,https://www.tiktok.com/@mlbbtopcreation/video/7212906511167655169,"still,, multirole 🤭❤️ @mlbb_n3ska #mobilelegends #mgl #mlbbcreatorcamp",3508,183,5
datasets/tiktok/mlbb/mlbbttofficial/7619309009308306708.mp4,False,0.0909418985247612,4,0.0,0.04525252525252525,0.3007167152575316,0.0431578947368421,0.01425564236111111,mlbb-official,7619309009308306708,https://www.tiktok.com/@mlbbttofficial/video/7619309009308306708,"Brothers reunited, blades crossed, Ninjutsu clashing. ""How far can you see with those Sharingan of yours? Let me see."" #MLBBxNARUTO #MobileLegendsBangBang #MLBBNewSkin #NARUTO #MLBBFreeGaaraSkin #ValirFreeSkin",3200000,81100,3969
datasets/tiktok/mlbb/cedxvi/7500170721704906002.mp4,False,0.08896432816982269,4,0.0,0.0,0.19610058309037903,0.0,0.0637109375,cedxvi,7500170721704906002,https://www.tiktok.com/@cedxvi/video/7500170721704906002,Oh walang aawat ah* #MLBBxNARUTO,26100,878,19
datasets/tiktok/mlbb/willdominateyougg/7638171806959963399.mp4,False,0.08867189288139343,4,0.0,0.06171717171717172,0.25961226454867664,0.0,0.026528862847222223,willdominateyougg,7638171806959963399,https://www.tiktok.com/@willdominateyougg/video/7638171806959963399,#MLBB #mobilelegendsbangbang #willdominateyougg #jjk #fyp,375200,42100,303
datasets/tiktok/mlbb/cedxvi/7352172167221579013.mp4,False,0.08854615688323975,4,0.0,0.0808080808080808,0.15466472303206996,0.0,0.04986653645833333,cedxvi,7352172167221579013,https://www.tiktok.com/@cedxvi/video/7352172167221579013,Tank always sacrificed... respect🫡 #fyp #mlbb,1600000,105500,571
datasets/tiktok/mlbb/shrxking_fear/7615504536752426247.mp4,False,0.08813919126987457,4,0.0,0.1478787878787879,0.08852941176470588,0.1275438596491228,0.020995008680555552,shrxking-fear,7615504536752426247,https://www.tiktok.com/@shrxking_fear/video/7615504536752426247,#fyyyyyyyyyyyyyyyyp,115,1,0
datasets/tiktok/mlbb/mobilelegendsmy/7635154008675552532.mp4,False,0.08759719133377075,4,0.0,0.058383838383838385,0.2204446064139942,0.013859649122807016,0.03424370659722222,mobilelegendsmy,7635154008675552532,,,,,
datasets/tiktok/mlbb/cedxvi/7509435477401849096.mp4,False,0.08755270391702652,4,0.0,0.0,0.20145772594752187,0.0,0.060328776041666664,cedxvi,7509435477401849096,https://www.tiktok.com/@cedxvi/video/7509435477401849096,"When u understand the game, u don't panic.😏 #MLBBCreator #cedxvi #fyp",25600,811,26
datasets/tiktok/mlbb/shrxking_fear/7599958449568517384.mp4,False,0.08663272112607956,4,0.0,0.21060606060606057,0.0,0.2150877192982456,0.0064789496527777775,shrxking-fear,7599958449568517384,https://www.tiktok.com/@shrxking_fear/video/7599958449568517384,TikTok video #7599958449568517384,80,0,0
datasets/tiktok/mlbb/mlbbtopcreation/7220598194923703554.mp4,False,0.08562566339969635,4,0.0,0.0684848484848485,0.17083333333333334,0.0,0.04524088541666666,mlbb-top-creation,7220598194923703554,https://www.tiktok.com/@mlbbtopcreation/video/7220598194923703554,All stars as ITZY @saikyuun_ #mobilelegends #mgl #mlbbcreatorcamp,4227,220,7
datasets/tiktok/mlbb/mobilelegends_id/7635680676649520404.mp4,False,0.08480821549892426,4,0.0,0.055656565656565654,0.21359329446064143,0.011228070175438594,0.03382378472222222,mobilelegends-id,7635680676649520404,https://www.tiktok.com/@mobilelegends_id/video/7635680676649520404,Peringatan! Makhluk laut yang jahat kian mendekat. Pertahanan terakhir hampir runtuh! #MLBBTIDESIEGE #MLBBAllstar #MobileLegendsBangBang  #MLBBNewMode,1300000,11800,407
datasets/tiktok/mlbb/mlbbttofficial/7636739630930365713.mp4,False,0.0834105908870697,4,0.0,0.07717171717171717,0.17077259475218656,0.0,0.039628906250000005,mlbb-official,7636739630930365713,https://www.tiktok.com/@mlbbttofficial/video/7636739630930365713,"Don't blink! From key animation to the final cut, let's witness the ""magic"" behind Aulus's trailer! #MobileLegendsBangBang #MLBBAULUS #MLBBREVAMPEDHERO #MLBBS40",36700,1686,117
datasets/tiktok/mlbb/cedxvi/7391822945032703250.mp4,False,0.0831046849489212,4,0.0,0.0,0.26163751214771624,0.0,0.037547743055555555,cedxvi,7391822945032703250,https://www.tiktok.com/@cedxvi/video/7391822945032703250,"Hahaha lieral, na HlT n RUN 😂#mlbb",2700000,170900,2548
datasets/tiktok/mlbb/shrxking_fear/7611754943678172434.mp4,False,0.0827317163348198,4,0.0,0.05868686868686869,0.21653304178814384,0.0029824561403508773,0.030991753472222223,shrxking-fear,7611754943678172434,https://www.tiktok.com/@shrxking_fear/video/7611754943678172434,TikTok video #7611754943678172434,193,5,2
datasets/tiktok/mlbb/nilunaa/7631866770541874439.mp4,False,0.08167219907045364,4,0.0,0.0,0.29047619047619044,0.0,0.027562934027777777,nilunaa,7631866770541874439,https://www.tiktok.com/@nilunaa/video/7631866770541874439,Auction House - Mencari emote dyrroth & aurora & dragonshark😎 #MLBB #mobilelegends #nilunaa,140600,3481,85
datasets/tiktok/mlbb/saikyuun_/7117128570090163483.mp4,False,0.08157161623239517,4,0.0,0.0,0.33749999999999997,0.0,0.014262152777777776,saikyuun-,7117128570090163483,https://www.tiktok.com/@saikyuun_/video/7117128570090163483,Request any hero 👉🏻👈🏻 862765885 (10649) @mlbbtopcreation #mobilelegends #mlbbcreatorcamp #mccjuly #mcc_0701ph #fyp,59100,2280,99
datasets/tiktok/mlbb/shrxking_fear/7605091574866889991.mp4,False,0.08120118081569672,4,0.0,0.2291919191919192,0.05400874635568513,0.0003508771929824561,0.02248263888888889,shrxking-fear,7605091574866889991,https://www.tiktok.com/@shrxking_fear/video/7605091574866889991,me edit,114,1,0
datasets/tiktok/mlbb/mlbbtopcreation/7239349669585898754.mp4,False,0.08115389943122864,4,0.0,0.0015151515151515152,0.2800170068027211,0.0,0.02933376736111111,mlbb-top-creation,7239349669585898754,https://www.tiktok.com/@mlbbtopcreation/video/7239349669585898754,Odette Montage @arrslwly #mobilelegends #mgl #mlbbcreatorcamp,32200,2093,51
datasets/tiktok/mlbb/cedxvi/7504990488584326418.mp4,False,0.0810779482126236,4,0.0,0.0,0.18024781341107873,0.0,0.05763454861111111,cedxvi,7504990488584326418,https://www.tiktok.com/@cedxvi/video/7504990488584326418,Bro thinks I'm the prey😏 #MLBBCreator #cedxvi #mlbb #fyp,273100,8520,56
datasets/tiktok/mlbb/cedxvi/6993656033763691803.mp4,False,0.08084221929311752,4,0.0,0.0,0.2022837706511176,0.0,0.05115017361111112,cedxvi,6993656033763691803,https://www.tiktok.com/@cedxvi/video/6993656033763691803,JS TANK ❌ JS MAGE ✅ #mlbb #cedxvi,263900,18200,308
datasets/tiktok/mlbb/shrxking_fear/7624775910910119175.mp4,False,0.08066000789403915,4,0.0,0.03595959595959596,0.22436831875607385,0.0,0.03364800347222222,shrxking-fear,7624775910910119175,https://www.tiktok.com/@shrxking_fear/video/7624775910910119175,#myedit #followme #plslike #took3or4hrs,713,18,11
datasets/tiktok/mlbb/shrxking_fear/7641919649164168456.mp4,False,0.0804252177476883,4,0.0,0.11535353535353535,0.15485908649173957,0.0,0.028344184027777778,shrxking-fear,7641919649164168456,https://www.tiktok.com/@shrxking_fear/video/7641919649164168456,TikTok video #7641919649164168456,232,5,2
datasets/tiktok/mlbb/cedxvi/7478632398276709639.mp4,False,0.07994469255208969,4,0.0,0.0,0.1842565597667639,0.0,0.05500108506944444,cedxvi,7478632398276709639,https://www.tiktok.com/@cedxvi/video/7478632398276709639,Whatever it takes..🫡#MLBB #MLBBGetItFree #MLBBGoldenMonth,108500,5385,44
datasets/tiktok/mlbb/cedxvi/7378876893132508421.mp4,False,0.07989954203367233,4,0.0,0.0,0.21460952684645285,0.0,0.046442057291666665,cedxvi,7378876893132508421,https://www.tiktok.com/@cedxvi/video/7378876893132508421,Nice ending 🤗 #mlbb,38000,1082,21
datasets/tiktok/mlbb/cedxvi/7153105028964781338.mp4,False,0.07798672467470169,4,0.0,0.0,0.2096938775510204,0.0,0.04526801215277778,cedxvi,7153105028964781338,https://www.tiktok.com/@cedxvi/video/7153105028964781338,Durogin nya daw ako 🥲#cedxvi,124400,8514,111
datasets/tiktok/mlbb/shrxking_fear/7605595640147610887.mp4,False,0.07768035680055618,4,0.0,0.08323232323232323,0.1895651117589893,0.0,0.024860026041666667,shrxking-fear,7605595640147610887,https://www.tiktok.com/@shrxking_fear/video/7605595640147610887,TikTok video #7605595640147610887,118,1,0
datasets/tiktok/mlbb/shrxking_fear/7620698047382621447.mp4,False,0.07707774639129639,4,0.0,0.07262626262626262,0.23899416909620988,0.0,0.013483072916666667,shrxking-fear,7620698047382621447,https://www.tiktok.com/@shrxking_fear/video/7620698047382621447,#edit #plslike #fyyyyyyyyyyyyyyyyp #myedit,106,3,0
datasets/tiktok/mlbb/shrxking_fear/7629951465880145159.mp4,False,0.07681061327457428,4,0.0,0.0,0.1929907677356657,0.0,0.04837673611111111,shrxking-fear,7629951465880145159,https://www.tiktok.com/@shrxking_fear/video/7629951465880145159,TikTok video #7629951465880145159,176,3,1
datasets/tiktok/mlbb/shrxking_fear/7615194870990327058.mp4,False,0.07667699456214905,4,0.0,0.1205050505050505,0.16666666666666666,0.0,0.018453776041666665,shrxking-fear,7615194870990327058,https://www.tiktok.com/@shrxking_fear/video/7615194870990327058,TikTok video #7615194870990327058,181,5,0
datasets/tiktok/mlbb/bonitoflakesmlbb/7487777937622666503.mp4,False,0.075900599360466,4,0.0,0.0,0.19396258503401362,0.0,0.046891276041666666,bonitoflakesmlbb,7487777937622666503,https://www.tiktok.com/@bonitoflakesmlbb/video/7487777937622666503,Sorry Pharsa. #selenaoutplay #mobilelegends  #selenahighlights #mlbb #fyp #MobileLegendsBangBang,701,2,0
datasets/tiktok/mlbb/shrxking_fear/7623781381016915218.mp4,False,0.07583684474229813,4,0.0,0.008787878787878787,0.22499999999999998,0.03,0.029249131944444444,shrxking-fear,7623781381016915218,https://www.tiktok.com/@shrxking_fear/video/7623781381016915218,#followme #myedit #plslike #fyyyyyyyyyyyyyyyyp #took1hour,327,13,4
datasets/tiktok/mlbb/gosu.general/7108665340980170010.mp4,False,0.07375937700271606,4,0.0,0.07929292929292929,0.16666666666666666,0.0,0.027256944444444445,gosu-general,7108665340980170010,https://www.tiktok.com/@gosu.general/video/7108665340980170010,TikTok video #7108665340980170010,309,9,1
datasets/tiktok/mlbb/cedxvi/7498715603239275783.mp4,False,0.07375014573335648,4,0.0,0.03333333333333333,0.1322521865889213,0.0,0.05103624131944445,cedxvi,7498715603239275783,https://www.tiktok.com/@cedxvi/video/7498715603239275783,Nah I'd win ahh moment🗿 #mlbb #fyp #cedxvi #narutoshippuden,1400000,110500,1078
datasets/tiktok/mlbb/mlbbtopcreation/7217644238778027265.mp4,False,0.07270504534244537,4,0.0,0.1192929292929293,0.09815354713313897,0.0,0.03271484375,mlbb-top-creation,7217644238778027265,https://www.tiktok.com/@mlbbtopcreation/video/7217644238778027265,gusion and lesley as team rocket @nanamateluk #mobilelegends #mgl #mllbbcreatorcamp,2747,144,4
datasets/tiktok/mlbb/bonitoflakesmlbb/7452259282872962312.mp4,False,0.07250987738370895,4,0.0,0.0,0.1441326530612245,0.0,0.05632269965277778,bonitoflakesmlbb,7452259282872962312,https://www.tiktok.com/@bonitoflakesmlbb/video/7452259282872962312,Trying Lucas for the very first time 🐺 #MobileLegendsBangBang #mlbb #fypシ゚viralシ #mlbbtiktok #mlbbhighlights,2457,24,0
datasets/tiktok/mlbb/nilunaa/7632326299465387271.mp4,False,0.07236645370721817,4,0.0,0.0,0.2378158406219631,0.0,0.029900173611111112,nilunaa,7632326299465387271,https://www.tiktok.com/@nilunaa/video/7632326299465387271,Auction House - susah juga emote dyrroth #MPLMYS17 #MYTIMEMYERA #MLBB #mobilelegends #nilunaa,28600,384,26
datasets/tiktok/mlbb/mobilelegendsmy/7635155361447644437.mp4,False,0.07229775190353394,4,0.0,0.0,0.1787050534499514,0.0,0.046359592013888895,mobilelegendsmy,7635155361447644437,,,,,
datasets/tiktok/mlbb/shrxking_fear/7636654727463308562.mp4,False,0.071632519364357,4,0.0,0.0,0.1938168124392614,0.0,0.041241319444444445,shrxking-fear,7636654727463308562,https://www.tiktok.com/@shrxking_fear/video/7636654727463308562,there dressed as a skyscraper but in real life they can get stepped on hahahaha,182,1,2
datasets/tiktok/mlbb/mobilelegends_id/7635548060105313557.mp4,False,0.07072995603084564,4,0.0,0.0,0.17586248785228376,0.0,0.04506510416666667,mobilelegends-id,7635548060105313557,https://www.tiktok.com/@mobilelegends_id/video/7635548060105313557,Apa hook kamu juga seakurat ini?🤔 #MobileLegendsBangBang #MLBBNewMode #MLBBFrozenSeaShowdown #MLBBS40,1400000,6654,107
datasets/tiktok/mlbb/cedxvi/7483485987604073735.mp4,False,0.07021661847829819,4,0.0,0.0,0.14449708454810495,0.0,0.05316297743055556,cedxvi,7483485987604073735,https://www.tiktok.com/@cedxvi/video/7483485987604073735,"If i ain't driving, then no one can..🫵 #mlbb #cedxvi #TopGlobalJohnson",593000,36100,221
datasets/tiktok/mlbb/cedxvi/7085347255477194010.mp4,False,0.06952381134033203,4,0.0,0.0,0.14753401360544216,0.0,0.05138888888888889,cedxvi,7085347255477194010,https://www.tiktok.com/@cedxvi/video/7085347255477194010,A very warm welcome for mobazane! #cedxvi #kewlsquad,1600000,104800,1161
datasets/tiktok/mlbb/mlbbtopcreation/7217635892024855810.mp4,False,0.06892961263656616,4,0.0,0.0016161616161616162,0.2207604470359572,0.00631578947368421,0.02829861111111111,mlbb-top-creation,7217635892024855810,https://www.tiktok.com/@mlbbtopcreation/video/7217635892024855810,Untouchable Roger @arrslwly #mobilelegends #mgl #mllbbcreatorcamp,2970,154,4
datasets/tiktok/mlbb/shrxking_fear/7609582705889561863.mp4,False,0.06892246007919312,4,0.0,0.0,0.17847424684159377,0.0,0.041923828125,shrxking-fear,7609582705889561863,https://www.tiktok.com/@shrxking_fear/video/7609582705889561863,#simulation,112,1,0
datasets/tiktok/mlbb/mlbbtopcreation/7210388548707552514.mp4,False,0.06891824305057526,4,0.0,0.13454545454545455,0.06118804664723033,0.00631578947368421,0.032021484375,mlbb-top-creation,7210388548707552514,https://www.tiktok.com/@mlbbtopcreation/video/7210388548707552514,wanna see magic trick? @nd_mlbb #mobilelegends #mgl #mlbbcreatorcamp,2875,131,7
datasets/tiktok/mlbb/bonitoflakesmlbb/7459245729169673480.mp4,False,0.06792254000902176,1,0.0,0.02101010101010101,0.15218658892128278,0.0,0.041480034722222225,bonitoflakesmlbb,7459245729169673480,https://www.tiktok.com/@bonitoflakesmlbb/video/7459245729169673480,Tigreal MVP 🏆 #mlbbhighlights #mlbb #MobileLegendsBangBang #fypシ゚viralシ #tigreal,327,16,0
datasets/tiktok/mlbb/shrxking_fear/7622969125526048018.mp4,False,0.0678812637925148,4,0.0,0.013939393939393939,0.18594509232264333,0.0,0.034150390625,shrxking-fear,7622969125526048018,https://www.tiktok.com/@shrxking_fear/video/7622969125526048018,#fyyyyyyyyyyyyyyyyp,414,4,14
datasets/tiktok/mlbb/saikyuun_/7254815032515513605.mp4,False,0.06702476739883423,4,0.0,0.0,0.16666666666666666,0.11719298245614035,0.018636067708333332,saikyuun-,7254815032515513605,https://www.tiktok.com/@saikyuun_/video/7254815032515513605,Franco. #Franco,61200,2081,45
datasets/tiktok/mlbb/saikyuun_/7463419768817700104.mp4,False,0.06631489098072052,4,0.0,0.0,0.16258503401360544,0.0,0.04289605034722222,saikyuun-,7463419768817700104,https://www.tiktok.com/@saikyuun_/video/7463419768817700104,Replying to @🔥Ellyza>380🔥 Gusto ko mag live na nag aanimate kaso baka mag request nanaman kayo na kalbuhin mga heroes 😭 #MLBB #mobilelegends #mlbbmyhero #fyp #phmcbacesleague #ph2025aquariusaurora,65000,5689,53
datasets/tiktok/mlbb/cedxvi/7481614560932203794.mp4,False,0.06503091007471085,4,0.0,0.0,0.13013848396501457,0.0,0.050269097222222225,cedxvi,7481614560932203794,https://www.tiktok.com/@cedxvi/video/7481614560932203794,Tutorial counter Johnson👆#MLBB #MLBBGetItFree #MLBBGoldenMonth,291500,16400,94
datasets/tiktok/mlbb/shrxking_fear/7614514059001466119.mp4,False,0.06459187716245651,4,0.0,0.0,0.18547133138969873,0.0,0.034190538194444446,shrxking-fear,7614514059001466119,https://www.tiktok.com/@shrxking_fear/video/7614514059001466119,and the 1v1 thought I was auto,223,3,0
datasets/tiktok/mlbb/shrxking_fear/7623783671551495432.mp4,False,0.06438245624303818,4,0.0,0.0,0.18598153547133137,0.0,0.03376844618055556,shrxking-fear,7623783671551495432,https://www.tiktok.com/@shrxking_fear/video/7623783671551495432,#RIVALS,370,3,7
datasets/tiktok/mlbb/mlbbttofficial/7627416793191173392.mp4,False,0.06436022371053696,4,0.0,0.045454545454545456,0.138004630423598,0.07894736842105263,0.016961805555555556,mlbb-official,7627416793191173392,https://www.tiktok.com/@mlbbttofficial/video/7627416793191173392,"Swinging his axe, he charges fearlessly, sweeping away enemies with his Fighting Spirit! Stepping up in dire situations, he proves the strength of a true warrior with his inherited axe! Tap to watch the Revamped Aulus Trailer and witness his awakened Fighting Spirit! #MobileLegendsBangBang #MLBBAULUS #MLBBREVAMPEDHERO #MLBBS40",341700,8484,167
datasets/tiktok/mlbb/mlbbtopcreation/7205858327908158722.mp4,False,0.06414935737848282,4,0.0,0.0,0.1339042759961127,0.0,0.04803927951388889,mlbb-top-creation,7205858327908158722,https://www.tiktok.com/@mlbbtopcreation/video/7205858327908158722,RIP maniac @muwanaaaaa #mobilelegends #mgl #mlbbcreatorcamp,3048,112,5
datasets/tiktok/mlbb/cedxvi/7382591481892097285.mp4,False,0.06395162642002106,4,0.0,0.009696969696969697,0.121865889212828,0.0,0.04815972222222222,cedxvi,7382591481892097285,https://www.tiktok.com/@cedxvi/video/7382591481892097285,🥶 #mlbb #fyp,523400,26800,189
datasets/tiktok/mlbb/cedxvi/7267000371191762181.mp4,False,0.06367446482181549,4,0.0,0.0,0.12366375121477163,0.0,0.050273437500000004,cedxvi,7267000371191762181,https://www.tiktok.com/@cedxvi/video/7267000371191762181,🥶#cedxvi,133900,3259,58
datasets/tiktok/mlbb/cedxvi/7337997432308927749.mp4,False,0.0636010617017746,4,0.0,0.0,0.15164226404847653,0.0,0.04234157986111111,cedxvi,7337997432308927749,https://www.tiktok.com/@cedxvi/video/7337997432308927749,💀💀💀#fyp #mlbb #cedxvi,38700,1985,32
datasets/tiktok/mlbb/cedxvi/7375478735153138949.mp4,False,0.06266065686941147,4,0.0,0.0,0.11141885325558795,0.0,0.05235026041666667,cedxvi,7375478735153138949,https://www.tiktok.com/@cedxvi/video/7375478735153138949,3v3 Cedxvi Choou mizaki Vs. Okata Cheyk Warmos. #mlbb,917800,33000,453
datasets/tiktok/mlbb/cedxvi/7397026801853238536.mp4,False,0.06250279396772385,4,0.0,0.0,0.16517249757045674,0.0,0.037088758680555556,cedxvi,7397026801853238536,https://www.tiktok.com/@cedxvi/video/7397026801853238536,🐕🚛💨,34200,1528,37
datasets/tiktok/mlbb/mobilelegends_id/7640442740983008532.mp4,False,0.062370095402002335,4,0.0,0.0,0.14081632653061227,0.0,0.04373155381944444,mobilelegends-id,7640442740983008532,https://www.tiktok.com/@mobilelegends_id/video/7640442740983008532,CCTV menangkap Sisca live membuka koper berisi emas di kapal. Tapi… kenapa emas sebanyak itu ada di sana? 👀 #SiapaMencelakaiWendy #AdaApaDenganWendy #WendyAllStarParty #MLBB #MLBBALLSTAR,9100000,4493,197
datasets/tiktok/mlbb/shrxking_fear/7633405146747129095.mp4,False,0.062246277928352356,4,0.0,0.03212121212121212,0.16138378565711997,0.04912280701754386,0.017827690972222223,shrxking-fear,7633405146747129095,https://www.tiktok.com/@shrxking_fear/video/7633405146747129095,#notmyedit🚨 #Godblessyouall #jesuslovesyou,267,36,2
datasets/tiktok/mlbb/cedxvi/7403397761812499719.mp4,False,0.06222954019904137,4,0.0,0.0,0.18917667513433944,0.0,0.030003255208333336,cedxvi,7403397761812499719,https://www.tiktok.com/@cedxvi/video/7403397761812499719,Shoppee DeIivery bwahahahha #mlbb #johnson,355600,34600,337
datasets/tiktok/mlbb/mlbb_update_central/7615355347905154311.mp4,False,0.06189756467938423,4,0.0,0.0,0.13624878522837708,0.0,0.044380425347222224,mlbb-update-central,7615355347905154311,https://www.tiktok.com/@mlbb_update_central/video/7615355347905154311,"New chaos just dropped in Mobile Legends: Bang Bang 👀 Tide Siege Arcade Mode is not your usual match… towers fall faster, battles get crazier, and one push can end the game! 🌊⚔️ Will your team dominate the siege… or get wiped in seconds? 😳 Watch until the end and tell me what you think about this new mode! Follow for more MLBB updates, events, and hidden features 🔔 Tag your squad and share this with your duo! 🎮 #MLBB #mobilelegends #MLBBtiktok #gamingontiktok @Mobile Legends Philippines @mlbbttofficial",4767,57,14
datasets/tiktok/mlbb/mlbbttofficial/7606256102602247445.mp4,False,0.06184941902756691,4,0.0,0.0,0.15327988338192422,0.0,0.03954752604166667,mlbb-official,7606256102602247445,https://www.tiktok.com/@mlbbttofficial/video/7606256102602247445,"Praise me, Miya! #MobileLegendsBangBang #MLBBNewSkin #MLBBEternalSeasons",3200000,31700,350
datasets/tiktok/mlbb/cedxvi/6993517706691513627.mp4,False,0.06160486862063408,4,0.0,0.0,0.14466715257531582,0.0,0.04163302951388889,cedxvi,6993517706691513627,https://www.tiktok.com/@cedxvi/video/6993517706691513627,Nanahimik kase ako eh. sasalita k ng ganyan. 😅 #cedxvi #mlbb,576700,22800,160
datasets/tiktok/mlbb/mobilelegends_id/7641927224181984532.mp4,False,0.060768596827983856,4,0.0,0.0,0.165354713313897,0.0,0.034725477430555554,mobilelegends-id,7641927224181984532,https://www.tiktok.com/@mobilelegends_id/video/7641927224181984532,CCTV menunjukkan Aldi Taher mengumpulkan semua orang untuk membagikan burger di kapal. Tapi untuk apa? Apakah ada hal lain yang ia rencanakan?👀 #AdaApaDenganWendy #WendyAllStarParty #MLBB #MLBBALLSTAR,7900000,4953,107
datasets/tiktok/mlbb/gosu.general/7108660238353435931.mp4,False,0.05945558473467827,4,0.0,0.1204040404040404,0.08333333333333333,0.0,0.018856336805555554,gosu-general,7108660238353435931,https://www.tiktok.com/@gosu.general/video/7108660238353435931,TikTok video #7108660238353435931,160,6,0
datasets/tiktok/mlbb/shrxking_fear/7618592058852363528.mp4,False,0.0592581182718277,4,0.0,0.13616161616161615,0.015379008746355685,0.0,0.03276692708333333,shrxking-fear,7618592058852363528,https://www.tiktok.com/@shrxking_fear/video/7618592058852363528,sorry,123,5,0
datasets/tiktok/mlbb/mlbbttofficial/7621862882162134289.mp4,False,0.05805429071187973,4,0.0,0.0,0.14205539358600583,0.0,0.03763020833333333,mlbb-official,7621862882162134289,https://www.tiktok.com/@mlbbttofficial/video/7621862882162134289,MLBB × NARUTO Part 2 is now available! #MLBBxNARUTO #MobileLegendsBangBang #MLBBNewSkin #NARUTO #MLBBFreeGaaraSkin #Valirfreeskin,4300000,40300,2261
datasets/tiktok/mlbb/mlbbttofficial/7627435927375236353.mp4,False,0.057525839656591415,4,0.0,0.0,0.1347181729834791,0.0,0.03898003472222222,mlbb-official,7627435927375236353,https://www.tiktok.com/@mlbbttofficial/video/7627435927375236353,"""Not just me. This time, we'll all fight together!"" #MLBBxNARUTO #MobileLegendsBangBang #MLBBNewSkin #NARUTO #MLBBFreeGaaraSkin #Valirfreeskin",3200000,29500,935
datasets/tiktok/mlbb/gosu.general/7108671181003164955.mp4,False,0.05734711512923241,4,0.0,0.03595959595959596,0.17776501225490196,0.0,0.015613064236111111,gosu-general,7108671181003164955,https://www.tiktok.com/@gosu.general/video/7108671181003164955,TikTok video #7108671181003164955,358,6,0
datasets/tiktok/mlbb/mobilelegends_id/7641169391249313045.mp4,False,0.057154010981321335,4,0.0,0.0,0.15222303206997084,0.0,0.03358289930555555,mobilelegends-id,7641169391249313045,https://www.tiktok.com/@mobilelegends_id/video/7641169391249313045,Sesuatu terjadi pada Wendy. Tapi CCTV meperlihatkan Jess jedag jedug TikTok. Apakah itu untuk menutup alibinya saja? 👀 #AdaApaDenganWendy #WendyAllStarParty #MLBB #MLBBALLSTAR,8800000,9383,259
datasets/tiktok/mlbb/cedxvi/7416597681545530632.mp4,False,0.056866396218538284,4,0.0,0.0,0.12052964042759962,0.0,0.042073567708333336,cedxvi,7416597681545530632,https://www.tiktok.com/@cedxvi/video/7416597681545530632,Target locked couple with affinity 🎯#mlbb,213500,8210,115
datasets/tiktok/mlbb/cedxvi/7345522760866647301.mp4,False,0.05657195672392845,4,0.0,0.0,0.1644679300291545,0.0,0.029378255208333332,cedxvi,7345522760866647301,https://www.tiktok.com/@cedxvi/video/7345522760866647301,Johnson chinese prank mcl #mlbb #cedxvi,1200000,55300,199
datasets/tiktok/mlbb/bonitoflakesmlbb/7475905952890293511.mp4,False,0.05641652271151543,4,0.0,0.0,0.1028786067998628,0.0,0.046416015625,bonitoflakesmlbb,7475905952890293511,https://www.tiktok.com/@bonitoflakesmlbb/video/7475905952890293511,Gusion Savage 🗡️ #mobilelegendsbangbang #mlbbhighlights #mlbb #mobilelegends #gusion #gusiontiktok #gusionmontage,719,56,0
datasets/tiktok/mlbb/mlbbtopcreation/7214999497284259074.mp4,False,0.05639065429568291,4,0.0,0.03636363636363636,0.11048347910592808,0.02631578947368421,0.027648654513888888,mlbb-top-creation,7214999497284259074,https://www.tiktok.com/@mlbbtopcreation/video/7214999497284259074,Benedetta - Moonblade plays @arrslwly #mobilelegends #mgl #mlbbcreatorcamp,2063,94,2
datasets/tiktok/mlbb/shrxking_fear/7615983215714569490.mp4,False,0.05618919059634209,4,0.0,0.049494949494949494,0.125,0.0,0.024674479166666666,shrxking-fear,7615983215714569490,https://www.tiktok.com/@shrxking_fear/video/7615983215714569490,#myedit,161,2,2
datasets/tiktok/mlbb/mobilelegends_id/7641525090512801045.mp4,False,0.05595690757036209,4,0.0,0.0,0.12011661807580176,0.0,0.0409765625,mobilelegends-id,7641525090512801045,https://www.tiktok.com/@mobilelegends_id/video/7641525090512801045,CCTV menangkap Pascol tantrum setelah kalah match MLBB dari Wendy. Barang dibanting. Teriakan terdengar. Apakah emosi Pascol benar-benar berhenti di situ? 👀 #AdaApaDenganWendy #WendyAllStarParty #MLBB #MLBBALLSTAR,8500000,4649,82
datasets/tiktok/mlbb/cedxvi/7352939070160522501.mp4,False,0.05582015588879585,4,0.0,0.0,0.08935860058309038,0.0,0.049406467013888886,cedxvi,7352939070160522501,https://www.tiktok.com/@cedxvi/video/7352939070160522501,Just a normal day on random lobby.😅 #mlbb #cedxvi,654200,51100,157
datasets/tiktok/mlbb/cedxvi/6995462194729159962.mp4,False,0.055687304586172104,4,0.0,0.0,0.11864674441205053,0.0,0.041028645833333335,cedxvi,6995462194729159962,https://www.tiktok.com/@cedxvi/video/6995462194729159962,Low winrate prank!! 😂 #cedxvi #mlbb,3200000,254200,2605
datasets/tiktok/mlbb/mlbbtopcreation/7233667618056539393.mp4,False,0.05483930930495262,4,0.0,0.0,0.1369533527696793,0.0,0.03477213541666667,mlbb-top-creation,7233667618056539393,https://www.tiktok.com/@mlbbtopcreation/video/7233667618056539393,Moskov Montage @elanie #mobilelegends #mgl #mlbbcreatorcamp,6551,466,5
datasets/tiktok/mlbb/shrxking_fear/7601157450674310408.mp4,False,0.0533943697810173,4,0.0,0.0,0.16666666666666666,0.0,0.024525824652777778,shrxking-fear,7601157450674310408,https://www.tiktok.com/@shrxking_fear/video/7601157450674310408,#sing,8,0,0
datasets/tiktok/mlbb/gosu.general/7113001098998336795.mp4,False,0.05288728326559067,4,0.0,0.020404040404040404,0.18333333333333332,0.01,0.010845269097222221,gosu-general,7113001098998336795,https://www.tiktok.com/@gosu.general/video/7113001098998336795,TikTok video #7113001098998336795,148,1,0
datasets/tiktok/mlbb/shrxking_fear/7614825467165658376.mp4,False,0.052470315247774124,4,0.0,0.0,0.12189018464528667,0.0,0.035831163194444446,shrxking-fear,7614825467165658376,https://www.tiktok.com/@shrxking_fear/video/7614825467165658376,😁👍,137,4,0
datasets/tiktok/mlbb/cedxvi/7392988893764734226.mp4,False,0.05176704749464989,4,0.0,0.0,0.1360186887254902,0.0,0.0309375,cedxvi,7392988893764734226,https://www.tiktok.com/@cedxvi/video/7392988893764734226,Niligtas ni Lord.. 🗿 #mlbb,2700000,330100,3873
datasets/tiktok/mlbb/mlbbttofficial/7621866425132633360.mp4,False,0.051668550819158554,4,0.0,0.0,0.1087949465500486,0.0,0.03842881944444444,mlbb-official,7621866425132633360,https://www.tiktok.com/@mlbbttofficial/video/7621866425132633360,"""How can I become the Hokage, if I can't even save a friend?"" #MLBBxNARUTO #MobileLegendsBangBang #MLBBNewSkin #NARUTO #MLBBFreeGaaraSkin #Valirfreeskin",1300000,10400,815
datasets/tiktok/mlbb/cedxvi/7376303614366616837.mp4,False,0.049962110817432404,4,0.0,0.0,0.1373056365403304,0.0,0.028170572916666668,cedxvi,7376303614366616837,https://www.tiktok.com/@cedxvi/video/7376303614366616837,Gold johnson troll prank. #cedxvi #mlbb #fyp,266100,20400,133
datasets/tiktok/mlbb/cedxvi/6993215947704143131.mp4,False,0.04819926247000694,4,0.0,0.0,0.09336734693877549,0.0,0.03812282986111111,cedxvi,6993215947704143131,https://www.tiktok.com/@cedxvi/video/6993215947704143131,Yung tinrashtalk ka tapos binuhat mo. 😶 #mlbb #cedxvi,1400000,178600,916
datasets/tiktok/mlbb/mobilelegends_id/7640798354569448724.mp4,False,0.047924961894750595,4,0.0,0.0,0.11663022351797862,0.0,0.031243489583333332,mobilelegends-id,7640798354569448724,https://www.tiktok.com/@mobilelegends_id/video/7640798354569448724,CCTV menangkap Kelin terpeleset oleh sebuah burger di lantai.🍔 Sungguh janggal! Apakah itu kebetulan… atau ada sesuatu yang terjadi sebelumnya? 👀 #AdaApaDenganWendy #WendyAllStarParty #MLBB #MLBBALLSTAR,16900000,18200,224
datasets/tiktok/mlbb/mlbbttofficial/7627420662394604817.mp4,False,0.04748394340276718,4,0.0,0.0,0.13990524781341107,0.0,0.02413845486111111,mlbb-official,7627420662394604817,https://www.tiktok.com/@mlbbttofficial/video/7627420662394604817,"""You're all still as noisy as ever!"" #MLBBxNARUTO #MobileLegendsBangBang #MLBBNewSkin #NARUTO #MLBBFreeGaaraSkin #Valirfreeskin",817300,6177,170
datasets/tiktok/mlbb/cedxvi/7267059432729677061.mp4,False,0.04600806161761284,4,0.0,0.0,0.07591107871720118,0.0,0.040088975694444445,cedxvi,7267059432729677061,https://www.tiktok.com/@cedxvi/video/7267059432729677061,Team Mizaki vs. Team Brigs Game 3. Johnson POV #cedxvi,129500,1697,28
datasets/tiktok/mlbb/cedxvi/7476445043373575432.mp4,False,0.044988710433244705,4,0.0,0.0,0.08145043731778426,0.0,0.03717881944444444,cedxvi,7476445043373575432,https://www.tiktok.com/@cedxvi/video/7476445043373575432,🤷 #mlbb #cedxvi #topglobaljohnson,2200000,88900,906
datasets/tiktok/mlbb/mobilelegendsgame/6816648690900520193.mp4,False,0.04429412633180618,4,0.0,0.0,0.07346938775510203,0.0,0.038487413194444445,mobile-legends-game,6816648690900520193,https://www.tiktok.com/@mobilelegendsgame/video/6816648690900520193,FINALLY REACHED ACE #@urstrulybaba,115,12,2
datasets/tiktok/mlbb/mlbbttofficial/7630122638622362901.mp4,False,0.04352445900440216,4,0.0,0.0,0.08503401360544217,0.0,0.03422309027777778,mlbb-official,7630122638622362901,https://www.tiktok.com/@mlbbttofficial/video/7630122638622362901,"""Don't keep underestimating me!"" #MLBBxNARUTO #MobileLegendsBangBang #MLBBNewSkin #NARUTO #MLBBFreeGaaraSkin #Valirfreeskin",2200000,24800,258
datasets/tiktok/mlbb/shrxking_fear/7608508104627490055.mp4,False,0.04180288314819336,4,0.0,0.05,0.06564625850340136,0.07035087719298244,0.007510850694444444,shrxking-fear,7608508104627490055,https://www.tiktok.com/@shrxking_fear/video/7608508104627490055,wake up,191,5,2
datasets/tiktok/mlbb/shrxking_fear/7606328262419172616.mp4,False,0.04154263436794281,4,0.0,0.0,0.08564139941690962,0.0,0.031410590277777775,shrxking-fear,7606328262419172616,https://www.tiktok.com/@shrxking_fear/video/7606328262419172616,#lokal,362,3,1
datasets/tiktok/mlbb/cedxvi/7495044545579601170.mp4,False,0.041536085307598114,4,0.0,0.0,0.06913265306122449,0.0,0.03602430555555556,cedxvi,7495044545579601170,https://www.tiktok.com/@cedxvi/video/7495044545579601170,Ni hao🇨🇳 #MLBBGoldenMonth #MobileLegendsBangBang #MLBB #cedxvi,100600,7651,69
datasets/tiktok/mlbb/cedxvi/7379639166952295685.mp4,False,0.04129491373896599,4,0.0,0.0,0.07667638483965016,0.0,0.03359049479166667,cedxvi,7379639166952295685,https://www.tiktok.com/@cedxvi/video/7379639166952295685,Grabe tong magjowa ang bait. 😂 #mlbb #fyp,275500,7560,59
datasets/tiktok/mlbb/cedxvi/7494186890325773586.mp4,False,0.041130390018224716,4,0.0,0.056666666666666664,0.034183673469387756,0.0,0.027815755208333334,cedxvi,7494186890325773586,https://www.tiktok.com/@cedxvi/video/7494186890325773586,Johnson mains in a nutshell..🤣 #fyp #cedxvi #mlbb #johnson,227300,28400,168
datasets/tiktok/mlbb/mlbbttofficial/7630437527777742097.mp4,False,0.04099153354763985,4,0.0,0.0,0.08805879494655006,0.0,0.029998914930555554,mlbb-official,7630437527777742097,https://www.tiktok.com/@mlbbttofficial/video/7630437527777742097,"""How can I become the Hokage, if I can't even save a friend?"" #MLBBxNARUTO #MobileLegendsBangBang #MLBBNewSkin #NARUTO #MLBBFreeGaaraSkin #Valirfreeskin",1700000,7951,252
datasets/tiktok/mlbb/shrxking_fear/7596583774587079944.mp4,False,0.04023514688014984,4,0.0,0.0,0.0989310009718173,0.0,0.025946180555555556,shrxking-fear,7596583774587079944,https://www.tiktok.com/@shrxking_fear/video/7596583774587079944,TikTok video #7596583774587079944,305,2,7
datasets/tiktok/mlbb/gosugeneral/6718254277820828930.mp4,False,0.04020446166396141,4,0.0,0.0012121212121212121,0.14929074754901958,0.0,0.011431206597222222,gosugeneral,6718254277820828930,https://www.tiktok.com/@gosugeneral/video/6718254277820828930,Wassup to my puppy hahaha kalimut na mag trans kalbo pa hays,52,3,1
datasets/tiktok/mlbb/mlbbttofficial/7616330066594680081.mp4,False,0.03814465180039406,4,0.0,0.0,0.08587220602526725,0.0,0.026815321180555553,mlbb-official,7616330066594680081,https://www.tiktok.com/@mlbbttofficial/video/7616330066594680081,Wow—the best shot of the match! A moment worth cherishing forever. #MLBBMARCEL #MLBBNEWHERO #MLBBS40 #MLBBGoldenMonth #MobileLegendsBangBang,1500000,26000,296
datasets/tiktok/mlbb/cedxvi/7356989659207093509.mp4,False,0.03776143863797188,4,0.0,0.05454545454545455,0.04981778425655977,0.0,0.019599609375,cedxvi,7356989659207093509,https://www.tiktok.com/@cedxvi/video/7356989659207093509,Bro will never understand.. 😓 #mlbb #respecttank,163900,14500,443
datasets/tiktok/mlbb/shrxking_fear/7639707665005825298.mp4,False,0.0364924818277359,4,0.0,0.026565656565656567,0.08271299144657862,0.019649122807017545,0.013280164930555555,shrxking-fear,7639707665005825298,https://www.tiktok.com/@shrxking_fear/video/7639707665005825298,#viral #myedit #pfp #noaura,314,6,6
datasets/tiktok/mlbb/shrxking_fear/7624419160113614088.mp4,False,0.033874109387397766,4,0.0,0.0,0.10213799805636539,0.0,0.01656684027777778,shrxking-fear,7624419160113614088,https://www.tiktok.com/@shrxking_fear/video/7624419160113614088,#fyyyyyyyyyyyyyyyyp #plslike #myedit #followme,297,9,2
datasets/tiktok/mlbb/cedxvi/7355890044927855877.mp4,False,0.03377922251820564,4,0.0,0.0030303030303030307,0.04730804375321557,0.0,0.030859375,cedxvi,7355890044927855877,https://www.tiktok.com/@cedxvi/video/7355890044927855877,Always thank your tank.. #mlbb,2200000,251800,2862
datasets/tiktok/mlbb/shrxking_fear/7630731221231881480.mp4,False,0.029389310628175735,4,0.0,0.03262626262626263,0.06660592808551992,0.0,0.010487196180555556,shrxking-fear,7630731221231881480,https://www.tiktok.com/@shrxking_fear/video/7630731221231881480,#backrooms,186,4,2
datasets/tiktok/mlbb/gosu.general/7113125227671866650.mp4,False,0.026101335883140564,4,0.0,0.0,0.04395043731778426,0.0,0.02249565972222222,gosu-general,7113125227671866650,https://www.tiktok.com/@gosu.general/video/7113125227671866650,TikTok video #7113125227671866650,1613,7,0
datasets/tiktok/mlbb/shrxking_fear/7605824117522353415.mp4,False,0.022627724334597588,4,0.0,0.0,0.033454810495626826,0.0,0.02080295138888889,shrxking-fear,7605824117522353415,https://www.tiktok.com/@shrxking_fear/video/7605824117522353415,TikTok video #7605824117522353415,148,3,0
datasets/tiktok/mlbb/shrxking_fear/7633286389789904146.mp4,False,0.020946623757481575,4,0.0,0.013838383838383837,0.06143100097181729,0.0,0.006465928819444444,shrxking-fear,7633286389789904146,https://www.tiktok.com/@shrxking_fear/video/7633286389789904146,#jesuslovesyou #sin,2469,218,47
datasets/tiktok/mlbb/mlbbttofficial/7613617819552337169.mp4,False,0.014383184723556042,4,0.0,0.0,0.023724489795918367,0.0,0.012534722222222221,mlbb-official,7613617819552337169,https://www.tiktok.com/@mlbbttofficial/video/7613617819552337169,"Fanny's first Legend Skin ""Galactic Starhawk"" is coming soon! Break through the Dark Nebula, defeat the ancient space farers, and get ready for her arrival! #MobileLegendsBangBang #MLBBFannyLegendSkin",1100000,14500,134
datasets/tiktok/mlbb/gosu.general/7108903036403141915.mp4,False,0.012988771311938763,4,0.0,0.0,0.0071793002915451895,0.0,0.015308159722222223,gosu-general,7108903036403141915,https://www.tiktok.com/@gosu.general/video/7108903036403141915,TikTok video #7108903036403141915,2373,58,0
